attacker_delay,outcome,attacker_start_time,Document_lookup_start,Document_lookup_end,Blob_fetch_start,Blob_fetch_end,Initial_sec_validation_start,Initial_sec_validation_end,Document_marked_safe_start,Document_marked_safe_end,Dispatch_to_agent_start,Dispatch_to_agent_end,LLM_inference_start,LLM_inference_end,Agent_retrieves_document_state_start,Agent_retrieves_document_state_end,Agent_retrieves_document_start,Agent_retrieves_document_end,attacker_modify_time,attacker_modify_done,blob_read_time
1,blocked,03:10:40.321871,03:10:40.321871,03:10:40.323143,03:10:40.323143,03:10:40.324819,03:10:40.324819,03:10:40.334234,03:10:40.334234,,,,,,,,,,03:10:40.323135,03:10:40.323269,03:10:40.324019
1,blocked,03:10:40.793263,03:10:40.793263,03:10:40.793985,03:10:40.793985,03:10:40.795904,03:10:40.795904,03:10:40.797666,03:10:40.797666,,,,,,,,,,03:10:40.794669,03:10:40.794796,03:10:40.795207
1,rejected,03:10:41.253017,03:10:41.253017,03:10:41.253544,03:10:41.253544,03:10:41.255077,03:10:41.255077,03:10:41.257041,03:10:41.257041,03:10:41.267256,03:10:41.267285,03:10:42.127842,03:10:42.131685,03:10:50.435513,03:10:50.435548,03:10:50.444133,03:10:50.450807,03:10:50.458784,03:10:41.254664,03:10:41.254752,03:10:41.254343
1,rejected,03:10:51.486933,03:10:51.486933,03:10:51.487393,03:10:51.487393,03:10:51.488794,03:10:51.488794,03:10:51.491778,03:10:51.491778,03:10:51.501479,03:10:51.501509,03:10:51.516489,03:10:51.519939,03:10:51.900341,03:10:51.900372,03:10:51.906730,03:10:51.912469,03:10:51.918899,03:10:51.509527,03:10:51.509641,03:10:51.488178
1,rejected,03:10:52.922424,03:10:52.922424,03:10:52.922905,03:10:52.922905,03:10:52.924236,03:10:52.924236,03:10:52.926151,03:10:52.926151,03:10:52.936860,03:10:52.936887,03:10:52.951470,03:10:52.954469,03:10:53.338028,03:10:53.338063,03:10:53.344356,03:10:53.350021,03:10:53.356313,03:10:52.923997,03:10:52.924079,03:10:52.923715
1,rejected,03:10:54.407103,03:10:54.407103,03:10:54.407530,03:10:54.407530,03:10:54.409167,03:10:54.409167,03:10:54.411024,03:10:54.411024,03:10:54.420486,03:10:54.420509,03:10:54.434774,03:10:54.438144,03:10:54.820577,03:10:54.820610,03:10:54.826964,03:10:54.832884,03:10:54.838878,03:10:54.408737,03:10:54.408831,03:10:54.408298
1,blocked,03:10:55.852920,03:10:55.852920,03:10:55.853395,03:10:55.853395,03:10:55.855769,03:10:55.855769,03:10:55.858290,03:10:55.858290,,,,,,,,,,03:10:55.854218,03:10:55.854441,03:10:55.854897
1,rejected,03:10:56.328310,03:10:56.328310,03:10:56.328775,03:10:56.328775,03:10:56.330429,03:10:56.330429,03:10:56.332194,03:10:56.332194,03:10:56.341605,03:10:56.341630,03:10:56.357786,03:10:56.361053,03:10:56.744311,03:10:56.744350,03:10:56.750537,03:10:56.756436,03:10:56.762142,03:10:56.329836,03:10:56.329918,03:10:56.329558
1,rejected,03:10:57.783070,03:10:57.783070,03:10:57.783548,03:10:57.783548,03:10:57.784968,03:10:57.784968,03:10:57.786730,03:10:57.786730,03:10:57.796385,03:10:57.796415,03:10:57.811561,03:10:57.814713,03:10:58.197310,03:10:58.197343,03:10:58.203490,03:10:58.208891,03:10:58.214408,03:10:57.784660,03:10:57.784745,03:10:57.784372
1,rejected,03:10:59.221798,03:10:59.221798,03:10:59.222260,03:10:59.222260,03:10:59.223900,03:10:59.223900,03:10:59.225542,03:10:59.225542,03:10:59.235474,03:10:59.235517,03:10:59.253345,03:10:59.256656,03:10:59.638497,03:10:59.638536,03:10:59.644902,03:10:59.650563,03:10:59.655992,03:10:59.223390,03:10:59.223480,03:10:59.223036
1,rejected,03:11:00.665186,03:11:00.665186,03:11:00.665645,03:11:00.665645,03:11:00.667130,03:11:00.667130,03:11:00.668705,03:11:00.668705,03:11:00.680555,03:11:00.680585,03:11:00.695367,03:11:00.698456,03:11:01.078967,03:11:01.079002,03:11:01.085567,03:11:01.091378,03:11:01.097246,03:11:00.666770,03:11:00.666872,03:11:00.666466
1,rejected,03:11:02.116649,03:11:02.116649,03:11:02.117098,03:11:02.117098,03:11:02.118484,03:11:02.118484,03:11:02.119946,03:11:02.119946,03:11:02.130459,03:11:02.130485,03:11:02.144981,03:11:02.148224,03:11:02.529231,03:11:02.529263,03:11:02.535256,03:11:02.540713,03:11:02.546266,03:11:02.118221,03:11:02.118306,03:11:02.117916
1,rejected,03:11:03.552880,03:11:03.552880,03:11:03.553400,03:11:03.553400,03:11:03.555068,03:11:03.555068,03:11:03.556746,03:11:03.556746,03:11:03.566410,03:11:03.566436,03:11:03.587222,03:11:03.590406,03:11:03.978455,03:11:03.978486,03:11:03.984835,03:11:03.990618,03:11:04.000062,03:11:03.554504,03:11:03.554616,03:11:03.554207
1,rejected,03:11:05.031861,03:11:05.031861,03:11:05.032408,03:11:05.032408,03:11:05.034067,03:11:05.034067,03:11:05.035850,03:11:05.035850,03:11:05.046008,03:11:05.046031,03:11:05.102401,03:11:05.105470,03:11:05.484540,03:11:05.484576,03:11:05.490606,03:11:05.496204,03:11:05.501820,03:11:05.033486,03:11:05.033576,03:11:05.033173
1,rejected,03:11:06.522453,03:11:06.522453,03:11:06.522911,03:11:06.522911,03:11:06.524365,03:11:06.524365,03:11:06.526155,03:11:06.526155,03:11:06.535714,03:11:06.535747,03:11:06.550312,03:11:06.553425,03:11:06.934751,03:11:06.934784,03:11:06.940934,03:11:06.946693,03:11:06.952191,03:11:06.524141,03:11:06.524244,03:11:06.523782
1,rejected,03:11:07.961959,03:11:07.961959,03:11:07.962511,03:11:07.962511,03:11:07.963935,03:11:07.963935,03:11:07.965432,03:11:07.965432,03:11:07.974808,03:11:07.974837,03:11:07.989004,03:11:07.992430,03:11:08.374696,03:11:08.374727,03:11:08.381259,03:11:08.387148,03:11:08.392850,03:11:07.963619,03:11:07.963731,03:11:07.963327
1,rejected,03:11:09.390022,03:11:09.390022,03:11:09.390507,03:11:09.390507,03:11:09.391870,03:11:09.391870,03:11:09.393735,03:11:09.393735,03:11:09.405868,03:11:09.405895,03:11:09.420549,03:11:09.423728,03:11:09.803875,03:11:09.803909,03:11:09.809695,03:11:09.815463,03:11:09.821295,03:11:09.391594,03:11:09.391680,03:11:09.391287
1,rejected,03:11:10.872302,03:11:10.872302,03:11:10.872764,03:11:10.872764,03:11:10.874316,03:11:10.874316,03:11:10.875880,03:11:10.875880,03:11:10.888772,03:11:10.888817,03:11:10.908678,03:11:10.912567,03:11:11.294590,03:11:11.294621,03:11:11.301312,03:11:11.307363,03:11:11.312844,03:11:10.873856,03:11:10.873944,03:11:10.873558
1,rejected,03:11:12.321293,03:11:12.321293,03:11:12.321752,03:11:12.321752,03:11:12.323108,03:11:12.323108,03:11:12.324766,03:11:12.324766,03:11:12.334281,03:11:12.334304,03:11:12.349079,03:11:12.352432,03:11:12.734443,03:11:12.734476,03:11:12.740470,03:11:12.746107,03:11:12.752177,03:11:12.322825,03:11:12.322922,03:11:12.322495
1,rejected,03:11:13.973235,03:11:13.973235,03:11:13.973866,03:11:13.973866,03:11:13.975504,03:11:13.975504,03:11:13.977487,03:11:13.977487,03:11:13.987980,03:11:13.988014,03:11:14.015982,03:11:14.019652,03:11:14.403062,03:11:14.403092,03:11:14.409082,03:11:14.414837,03:11:14.420743,03:11:13.975132,03:11:13.975241,03:11:13.974824
1,rejected,03:11:15.425853,03:11:15.425853,03:11:15.426315,03:11:15.426315,03:11:15.427642,03:11:15.427642,03:11:15.429499,03:11:15.429499,03:11:15.439467,03:11:15.439492,03:11:15.453368,03:11:15.456485,03:11:15.836994,03:11:15.837022,03:11:15.843358,03:11:15.849258,03:11:15.854913,03:11:15.427423,03:11:15.427513,03:11:15.427084
1,rejected,03:11:16.869010,03:11:16.869010,03:11:16.869492,03:11:16.869492,03:11:16.871189,03:11:16.871189,03:11:16.872844,03:11:16.872844,03:11:16.883658,03:11:16.883678,03:11:16.898639,03:11:16.901720,03:11:17.281747,03:11:17.281781,03:11:17.287879,03:11:17.293959,03:11:17.299699,03:11:16.870596,03:11:16.870681,03:11:16.870315
1,rejected,03:11:18.311577,03:11:18.311577,03:11:18.312014,03:11:18.312014,03:11:18.313655,03:11:18.313655,03:11:18.315248,03:11:18.315248,03:11:18.326255,03:11:18.326309,03:11:18.345955,03:11:18.349748,03:11:18.732417,03:11:18.732452,03:11:18.738506,03:11:18.744118,03:11:18.750082,03:11:18.313084,03:11:18.313172,03:11:18.312725
1,rejected,03:11:19.819606,03:11:19.819606,03:11:19.820110,03:11:19.820110,03:11:19.821527,03:11:19.821527,03:11:19.823122,03:11:19.823122,03:11:19.832732,03:11:19.832759,03:11:19.847633,03:11:19.850977,03:11:20.232290,03:11:20.232327,03:11:20.238506,03:11:20.244424,03:11:20.250230,03:11:19.821229,03:11:19.821336,03:11:19.820936
1,blocked,03:11:21.476158,03:11:21.476158,03:11:21.476704,03:11:21.476704,03:11:21.478604,03:11:21.478604,03:11:21.480294,03:11:21.480294,,,,,,,,,,03:11:21.477429,03:11:21.477543,03:11:21.477971
1,rejected,03:11:21.931165,03:11:21.931165,03:11:21.931733,03:11:21.931733,03:11:21.933477,03:11:21.933477,03:11:21.934931,03:11:21.934931,03:11:21.945455,03:11:21.945477,03:11:21.960390,03:11:21.963615,03:11:22.348042,03:11:22.348075,03:11:22.354011,03:11:22.359665,03:11:22.365552,03:11:21.932755,03:11:21.932836,03:11:21.932540
1,blocked,03:11:23.439427,03:11:23.439427,03:11:23.440358,03:11:23.440358,03:11:23.442850,03:11:23.442850,03:11:23.444932,03:11:23.444932,,,,,,,,,,03:11:23.441055,03:11:23.441224,03:11:23.441934
1,blocked,03:11:23.902757,03:11:23.902757,03:11:23.904153,03:11:23.904153,03:11:23.905950,03:11:23.905950,03:11:23.907952,03:11:23.907952,,,,,,,,,,03:11:23.904570,03:11:23.904777,03:11:23.905287
1,rejected,03:11:24.385142,03:11:24.385142,03:11:24.385573,03:11:24.385573,03:11:24.387101,03:11:24.387101,03:11:24.388864,03:11:24.388864,03:11:24.399164,03:11:24.399190,03:11:24.420751,03:11:24.423777,03:11:24.804823,03:11:24.804854,03:11:24.810718,03:11:24.816822,03:11:24.822610,03:11:24.386587,03:11:24.386676,03:11:24.386319
1,rejected,03:11:25.838149,03:11:25.838149,03:11:25.838579,03:11:25.838579,03:11:25.839898,03:11:25.839898,03:11:25.841295,03:11:25.841295,03:11:25.850733,03:11:25.850755,03:11:25.865054,03:11:25.868096,03:11:26.249711,03:11:26.249742,03:11:26.256177,03:11:26.262176,03:11:26.268014,03:11:25.839642,03:11:25.839725,03:11:25.839341
1,rejected,03:11:27.278882,03:11:27.278882,03:11:27.279328,03:11:27.279328,03:11:27.280785,03:11:27.280785,03:11:27.282437,03:11:27.282437,03:11:27.293103,03:11:27.293133,03:11:27.307063,03:11:27.310170,03:11:27.691434,03:11:27.691469,03:11:27.697738,03:11:27.704066,03:11:27.709894,03:11:27.280476,03:11:27.280566,03:11:27.280199
1,rejected,03:11:28.706536,03:11:28.706536,03:11:28.706958,03:11:28.706958,03:11:28.708682,03:11:28.708682,03:11:28.710317,03:11:28.710317,03:11:28.720821,03:11:28.720845,03:11:28.734286,03:11:28.737275,03:11:29.117985,03:11:29.118017,03:11:29.124106,03:11:29.129475,03:11:29.135284,03:11:28.708128,03:11:28.708226,03:11:28.707790
1,rejected,03:11:30.222250,03:11:30.222250,03:11:30.222828,03:11:30.222828,03:11:30.224517,03:11:30.224517,03:11:30.226144,03:11:30.226144,03:11:30.236998,03:11:30.237017,03:11:30.251811,03:11:30.254891,03:11:30.638059,03:11:30.638092,03:11:30.644253,03:11:30.649625,03:11:30.655464,03:11:30.224096,03:11:30.224228,03:11:30.223676
1,rejected,03:11:31.682042,03:11:31.682042,03:11:31.682491,03:11:31.682491,03:11:31.684040,03:11:31.684040,03:11:31.685853,03:11:31.685853,03:11:31.696173,03:11:31.696198,03:11:31.710484,03:11:31.713599,03:11:32.095641,03:11:32.095672,03:11:32.101761,03:11:32.107332,03:11:32.113044,03:11:31.683491,03:11:31.683575,03:11:31.683193
1,rejected,03:11:33.171868,03:11:33.171868,03:11:33.172483,03:11:33.172483,03:11:33.173983,03:11:33.173983,03:11:33.175490,03:11:33.175490,03:11:33.185149,03:11:33.185173,03:11:33.199450,03:11:33.202521,03:11:33.583932,03:11:33.583963,03:11:33.589901,03:11:33.595562,03:11:33.601494,03:11:33.173718,03:11:33.173803,03:11:33.173437
1,blocked,03:11:34.621184,03:11:34.621184,03:11:34.621746,03:11:34.621746,03:11:34.623675,03:11:34.623675,03:11:34.625640,03:11:34.625640,,,,,,,,,,03:11:34.622518,03:11:34.622650,03:11:34.623192
1,rejected,03:11:35.069146,03:11:35.069146,03:11:35.069569,03:11:35.069569,03:11:35.070925,03:11:35.070925,03:11:35.072443,03:11:35.072443,03:11:35.081915,03:11:35.081941,03:11:35.098661,03:11:35.101980,03:11:35.493797,03:11:35.493829,03:11:35.500044,03:11:35.505666,03:11:35.511506,03:11:35.070653,03:11:35.070740,03:11:35.070332
1,rejected,03:11:36.524819,03:11:36.524819,03:11:36.525367,03:11:36.525367,03:11:36.527240,03:11:36.527240,03:11:36.528922,03:11:36.528922,03:11:36.539462,03:11:36.539484,03:11:36.553490,03:11:36.556727,03:11:36.937441,03:11:36.937469,03:11:36.943838,03:11:36.949204,03:11:36.955094,03:11:36.526474,03:11:36.526565,03:11:36.526258
1,rejected,03:11:38.049073,03:11:38.049073,03:11:38.049526,03:11:38.049526,03:11:38.051142,03:11:38.051142,03:11:38.052858,03:11:38.052858,03:11:38.062885,03:11:38.062912,03:11:38.077200,03:11:38.080803,03:11:38.462173,03:11:38.462203,03:11:38.468487,03:11:38.474116,03:11:38.479610,03:11:38.050616,03:11:38.050699,03:11:38.050352
1,rejected,03:11:39.488383,03:11:39.488383,03:11:39.488806,03:11:39.488806,03:11:39.490382,03:11:39.490382,03:11:39.492144,03:11:39.492144,03:11:39.505036,03:11:39.505061,03:11:39.519183,03:11:39.522328,03:11:39.903515,03:11:39.903545,03:11:39.909833,03:11:39.915119,03:11:39.920902,03:11:39.489896,03:11:39.489984,03:11:39.489562
1,rejected,03:11:40.942449,03:11:40.942449,03:11:40.942881,03:11:40.942881,03:11:40.944490,03:11:40.944490,03:11:40.946220,03:11:40.946220,03:11:40.956757,03:11:40.956810,03:11:40.971192,03:11:40.974701,03:11:41.356090,03:11:41.356122,03:11:41.362443,03:11:41.367839,03:11:41.373394,03:11:40.943942,03:11:40.944025,03:11:40.943658
1,rejected,03:11:42.367812,03:11:42.367812,03:11:42.368189,03:11:42.368189,03:11:42.369788,03:11:42.369788,03:11:42.371440,03:11:42.371440,03:11:42.381654,03:11:42.381706,03:11:42.406787,03:11:42.410159,03:11:42.793214,03:11:42.793247,03:11:42.799719,03:11:42.805125,03:11:42.810788,03:11:42.369430,03:11:42.369532,03:11:42.368945
1,blocked,03:11:43.837383,03:11:43.837383,03:11:43.837987,03:11:43.837987,03:11:43.839888,03:11:43.839888,03:11:43.842059,03:11:43.842059,,,,,,,,,,03:11:43.838622,03:11:43.838756,03:11:43.839212
1,rejected,03:11:44.336925,03:11:44.336925,03:11:44.337321,03:11:44.337321,03:11:44.338903,03:11:44.338903,03:11:44.340534,03:11:44.340534,03:11:44.350257,03:11:44.350283,03:11:44.364637,03:11:44.368503,03:11:44.758101,03:11:44.758134,03:11:44.764394,03:11:44.770265,03:11:44.775950,03:11:44.338377,03:11:44.338469,03:11:44.338104
1,rejected,03:11:45.792244,03:11:45.792244,03:11:45.792744,03:11:45.792744,03:11:45.794450,03:11:45.794450,03:11:45.796111,03:11:45.796111,03:11:45.805889,03:11:45.805919,03:11:45.820378,03:11:45.823814,03:11:46.206379,03:11:46.206409,03:11:46.212652,03:11:46.218645,03:11:46.228750,03:11:45.794062,03:11:45.794166,03:11:45.793581
1,rejected,03:11:47.253055,03:11:47.253055,03:11:47.253445,03:11:47.253445,03:11:47.255091,03:11:47.255091,03:11:47.256773,03:11:47.256773,03:11:47.266485,03:11:47.266507,03:11:47.280746,03:11:47.283996,03:11:47.665146,03:11:47.665177,03:11:47.671648,03:11:47.677392,03:11:47.683080,03:11:47.254576,03:11:47.254668,03:11:47.254251
1,rejected,03:11:48.734696,03:11:48.734696,03:11:48.735136,03:11:48.735136,03:11:48.736611,03:11:48.736611,03:11:48.738227,03:11:48.738227,03:11:48.748868,03:11:48.748893,03:11:48.763550,03:11:48.766673,03:11:49.148473,03:11:49.148506,03:11:49.154926,03:11:49.160541,03:11:49.166444,03:11:48.736269,03:11:48.736352,03:11:48.735918
1,rejected,03:11:50.361488,03:11:50.361488,03:11:50.362026,03:11:50.362026,03:11:50.363659,03:11:50.363659,03:11:50.365307,03:11:50.365307,03:11:50.374737,03:11:50.374768,03:11:50.390616,03:11:50.394310,03:11:50.774838,03:11:50.774866,03:11:50.780944,03:11:50.786787,03:11:50.792770,03:11:50.363106,03:11:50.363193,03:11:50.362791
1,rejected,03:11:51.802882,03:11:51.802882,03:11:51.803311,03:11:51.803311,03:11:51.805545,03:11:51.805545,03:11:51.807114,03:11:51.807114,03:11:51.817147,03:11:51.817196,03:11:51.833739,03:11:51.838245,03:11:52.221596,03:11:52.221628,03:11:52.227837,03:11:52.233315,03:11:52.239118,03:11:51.804507,03:11:51.804612,03:11:51.804130
1,rejected,03:11:53.316725,03:11:53.316725,03:11:53.317176,03:11:53.317176,03:11:53.318464,03:11:53.318464,03:11:53.320318,03:11:53.320318,03:11:53.329852,03:11:53.329878,03:11:53.343602,03:11:53.346733,03:11:53.727282,03:11:53.727314,03:11:53.733544,03:11:53.739384,03:11:53.745540,03:11:53.318228,03:11:53.318315,03:11:53.317921
1,rejected,03:11:54.759083,03:11:54.759083,03:11:54.759693,03:11:54.759693,03:11:54.761574,03:11:54.761574,03:11:54.763161,03:11:54.763161,03:11:54.773230,03:11:54.773260,03:11:54.787948,03:11:54.791288,03:11:55.171907,03:11:55.171938,03:11:55.178201,03:11:55.183804,03:11:55.189537,03:11:54.760808,03:11:54.760902,03:11:54.760567
1,rejected,03:11:56.201658,03:11:56.201658,03:11:56.202167,03:11:56.202167,03:11:56.203454,03:11:56.203454,03:11:56.204926,03:11:56.204926,03:11:56.214928,03:11:56.214950,03:11:56.229692,03:11:56.232844,03:11:56.614586,03:11:56.614622,03:11:56.620784,03:11:56.626299,03:11:56.632287,03:11:56.203237,03:11:56.203321,03:11:56.202940
1,rejected,03:11:57.644435,03:11:57.644435,03:11:57.644858,03:11:57.644858,03:11:57.646629,03:11:57.646629,03:11:57.648224,03:11:57.648224,03:11:57.658825,03:11:57.658850,03:11:57.673172,03:11:57.676480,03:11:58.057957,03:11:58.057987,03:11:58.064126,03:11:58.070005,03:11:58.075845,03:11:57.646154,03:11:57.646253,03:11:57.645670
1,rejected,03:11:59.091911,03:11:59.091911,03:11:59.092386,03:11:59.092386,03:11:59.093660,03:11:59.093660,03:11:59.095265,03:11:59.095265,03:11:59.105009,03:11:59.105063,03:11:59.126933,03:11:59.131602,03:11:59.515240,03:11:59.515275,03:11:59.521795,03:11:59.527721,03:11:59.533588,03:11:59.093452,03:11:59.093540,03:11:59.093140
1,blocked,03:12:00.608550,03:12:00.608550,03:12:00.609121,03:12:00.609121,03:12:00.610780,03:12:00.610780,03:12:00.612586,03:12:00.612586,,,,,,,,,,03:12:00.609771,03:12:00.609893,03:12:00.610273
1,rejected,03:12:01.061820,03:12:01.061820,03:12:01.062185,03:12:01.062185,03:12:01.063438,03:12:01.063438,03:12:01.065074,03:12:01.065074,03:12:01.074726,03:12:01.074751,03:12:01.097082,03:12:01.100281,03:12:01.482991,03:12:01.483027,03:12:01.489363,03:12:01.495276,03:12:01.502173,03:12:01.063229,03:12:01.063312,03:12:01.062898
1,rejected,03:12:02.530903,03:12:02.530903,03:12:02.531464,03:12:02.531464,03:12:02.532973,03:12:02.532973,03:12:02.534530,03:12:02.534530,03:12:02.544029,03:12:02.544051,03:12:02.558888,03:12:02.562033,03:12:02.943112,03:12:02.943145,03:12:02.949428,03:12:02.955109,03:12:02.960876,03:12:02.532579,03:12:02.532660,03:12:02.532296
1,rejected,03:12:04.165443,03:12:04.165443,03:12:04.165952,03:12:04.165952,03:12:04.167256,03:12:04.167256,03:12:04.168658,03:12:04.168658,03:12:04.179549,03:12:04.179596,03:12:04.197411,03:12:04.200794,03:12:04.583763,03:12:04.583794,03:12:04.590130,03:12:04.595922,03:12:04.601778,03:12:04.166997,03:12:04.167088,03:12:04.166687
1,rejected,03:12:05.687042,03:12:05.687042,03:12:05.687486,03:12:05.687486,03:12:05.689106,03:12:05.689106,03:12:05.690684,03:12:05.690684,03:12:05.701346,03:12:05.701373,03:12:05.715386,03:12:05.718897,03:12:06.100774,03:12:06.100808,03:12:06.107008,03:12:06.112816,03:12:06.118908,03:12:05.688533,03:12:05.688619,03:12:05.688254
1,rejected,03:12:07.220153,03:12:07.220153,03:12:07.220561,03:12:07.220561,03:12:07.221989,03:12:07.221989,03:12:07.223804,03:12:07.223804,03:12:07.234122,03:12:07.234149,03:12:07.248464,03:12:07.251579,03:12:07.632400,03:12:07.632430,03:12:07.638423,03:12:07.644289,03:12:07.650172,03:12:07.221750,03:12:07.221843,03:12:07.221401
1,rejected,03:12:08.671572,03:12:08.671572,03:12:08.671995,03:12:08.671995,03:12:08.673341,03:12:08.673341,03:12:08.674731,03:12:08.674731,03:12:08.684444,03:12:08.684469,03:12:08.698808,03:12:08.701966,03:12:09.083360,03:12:09.083389,03:12:09.089775,03:12:09.095341,03:12:09.100954,03:12:08.673085,03:12:08.673165,03:12:08.672817
1,rejected,03:12:10.212993,03:12:10.212993,03:12:10.213438,03:12:10.213438,03:12:10.215127,03:12:10.215127,03:12:10.216593,03:12:10.216593,03:12:10.226293,03:12:10.226321,03:12:10.240600,03:12:10.243892,03:12:10.625191,03:12:10.625224,03:12:10.631472,03:12:10.637076,03:12:10.643082,03:12:10.214610,03:12:10.214710,03:12:10.214281
1,rejected,03:12:11.654859,03:12:11.654859,03:12:11.655425,03:12:11.655425,03:12:11.657074,03:12:11.657074,03:12:11.658681,03:12:11.658681,03:12:11.668408,03:12:11.668432,03:12:11.685705,03:12:11.688996,03:12:12.071485,03:12:12.071515,03:12:12.077641,03:12:12.083523,03:12:12.089170,03:12:11.656609,03:12:11.656724,03:12:11.656283
1,rejected,03:12:13.113536,03:12:13.113536,03:12:13.113975,03:12:13.113975,03:12:13.115506,03:12:13.115506,03:12:13.117101,03:12:13.117101,03:12:13.127751,03:12:13.127779,03:12:13.141449,03:12:13.144581,03:12:13.526216,03:12:13.526251,03:12:13.532390,03:12:13.537815,03:12:13.543493,03:12:13.115096,03:12:13.115179,03:12:13.114710
1,rejected,03:12:14.578925,03:12:14.578925,03:12:14.579375,03:12:14.579375,03:12:14.580852,03:12:14.580852,03:12:14.582407,03:12:14.582407,03:12:14.595467,03:12:14.595494,03:12:14.609309,03:12:14.612948,03:12:14.994228,03:12:14.994258,03:12:15.000321,03:12:15.005913,03:12:15.011728,03:12:14.580536,03:12:14.580633,03:12:14.580233
1,blocked,03:12:16.023531,03:12:16.023531,03:12:16.024040,03:12:16.024040,03:12:16.025839,03:12:16.025839,03:12:16.027461,03:12:16.027461,,,,,,,,,,03:12:16.024719,03:12:16.024840,03:12:16.025257
1,rejected,03:12:16.479054,03:12:16.479054,03:12:16.479530,03:12:16.479530,03:12:16.481228,03:12:16.481228,03:12:16.483017,03:12:16.483017,03:12:16.492542,03:12:16.492568,03:12:16.507511,03:12:16.510753,03:12:16.895274,03:12:16.895312,03:12:16.901478,03:12:16.907049,03:12:16.913149,03:12:16.480660,03:12:16.480751,03:12:16.480303
1,rejected,03:12:18.004132,03:12:18.004132,03:12:18.004603,03:12:18.004603,03:12:18.005904,03:12:18.005904,03:12:18.007761,03:12:18.007761,03:12:18.017337,03:12:18.017365,03:12:18.032527,03:12:18.035739,03:12:18.417147,03:12:18.417177,03:12:18.423356,03:12:18.428831,03:12:18.434296,03:12:18.005637,03:12:18.005730,03:12:18.005375
1,rejected,03:12:19.627072,03:12:19.627072,03:12:19.627599,03:12:19.627599,03:12:19.628993,03:12:19.628993,03:12:19.630716,03:12:19.630716,03:12:19.640456,03:12:19.640483,03:12:19.662603,03:12:19.665687,03:12:20.046380,03:12:20.046410,03:12:20.053157,03:12:20.058962,03:12:20.064652,03:12:19.628765,03:12:19.628859,03:12:19.628446
1,blocked,03:12:21.159907,03:12:21.159907,03:12:21.160362,03:12:21.160362,03:12:21.161961,03:12:21.161961,03:12:21.163643,03:12:21.163643,,,,,,,,,,03:12:21.160850,03:12:21.160963,03:12:21.161284
1,rejected,03:12:21.623290,03:12:21.623290,03:12:21.623727,03:12:21.623727,03:12:21.625109,03:12:21.625109,03:12:21.626624,03:12:21.626624,03:12:21.637255,03:12:21.637280,03:12:21.652223,03:12:21.655400,03:12:22.037295,03:12:22.037326,03:12:22.043544,03:12:22.049471,03:12:22.055523,03:12:21.624829,03:12:21.624919,03:12:21.624527
1,rejected,03:12:23.196875,03:12:23.196875,03:12:23.197425,03:12:23.197425,03:12:23.199343,03:12:23.199343,03:12:23.200954,03:12:23.200954,03:12:23.211632,03:12:23.211656,03:12:23.225700,03:12:23.228894,03:12:23.609831,03:12:23.609865,03:12:23.616347,03:12:23.622169,03:12:23.627849,03:12:23.198540,03:12:23.198623,03:12:23.198322
1,rejected,03:12:24.651788,03:12:24.651788,03:12:24.652246,03:12:24.652246,03:12:24.653601,03:12:24.653601,03:12:24.655479,03:12:24.655479,03:12:24.665605,03:12:24.665636,03:12:24.679897,03:12:24.682920,03:12:25.064535,03:12:25.064565,03:12:25.070755,03:12:25.076538,03:12:25.082264,03:12:24.653356,03:12:24.653453,03:12:24.653052
1,rejected,03:12:26.091793,03:12:26.091793,03:12:26.092165,03:12:26.092165,03:12:26.093484,03:12:26.093484,03:12:26.095067,03:12:26.095067,03:12:26.104577,03:12:26.104603,03:12:26.119474,03:12:26.122654,03:12:26.506770,03:12:26.506801,03:12:26.512894,03:12:26.518475,03:12:26.523977,03:12:26.093208,03:12:26.093305,03:12:26.092902
1,rejected,03:12:27.551265,03:12:27.551265,03:12:27.551683,03:12:27.551683,03:12:27.553012,03:12:27.553012,03:12:27.554657,03:12:27.554657,03:12:27.564052,03:12:27.564079,03:12:27.578632,03:12:27.581827,03:12:27.963104,03:12:27.963137,03:12:27.969394,03:12:27.974803,03:12:27.980394,03:12:27.552809,03:12:27.552897,03:12:27.552478
1,rejected,03:12:29.007899,03:12:29.007899,03:12:29.008484,03:12:29.008484,03:12:29.010763,03:12:29.010763,03:12:29.012468,03:12:29.012468,03:12:29.022111,03:12:29.022133,03:12:29.036492,03:12:29.039573,03:12:29.421502,03:12:29.421539,03:12:29.427984,03:12:29.433364,03:12:29.439063,03:12:29.009769,03:12:29.009880,03:12:29.009393
1,rejected,03:12:30.466860,03:12:30.466860,03:12:30.467427,03:12:30.467427,03:12:30.468792,03:12:30.468792,03:12:30.470607,03:12:30.470607,03:12:30.480305,03:12:30.480335,03:12:30.495239,03:12:30.498738,03:12:30.879896,03:12:30.879930,03:12:30.886007,03:12:30.891369,03:12:30.897376,03:12:30.468553,03:12:30.468644,03:12:30.468236
1,rejected,03:12:31.929491,03:12:31.929491,03:12:31.929966,03:12:31.929966,03:12:31.931314,03:12:31.931314,03:12:31.932982,03:12:31.932982,03:12:31.942560,03:12:31.942582,03:12:31.956789,03:12:31.959994,03:12:32.341227,03:12:32.341258,03:12:32.347410,03:12:32.353249,03:12:32.359532,03:12:31.930998,03:12:31.931077,03:12:31.930726
1,rejected,03:12:33.385242,03:12:33.385242,03:12:33.385668,03:12:33.385668,03:12:33.387648,03:12:33.387648,03:12:33.389403,03:12:33.389403,03:12:33.399109,03:12:33.399140,03:12:33.412898,03:12:33.416184,03:12:33.798660,03:12:33.798703,03:12:33.806203,03:12:33.813453,03:12:33.820360,03:12:33.386693,03:12:33.386775,03:12:33.386474
1,rejected,03:12:34.832110,03:12:34.832110,03:12:34.832549,03:12:34.832549,03:12:34.833932,03:12:34.833932,03:12:34.835344,03:12:34.835344,03:12:34.844738,03:12:34.844761,03:12:34.859324,03:12:34.862715,03:12:35.243383,03:12:35.243412,03:12:35.250008,03:12:35.255664,03:12:35.261320,03:12:34.833652,03:12:34.833757,03:12:34.833341
1,rejected,03:12:36.293453,03:12:36.293453,03:12:36.293890,03:12:36.293890,03:12:36.295219,03:12:36.295219,03:12:36.296852,03:12:36.296852,03:12:36.306434,03:12:36.306459,03:12:36.320515,03:12:36.323689,03:12:36.705324,03:12:36.705355,03:12:36.711550,03:12:36.717278,03:12:36.723163,03:12:36.294958,03:12:36.295046,03:12:36.294656
1,rejected,03:12:37.807172,03:12:37.807172,03:12:37.807624,03:12:37.807624,03:12:37.809111,03:12:37.809111,03:12:37.810696,03:12:37.810696,03:12:37.820222,03:12:37.820248,03:12:37.835891,03:12:37.839362,03:12:38.223276,03:12:38.223310,03:12:38.238079,03:12:38.243973,03:12:38.250180,03:12:37.808800,03:12:37.808898,03:12:37.808504
1,rejected,03:12:39.278002,03:12:39.278002,03:12:39.278553,03:12:39.278553,03:12:39.279955,03:12:39.279955,03:12:39.281785,03:12:39.281785,03:12:39.291327,03:12:39.291353,03:12:39.306028,03:12:39.309215,03:12:39.690926,03:12:39.690956,03:12:39.697226,03:12:39.702750,03:12:39.708438,03:12:39.279607,03:12:39.279690,03:12:39.279340
1,rejected,03:12:40.741173,03:12:40.741173,03:12:40.741569,03:12:40.741569,03:12:40.742855,03:12:40.742855,03:12:40.744315,03:12:40.744315,03:12:40.753707,03:12:40.753731,03:12:40.768057,03:12:40.771155,03:12:41.152433,03:12:41.152463,03:12:41.158638,03:12:41.164348,03:12:41.170127,03:12:40.742581,03:12:40.742676,03:12:40.742261
1,blocked,03:12:42.185491,03:12:42.185491,03:12:42.186063,03:12:42.186063,03:12:42.187667,03:12:42.187667,03:12:42.189292,03:12:42.189292,,,,,,,,,,03:12:42.186591,03:12:42.186699,03:12:42.187089
1,blocked,03:12:42.639775,03:12:42.639775,03:12:42.640567,03:12:42.640567,03:12:42.642198,03:12:42.642198,03:12:42.644380,03:12:42.644380,,,,,,,,,,03:12:42.640957,03:12:42.641138,03:12:42.641582
1,rejected,03:12:43.103179,03:12:43.103179,03:12:43.103658,03:12:43.103658,03:12:43.105136,03:12:43.105136,03:12:43.106932,03:12:43.106932,03:12:43.117006,03:12:43.117033,03:12:43.130552,03:12:43.133699,03:12:43.534000,03:12:43.534033,03:12:43.540371,03:12:43.546886,03:12:43.553340,03:12:43.104878,03:12:43.104967,03:12:43.104582
1,rejected,03:12:44.583588,03:12:44.583588,03:12:44.584070,03:12:44.584070,03:12:44.585669,03:12:44.585669,03:12:44.587466,03:12:44.587466,03:12:44.598337,03:12:44.598364,03:12:44.612274,03:12:44.615431,03:12:45.008971,03:12:45.009002,03:12:45.015250,03:12:45.021471,03:12:45.027292,03:12:44.585346,03:12:44.585445,03:12:44.585037
1,rejected,03:12:46.042659,03:12:46.042659,03:12:46.043100,03:12:46.043100,03:12:46.044428,03:12:46.044428,03:12:46.045939,03:12:46.045939,03:12:46.055855,03:12:46.055881,03:12:46.070376,03:12:46.073588,03:12:46.468813,03:12:46.468846,03:12:46.475015,03:12:46.480679,03:12:46.486632,03:12:46.044153,03:12:46.044236,03:12:46.043831
1,rejected,03:12:47.580449,03:12:47.580449,03:12:47.580926,03:12:47.580926,03:12:47.582245,03:12:47.582245,03:12:47.583814,03:12:47.583814,03:12:47.594527,03:12:47.594586,03:12:47.614538,03:12:47.618159,03:12:48.013183,03:12:48.013218,03:12:48.019626,03:12:48.025251,03:12:48.031246,03:12:47.581996,03:12:47.582088,03:12:47.581704
1,rejected,03:12:49.051137,03:12:49.051137,03:12:49.051715,03:12:49.051715,03:12:49.053089,03:12:49.053089,03:12:49.054573,03:12:49.054573,03:12:49.066438,03:12:49.066468,03:12:49.080397,03:12:49.083541,03:12:49.477346,03:12:49.477378,03:12:49.483716,03:12:49.489712,03:12:49.495212,03:12:49.052911,03:12:49.053006,03:12:49.052540
1,rejected,03:12:50.658560,03:12:50.658560,03:12:50.659001,03:12:50.659001,03:12:50.660477,03:12:50.660477,03:12:50.661859,03:12:50.661859,03:12:50.671422,03:12:50.671444,03:12:50.686576,03:12:50.689722,03:12:51.083095,03:12:51.083127,03:12:51.089158,03:12:51.094842,03:12:51.100591,03:12:50.660076,03:12:50.660154,03:12:50.659813
1,rejected,03:12:52.126726,03:12:52.126726,03:12:52.127195,03:12:52.127195,03:12:52.128949,03:12:52.128949,03:12:52.130921,03:12:52.130921,03:12:52.141063,03:12:52.141088,03:12:52.155397,03:12:52.158559,03:12:52.552392,03:12:52.552426,03:12:52.558529,03:12:52.564107,03:12:52.570013,03:12:52.128380,03:12:52.128471,03:12:52.128041
1,rejected,03:12:53.586185,03:12:53.586185,03:12:53.586781,03:12:53.586781,03:12:53.588397,03:12:53.588397,03:12:53.589984,03:12:53.589984,03:12:53.600387,03:12:53.600416,03:12:53.615428,03:12:53.618615,03:12:54.021079,03:12:54.021110,03:12:54.031370,03:12:54.039735,03:12:54.047820,03:12:53.587903,03:12:53.588008,03:12:53.587587
1,rejected,03:12:55.144392,03:12:55.144392,03:12:55.144832,03:12:55.144832,03:12:55.146237,03:12:55.146237,03:12:55.147839,03:12:55.147839,03:12:55.157449,03:12:55.157474,03:12:55.171827,03:12:55.175218,03:12:55.568981,03:12:55.569013,03:12:55.575226,03:12:55.581584,03:12:55.587590,03:12:55.145914,03:12:55.145995,03:12:55.145647
1,rejected,03:12:56.591708,03:12:56.591708,03:12:56.592140,03:12:56.592140,03:12:56.593854,03:12:56.593854,03:12:56.595477,03:12:56.595477,03:12:56.604959,03:12:56.604981,03:12:56.628810,03:12:56.632140,03:12:57.025757,03:12:57.025791,03:12:57.031760,03:12:57.037662,03:12:57.043396,03:12:56.593257,03:12:56.593338,03:12:56.592973
1,rejected,03:12:58.175093,03:12:58.175093,03:12:58.175497,03:12:58.175497,03:12:58.176788,03:12:58.176788,03:12:58.178360,03:12:58.178360,03:12:58.188058,03:12:58.188082,03:12:58.203048,03:12:58.206254,03:12:58.600527,03:12:58.600559,03:12:58.606651,03:12:58.612312,03:12:58.618493,03:12:58.176536,03:12:58.176619,03:12:58.176210
1,rejected,03:12:59.649866,03:12:59.649866,03:12:59.650346,03:12:59.650346,03:12:59.652052,03:12:59.652052,03:12:59.653846,03:12:59.653846,03:12:59.663810,03:12:59.663842,03:12:59.681266,03:12:59.685049,03:13:00.083176,03:13:00.083205,03:13:00.089552,03:13:00.095208,03:13:00.100760,03:12:59.651557,03:12:59.651657,03:12:59.651244
1,rejected,03:13:01.194493,03:13:01.194493,03:13:01.194881,03:13:01.194881,03:13:01.196294,03:13:01.196294,03:13:01.198195,03:13:01.198195,03:13:01.208613,03:13:01.208642,03:13:01.223275,03:13:01.226545,03:13:01.621446,03:13:01.621492,03:13:01.627866,03:13:01.633437,03:13:01.640459,03:13:01.196037,03:13:01.196127,03:13:01.195644
1,rejected,03:13:02.664974,03:13:02.664974,03:13:02.665417,03:13:02.665417,03:13:02.666894,03:13:02.666894,03:13:02.668690,03:13:02.668690,03:13:02.679721,03:13:02.679753,03:13:02.694860,03:13:02.698339,03:13:03.092986,03:13:03.093020,03:13:03.098876,03:13:03.104589,03:13:03.109812,03:13:02.666606,03:13:02.666705,03:13:02.666301
2,rejected,03:13:04.215404,03:13:04.215404,03:13:04.215863,03:13:04.215863,03:13:04.217256,03:13:04.217256,03:13:04.219041,03:13:04.219041,03:13:04.228921,03:13:04.228949,03:13:04.243776,03:13:04.246935,03:13:04.641163,03:13:04.641192,03:13:04.647602,03:13:04.653841,03:13:04.659571,03:13:04.217955,03:13:04.218062,03:13:04.216670
2,rejected,03:13:05.766820,03:13:05.766820,03:13:05.767457,03:13:05.767457,03:13:05.768883,03:13:05.768883,03:13:05.770856,03:13:05.770856,03:13:05.780571,03:13:05.780599,03:13:05.795553,03:13:05.798760,03:13:06.194082,03:13:06.194119,03:13:06.200238,03:13:06.205459,03:13:06.211307,03:13:05.769030,03:13:05.769134,03:13:05.768298
2,rejected,03:13:07.231325,03:13:07.231325,03:13:07.231779,03:13:07.231779,03:13:07.233137,03:13:07.233137,03:13:07.235162,03:13:07.235162,03:13:07.244761,03:13:07.244787,03:13:07.263004,03:13:07.268064,03:13:07.663837,03:13:07.663869,03:13:07.669953,03:13:07.675496,03:13:07.681273,03:13:07.233895,03:13:07.233993,03:13:07.232515
2,rejected,03:13:08.695716,03:13:08.695716,03:13:08.696304,03:13:08.696304,03:13:08.697795,03:13:08.697795,03:13:08.699476,03:13:08.699476,03:13:08.709331,03:13:08.709363,03:13:08.724924,03:13:08.728503,03:13:09.123183,03:13:09.123215,03:13:09.129225,03:13:09.134592,03:13:09.140249,03:13:08.698382,03:13:08.698489,03:13:08.697138
2,rejected,03:13:10.165167,03:13:10.165167,03:13:10.165622,03:13:10.165622,03:13:10.167236,03:13:10.167236,03:13:10.168678,03:13:10.168678,03:13:10.181139,03:13:10.181175,03:13:10.196173,03:13:10.199242,03:13:10.593124,03:13:10.593155,03:13:10.599119,03:13:10.604646,03:13:10.610659,03:13:10.167307,03:13:10.167389,03:13:10.166382
2,rejected,03:13:11.696701,03:13:11.696701,03:13:11.697264,03:13:11.697264,03:13:11.698948,03:13:11.698948,03:13:11.700748,03:13:11.700748,03:13:11.710806,03:13:11.710838,03:13:11.724585,03:13:11.728099,03:13:12.122035,03:13:12.122071,03:13:12.127922,03:13:12.133506,03:13:12.139077,03:13:11.699335,03:13:11.699441,03:13:11.698035
2,rejected,03:13:13.157119,03:13:13.157119,03:13:13.157643,03:13:13.157643,03:13:13.159305,03:13:13.159305,03:13:13.160946,03:13:13.160946,03:13:13.171339,03:13:13.171367,03:13:13.185796,03:13:13.188969,03:13:13.583539,03:13:13.583573,03:13:13.589978,03:13:13.595383,03:13:13.601000,03:13:13.159309,03:13:13.159405,03:13:13.158450
2,rejected,03:13:14.630488,03:13:14.630488,03:13:14.631129,03:13:14.631129,03:13:14.632673,03:13:14.632673,03:13:14.634477,03:13:14.634477,03:13:14.644391,03:13:14.644441,03:13:14.674003,03:13:14.677440,03:13:15.072593,03:13:15.072626,03:13:15.078881,03:13:15.084562,03:13:15.090398,03:13:14.632819,03:13:14.632906,03:13:14.632029
2,rejected,03:13:16.117924,03:13:16.117924,03:13:16.118414,03:13:16.118414,03:13:16.119731,03:13:16.119731,03:13:16.121347,03:13:16.121347,03:13:16.130888,03:13:16.130935,03:13:16.145787,03:13:16.149507,03:13:16.544165,03:13:16.544202,03:13:16.550652,03:13:16.556502,03:13:16.562488,03:13:16.120656,03:13:16.120800,03:13:16.119204
2,rejected,03:13:17.582414,03:13:17.582414,03:13:17.582880,03:13:17.582880,03:13:17.584150,03:13:17.584150,03:13:17.585970,03:13:17.585970,03:13:17.595609,03:13:17.595636,03:13:17.610103,03:13:17.613180,03:13:18.005569,03:13:18.005600,03:13:18.011869,03:13:18.017536,03:13:18.023816,03:13:17.584766,03:13:17.584871,03:13:17.583634
2,rejected,03:13:19.179514,03:13:19.179514,03:13:19.179928,03:13:19.179928,03:13:19.181251,03:13:19.181251,03:13:19.183157,03:13:19.183157,03:13:19.192787,03:13:19.192813,03:13:19.210577,03:13:19.214385,03:13:19.609780,03:13:19.609814,03:13:19.616161,03:13:19.622375,03:13:19.628610,03:13:19.182332,03:13:19.182454,03:13:19.180697
2,rejected,03:13:20.646886,03:13:20.646886,03:13:20.647336,03:13:20.647336,03:13:20.649010,03:13:20.649010,03:13:20.650793,03:13:20.650793,03:13:20.660296,03:13:20.660323,03:13:20.674181,03:13:20.677277,03:13:21.073052,03:13:21.073086,03:13:21.079451,03:13:21.085115,03:13:21.091315,03:13:20.649515,03:13:20.649605,03:13:20.648121
2,rejected,03:13:22.134605,03:13:22.134605,03:13:22.135109,03:13:22.135109,03:13:22.136373,03:13:22.136373,03:13:22.137863,03:13:22.137863,03:13:22.147893,03:13:22.147923,03:13:22.162522,03:13:22.165609,03:13:22.561425,03:13:22.561457,03:13:22.567712,03:13:22.573452,03:13:22.579240,03:13:22.137260,03:13:22.137404,03:13:22.135869
2,rejected,03:13:23.667170,03:13:23.667170,03:13:23.667542,03:13:23.667542,03:13:23.669074,03:13:23.669074,03:13:23.670654,03:13:23.670654,03:13:23.681331,03:13:23.681356,03:13:23.695972,03:13:23.699069,03:13:24.103131,03:13:24.103165,03:13:24.109879,03:13:24.119103,03:13:24.126047,03:13:23.669629,03:13:23.669717,03:13:23.668257
2,rejected,03:13:25.162405,03:13:25.162405,03:13:25.162820,03:13:25.162820,03:13:25.164242,03:13:25.164242,03:13:25.165870,03:13:25.165870,03:13:25.177892,03:13:25.177921,03:13:25.192151,03:13:25.195447,03:13:25.589571,03:13:25.589604,03:13:25.595843,03:13:25.602238,03:13:25.608015,03:13:25.164796,03:13:25.164884,03:13:25.163595
2,rejected,03:13:26.711647,03:13:26.711647,03:13:26.712091,03:13:26.712091,03:13:26.713855,03:13:26.713855,03:13:26.715574,03:13:26.715574,03:13:26.725368,03:13:26.725398,03:13:26.744582,03:13:26.749455,03:13:27.146578,03:13:27.146612,03:13:27.152982,03:13:27.158343,03:13:27.163791,03:13:26.714147,03:13:26.714256,03:13:26.712961
2,rejected,03:13:28.182355,03:13:28.182355,03:13:28.182750,03:13:28.182750,03:13:28.184156,03:13:28.184156,03:13:28.186001,03:13:28.186001,03:13:28.197066,03:13:28.197087,03:13:28.211190,03:13:28.214391,03:13:28.608065,03:13:28.608096,03:13:28.614427,03:13:28.620168,03:13:28.625691,03:13:28.184863,03:13:28.184971,03:13:28.183607
2,rejected,03:13:29.654504,03:13:29.654504,03:13:29.654954,03:13:29.654954,03:13:29.656300,03:13:29.656300,03:13:29.658055,03:13:29.658055,03:13:29.667923,03:13:29.667947,03:13:29.682161,03:13:29.685230,03:13:30.079250,03:13:30.079283,03:13:30.085351,03:13:30.090835,03:13:30.096636,03:13:29.657177,03:13:29.657278,03:13:29.655710
2,rejected,03:13:31.256181,03:13:31.256181,03:13:31.256722,03:13:31.256722,03:13:31.258151,03:13:31.258151,03:13:31.259773,03:13:31.259773,03:13:31.269232,03:13:31.269259,03:13:31.284089,03:13:31.287244,03:13:31.681938,03:13:31.681968,03:13:31.688036,03:13:31.693780,03:13:31.699769,03:13:31.258724,03:13:31.258829,03:13:31.257583
2,rejected,03:13:32.860577,03:13:32.860577,03:13:32.860984,03:13:32.860984,03:13:32.862264,03:13:32.862264,03:13:32.863869,03:13:32.863869,03:13:32.873221,03:13:32.873244,03:13:32.896998,03:13:32.900201,03:13:33.294478,03:13:33.294510,03:13:33.300784,03:13:33.306608,03:13:33.312318,03:13:32.863014,03:13:32.863122,03:13:32.861707
2,rejected,03:13:34.377791,03:13:34.377791,03:13:34.378308,03:13:34.378308,03:13:34.379792,03:13:34.379792,03:13:34.381732,03:13:34.381732,03:13:34.391405,03:13:34.391432,03:13:34.407211,03:13:34.410391,03:13:34.805526,03:13:34.805554,03:13:34.811760,03:13:34.817506,03:13:34.823366,03:13:34.380215,03:13:34.380311,03:13:34.379161
2,rejected,03:13:35.842659,03:13:35.842659,03:13:35.843149,03:13:35.843149,03:13:35.844722,03:13:35.844722,03:13:35.846556,03:13:35.846556,03:13:35.855986,03:13:35.856008,03:13:35.870759,03:13:35.873937,03:13:36.269403,03:13:36.269433,03:13:36.275627,03:13:36.281572,03:13:36.287707,03:13:35.844958,03:13:35.845050,03:13:35.843921
2,rejected,03:13:37.306936,03:13:37.306936,03:13:37.307392,03:13:37.307392,03:13:37.308835,03:13:37.308835,03:13:37.310508,03:13:37.310508,03:13:37.319944,03:13:37.319966,03:13:37.335106,03:13:37.338435,03:13:37.732541,03:13:37.732594,03:13:37.739006,03:13:37.744742,03:13:37.750605,03:13:37.309524,03:13:37.309625,03:13:37.308224
2,rejected,03:13:38.857183,03:13:38.857183,03:13:38.857765,03:13:38.857765,03:13:38.859148,03:13:38.859148,03:13:38.860681,03:13:38.860681,03:13:38.870556,03:13:38.870588,03:13:38.889136,03:13:38.894182,03:13:39.290645,03:13:39.290677,03:13:39.296848,03:13:39.302556,03:13:39.308259,03:13:38.859446,03:13:38.859538,03:13:38.858569
2,rejected,03:13:40.409502,03:13:40.409502,03:13:40.409907,03:13:40.409907,03:13:40.411637,03:13:40.411637,03:13:40.413285,03:13:40.413285,03:13:40.422881,03:13:40.422905,03:13:40.437537,03:13:40.440673,03:13:40.834427,03:13:40.834458,03:13:40.840869,03:13:40.846527,03:13:40.852261,03:13:40.411811,03:13:40.411916,03:13:40.410713
2,rejected,03:13:41.880290,03:13:41.880290,03:13:41.880710,03:13:41.880710,03:13:41.882262,03:13:41.882262,03:13:41.883997,03:13:41.883997,03:13:41.893448,03:13:41.893471,03:13:41.907439,03:13:41.910648,03:13:42.304761,03:13:42.304795,03:13:42.311090,03:13:42.316879,03:13:42.322633,03:13:41.882572,03:13:41.882682,03:13:41.881484
2,rejected,03:13:43.343610,03:13:43.343610,03:13:43.344169,03:13:43.344169,03:13:43.345542,03:13:43.345542,03:13:43.347363,03:13:43.347363,03:13:43.356944,03:13:43.356967,03:13:43.371857,03:13:43.375055,03:13:43.769109,03:13:43.769138,03:13:43.775510,03:13:43.781335,03:13:43.787077,03:13:43.346014,03:13:43.346109,03:13:43.344993
2,rejected,03:13:44.800049,03:13:44.800049,03:13:44.800611,03:13:44.800611,03:13:44.802225,03:13:44.802225,03:13:44.803773,03:13:44.803773,03:13:44.813278,03:13:44.813302,03:13:44.827540,03:13:44.830681,03:13:45.224665,03:13:45.224698,03:13:45.230747,03:13:45.236192,03:13:45.241541,03:13:44.802471,03:13:44.802576,03:13:44.801506
2,rejected,03:13:46.257516,03:13:46.257516,03:13:46.257978,03:13:46.257978,03:13:46.259552,03:13:46.259552,03:13:46.261274,03:13:46.261274,03:13:46.270721,03:13:46.270746,03:13:46.286330,03:13:46.289601,03:13:46.686073,03:13:46.686104,03:13:46.692415,03:13:46.698074,03:13:46.704053,03:13:46.259615,03:13:46.259749,03:13:46.258736
2,rejected,03:13:47.724066,03:13:47.724066,03:13:47.724616,03:13:47.724616,03:13:47.725919,03:13:47.725919,03:13:47.727449,03:13:47.727449,03:13:47.737082,03:13:47.737110,03:13:47.751429,03:13:47.754910,03:13:48.149024,03:13:48.149062,03:13:48.155259,03:13:48.161096,03:13:48.166788,03:13:47.726579,03:13:47.726668,03:13:47.725396
2,rejected,03:13:49.274378,03:13:49.274378,03:13:49.274809,03:13:49.274809,03:13:49.276450,03:13:49.276450,03:13:49.278001,03:13:49.278001,03:13:49.288646,03:13:49.288675,03:13:49.303197,03:13:49.306248,03:13:49.700257,03:13:49.700289,03:13:49.706740,03:13:49.712280,03:13:49.718042,03:13:49.276637,03:13:49.276748,03:13:49.275582
2,rejected,03:13:50.877204,03:13:50.877204,03:13:50.877779,03:13:50.877779,03:13:50.879227,03:13:50.879227,03:13:50.880841,03:13:50.880841,03:13:50.890394,03:13:50.890416,03:13:50.913570,03:13:50.916861,03:13:51.310795,03:13:51.310825,03:13:51.316967,03:13:51.322922,03:13:51.328699,03:13:50.879194,03:13:50.879281,03:13:50.878590
2,rejected,03:13:52.427487,03:13:52.427487,03:13:52.428040,03:13:52.428040,03:13:52.429681,03:13:52.429681,03:13:52.431434,03:13:52.431434,03:13:52.441084,03:13:52.441106,03:13:52.455287,03:13:52.458869,03:13:52.853947,03:13:52.853981,03:13:52.860037,03:13:52.865746,03:13:52.871581,03:13:52.429993,03:13:52.430095,03:13:52.428875
2,rejected,03:13:54.068514,03:13:54.068514,03:13:54.069330,03:13:54.069330,03:13:54.071423,03:13:54.071423,03:13:54.074035,03:13:54.074035,03:13:54.085639,03:13:54.085700,03:13:54.108575,03:13:54.113787,03:13:54.514658,03:13:54.514686,03:13:54.520689,03:13:54.526104,03:13:54.531731,03:13:54.070922,03:13:54.071039,03:13:54.070533
2,rejected,03:13:55.554403,03:13:55.554403,03:13:55.554907,03:13:55.554907,03:13:55.556506,03:13:55.556506,03:13:55.558274,03:13:55.558274,03:13:55.567712,03:13:55.567734,03:13:55.581584,03:13:55.584792,03:13:55.978314,03:13:55.978349,03:13:55.984545,03:13:55.990356,03:13:55.996006,03:13:55.556988,03:13:55.557094,03:13:55.555735
2,rejected,03:13:57.115812,03:13:57.115812,03:13:57.116245,03:13:57.116245,03:13:57.117548,03:13:57.117548,03:13:57.119472,03:13:57.119472,03:13:57.128998,03:13:57.129024,03:13:57.143114,03:13:57.146615,03:13:57.540991,03:13:57.541023,03:13:57.547335,03:13:57.552910,03:13:57.558741,03:13:57.118311,03:13:57.118403,03:13:57.116988
2,rejected,03:13:58.577350,03:13:58.577350,03:13:58.577958,03:13:58.577958,03:13:58.579558,03:13:58.579558,03:13:58.581152,03:13:58.581152,03:13:58.590788,03:13:58.590819,03:13:58.605691,03:13:58.609041,03:13:59.003703,03:13:59.003742,03:13:59.009907,03:13:59.015795,03:13:59.021813,03:13:58.579711,03:13:58.579808,03:13:58.578758
2,rejected,03:14:00.116708,03:14:00.116708,03:14:00.117119,03:14:00.117119,03:14:00.118439,03:14:00.118439,03:14:00.120140,03:14:00.120140,03:14:00.129561,03:14:00.129585,03:14:00.144056,03:14:00.147217,03:14:00.542864,03:14:00.542900,03:14:00.549410,03:14:00.554834,03:14:00.560531,03:14:00.119096,03:14:00.119196,03:14:00.117837
2,rejected,03:14:01.586614,03:14:01.586614,03:14:01.587068,03:14:01.587068,03:14:01.588773,03:14:01.588773,03:14:01.590402,03:14:01.590402,03:14:01.602475,03:14:01.602506,03:14:01.616859,03:14:01.620980,03:14:02.017144,03:14:02.017176,03:14:02.023722,03:14:02.029593,03:14:02.035452,03:14:01.589024,03:14:01.589114,03:14:01.587873
2,rejected,03:14:03.327047,03:14:03.327047,03:14:03.327485,03:14:03.327485,03:14:03.328909,03:14:03.328909,03:14:03.330867,03:14:03.330867,03:14:03.340396,03:14:03.340422,03:14:03.355704,03:14:03.358989,03:14:03.753189,03:14:03.753223,03:14:03.759326,03:14:03.765527,03:14:03.771241,03:14:03.329693,03:14:03.329842,03:14:03.328291
2,rejected,03:14:04.851494,03:14:04.851494,03:14:04.852063,03:14:04.852063,03:14:04.853675,03:14:04.853675,03:14:04.855146,03:14:04.855146,03:14:04.864687,03:14:04.864709,03:14:04.878853,03:14:04.882055,03:14:05.276692,03:14:05.276724,03:14:05.283013,03:14:05.288904,03:14:05.294783,03:14:04.853954,03:14:04.854097,03:14:04.852968
2,rejected,03:14:06.462025,03:14:06.462025,03:14:06.462448,03:14:06.462448,03:14:06.463792,03:14:06.463792,03:14:06.465420,03:14:06.465420,03:14:06.474854,03:14:06.474884,03:14:06.489800,03:14:06.493017,03:14:06.888012,03:14:06.888044,03:14:06.894092,03:14:06.900102,03:14:06.905638,03:14:06.464590,03:14:06.464690,03:14:06.463210
2,rejected,03:14:07.930463,03:14:07.930463,03:14:07.931008,03:14:07.931008,03:14:07.932357,03:14:07.932357,03:14:07.933840,03:14:07.933840,03:14:07.943188,03:14:07.943216,03:14:07.957681,03:14:07.960895,03:14:08.355291,03:14:08.355323,03:14:08.361541,03:14:08.367254,03:14:08.373096,03:14:07.932865,03:14:07.932987,03:14:07.931818
2,rejected,03:14:09.471849,03:14:09.471849,03:14:09.472323,03:14:09.472323,03:14:09.473644,03:14:09.473644,03:14:09.475637,03:14:09.475637,03:14:09.485205,03:14:09.485236,03:14:09.510474,03:14:09.515810,03:14:09.911642,03:14:09.911674,03:14:09.918200,03:14:09.923948,03:14:09.929604,03:14:09.474435,03:14:09.474533,03:14:09.473116
2,rejected,03:14:11.040402,03:14:11.040402,03:14:11.040840,03:14:11.040840,03:14:11.042449,03:14:11.042449,03:14:11.044187,03:14:11.044187,03:14:11.054055,03:14:11.054082,03:14:11.068843,03:14:11.072239,03:14:11.465630,03:14:11.465663,03:14:11.471574,03:14:11.477732,03:14:11.483599,03:14:11.043023,03:14:11.043165,03:14:11.041574
2,rejected,03:14:12.591046,03:14:12.591046,03:14:12.591556,03:14:12.591556,03:14:12.592980,03:14:12.592980,03:14:12.594578,03:14:12.594578,03:14:12.604252,03:14:12.604274,03:14:12.618908,03:14:12.622420,03:14:13.017707,03:14:13.017739,03:14:13.024381,03:14:13.030236,03:14:13.036273,03:14:12.593399,03:14:12.593503,03:14:12.592432
2,rejected,03:14:14.063179,03:14:14.063179,03:14:14.063762,03:14:14.063762,03:14:14.065749,03:14:14.065749,03:14:14.067907,03:14:14.067907,03:14:14.079372,03:14:14.079420,03:14:14.100075,03:14:14.105514,03:14:14.503317,03:14:14.503348,03:14:14.509603,03:14:14.515280,03:14:14.521310,03:14:14.065321,03:14:14.065496,03:14:14.064747
2,rejected,03:14:15.609495,03:14:15.609495,03:14:15.609986,03:14:15.609986,03:14:15.611346,03:14:15.611346,03:14:15.613003,03:14:15.613003,03:14:15.623263,03:14:15.623288,03:14:15.638307,03:14:15.641432,03:14:16.036530,03:14:16.036562,03:14:16.043711,03:14:16.050655,03:14:16.057063,03:14:15.611874,03:14:15.611962,03:14:15.610759
2,rejected,03:14:17.093486,03:14:17.093486,03:14:17.093934,03:14:17.093934,03:14:17.095281,03:14:17.095281,03:14:17.096898,03:14:17.096898,03:14:17.106899,03:14:17.106920,03:14:17.126249,03:14:17.131487,03:14:17.527763,03:14:17.527795,03:14:17.534237,03:14:17.541617,03:14:17.547289,03:14:17.095823,03:14:17.095943,03:14:17.094696
2,rejected,03:14:18.659491,03:14:18.659491,03:14:18.659929,03:14:18.659929,03:14:18.661328,03:14:18.661328,03:14:18.663162,03:14:18.663162,03:14:18.672854,03:14:18.672879,03:14:18.687033,03:14:18.690599,03:14:19.085674,03:14:19.085705,03:14:19.091908,03:14:19.097712,03:14:19.103189,03:14:18.661839,03:14:18.661929,03:14:18.660745
2,rejected,03:14:20.133211,03:14:20.133211,03:14:20.133740,03:14:20.133740,03:14:20.134991,03:14:20.134991,03:14:20.136603,03:14:20.136603,03:14:20.145987,03:14:20.146010,03:14:20.160107,03:14:20.163248,03:14:20.557270,03:14:20.557301,03:14:20.563592,03:14:20.569285,03:14:20.574948,03:14:20.135624,03:14:20.135753,03:14:20.134470
2,rejected,03:14:21.801843,03:14:21.801843,03:14:21.802294,03:14:21.802294,03:14:21.803866,03:14:21.803866,03:14:21.805512,03:14:21.805512,03:14:21.815081,03:14:21.815115,03:14:21.830230,03:14:21.833379,03:14:22.227701,03:14:22.227734,03:14:22.233950,03:14:22.239435,03:14:22.245091,03:14:21.804541,03:14:21.804670,03:14:21.803004
2,rejected,03:14:23.332696,03:14:23.332696,03:14:23.333105,03:14:23.333105,03:14:23.334477,03:14:23.334477,03:14:23.336121,03:14:23.336121,03:14:23.345544,03:14:23.345565,03:14:23.360073,03:14:23.363208,03:14:23.757199,03:14:23.757233,03:14:23.763317,03:14:23.769158,03:14:23.774931,03:14:23.335350,03:14:23.335478,03:14:23.333855
2,rejected,03:14:24.845309,03:14:24.845309,03:14:24.845726,03:14:24.845726,03:14:24.847322,03:14:24.847322,03:14:24.849070,03:14:24.849070,03:14:24.858842,03:14:24.858872,03:14:24.873525,03:14:24.876624,03:14:25.271139,03:14:25.271173,03:14:25.277630,03:14:25.283659,03:14:25.289715,03:14:24.847795,03:14:24.847886,03:14:24.846456
2,rejected,03:14:26.400677,03:14:26.400677,03:14:26.401112,03:14:26.401112,03:14:26.402660,03:14:26.402660,03:14:26.404147,03:14:26.404147,03:14:26.413956,03:14:26.413983,03:14:26.428467,03:14:26.431694,03:14:26.825789,03:14:26.825818,03:14:26.832038,03:14:26.837644,03:14:26.843752,03:14:26.402507,03:14:26.402592,03:14:26.401849
2,rejected,03:14:28.021215,03:14:28.021215,03:14:28.021690,03:14:28.021690,03:14:28.022952,03:14:28.022952,03:14:28.024791,03:14:28.024791,03:14:28.034433,03:14:28.034459,03:14:28.057322,03:14:28.060571,03:14:28.454836,03:14:28.454867,03:14:28.461078,03:14:28.466912,03:14:28.472918,03:14:28.023734,03:14:28.023834,03:14:28.022434
2,rejected,03:14:29.498761,03:14:29.498761,03:14:29.499366,03:14:29.499366,03:14:29.500776,03:14:29.500776,03:14:29.502595,03:14:29.502595,03:14:29.512949,03:14:29.512994,03:14:29.527772,03:14:29.530805,03:14:29.925504,03:14:29.925536,03:14:29.932020,03:14:29.937841,03:14:29.943473,03:14:29.501122,03:14:29.501231,03:14:29.500231
2,rejected,03:14:31.120886,03:14:31.120886,03:14:31.121393,03:14:31.121393,03:14:31.122748,03:14:31.122748,03:14:31.124286,03:14:31.124286,03:14:31.134632,03:14:31.134669,03:14:31.150331,03:14:31.153615,03:14:31.547919,03:14:31.547950,03:14:31.553807,03:14:31.559643,03:14:31.565633,03:14:31.123165,03:14:31.123300,03:14:31.122202
2,rejected,03:14:32.760761,03:14:32.760761,03:14:32.761178,03:14:32.761178,03:14:32.762821,03:14:32.762821,03:14:32.764515,03:14:32.764515,03:14:32.774957,03:14:32.774980,03:14:32.791523,03:14:32.795509,03:14:33.192791,03:14:33.192821,03:14:33.198954,03:14:33.204213,03:14:33.209858,03:14:32.763258,03:14:32.763353,03:14:32.761932
2,rejected,03:14:34.319635,03:14:34.319635,03:14:34.320096,03:14:34.320096,03:14:34.321754,03:14:34.321754,03:14:34.323746,03:14:34.323746,03:14:34.334750,03:14:34.334787,03:14:34.351135,03:14:34.354372,03:14:34.751162,03:14:34.751193,03:14:34.757286,03:14:34.762609,03:14:34.768157,03:14:34.321788,03:14:34.321882,03:14:34.320957
2,rejected,03:14:35.804155,03:14:35.804155,03:14:35.804611,03:14:35.804611,03:14:35.805912,03:14:35.805912,03:14:35.807599,03:14:35.807599,03:14:35.819432,03:14:35.819463,03:14:35.833652,03:14:35.837101,03:14:36.232733,03:14:36.232765,03:14:36.239347,03:14:36.245350,03:14:36.251616,03:14:35.806812,03:14:35.806945,03:14:35.805373
2,rejected,03:14:37.467301,03:14:37.467301,03:14:37.467817,03:14:37.467817,03:14:37.469108,03:14:37.469108,03:14:37.470558,03:14:37.470558,03:14:37.480820,03:14:37.480845,03:14:37.495388,03:14:37.498566,03:14:37.892561,03:14:37.892591,03:14:37.898724,03:14:37.904890,03:14:37.911029,03:14:37.469883,03:14:37.469983,03:14:37.468589
2,rejected,03:14:38.934231,03:14:38.934231,03:14:38.934602,03:14:38.934602,03:14:38.936176,03:14:38.936176,03:14:38.938050,03:14:38.938050,03:14:38.950190,03:14:38.950221,03:14:38.965024,03:14:38.968359,03:14:39.363125,03:14:39.363155,03:14:39.369384,03:14:39.375024,03:14:39.380864,03:14:38.936545,03:14:38.936644,03:14:38.935315
2,rejected,03:14:40.409795,03:14:40.409795,03:14:40.410297,03:14:40.410297,03:14:40.411725,03:14:40.411725,03:14:40.413365,03:14:40.413365,03:14:40.423263,03:14:40.423290,03:14:40.438181,03:14:40.441538,03:14:40.838342,03:14:40.838375,03:14:40.844453,03:14:40.850202,03:14:40.856143,03:14:40.412375,03:14:40.412489,03:14:40.411140
2,rejected,03:14:41.954802,03:14:41.954802,03:14:41.955296,03:14:41.955296,03:14:41.956814,03:14:41.956814,03:14:41.958662,03:14:41.958662,03:14:41.968546,03:14:41.968567,03:14:41.983401,03:14:41.986676,03:14:42.382316,03:14:42.382346,03:14:42.388357,03:14:42.393891,03:14:42.399736,03:14:41.957350,03:14:41.957489,03:14:41.956116
2,rejected,03:14:43.494870,03:14:43.494870,03:14:43.495330,03:14:43.495330,03:14:43.496888,03:14:43.496888,03:14:43.498626,03:14:43.498626,03:14:43.508634,03:14:43.508657,03:14:43.522800,03:14:43.525889,03:14:43.923145,03:14:43.923175,03:14:43.932013,03:14:43.938956,03:14:43.946292,03:14:43.497079,03:14:43.497214,03:14:43.496117
2,rejected,03:14:44.981898,03:14:44.981898,03:14:44.982394,03:14:44.982394,03:14:44.983753,03:14:44.983753,03:14:44.985663,03:14:44.985663,03:14:44.995522,03:14:44.995552,03:14:45.009577,03:14:45.012865,03:14:45.408348,03:14:45.408380,03:14:45.414752,03:14:45.421055,03:14:45.427030,03:14:44.984326,03:14:44.984416,03:14:44.983151
2,rejected,03:14:46.538872,03:14:46.538872,03:14:46.539398,03:14:46.539398,03:14:46.540713,03:14:46.540713,03:14:46.542519,03:14:46.542519,03:14:46.552125,03:14:46.552151,03:14:46.575665,03:14:46.579115,03:14:46.974055,03:14:46.974087,03:14:46.980255,03:14:46.985794,03:14:46.991471,03:14:46.541353,03:14:46.541453,03:14:46.540178
2,rejected,03:14:48.146089,03:14:48.146089,03:14:48.146894,03:14:48.146894,03:14:48.149110,03:14:48.149110,03:14:48.151456,03:14:48.151456,03:14:48.162132,03:14:48.162190,03:14:48.182329,03:14:48.185785,03:14:48.581343,03:14:48.581377,03:14:48.587635,03:14:48.593360,03:14:48.598912,03:14:48.148529,03:14:48.148654,03:14:48.148118
2,rejected,03:14:49.688884,03:14:49.688884,03:14:49.689477,03:14:49.689477,03:14:49.690968,03:14:49.690968,03:14:49.692531,03:14:49.692531,03:14:49.702092,03:14:49.702126,03:14:49.716833,03:14:49.720005,03:14:50.114398,03:14:50.114429,03:14:50.120533,03:14:50.126013,03:14:50.131828,03:14:49.691230,03:14:49.691393,03:14:49.690269
2,rejected,03:14:51.152759,03:14:51.152759,03:14:51.153333,03:14:51.153333,03:14:51.154925,03:14:51.154925,03:14:51.156739,03:14:51.156739,03:14:51.166708,03:14:51.166735,03:14:51.181361,03:14:51.184631,03:14:51.579178,03:14:51.579210,03:14:51.585345,03:14:51.591073,03:14:51.596843,03:14:51.155160,03:14:51.155257,03:14:51.154147
2,rejected,03:14:52.637073,03:14:52.637073,03:14:52.637491,03:14:52.637491,03:14:52.638779,03:14:52.638779,03:14:52.640424,03:14:52.640424,03:14:52.651972,03:14:52.652006,03:14:52.666068,03:14:52.669258,03:14:53.063617,03:14:53.063649,03:14:53.069959,03:14:53.075567,03:14:53.081365,03:14:52.639599,03:14:52.639693,03:14:52.638200
2,rejected,03:14:54.113451,03:14:54.113451,03:14:54.114210,03:14:54.114210,03:14:54.116591,03:14:54.116591,03:14:54.118833,03:14:54.118833,03:14:54.131076,03:14:54.131130,03:14:54.153836,03:14:54.159891,03:14:54.560969,03:14:54.561006,03:14:54.567591,03:14:54.573003,03:14:54.578752,03:14:54.116032,03:14:54.116198,03:14:54.115475
2,rejected,03:14:55.685112,03:14:55.685112,03:14:55.685708,03:14:55.685708,03:14:55.687124,03:14:55.687124,03:14:55.688970,03:14:55.688970,03:14:55.698539,03:14:55.698570,03:14:55.714988,03:14:55.720719,03:14:56.117076,03:14:56.117108,03:14:56.123384,03:14:56.129101,03:14:56.135156,03:14:55.687411,03:14:55.687506,03:14:55.686513
2,rejected,03:14:57.169674,03:14:57.169674,03:14:57.170234,03:14:57.170234,03:14:57.171677,03:14:57.171677,03:14:57.173270,03:14:57.173270,03:14:57.182885,03:14:57.182913,03:14:57.197425,03:14:57.201305,03:14:57.597046,03:14:57.597077,03:14:57.603690,03:14:57.609666,03:14:57.615067,03:14:57.172107,03:14:57.172192,03:14:57.171028
2,rejected,03:14:58.878529,03:14:58.878529,03:14:58.878943,03:14:58.878943,03:14:58.880331,03:14:58.880331,03:14:58.881950,03:14:58.881950,03:14:58.891693,03:14:58.891718,03:14:58.905808,03:14:58.909125,03:14:59.305112,03:14:59.305145,03:14:59.311952,03:14:59.317863,03:14:59.323582,03:14:58.880901,03:14:58.881003,03:14:58.879743
2,rejected,03:15:00.396715,03:15:00.396715,03:15:00.397148,03:15:00.397148,03:15:00.398747,03:15:00.398747,03:15:00.400623,03:15:00.400623,03:15:00.410315,03:15:00.410343,03:15:00.425234,03:15:00.428600,03:15:00.824121,03:15:00.824161,03:15:00.830335,03:15:00.836153,03:15:00.846210,03:15:00.399294,03:15:00.399391,03:15:00.397892
2,rejected,03:15:01.889912,03:15:01.889912,03:15:01.890377,03:15:01.890377,03:15:01.891926,03:15:01.891926,03:15:01.893634,03:15:01.893634,03:15:01.903619,03:15:01.903639,03:15:01.918168,03:15:01.921453,03:15:02.315745,03:15:02.315776,03:15:02.322098,03:15:02.328169,03:15:02.334037,03:15:01.892110,03:15:01.892253,03:15:01.891131
2,rejected,03:15:03.358568,03:15:03.358568,03:15:03.359006,03:15:03.359006,03:15:03.361091,03:15:03.361091,03:15:03.363294,03:15:03.363294,03:15:03.374490,03:15:03.374545,03:15:03.394181,03:15:03.397718,03:15:03.793215,03:15:03.793247,03:15:03.799721,03:15:03.805423,03:15:03.811555,03:15:03.361108,03:15:03.361259,03:15:03.360170
2,rejected,03:15:05.107461,03:15:05.107461,03:15:05.108022,03:15:05.108022,03:15:05.109453,03:15:05.109453,03:15:05.111118,03:15:05.111118,03:15:05.120721,03:15:05.120742,03:15:05.142660,03:15:05.145725,03:15:05.540351,03:15:05.540382,03:15:05.546716,03:15:05.552365,03:15:05.558215,03:15:05.109746,03:15:05.109836,03:15:05.108789
2,rejected,03:15:06.593626,03:15:06.593626,03:15:06.594088,03:15:06.594088,03:15:06.595383,03:15:06.595383,03:15:06.597224,03:15:06.597224,03:15:06.606906,03:15:06.606931,03:15:06.622914,03:15:06.626253,03:15:07.022189,03:15:07.022223,03:15:07.028813,03:15:07.034796,03:15:07.040517,03:15:06.595992,03:15:06.596078,03:15:06.594826
2,rejected,03:15:08.209437,03:15:08.209437,03:15:08.209912,03:15:08.209912,03:15:08.211211,03:15:08.211211,03:15:08.212869,03:15:08.212869,03:15:08.222191,03:15:08.222215,03:15:08.236276,03:15:08.239699,03:15:08.634520,03:15:08.634553,03:15:08.640913,03:15:08.646905,03:15:08.653688,03:15:08.212001,03:15:08.212101,03:15:08.210657
2,rejected,03:15:09.683272,03:15:09.683272,03:15:09.683824,03:15:09.683824,03:15:09.685405,03:15:09.685405,03:15:09.687199,03:15:09.687199,03:15:09.696738,03:15:09.696770,03:15:09.711937,03:15:09.715174,03:15:10.109112,03:15:10.109151,03:15:10.115535,03:15:10.121458,03:15:10.127644,03:15:09.685961,03:15:09.686109,03:15:09.684633
2,rejected,03:15:11.191644,03:15:11.191644,03:15:11.192156,03:15:11.192156,03:15:11.193483,03:15:11.193483,03:15:11.195421,03:15:11.195421,03:15:11.205401,03:15:11.205447,03:15:11.221997,03:15:11.225399,03:15:11.622759,03:15:11.622790,03:15:11.629217,03:15:11.634960,03:15:11.640389,03:15:11.194307,03:15:11.194405,03:15:11.192950
2,rejected,03:15:12.665499,03:15:12.665499,03:15:12.665956,03:15:12.665956,03:15:12.667541,03:15:12.667541,03:15:12.669292,03:15:12.669292,03:15:12.678589,03:15:12.678610,03:15:12.693040,03:15:12.696499,03:15:13.091832,03:15:13.091861,03:15:13.098316,03:15:13.103734,03:15:13.109284,03:15:12.667948,03:15:12.668041,03:15:12.666773
2,rejected,03:15:14.224828,03:15:14.224828,03:15:14.225275,03:15:14.225275,03:15:14.226898,03:15:14.226898,03:15:14.229074,03:15:14.229074,03:15:14.238926,03:15:14.238955,03:15:14.255453,03:15:14.259115,03:15:14.655257,03:15:14.655290,03:15:14.661565,03:15:14.667565,03:15:14.673304,03:15:14.227187,03:15:14.227328,03:15:14.226116
2,rejected,03:15:15.790400,03:15:15.790400,03:15:15.790861,03:15:15.790861,03:15:15.792510,03:15:15.792510,03:15:15.794110,03:15:15.794110,03:15:15.806144,03:15:15.806174,03:15:15.820786,03:15:15.823879,03:15:16.219489,03:15:16.219522,03:15:16.226139,03:15:16.232133,03:15:16.238133,03:15:15.792799,03:15:15.792903,03:15:15.791683
2,rejected,03:15:17.279120,03:15:17.279120,03:15:17.279597,03:15:17.279597,03:15:17.281203,03:15:17.281203,03:15:17.282915,03:15:17.282915,03:15:17.292368,03:15:17.292391,03:15:17.307336,03:15:17.310527,03:15:17.704469,03:15:17.704501,03:15:17.710603,03:15:17.716398,03:15:17.722528,03:15:17.281739,03:15:17.281874,03:15:17.280339
2,rejected,03:15:18.823053,03:15:18.823053,03:15:18.823560,03:15:18.823560,03:15:18.825104,03:15:18.825104,03:15:18.826911,03:15:18.826911,03:15:18.836574,03:15:18.836601,03:15:18.853296,03:15:18.858685,03:15:19.255212,03:15:19.255242,03:15:19.261328,03:15:19.266594,03:15:19.272888,03:15:18.825465,03:15:18.825578,03:15:18.824408
2,rejected,03:15:20.368159,03:15:20.368159,03:15:20.368587,03:15:20.368587,03:15:20.369915,03:15:20.369915,03:15:20.371617,03:15:20.371617,03:15:20.381060,03:15:20.381085,03:15:20.395366,03:15:20.398521,03:15:20.795480,03:15:20.795511,03:15:20.801818,03:15:20.807921,03:15:20.814134,03:15:20.370516,03:15:20.370644,03:15:20.369332
2,rejected,03:15:21.834885,03:15:21.834885,03:15:21.835411,03:15:21.835411,03:15:21.837079,03:15:21.837079,03:15:21.838743,03:15:21.838743,03:15:21.849212,03:15:21.849237,03:15:21.863170,03:15:21.866348,03:15:22.262673,03:15:22.262706,03:15:22.268810,03:15:22.274529,03:15:22.280097,03:15:21.837357,03:15:21.837445,03:15:21.836228
2,rejected,03:15:23.307818,03:15:23.307818,03:15:23.308264,03:15:23.308264,03:15:23.309677,03:15:23.309677,03:15:23.311392,03:15:23.311392,03:15:23.320995,03:15:23.321028,03:15:23.344115,03:15:23.347380,03:15:23.741616,03:15:23.741651,03:15:23.747956,03:15:23.754038,03:15:23.759940,03:15:23.310204,03:15:23.310299,03:15:23.309057
2,rejected,03:15:24.954996,03:15:24.954996,03:15:24.955498,03:15:24.955498,03:15:24.956957,03:15:24.956957,03:15:24.958770,03:15:24.958770,03:15:24.968828,03:15:24.968852,03:15:24.983800,03:15:24.986928,03:15:25.380915,03:15:25.380948,03:15:25.387209,03:15:25.393583,03:15:25.399556,03:15:24.957454,03:15:24.957559,03:15:24.956225
2,rejected,03:15:26.523112,03:15:26.523112,03:15:26.523558,03:15:26.523558,03:15:26.524929,03:15:26.524929,03:15:26.526588,03:15:26.526588,03:15:26.536114,03:15:26.536138,03:15:26.550667,03:15:26.554212,03:15:26.949108,03:15:26.949140,03:15:26.955441,03:15:26.961124,03:15:26.966783,03:15:26.525630,03:15:26.525728,03:15:26.524311
2,rejected,03:15:28.088554,03:15:28.088554,03:15:28.089006,03:15:28.089006,03:15:28.090631,03:15:28.090631,03:15:28.092346,03:15:28.092346,03:15:28.104117,03:15:28.104144,03:15:28.119304,03:15:28.122420,03:15:28.516624,03:15:28.516657,03:15:28.523100,03:15:28.530300,03:15:28.536057,03:15:28.090599,03:15:28.090695,03:15:28.089808
2,rejected,03:15:29.557883,03:15:29.557883,03:15:29.558354,03:15:29.558354,03:15:29.559953,03:15:29.559953,03:15:29.561674,03:15:29.561674,03:15:29.571229,03:15:29.571255,03:15:29.586167,03:15:29.589315,03:15:29.985420,03:15:29.985450,03:15:29.991363,03:15:29.996910,03:15:30.002836,03:15:29.559984,03:15:29.560089,03:15:29.559113
2,rejected,03:15:31.034535,03:15:31.034535,03:15:31.035039,03:15:31.035039,03:15:31.036618,03:15:31.036618,03:15:31.038266,03:15:31.038266,03:15:31.055544,03:15:31.055580,03:15:31.069594,03:15:31.072599,03:15:31.467328,03:15:31.467365,03:15:31.473551,03:15:31.479278,03:15:31.485641,03:15:31.036682,03:15:31.036826,03:15:31.035877
2,rejected,03:15:32.516294,03:15:32.516294,03:15:32.516748,03:15:32.516748,03:15:32.518384,03:15:32.518384,03:15:32.520137,03:15:32.520137,03:15:32.532381,03:15:32.532406,03:15:32.547479,03:15:32.550578,03:15:32.946135,03:15:32.946169,03:15:32.952697,03:15:32.958363,03:15:32.964240,03:15:32.518490,03:15:32.518590,03:15:32.517506
2,rejected,03:15:34.076462,03:15:34.076462,03:15:34.077073,03:15:34.077073,03:15:34.079024,03:15:34.079024,03:15:34.081846,03:15:34.081846,03:15:34.092419,03:15:34.092465,03:15:34.116703,03:15:34.131834,03:15:34.534013,03:15:34.534043,03:15:34.540574,03:15:34.546540,03:15:34.552398,03:15:34.079041,03:15:34.079183,03:15:34.078145
2,rejected,03:15:35.580216,03:15:35.580216,03:15:35.580645,03:15:35.580645,03:15:35.582305,03:15:35.582305,03:15:35.583932,03:15:35.583932,03:15:35.594134,03:15:35.594159,03:15:35.608497,03:15:35.611649,03:15:36.006640,03:15:36.006673,03:15:36.012744,03:15:36.018577,03:15:36.024705,03:15:35.582830,03:15:35.582974,03:15:35.581392
3,rejected,03:15:37.141340,03:15:37.141340,03:15:37.141765,03:15:37.141765,03:15:37.143051,03:15:37.143051,03:15:37.144831,03:15:37.144831,03:15:37.154435,03:15:37.154461,03:15:37.168679,03:15:37.172137,03:15:37.566283,03:15:37.566314,03:15:37.572335,03:15:37.577971,03:15:37.583677,03:15:37.144811,03:15:37.144901,03:15:37.142536
3,rejected,03:15:38.697218,03:15:38.697218,03:15:38.697656,03:15:38.697656,03:15:38.699160,03:15:38.699160,03:15:38.700702,03:15:38.700702,03:15:38.710271,03:15:38.710299,03:15:38.724435,03:15:38.727533,03:15:39.122731,03:15:39.122763,03:15:39.129252,03:15:39.134732,03:15:39.140651,03:15:38.700535,03:15:38.700649,03:15:38.698607
3,rejected,03:15:40.272614,03:15:40.272614,03:15:40.273076,03:15:40.273076,03:15:40.274631,03:15:40.274631,03:15:40.276264,03:15:40.276264,03:15:40.286829,03:15:40.286858,03:15:40.301604,03:15:40.304876,03:15:40.699571,03:15:40.699603,03:15:40.705808,03:15:40.711561,03:15:40.717532,03:15:40.275938,03:15:40.276033,03:15:40.273824
3,rejected,03:15:41.746575,03:15:41.746575,03:15:41.746921,03:15:41.746921,03:15:41.748413,03:15:41.748413,03:15:41.750057,03:15:41.750057,03:15:41.760244,03:15:41.760272,03:15:41.783258,03:15:41.786418,03:15:42.182991,03:15:42.183025,03:15:42.189147,03:15:42.194748,03:15:42.200711,03:15:41.749914,03:15:41.750040,03:15:41.747631
3,rejected,03:15:43.305261,03:15:43.305261,03:15:43.305749,03:15:43.305749,03:15:43.307285,03:15:43.307285,03:15:43.308892,03:15:43.308892,03:15:43.319122,03:15:43.319152,03:15:43.333668,03:15:43.337143,03:15:43.732049,03:15:43.732082,03:15:43.738086,03:15:43.743759,03:15:43.749318,03:15:43.308600,03:15:43.308702,03:15:43.306458
3,rejected,03:15:44.950015,03:15:44.950015,03:15:44.950405,03:15:44.950405,03:15:44.951992,03:15:44.951992,03:15:44.953653,03:15:44.953653,03:15:44.963082,03:15:44.963106,03:15:44.977510,03:15:44.980991,03:15:45.375717,03:15:45.375747,03:15:45.381962,03:15:45.387457,03:15:45.393428,03:15:44.953472,03:15:44.953599,03:15:44.951127
3,rejected,03:15:46.520531,03:15:46.520531,03:15:46.521037,03:15:46.521037,03:15:46.522639,03:15:46.522639,03:15:46.524454,03:15:46.524454,03:15:46.533877,03:15:46.533902,03:15:46.548541,03:15:46.551651,03:15:46.945632,03:15:46.945664,03:15:46.951949,03:15:46.957692,03:15:46.963439,03:15:46.523716,03:15:46.523846,03:15:46.521786
3,rejected,03:15:47.999126,03:15:47.999126,03:15:47.999553,03:15:47.999553,03:15:48.000962,03:15:48.000962,03:15:48.002508,03:15:48.002508,03:15:48.012328,03:15:48.012351,03:15:48.027405,03:15:48.030577,03:15:48.425250,03:15:48.425285,03:15:48.431427,03:15:48.437272,03:15:48.442749,03:15:48.002810,03:15:48.002935,03:15:48.000320
3,rejected,03:15:49.475885,03:15:49.475885,03:15:49.476361,03:15:49.476361,03:15:49.477646,03:15:49.477646,03:15:49.479251,03:15:49.479251,03:15:49.489842,03:15:49.489866,03:15:49.506570,03:15:49.511697,03:15:49.906566,03:15:49.906599,03:15:49.913401,03:15:49.919527,03:15:49.925296,03:15:49.479173,03:15:49.479304,03:15:49.477112
3,rejected,03:15:51.094856,03:15:51.094856,03:15:51.095234,03:15:51.095234,03:15:51.096580,03:15:51.096580,03:15:51.098263,03:15:51.098263,03:15:51.108289,03:15:51.108313,03:15:51.123168,03:15:51.126488,03:15:51.521520,03:15:51.521551,03:15:51.527586,03:15:51.532994,03:15:51.539061,03:15:51.098639,03:15:51.098749,03:15:51.095966
3,rejected,03:15:52.713528,03:15:52.713528,03:15:52.713984,03:15:52.713984,03:15:52.715573,03:15:52.715573,03:15:52.717228,03:15:52.717228,03:15:52.729593,03:15:52.729612,03:15:52.744122,03:15:52.747310,03:15:53.142013,03:15:53.142045,03:15:53.148446,03:15:53.154457,03:15:53.160322,03:15:52.717072,03:15:52.717186,03:15:52.714759
3,rejected,03:15:54.397472,03:15:54.397472,03:15:54.397952,03:15:54.397952,03:15:54.399551,03:15:54.399551,03:15:54.401369,03:15:54.401369,03:15:54.410812,03:15:54.410835,03:15:54.425785,03:15:54.429353,03:15:54.824038,03:15:54.824068,03:15:54.830320,03:15:54.835873,03:15:54.841734,03:15:54.401143,03:15:54.401260,03:15:54.398701
3,rejected,03:15:56.016366,03:15:56.016366,03:15:56.016811,03:15:56.016811,03:15:56.018143,03:15:56.018143,03:15:56.019744,03:15:56.019744,03:15:56.029657,03:15:56.029690,03:15:56.044093,03:15:56.047459,03:15:56.442338,03:15:56.442373,03:15:56.451279,03:15:56.459042,03:15:56.465373,03:15:56.019925,03:15:56.020039,03:15:56.017580
3,rejected,03:15:57.495348,03:15:57.495348,03:15:57.496252,03:15:57.496252,03:15:57.498103,03:15:57.498103,03:15:57.500252,03:15:57.500252,03:15:57.511719,03:15:57.511773,03:15:57.529554,03:15:57.532869,03:15:57.929982,03:15:57.930011,03:15:57.936075,03:15:57.941815,03:15:57.947554,03:15:57.499110,03:15:57.499258,03:15:57.497434
3,rejected,03:15:59.074891,03:15:59.074891,03:15:59.075332,03:15:59.075332,03:15:59.076643,03:15:59.076643,03:15:59.078205,03:15:59.078205,03:15:59.094077,03:15:59.094111,03:15:59.108983,03:15:59.112232,03:15:59.506933,03:15:59.506966,03:15:59.513251,03:15:59.519006,03:15:59.524722,03:15:59.078430,03:15:59.078566,03:15:59.076044
3,rejected,03:16:00.561100,03:16:00.561100,03:16:00.561578,03:16:00.561578,03:16:00.563231,03:16:00.563231,03:16:00.565001,03:16:00.565001,03:16:00.575322,03:16:00.575350,03:16:00.599125,03:16:00.602199,03:16:00.998663,03:16:00.998694,03:16:01.004676,03:16:01.010083,03:16:01.015948,03:16:00.564507,03:16:00.564601,03:16:00.562383
3,rejected,03:16:02.185408,03:16:02.185408,03:16:02.185991,03:16:02.185991,03:16:02.187395,03:16:02.187395,03:16:02.189005,03:16:02.189005,03:16:02.198582,03:16:02.198607,03:16:02.213670,03:16:02.216891,03:16:02.611447,03:16:02.611477,03:16:02.617864,03:16:02.623741,03:16:02.633484,03:16:02.188902,03:16:02.189015,03:16:02.186827
3,rejected,03:16:03.922277,03:16:03.922277,03:16:03.922912,03:16:03.922912,03:16:03.924290,03:16:03.924290,03:16:03.925835,03:16:03.925835,03:16:03.936431,03:16:03.936459,03:16:03.951785,03:16:03.955071,03:16:04.358809,03:16:04.358840,03:16:04.365141,03:16:04.370742,03:16:04.376644,03:16:03.925435,03:16:03.925537,03:16:03.923697
3,rejected,03:16:05.413164,03:16:05.413164,03:16:05.413628,03:16:05.413628,03:16:05.415248,03:16:05.415248,03:16:05.417050,03:16:05.417050,03:16:05.426708,03:16:05.426740,03:16:05.441459,03:16:05.444903,03:16:05.839492,03:16:05.839523,03:16:05.845772,03:16:05.851250,03:16:05.857024,03:16:05.416584,03:16:05.416712,03:16:05.414421
3,rejected,03:16:06.967477,03:16:06.967477,03:16:06.968100,03:16:06.968100,03:16:06.969677,03:16:06.969677,03:16:06.971296,03:16:06.971296,03:16:06.981185,03:16:06.981211,03:16:06.995871,03:16:06.999040,03:16:07.394500,03:16:07.394530,03:16:07.400517,03:16:07.406152,03:16:07.412270,03:16:06.970835,03:16:06.970948,03:16:06.968946
3,rejected,03:16:08.536943,03:16:08.536943,03:16:08.537506,03:16:08.537506,03:16:08.539056,03:16:08.539056,03:16:08.540873,03:16:08.540873,03:16:08.550332,03:16:08.550361,03:16:08.564567,03:16:08.567979,03:16:08.964127,03:16:08.964159,03:16:08.970447,03:16:08.976263,03:16:08.982099,03:16:08.539962,03:16:08.540053,03:16:08.538319
3,rejected,03:16:10.092015,03:16:10.092015,03:16:10.092458,03:16:10.092458,03:16:10.093833,03:16:10.093833,03:16:10.095380,03:16:10.095380,03:16:10.105002,03:16:10.105025,03:16:10.124939,03:16:10.129714,03:16:10.527314,03:16:10.527347,03:16:10.533438,03:16:10.538808,03:16:10.544550,03:16:10.095071,03:16:10.095169,03:16:10.093228
3,rejected,03:16:11.575312,03:16:11.575312,03:16:11.575722,03:16:11.575722,03:16:11.577031,03:16:11.577031,03:16:11.578587,03:16:11.578587,03:16:11.588045,03:16:11.588074,03:16:11.602524,03:16:11.605740,03:16:12.001387,03:16:12.001419,03:16:12.007584,03:16:12.013507,03:16:12.019688,03:16:11.578957,03:16:11.579053,03:16:11.576446
3,rejected,03:16:13.152657,03:16:13.152657,03:16:13.153087,03:16:13.153087,03:16:13.154335,03:16:13.154335,03:16:13.156111,03:16:13.156111,03:16:13.165825,03:16:13.165852,03:16:13.180397,03:16:13.183535,03:16:13.578339,03:16:13.578370,03:16:13.584471,03:16:13.590353,03:16:13.596275,03:16:13.156230,03:16:13.156335,03:16:13.153794
3,rejected,03:16:14.763405,03:16:14.763405,03:16:14.763821,03:16:14.763821,03:16:14.765395,03:16:14.765395,03:16:14.766891,03:16:14.766891,03:16:14.776810,03:16:14.776830,03:16:14.791320,03:16:14.794452,03:16:15.189643,03:16:15.189674,03:16:15.196517,03:16:15.202465,03:16:15.208550,03:16:14.766677,03:16:14.766780,03:16:14.764588
3,rejected,03:16:16.329576,03:16:16.329576,03:16:16.330027,03:16:16.330027,03:16:16.331418,03:16:16.331418,03:16:16.333355,03:16:16.333355,03:16:16.343044,03:16:16.343073,03:16:16.357839,03:16:16.361498,03:16:16.756524,03:16:16.756557,03:16:16.762696,03:16:16.768567,03:16:16.774337,03:16:16.333196,03:16:16.333303,03:16:16.330795
3,rejected,03:16:17.882369,03:16:17.882369,03:16:17.882786,03:16:17.882786,03:16:17.884251,03:16:17.884251,03:16:17.885958,03:16:17.885958,03:16:17.896226,03:16:17.896284,03:16:17.915121,03:16:17.918540,03:16:18.314924,03:16:18.314961,03:16:18.321704,03:16:18.329408,03:16:18.335337,03:16:17.885971,03:16:17.886084,03:16:17.883595
3,rejected,03:16:19.369684,03:16:19.369684,03:16:19.370239,03:16:19.370239,03:16:19.371563,03:16:19.371563,03:16:19.373283,03:16:19.373283,03:16:19.382857,03:16:19.382885,03:16:19.406803,03:16:19.409963,03:16:19.804788,03:16:19.804823,03:16:19.811141,03:16:19.816562,03:16:19.822673,03:16:19.373053,03:16:19.373153,03:16:19.371023
3,rejected,03:16:21.004587,03:16:21.004587,03:16:21.005006,03:16:21.005006,03:16:21.006301,03:16:21.006301,03:16:21.008193,03:16:21.008193,03:16:21.018069,03:16:21.018108,03:16:21.034106,03:16:21.038041,03:16:21.432978,03:16:21.433010,03:16:21.439095,03:16:21.444738,03:16:21.450578,03:16:21.008240,03:16:21.008370,03:16:21.005724
3,rejected,03:16:22.560821,03:16:22.560821,03:16:22.561237,03:16:22.561237,03:16:22.562608,03:16:22.562608,03:16:22.564290,03:16:22.564290,03:16:22.573968,03:16:22.573990,03:16:22.588634,03:16:22.592146,03:16:22.986824,03:16:22.986871,03:16:22.993710,03:16:22.999370,03:16:23.005329,03:16:22.564257,03:16:22.564353,03:16:22.562010
3,rejected,03:16:24.038319,03:16:24.038319,03:16:24.038909,03:16:24.038909,03:16:24.040822,03:16:24.040822,03:16:24.042881,03:16:24.042881,03:16:24.053578,03:16:24.053625,03:16:24.069480,03:16:24.073458,03:16:24.476858,03:16:24.476891,03:16:24.482922,03:16:24.488638,03:16:24.494610,03:16:24.041779,03:16:24.041918,03:16:24.039923
3,rejected,03:16:25.607708,03:16:25.607708,03:16:25.608238,03:16:25.608238,03:16:25.609684,03:16:25.609684,03:16:25.611276,03:16:25.611276,03:16:25.621632,03:16:25.621685,03:16:25.641212,03:16:25.645079,03:16:26.043135,03:16:26.043169,03:16:26.049474,03:16:26.055802,03:16:26.062002,03:16:25.611020,03:16:25.611117,03:16:25.608981
3,rejected,03:16:27.199729,03:16:27.199729,03:16:27.200192,03:16:27.200192,03:16:27.201513,03:16:27.201513,03:16:27.203061,03:16:27.203061,03:16:27.212566,03:16:27.212591,03:16:27.227051,03:16:27.230370,03:16:27.625174,03:16:27.625206,03:16:27.631240,03:16:27.636700,03:16:27.642582,03:16:27.203420,03:16:27.203558,03:16:27.200940
3,rejected,03:16:28.777960,03:16:28.777960,03:16:28.778555,03:16:28.778555,03:16:28.780081,03:16:28.780081,03:16:28.781801,03:16:28.781801,03:16:28.791876,03:16:28.791907,03:16:28.806820,03:16:28.810018,03:16:29.203660,03:16:29.203692,03:16:29.210200,03:16:29.215865,03:16:29.221879,03:16:28.781648,03:16:28.781799,03:16:28.779349
3,rejected,03:16:30.394320,03:16:30.394320,03:16:30.394829,03:16:30.394829,03:16:30.396203,03:16:30.396203,03:16:30.397809,03:16:30.397809,03:16:30.410725,03:16:30.410756,03:16:30.425802,03:16:30.429112,03:16:30.825073,03:16:30.825107,03:16:30.831147,03:16:30.836746,03:16:30.842703,03:16:30.397949,03:16:30.398053,03:16:30.395584
3,rejected,03:16:32.017270,03:16:32.017270,03:16:32.017864,03:16:32.017864,03:16:32.019498,03:16:32.019498,03:16:32.021160,03:16:32.021160,03:16:32.030969,03:16:32.030993,03:16:32.044869,03:16:32.047992,03:16:32.443059,03:16:32.443096,03:16:32.449468,03:16:32.457229,03:16:32.463225,03:16:32.020682,03:16:32.020782,03:16:32.018912
3,rejected,03:16:33.581716,03:16:33.581716,03:16:33.582187,03:16:33.582187,03:16:33.583596,03:16:33.583596,03:16:33.585185,03:16:33.585185,03:16:33.595637,03:16:33.595669,03:16:33.613489,03:16:33.616832,03:16:34.012730,03:16:34.012762,03:16:34.019911,03:16:34.026162,03:16:34.033101,03:16:33.585027,03:16:33.585128,03:16:33.582971
3,rejected,03:16:35.074494,03:16:35.074494,03:16:35.074884,03:16:35.074884,03:16:35.076508,03:16:35.076508,03:16:35.078295,03:16:35.078295,03:16:35.088568,03:16:35.088606,03:16:35.103286,03:16:35.106861,03:16:35.500768,03:16:35.500800,03:16:35.506876,03:16:35.512259,03:16:35.518017,03:16:35.077834,03:16:35.077950,03:16:35.075670
3,rejected,03:16:36.771789,03:16:36.771789,03:16:36.772209,03:16:36.772209,03:16:36.773455,03:16:36.773455,03:16:36.775234,03:16:36.775234,03:16:36.785075,03:16:36.785103,03:16:36.799540,03:16:36.802816,03:16:37.197824,03:16:37.197862,03:16:37.204785,03:16:37.210320,03:16:37.215593,03:16:36.774967,03:16:36.775064,03:16:36.772922
3,rejected,03:16:38.315678,03:16:38.315678,03:16:38.316276,03:16:38.316276,03:16:38.317678,03:16:38.317678,03:16:38.319340,03:16:38.319340,03:16:38.329617,03:16:38.329646,03:16:38.353698,03:16:38.356879,03:16:38.752056,03:16:38.752090,03:16:38.758364,03:16:38.764164,03:16:38.770258,03:16:38.319238,03:16:38.319369,03:16:38.317119
3,rejected,03:16:39.795312,03:16:39.795312,03:16:39.795856,03:16:39.795856,03:16:39.797504,03:16:39.797504,03:16:39.799167,03:16:39.799167,03:16:39.808526,03:16:39.808549,03:16:39.823887,03:16:39.827034,03:16:40.223393,03:16:40.223451,03:16:40.229973,03:16:40.235681,03:16:40.241745,03:16:39.798531,03:16:39.798628,03:16:39.796678
3,rejected,03:16:41.327085,03:16:41.327085,03:16:41.327487,03:16:41.327487,03:16:41.329171,03:16:41.329171,03:16:41.330646,03:16:41.330646,03:16:41.340175,03:16:41.340200,03:16:41.354777,03:16:41.357958,03:16:41.753015,03:16:41.753047,03:16:41.759379,03:16:41.764802,03:16:41.770578,03:16:41.330563,03:16:41.330667,03:16:41.328221
3,rejected,03:16:42.961881,03:16:42.961881,03:16:42.962408,03:16:42.962408,03:16:42.963818,03:16:42.963818,03:16:42.965510,03:16:42.965510,03:16:42.975197,03:16:42.975223,03:16:42.989399,03:16:42.992633,03:16:43.388138,03:16:43.388172,03:16:43.394240,03:16:43.399826,03:16:43.406021,03:16:42.965020,03:16:42.965134,03:16:42.963255
3,rejected,03:16:44.460925,03:16:44.460925,03:16:44.461340,03:16:44.461340,03:16:44.462700,03:16:44.462700,03:16:44.464366,03:16:44.464366,03:16:44.473858,03:16:44.473884,03:16:44.488676,03:16:44.491882,03:16:44.886875,03:16:44.886906,03:16:44.893183,03:16:44.899100,03:16:44.904781,03:16:44.464495,03:16:44.464597,03:16:44.462097
3,rejected,03:16:46.017047,03:16:46.017047,03:16:46.017507,03:16:46.017507,03:16:46.019098,03:16:46.019098,03:16:46.021099,03:16:46.021099,03:16:46.031377,03:16:46.031429,03:16:46.049050,03:16:46.052517,03:16:46.449894,03:16:46.449933,03:16:46.456117,03:16:46.462037,03:16:46.467763,03:16:46.020830,03:16:46.020953,03:16:46.018376
3,rejected,03:16:47.498190,03:16:47.498190,03:16:47.498625,03:16:47.498625,03:16:47.499934,03:16:47.499934,03:16:47.501640,03:16:47.501640,03:16:47.511052,03:16:47.511074,03:16:47.525624,03:16:47.528716,03:16:47.923948,03:16:47.923983,03:16:47.930360,03:16:47.936119,03:16:47.942095,03:16:47.501441,03:16:47.501546,03:16:47.499364
3,rejected,03:16:48.991759,03:16:48.991759,03:16:48.992353,03:16:48.992353,03:16:48.993903,03:16:48.993903,03:16:48.995613,03:16:48.995613,03:16:49.005213,03:16:49.005245,03:16:49.020175,03:16:49.023279,03:16:49.419292,03:16:49.419324,03:16:49.425815,03:16:49.431508,03:16:49.437270,03:16:48.995246,03:16:48.995361,03:16:48.993183
3,rejected,03:16:50.473122,03:16:50.473122,03:16:50.473556,03:16:50.473556,03:16:50.475174,03:16:50.475174,03:16:50.476840,03:16:50.476840,03:16:50.486642,03:16:50.486672,03:16:50.501636,03:16:50.505159,03:16:50.899610,03:16:50.899641,03:16:50.905991,03:16:50.911760,03:16:50.917368,03:16:50.476946,03:16:50.477085,03:16:50.474273
3,rejected,03:16:52.014457,03:16:52.014457,03:16:52.014932,03:16:52.014932,03:16:52.016578,03:16:52.016578,03:16:52.018383,03:16:52.018383,03:16:52.029300,03:16:52.029331,03:16:52.044569,03:16:52.047901,03:16:52.443221,03:16:52.443252,03:16:52.449673,03:16:52.455459,03:16:52.461104,03:16:52.018054,03:16:52.018169,03:16:52.015761
3,rejected,03:16:53.496164,03:16:53.496164,03:16:53.496706,03:16:53.496706,03:16:53.498085,03:16:53.498085,03:16:53.499670,03:16:53.499670,03:16:53.509539,03:16:53.509567,03:16:53.526019,03:16:53.530814,03:16:53.927769,03:16:53.927802,03:16:53.933900,03:16:53.939881,03:16:53.945578,03:16:53.499570,03:16:53.499669,03:16:53.497522
3,rejected,03:16:55.080688,03:16:55.080688,03:16:55.081253,03:16:55.081253,03:16:55.082825,03:16:55.082825,03:16:55.084502,03:16:55.084502,03:16:55.096389,03:16:55.096418,03:16:55.110528,03:16:55.113860,03:16:55.509037,03:16:55.509071,03:16:55.515187,03:16:55.521052,03:16:55.526865,03:16:55.084018,03:16:55.084114,03:16:55.082105
3,rejected,03:16:56.721051,03:16:56.721051,03:16:56.721664,03:16:56.721664,03:16:56.723319,03:16:56.723319,03:16:56.725217,03:16:56.725217,03:16:56.734857,03:16:56.734882,03:16:56.757927,03:16:56.760979,03:16:57.156443,03:16:57.156474,03:16:57.162691,03:16:57.168353,03:16:57.173946,03:16:56.724480,03:16:56.724577,03:16:56.722497
3,rejected,03:16:58.296188,03:16:58.296188,03:16:58.296611,03:16:58.296611,03:16:58.297963,03:16:58.297963,03:16:58.299509,03:16:58.299509,03:16:58.309039,03:16:58.309069,03:16:58.324691,03:16:58.327977,03:16:58.723522,03:16:58.723554,03:16:58.729665,03:16:58.735301,03:16:58.740974,03:16:58.299908,03:16:58.300044,03:16:58.297351
3,rejected,03:16:59.917218,03:16:59.917218,03:16:59.917672,03:16:59.917672,03:16:59.919358,03:16:59.919358,03:16:59.920950,03:16:59.920950,03:16:59.930877,03:16:59.930906,03:16:59.945087,03:16:59.948304,03:17:00.343764,03:17:00.343799,03:17:00.350439,03:17:00.356089,03:17:00.362099,03:16:59.920608,03:16:59.920719,03:16:59.918489
3,rejected,03:17:01.391965,03:17:01.391965,03:17:01.392403,03:17:01.392403,03:17:01.393725,03:17:01.393725,03:17:01.395362,03:17:01.395362,03:17:01.405112,03:17:01.405161,03:17:01.425083,03:17:01.429963,03:17:01.826895,03:17:01.826929,03:17:01.832809,03:17:01.838621,03:17:01.844568,03:17:01.395127,03:17:01.395255,03:17:01.393148
3,rejected,03:17:02.954641,03:17:02.954641,03:17:02.955079,03:17:02.955079,03:17:02.956676,03:17:02.956676,03:17:02.958153,03:17:02.958153,03:17:02.967691,03:17:02.967714,03:17:02.981601,03:17:02.984671,03:17:03.379326,03:17:03.379358,03:17:03.385792,03:17:03.391389,03:17:03.397611,03:17:02.958471,03:17:02.958596,03:17:02.955816
3,rejected,03:17:04.658950,03:17:04.658950,03:17:04.659429,03:17:04.659429,03:17:04.660791,03:17:04.660791,03:17:04.662699,03:17:04.662699,03:17:04.675091,03:17:04.675116,03:17:04.688975,03:17:04.692218,03:17:05.087479,03:17:05.087510,03:17:05.093442,03:17:05.099242,03:17:05.104923,03:17:04.662690,03:17:04.662799,03:17:04.660215
3,rejected,03:17:06.138657,03:17:06.138657,03:17:06.139099,03:17:06.139099,03:17:06.140357,03:17:06.140357,03:17:06.141927,03:17:06.141927,03:17:06.152160,03:17:06.152191,03:17:06.167145,03:17:06.170539,03:17:06.566257,03:17:06.566291,03:17:06.572412,03:17:06.578087,03:17:06.586291,03:17:06.141960,03:17:06.142095,03:17:06.139827
3,rejected,03:17:07.636018,03:17:07.636018,03:17:07.636545,03:17:07.636545,03:17:07.637829,03:17:07.637829,03:17:07.639545,03:17:07.639545,03:17:07.651379,03:17:07.651412,03:17:07.665928,03:17:07.669006,03:17:08.064915,03:17:08.064946,03:17:08.071103,03:17:08.076557,03:17:08.082444,03:17:07.639029,03:17:07.639165,03:17:07.637279
3,rejected,03:17:09.198423,03:17:09.198423,03:17:09.199065,03:17:09.199065,03:17:09.200969,03:17:09.200969,03:17:09.203177,03:17:09.203177,03:17:09.213590,03:17:09.213640,03:17:09.232008,03:17:09.235477,03:17:09.632483,03:17:09.632514,03:17:09.638673,03:17:09.644087,03:17:09.649649,03:17:09.201369,03:17:09.201533,03:17:09.200044
3,rejected,03:17:10.827370,03:17:10.827370,03:17:10.827909,03:17:10.827909,03:17:10.829400,03:17:10.829400,03:17:10.831134,03:17:10.831134,03:17:10.840663,03:17:10.840687,03:17:10.854910,03:17:10.858342,03:17:11.253971,03:17:11.254001,03:17:11.260383,03:17:11.266205,03:17:11.272263,03:17:10.830482,03:17:10.830591,03:17:10.828731
3,rejected,03:17:12.447246,03:17:12.447246,03:17:12.447710,03:17:12.447710,03:17:12.449470,03:17:12.449470,03:17:12.451132,03:17:12.451132,03:17:12.461485,03:17:12.461515,03:17:12.475558,03:17:12.478678,03:17:12.874403,03:17:12.874434,03:17:12.880556,03:17:12.886355,03:17:12.892416,03:17:12.450390,03:17:12.450504,03:17:12.448549
3,rejected,03:17:14.074112,03:17:14.074112,03:17:14.074748,03:17:14.074748,03:17:14.076581,03:17:14.076581,03:17:14.078501,03:17:14.078501,03:17:14.088815,03:17:14.088867,03:17:14.112147,03:17:14.118177,03:17:14.526840,03:17:14.526871,03:17:14.533369,03:17:14.539223,03:17:14.544827,03:17:14.077332,03:17:14.077477,03:17:14.075784
3,rejected,03:17:15.719500,03:17:15.719500,03:17:15.720027,03:17:15.720027,03:17:15.721335,03:17:15.721335,03:17:15.723165,03:17:15.723165,03:17:15.732707,03:17:15.732732,03:17:15.755868,03:17:15.759350,03:17:16.154711,03:17:16.154745,03:17:16.160726,03:17:16.166554,03:17:16.172512,03:17:15.722820,03:17:15.722949,03:17:15.720790
3,rejected,03:17:17.364252,03:17:17.364252,03:17:17.364742,03:17:17.364742,03:17:17.366057,03:17:17.366057,03:17:17.367497,03:17:17.367497,03:17:17.376807,03:17:17.376830,03:17:17.392673,03:17:17.396200,03:17:17.792387,03:17:17.792418,03:17:17.798661,03:17:17.804916,03:17:17.810565,03:17:17.367514,03:17:17.367646,03:17:17.365537
3,rejected,03:17:18.923368,03:17:18.923368,03:17:18.923824,03:17:18.923824,03:17:18.925217,03:17:18.925217,03:17:18.926839,03:17:18.926839,03:17:18.936433,03:17:18.936456,03:17:18.951103,03:17:18.954622,03:17:19.349419,03:17:19.349448,03:17:19.355568,03:17:19.362843,03:17:19.368545,03:17:18.926465,03:17:18.926559,03:17:18.924616
3,rejected,03:17:20.547787,03:17:20.547787,03:17:20.548253,03:17:20.548253,03:17:20.549900,03:17:20.549900,03:17:20.551544,03:17:20.551544,03:17:20.561577,03:17:20.561600,03:17:20.575675,03:17:20.578775,03:17:20.974010,03:17:20.974044,03:17:20.980267,03:17:20.985932,03:17:20.991808,03:17:20.550877,03:17:20.550976,03:17:20.549006
3,rejected,03:17:22.244736,03:17:22.244736,03:17:22.245211,03:17:22.245211,03:17:22.246635,03:17:22.246635,03:17:22.248193,03:17:22.248193,03:17:22.258721,03:17:22.258750,03:17:22.273285,03:17:22.276393,03:17:22.674513,03:17:22.674546,03:17:22.680583,03:17:22.686271,03:17:22.692099,03:17:22.248410,03:17:22.248508,03:17:22.246054
3,rejected,03:17:23.716180,03:17:23.716180,03:17:23.716702,03:17:23.716702,03:17:23.718382,03:17:23.718382,03:17:23.720062,03:17:23.720062,03:17:23.729724,03:17:23.729751,03:17:23.744313,03:17:23.747715,03:17:24.145143,03:17:24.145179,03:17:24.154148,03:17:24.162701,03:17:24.171845,03:17:23.719642,03:17:23.719756,03:17:23.717518
3,rejected,03:17:25.297592,03:17:25.297592,03:17:25.298025,03:17:25.298025,03:17:25.299597,03:17:25.299597,03:17:25.301155,03:17:25.301155,03:17:25.311447,03:17:25.311474,03:17:25.325980,03:17:25.329128,03:17:25.725651,03:17:25.725683,03:17:25.731921,03:17:25.737956,03:17:25.743612,03:17:25.301139,03:17:25.301255,03:17:25.298759
3,rejected,03:17:26.869535,03:17:26.869535,03:17:26.870031,03:17:26.870031,03:17:26.871398,03:17:26.871398,03:17:26.873077,03:17:26.873077,03:17:26.883773,03:17:26.883801,03:17:26.898157,03:17:26.901251,03:17:27.296531,03:17:27.296564,03:17:27.302987,03:17:27.309048,03:17:27.314797,03:17:26.872940,03:17:26.873053,03:17:26.870803
3,rejected,03:17:28.444396,03:17:28.444396,03:17:28.444846,03:17:28.444846,03:17:28.446411,03:17:28.446411,03:17:28.448846,03:17:28.448846,03:17:28.460442,03:17:28.460483,03:17:28.478031,03:17:28.481667,03:17:28.877331,03:17:28.877364,03:17:28.883731,03:17:28.889463,03:17:28.895459,03:17:28.448170,03:17:28.448333,03:17:28.445723
3,rejected,03:17:29.930772,03:17:29.930772,03:17:29.931159,03:17:29.931159,03:17:29.932722,03:17:29.932722,03:17:29.934585,03:17:29.934585,03:17:29.944242,03:17:29.944266,03:17:29.958502,03:17:29.961766,03:17:30.357026,03:17:30.357061,03:17:30.363180,03:17:30.369227,03:17:30.374887,03:17:29.934215,03:17:29.934345,03:17:29.931904
3,rejected,03:17:31.418464,03:17:31.418464,03:17:31.418942,03:17:31.418942,03:17:31.420339,03:17:31.420339,03:17:31.421758,03:17:31.421758,03:17:31.431972,03:17:31.432003,03:17:31.447587,03:17:31.450884,03:17:31.846378,03:17:31.846411,03:17:31.852853,03:17:31.858622,03:17:31.864320,03:17:31.421827,03:17:31.421923,03:17:31.419692
3,rejected,03:17:32.899697,03:17:32.899697,03:17:32.900088,03:17:32.900088,03:17:32.901335,03:17:32.901335,03:17:32.903153,03:17:32.903153,03:17:32.912786,03:17:32.912811,03:17:32.927536,03:17:32.930872,03:17:33.326913,03:17:33.326945,03:17:33.333078,03:17:33.338809,03:17:33.344730,03:17:32.903179,03:17:32.903267,03:17:32.900799
3,rejected,03:17:34.547478,03:17:34.547478,03:17:34.547925,03:17:34.547925,03:17:34.549464,03:17:34.549464,03:17:34.551138,03:17:34.551138,03:17:34.560793,03:17:34.560822,03:17:34.585084,03:17:34.588475,03:17:34.982951,03:17:34.982982,03:17:34.989275,03:17:34.995287,03:17:35.001086,03:17:34.550656,03:17:34.550758,03:17:34.548655
3,rejected,03:17:36.127200,03:17:36.127200,03:17:36.127808,03:17:36.127808,03:17:36.129246,03:17:36.129246,03:17:36.131016,03:17:36.131016,03:17:36.141515,03:17:36.141566,03:17:36.159745,03:17:36.163046,03:17:36.561083,03:17:36.561115,03:17:36.567184,03:17:36.572765,03:17:36.580230,03:17:36.130515,03:17:36.130616,03:17:36.128679
3,rejected,03:17:37.697443,03:17:37.697443,03:17:37.698010,03:17:37.698010,03:17:37.699292,03:17:37.699292,03:17:37.701110,03:17:37.701110,03:17:37.710590,03:17:37.710610,03:17:37.725717,03:17:37.728996,03:17:38.124991,03:17:38.125024,03:17:38.131065,03:17:38.136468,03:17:38.142340,03:17:37.700811,03:17:37.700951,03:17:37.698776
3,rejected,03:17:39.329147,03:17:39.329147,03:17:39.329626,03:17:39.329626,03:17:39.331223,03:17:39.331223,03:17:39.332916,03:17:39.332916,03:17:39.345066,03:17:39.345091,03:17:39.359291,03:17:39.362692,03:17:39.757561,03:17:39.757594,03:17:39.763887,03:17:39.769900,03:17:39.775320,03:17:39.332562,03:17:39.332659,03:17:39.330403
3,rejected,03:17:40.949500,03:17:40.949500,03:17:40.949927,03:17:40.949927,03:17:40.951453,03:17:40.951453,03:17:40.953076,03:17:40.953076,03:17:40.965737,03:17:40.965768,03:17:40.979982,03:17:40.983078,03:17:41.378517,03:17:41.378550,03:17:41.384813,03:17:41.390601,03:17:41.396179,03:17:40.952861,03:17:40.952965,03:17:40.950707
3,rejected,03:17:42.446002,03:17:42.446002,03:17:42.446525,03:17:42.446525,03:17:42.448126,03:17:42.448126,03:17:42.449968,03:17:42.449968,03:17:42.460573,03:17:42.460604,03:17:42.474888,03:17:42.478064,03:17:42.872991,03:17:42.873023,03:17:42.879160,03:17:42.884392,03:17:42.889998,03:17:42.449463,03:17:42.449572,03:17:42.447439
3,rejected,03:17:44.166871,03:17:44.166871,03:17:44.167497,03:17:44.167497,03:17:44.169500,03:17:44.169500,03:17:44.171503,03:17:44.171503,03:17:44.184776,03:17:44.184832,03:17:44.205439,03:17:44.211764,03:17:44.618290,03:17:44.618320,03:17:44.625001,03:17:44.630841,03:17:44.636771,03:17:44.169862,03:17:44.169979,03:17:44.168687
3,rejected,03:17:45.749828,03:17:45.749828,03:17:45.750386,03:17:45.750386,03:17:45.751723,03:17:45.751723,03:17:45.753469,03:17:45.753469,03:17:45.765714,03:17:45.765748,03:17:45.780050,03:17:45.783317,03:17:46.177714,03:17:46.177747,03:17:46.183872,03:17:46.189533,03:17:46.195310,03:17:45.753294,03:17:45.753419,03:17:45.751206
3,rejected,03:17:47.304500,03:17:47.304500,03:17:47.304934,03:17:47.304934,03:17:47.306556,03:17:47.306556,03:17:47.308233,03:17:47.308233,03:17:47.318020,03:17:47.318047,03:17:47.332776,03:17:47.336060,03:17:47.731506,03:17:47.731539,03:17:47.737894,03:17:47.743790,03:17:47.749410,03:17:47.308086,03:17:47.308206,03:17:47.305657
3,rejected,03:17:48.968501,03:17:48.968501,03:17:48.968871,03:17:48.968871,03:17:48.970187,03:17:48.970187,03:17:48.971950,03:17:48.971950,03:17:48.982578,03:17:48.982605,03:17:48.996828,03:17:49.000029,03:17:49.395137,03:17:49.395169,03:17:49.401445,03:17:49.407306,03:17:49.413218,03:17:48.972042,03:17:48.972137,03:17:48.969573
3,rejected,03:17:50.527142,03:17:50.527142,03:17:50.527563,03:17:50.527563,03:17:50.529165,03:17:50.529165,03:17:50.530707,03:17:50.530707,03:17:50.541037,03:17:50.541066,03:17:50.555285,03:17:50.558791,03:17:50.954460,03:17:50.954528,03:17:50.960873,03:17:50.966283,03:17:50.972228,03:17:50.530664,03:17:50.530770,03:17:50.528321
3,rejected,03:17:52.022422,03:17:52.022422,03:17:52.022895,03:17:52.022895,03:17:52.024260,03:17:52.024260,03:17:52.025710,03:17:52.025710,03:17:52.035197,03:17:52.035224,03:17:52.049731,03:17:52.052917,03:17:52.448092,03:17:52.448135,03:17:52.454395,03:17:52.460081,03:17:52.465456,03:17:52.025853,03:17:52.025966,03:17:52.023709
3,rejected,03:17:53.502383,03:17:53.502383,03:17:53.502960,03:17:53.502960,03:17:53.504409,03:17:53.504409,03:17:53.506098,03:17:53.506098,03:17:53.516002,03:17:53.516029,03:17:53.540746,03:17:53.543833,03:17:53.938446,03:17:53.938495,03:17:53.944590,03:17:53.950257,03:17:53.956207,03:17:53.505825,03:17:53.505928,03:17:53.503761
3,rejected,03:17:55.103782,03:17:55.103782,03:17:55.104260,03:17:55.104260,03:17:55.105827,03:17:55.105827,03:17:55.107607,03:17:55.107607,03:17:55.118183,03:17:55.118215,03:17:55.133719,03:17:55.136982,03:17:55.531710,03:17:55.531738,03:17:55.537631,03:17:55.543380,03:17:55.548987,03:17:55.107206,03:17:55.107305,03:17:55.105048
3,rejected,03:17:56.686213,03:17:56.686213,03:17:56.686832,03:17:56.686832,03:17:56.688125,03:17:56.688125,03:17:56.689709,03:17:56.689709,03:17:56.699958,03:17:56.699986,03:17:56.714800,03:17:56.717857,03:17:57.113699,03:17:57.113752,03:17:57.120139,03:17:57.125948,03:17:57.131962,03:17:56.689704,03:17:56.689826,03:17:56.687616
3,rejected,03:17:58.171889,03:17:58.171889,03:17:58.172275,03:17:58.172275,03:17:58.173806,03:17:58.173806,03:17:58.175436,03:17:58.175436,03:17:58.186013,03:17:58.186038,03:17:58.200748,03:17:58.204446,03:17:58.600337,03:17:58.600368,03:17:58.606860,03:17:58.612502,03:17:58.618722,03:17:58.175558,03:17:58.175651,03:17:58.172980
3,rejected,03:17:59.799483,03:17:59.799483,03:17:59.799889,03:17:59.799889,03:17:59.801430,03:17:59.801430,03:17:59.803172,03:17:59.803172,03:17:59.812682,03:17:59.812709,03:17:59.829232,03:17:59.835041,03:18:00.234237,03:18:00.234270,03:18:00.240795,03:18:00.246416,03:18:00.252179,03:17:59.802688,03:17:59.802812,03:17:59.800649
3,rejected,03:18:01.360795,03:18:01.360795,03:18:01.361357,03:18:01.361357,03:18:01.362889,03:18:01.362889,03:18:01.364771,03:18:01.364771,03:18:01.374401,03:18:01.374425,03:18:01.388434,03:18:01.391592,03:18:01.786896,03:18:01.786929,03:18:01.793573,03:18:01.798897,03:18:01.804405,03:18:01.364118,03:18:01.364212,03:18:01.362148
3,rejected,03:18:02.868060,03:18:02.868060,03:18:02.868488,03:18:02.868488,03:18:02.869754,03:18:02.869754,03:18:02.871257,03:18:02.871257,03:18:02.881748,03:18:02.881771,03:18:02.896810,03:18:02.899999,03:18:03.295666,03:18:03.295695,03:18:03.301790,03:18:03.307450,03:18:03.313489,03:18:02.871584,03:18:02.871682,03:18:02.869203
3,rejected,03:18:04.506264,03:18:04.506264,03:18:04.506788,03:18:04.506788,03:18:04.508184,03:18:04.508184,03:18:04.509796,03:18:04.509796,03:18:04.519200,03:18:04.519228,03:18:04.534085,03:18:04.537582,03:18:04.933138,03:18:04.933168,03:18:04.939640,03:18:04.945396,03:18:04.951463,03:18:04.509888,03:18:04.510025,03:18:04.507603
3,rejected,03:18:06.078531,03:18:06.078531,03:18:06.078952,03:18:06.078952,03:18:06.080267,03:18:06.080267,03:18:06.081891,03:18:06.081891,03:18:06.091355,03:18:06.091380,03:18:06.106064,03:18:06.109530,03:18:06.505261,03:18:06.505294,03:18:06.511507,03:18:06.517083,03:18:06.523220,03:18:06.081680,03:18:06.081810,03:18:06.079681
3,rejected,03:18:07.707321,03:18:07.707321,03:18:07.707709,03:18:07.707709,03:18:07.709224,03:18:07.709224,03:18:07.710828,03:18:07.710828,03:18:07.720487,03:18:07.720535,03:18:07.738973,03:18:07.742523,03:18:08.139090,03:18:08.139123,03:18:08.145246,03:18:08.151082,03:18:08.157340,03:18:07.710608,03:18:07.710700,03:18:07.708385
3,rejected,03:18:09.207219,03:18:09.207219,03:18:09.207662,03:18:09.207662,03:18:09.209022,03:18:09.209022,03:18:09.210486,03:18:09.210486,03:18:09.223074,03:18:09.223105,03:18:09.237347,03:18:09.240461,03:18:09.634905,03:18:09.634938,03:18:09.640932,03:18:09.646305,03:18:09.652063,03:18:09.210780,03:18:09.210870,03:18:09.208401
3,rejected,03:18:10.776721,03:18:10.776721,03:18:10.777136,03:18:10.777136,03:18:10.778731,03:18:10.778731,03:18:10.780506,03:18:10.780506,03:18:10.790790,03:18:10.790821,03:18:10.804828,03:18:10.807957,03:18:11.203521,03:18:11.203553,03:18:11.209635,03:18:11.215557,03:18:11.221530,03:18:10.780312,03:18:10.780417,03:18:10.777914
3,rejected,03:18:12.453889,03:18:12.453889,03:18:12.454352,03:18:12.454352,03:18:12.455689,03:18:12.455689,03:18:12.457277,03:18:12.457277,03:18:12.467387,03:18:12.467410,03:18:12.491545,03:18:12.494663,03:18:12.890050,03:18:12.890082,03:18:12.896393,03:18:12.902383,03:18:12.908105,03:18:12.457199,03:18:12.457295,03:18:12.455142
4,rejected,03:18:14.092346,03:18:14.092346,03:18:14.092897,03:18:14.092897,03:18:14.094257,03:18:14.094257,03:18:14.096093,03:18:14.096093,03:18:14.113530,03:18:14.113579,03:18:14.132231,03:18:14.136990,03:18:14.539657,03:18:14.539688,03:18:14.546108,03:18:14.552081,03:18:14.558247,03:18:14.096814,03:18:14.096927,03:18:14.093695
4,rejected,03:18:15.598940,03:18:15.598940,03:18:15.599420,03:18:15.599420,03:18:15.600727,03:18:15.600727,03:18:15.602157,03:18:15.602157,03:18:15.617200,03:18:15.617247,03:18:15.636343,03:18:15.640907,03:18:16.037387,03:18:16.037416,03:18:16.043571,03:18:16.049273,03:18:16.055032,03:18:15.603152,03:18:15.603280,03:18:15.600155
4,rejected,03:18:17.136768,03:18:17.136768,03:18:17.137212,03:18:17.137212,03:18:17.138529,03:18:17.138529,03:18:17.140229,03:18:17.140229,03:18:17.155346,03:18:17.155379,03:18:17.169946,03:18:17.173081,03:18:17.568081,03:18:17.568112,03:18:17.574157,03:18:17.579883,03:18:17.586035,03:18:17.141492,03:18:17.141609,03:18:17.137962
4,rejected,03:18:18.707755,03:18:18.707755,03:18:18.708250,03:18:18.708250,03:18:18.709611,03:18:18.709611,03:18:18.711446,03:18:18.711446,03:18:18.726569,03:18:18.726597,03:18:18.740846,03:18:18.743932,03:18:19.138326,03:18:19.138356,03:18:19.144827,03:18:19.150520,03:18:19.156106,03:18:18.712324,03:18:18.712420,03:18:18.709050
4,rejected,03:18:20.192905,03:18:20.192905,03:18:20.193478,03:18:20.193478,03:18:20.194986,03:18:20.194986,03:18:20.196492,03:18:20.196492,03:18:20.211379,03:18:20.211413,03:18:20.225365,03:18:20.228475,03:18:20.623130,03:18:20.623161,03:18:20.629395,03:18:20.635778,03:18:20.641831,03:18:20.197362,03:18:20.197463,03:18:20.194281
4,rejected,03:18:21.819071,03:18:21.819071,03:18:21.819679,03:18:21.819679,03:18:21.821176,03:18:21.821176,03:18:21.822991,03:18:21.822991,03:18:21.833548,03:18:21.833584,03:18:21.849466,03:18:21.852787,03:18:22.248726,03:18:22.248763,03:18:22.254857,03:18:22.260506,03:18:22.266377,03:18:21.823331,03:18:21.823461,03:18:21.820537
4,rejected,03:18:23.316141,03:18:23.316141,03:18:23.316610,03:18:23.316610,03:18:23.317834,03:18:23.317834,03:18:23.319573,03:18:23.319573,03:18:23.336686,03:18:23.336715,03:18:23.352215,03:18:23.355581,03:18:23.751961,03:18:23.751990,03:18:23.758207,03:18:23.763862,03:18:23.769512,03:18:23.320308,03:18:23.320416,03:18:23.317330
4,rejected,03:18:24.909880,03:18:24.909880,03:18:24.910469,03:18:24.910469,03:18:24.911804,03:18:24.911804,03:18:24.913473,03:18:24.913473,03:18:24.923350,03:18:24.923371,03:18:24.938238,03:18:24.941507,03:18:25.336405,03:18:25.336440,03:18:25.342560,03:18:25.348272,03:18:25.354205,03:18:24.913932,03:18:24.914043,03:18:24.911234
4,rejected,03:18:26.403793,03:18:26.403793,03:18:26.404204,03:18:26.404204,03:18:26.405470,03:18:26.405470,03:18:26.407084,03:18:26.407084,03:18:26.420784,03:18:26.420818,03:18:26.435795,03:18:26.439206,03:18:26.835015,03:18:26.835048,03:18:26.841554,03:18:26.849366,03:18:26.855352,03:18:26.408258,03:18:26.408358,03:18:26.404939
4,rejected,03:18:27.908004,03:18:27.908004,03:18:27.908537,03:18:27.908537,03:18:27.910162,03:18:27.910162,03:18:27.911955,03:18:27.911955,03:18:27.928129,03:18:27.928157,03:18:27.942570,03:18:27.945662,03:18:28.340737,03:18:28.340775,03:18:28.346920,03:18:28.352826,03:18:28.358947,03:18:27.912233,03:18:27.912775,03:18:27.909366
4,rejected,03:18:29.474051,03:18:29.474051,03:18:29.474466,03:18:29.474466,03:18:29.475895,03:18:29.475895,03:18:29.477760,03:18:29.477760,03:18:29.491635,03:18:29.491668,03:18:29.505609,03:18:29.508728,03:18:29.905045,03:18:29.905077,03:18:29.911232,03:18:29.917097,03:18:29.923060,03:18:29.478294,03:18:29.478397,03:18:29.475251
4,rejected,03:18:30.977196,03:18:30.977196,03:18:30.977694,03:18:30.977694,03:18:30.979303,03:18:30.979303,03:18:30.980975,03:18:30.980975,03:18:30.995889,03:18:30.995940,03:18:31.024388,03:18:31.029621,03:18:31.424846,03:18:31.424878,03:18:31.431000,03:18:31.436551,03:18:31.442461,03:18:30.981979,03:18:30.982100,03:18:30.978495
4,rejected,03:18:32.485904,03:18:32.485904,03:18:32.486459,03:18:32.486459,03:18:32.488153,03:18:32.488153,03:18:32.489819,03:18:32.489819,03:18:32.503723,03:18:32.503752,03:18:32.518994,03:18:32.522141,03:18:32.917851,03:18:32.917889,03:18:32.923941,03:18:32.930061,03:18:32.935866,03:18:32.490501,03:18:32.490626,03:18:32.487309
4,rejected,03:18:34.237052,03:18:34.237052,03:18:34.237767,03:18:34.237767,03:18:34.239498,03:18:34.239498,03:18:34.241457,03:18:34.241457,03:18:34.252746,03:18:34.252791,03:18:34.273031,03:18:34.282229,03:18:34.683907,03:18:34.683939,03:18:34.690092,03:18:34.696002,03:18:34.701818,03:18:34.241774,03:18:34.241935,03:18:34.238743
4,rejected,03:18:35.815726,03:18:35.815726,03:18:35.816292,03:18:35.816292,03:18:35.817775,03:18:35.817775,03:18:35.819302,03:18:35.819302,03:18:35.834122,03:18:35.834158,03:18:35.848462,03:18:35.851676,03:18:36.246804,03:18:36.246838,03:18:36.253047,03:18:36.258652,03:18:36.264273,03:18:35.820008,03:18:35.820171,03:18:35.817083
4,rejected,03:18:37.304886,03:18:37.304886,03:18:37.305342,03:18:37.305342,03:18:37.306945,03:18:37.306945,03:18:37.308560,03:18:37.308560,03:18:37.322945,03:18:37.322980,03:18:37.337583,03:18:37.340702,03:18:37.736233,03:18:37.736265,03:18:37.742424,03:18:37.747954,03:18:37.753634,03:18:37.309171,03:18:37.309259,03:18:37.306082
4,rejected,03:18:38.878237,03:18:38.878237,03:18:38.878703,03:18:38.878703,03:18:38.880110,03:18:38.880110,03:18:38.881643,03:18:38.881643,03:18:38.895580,03:18:38.895619,03:18:38.910196,03:18:38.913402,03:18:39.309290,03:18:39.309329,03:18:39.315685,03:18:39.321427,03:18:39.327524,03:18:38.882417,03:18:38.882503,03:18:38.879534
4,rejected,03:18:40.366917,03:18:40.366917,03:18:40.367494,03:18:40.367494,03:18:40.368865,03:18:40.368865,03:18:40.370635,03:18:40.370635,03:18:40.384531,03:18:40.384564,03:18:40.398530,03:18:40.401654,03:18:40.796231,03:18:40.796262,03:18:40.802185,03:18:40.807983,03:18:40.814649,03:18:40.371386,03:18:40.371494,03:18:40.368269
4,rejected,03:18:41.997478,03:18:41.997478,03:18:41.997922,03:18:41.997922,03:18:41.999516,03:18:41.999516,03:18:42.001072,03:18:42.001072,03:18:42.015042,03:18:42.015112,03:18:42.029845,03:18:42.033082,03:18:42.427925,03:18:42.427955,03:18:42.434033,03:18:42.439577,03:18:42.445215,03:18:42.001987,03:18:42.002179,03:18:41.998644
4,rejected,03:18:43.645717,03:18:43.645717,03:18:43.646104,03:18:43.646104,03:18:43.647408,03:18:43.647408,03:18:43.648912,03:18:43.648912,03:18:43.662704,03:18:43.662734,03:18:43.676487,03:18:43.679523,03:18:44.074038,03:18:44.074070,03:18:44.080240,03:18:44.085936,03:18:44.091698,03:18:43.650430,03:18:43.650530,03:18:43.646845
4,rejected,03:18:45.277165,03:18:45.277165,03:18:45.277610,03:18:45.277610,03:18:45.279221,03:18:45.279221,03:18:45.280983,03:18:45.280983,03:18:45.290615,03:18:45.290650,03:18:45.305374,03:18:45.308502,03:18:45.703421,03:18:45.703453,03:18:45.709641,03:18:45.715649,03:18:45.721712,03:18:45.281278,03:18:45.281388,03:18:45.278356
4,rejected,03:18:46.911376,03:18:46.911376,03:18:46.911845,03:18:46.911845,03:18:46.913201,03:18:46.913201,03:18:46.914815,03:18:46.914815,03:18:46.929394,03:18:46.929431,03:18:46.944243,03:18:46.947368,03:18:47.343118,03:18:47.343147,03:18:47.349449,03:18:47.355237,03:18:47.360587,03:18:46.916017,03:18:46.916126,03:18:46.912592
4,rejected,03:18:48.539904,03:18:48.539904,03:18:48.540399,03:18:48.540399,03:18:48.541679,03:18:48.541679,03:18:48.543404,03:18:48.543404,03:18:48.557635,03:18:48.557671,03:18:48.577204,03:18:48.582065,03:18:48.978156,03:18:48.978187,03:18:48.984442,03:18:48.990187,03:18:48.996034,03:18:48.544124,03:18:48.544223,03:18:48.541170
4,rejected,03:18:50.229871,03:18:50.229871,03:18:50.230257,03:18:50.230257,03:18:50.231860,03:18:50.231860,03:18:50.233432,03:18:50.233432,03:18:50.243306,03:18:50.243331,03:18:50.267380,03:18:50.270444,03:18:50.665631,03:18:50.665662,03:18:50.671791,03:18:50.677465,03:18:50.684981,03:18:50.234118,03:18:50.234212,03:18:50.230993
4,rejected,03:18:51.809426,03:18:51.809426,03:18:51.809863,03:18:51.809863,03:18:51.811604,03:18:51.811604,03:18:51.813143,03:18:51.813143,03:18:51.822782,03:18:51.822809,03:18:51.837488,03:18:51.840638,03:18:52.235722,03:18:52.235753,03:18:52.241910,03:18:52.247552,03:18:52.253696,03:18:51.813893,03:18:51.813999,03:18:51.810800
4,rejected,03:18:53.334512,03:18:53.334512,03:18:53.335018,03:18:53.335018,03:18:53.336443,03:18:53.336443,03:18:53.338159,03:18:53.338159,03:18:53.417715,03:18:53.417751,03:18:53.432186,03:18:53.435270,03:18:53.829813,03:18:53.829843,03:18:53.836288,03:18:53.841971,03:18:53.847578,03:18:53.338815,03:18:53.338948,03:18:53.335889
4,rejected,03:18:55.035579,03:18:55.035579,03:18:55.036103,03:18:55.036103,03:18:55.037621,03:18:55.037621,03:18:55.039230,03:18:55.039230,03:18:55.091022,03:18:55.091095,03:18:55.105478,03:18:55.108574,03:18:55.503604,03:18:55.503638,03:18:55.509790,03:18:55.515391,03:18:55.521480,03:18:55.039765,03:18:55.039886,03:18:55.037022
4,rejected,03:18:56.613562,03:18:56.613562,03:18:56.614440,03:18:56.614440,03:18:56.616523,03:18:56.616523,03:18:56.618945,03:18:56.618945,03:18:56.673518,03:18:56.673564,03:18:56.687147,03:18:56.690209,03:18:57.086059,03:18:57.086091,03:18:57.092270,03:18:57.097962,03:18:57.103714,03:18:56.617924,03:18:56.618090,03:18:56.615630
4,rejected,03:18:58.265010,03:18:58.265010,03:18:58.265471,03:18:58.265471,03:18:58.266901,03:18:58.266901,03:18:58.268475,03:18:58.268475,03:18:58.348172,03:18:58.348221,03:18:58.362665,03:18:58.365756,03:18:58.761244,03:18:58.761275,03:18:58.767453,03:18:58.773132,03:18:58.779010,03:18:58.269523,03:18:58.269613,03:18:58.266260
4,rejected,03:18:59.929721,03:18:59.929721,03:18:59.930232,03:18:59.930232,03:18:59.931641,03:18:59.931641,03:18:59.933383,03:18:59.933383,03:18:59.984666,03:18:59.984716,03:18:59.998868,03:19:00.001947,03:19:00.397016,03:19:00.397049,03:19:00.403506,03:19:00.409037,03:19:00.415069,03:18:59.933910,03:18:59.934037,03:18:59.931108
4,rejected,03:19:01.598313,03:19:01.598313,03:19:01.598867,03:19:01.598867,03:19:01.600258,03:19:01.600258,03:19:01.602080,03:19:01.602080,03:19:01.687675,03:19:01.687712,03:19:01.704021,03:19:01.708738,03:19:02.106058,03:19:02.106088,03:19:02.112978,03:19:02.118449,03:19:02.124226,03:19:01.602842,03:19:01.602946,03:19:01.599738
4,rejected,03:19:03.483937,03:19:03.483937,03:19:03.484501,03:19:03.484501,03:19:03.486095,03:19:03.486095,03:19:03.487793,03:19:03.487793,03:19:03.560991,03:19:03.561038,03:19:03.575051,03:19:03.578299,03:19:03.971620,03:19:03.971651,03:19:03.977923,03:19:03.983456,03:19:03.989189,03:19:03.488480,03:19:03.488587,03:19:03.485342
4,rejected,03:19:05.297145,03:19:05.297145,03:19:05.297693,03:19:05.297693,03:19:05.299405,03:19:05.299405,03:19:05.300974,03:19:05.300974,03:19:05.373044,03:19:05.373085,03:19:05.387298,03:19:05.390713,03:19:05.786921,03:19:05.786960,03:19:05.793321,03:19:05.798794,03:19:05.804875,03:19:05.301805,03:19:05.301932,03:19:05.298532
4,rejected,03:19:06.903839,03:19:06.903839,03:19:06.904328,03:19:06.904328,03:19:06.905777,03:19:06.905777,03:19:06.907372,03:19:06.907372,03:19:06.981327,03:19:06.981376,03:19:06.996024,03:19:06.999086,03:19:07.394066,03:19:07.394096,03:19:07.400573,03:19:07.406395,03:19:07.412458,03:19:06.908267,03:19:06.908365,03:19:06.905140
4,rejected,03:19:08.577225,03:19:08.577225,03:19:08.577739,03:19:08.577739,03:19:08.579160,03:19:08.579160,03:19:08.580844,03:19:08.580844,03:19:08.634908,03:19:08.634952,03:19:08.648991,03:19:08.652141,03:19:09.046790,03:19:09.046821,03:19:09.053019,03:19:09.058546,03:19:09.064516,03:19:08.581421,03:19:08.581552,03:19:08.578547
4,rejected,03:19:10.294919,03:19:10.294919,03:19:10.295461,03:19:10.295461,03:19:10.297107,03:19:10.297107,03:19:10.298621,03:19:10.298621,03:19:10.351040,03:19:10.351084,03:19:10.375527,03:19:10.378658,03:19:10.774132,03:19:10.774164,03:19:10.780179,03:19:10.786457,03:19:10.792417,03:19:10.299129,03:19:10.299244,03:19:10.296256
4,rejected,03:19:11.952775,03:19:11.952775,03:19:11.953249,03:19:11.953249,03:19:11.954712,03:19:11.954712,03:19:11.956139,03:19:11.956139,03:19:12.030871,03:19:12.030915,03:19:12.047001,03:19:12.050254,03:19:12.446698,03:19:12.446730,03:19:12.453594,03:19:12.459050,03:19:12.464733,03:19:11.957132,03:19:11.957228,03:19:11.954104
4,rejected,03:19:13.635060,03:19:13.635060,03:19:13.635549,03:19:13.635549,03:19:13.636965,03:19:13.636965,03:19:13.638752,03:19:13.638752,03:19:13.684798,03:19:13.684838,03:19:13.700320,03:19:13.703845,03:19:14.098292,03:19:14.098323,03:19:14.104536,03:19:14.110348,03:19:14.116105,03:19:13.639487,03:19:13.639582,03:19:13.636367
4,rejected,03:19:15.286713,03:19:15.286713,03:19:15.287194,03:19:15.287194,03:19:15.288747,03:19:15.288747,03:19:15.290517,03:19:15.290517,03:19:15.337085,03:19:15.337125,03:19:15.351672,03:19:15.354957,03:19:15.750397,03:19:15.750426,03:19:15.756349,03:19:15.761784,03:19:15.767639,03:19:15.290959,03:19:15.291079,03:19:15.288058
4,rejected,03:19:16.963783,03:19:16.963783,03:19:16.964299,03:19:16.964299,03:19:16.965686,03:19:16.965686,03:19:16.967117,03:19:16.967117,03:19:17.040415,03:19:17.040461,03:19:17.057193,03:19:17.060731,03:19:17.456592,03:19:17.456623,03:19:17.462694,03:19:17.468476,03:19:17.474589,03:19:16.968030,03:19:16.968172,03:19:16.965084
4,rejected,03:19:18.657887,03:19:18.657887,03:19:18.658435,03:19:18.658435,03:19:18.659775,03:19:18.659775,03:19:18.661338,03:19:18.661338,03:19:18.740804,03:19:18.740843,03:19:18.754844,03:19:18.758232,03:19:19.155135,03:19:19.155167,03:19:19.161109,03:19:19.166708,03:19:19.172677,03:19:18.662278,03:19:18.662384,03:19:18.659245
4,rejected,03:19:20.341637,03:19:20.341637,03:19:20.342098,03:19:20.342098,03:19:20.343484,03:19:20.343484,03:19:20.345024,03:19:20.345024,03:19:20.412406,03:19:20.412447,03:19:20.426746,03:19:20.429765,03:19:20.824799,03:19:20.824829,03:19:20.830996,03:19:20.836892,03:19:20.842614,03:19:20.345902,03:19:20.345997,03:19:20.342886
4,rejected,03:19:21.908653,03:19:21.908653,03:19:21.909150,03:19:21.909150,03:19:21.910982,03:19:21.910982,03:19:21.912673,03:19:21.912673,03:19:21.958562,03:19:21.958601,03:19:22.000596,03:19:22.003776,03:19:22.398721,03:19:22.398755,03:19:22.404983,03:19:22.410962,03:19:22.416748,03:19:21.913268,03:19:21.913372,03:19:21.910097
4,rejected,03:19:23.659412,03:19:23.659412,03:19:23.659930,03:19:23.659930,03:19:23.661304,03:19:23.661304,03:19:23.663117,03:19:23.663117,03:19:23.741786,03:19:23.741824,03:19:23.754418,03:19:23.757619,03:19:24.153355,03:19:24.153386,03:19:24.160080,03:19:24.166265,03:19:24.173328,03:19:23.664203,03:19:23.664332,03:19:23.660771
4,rejected,03:19:25.343903,03:19:25.343903,03:19:25.344422,03:19:25.344422,03:19:25.345828,03:19:25.345828,03:19:25.347355,03:19:25.347355,03:19:25.409966,03:19:25.410011,03:19:25.424216,03:19:25.427176,03:19:25.822689,03:19:25.822721,03:19:25.829164,03:19:25.834887,03:19:25.840817,03:19:25.348105,03:19:25.348202,03:19:25.345253
4,rejected,03:19:27.080659,03:19:27.080659,03:19:27.081133,03:19:27.081133,03:19:27.082889,03:19:27.082889,03:19:27.084542,03:19:27.084542,03:19:27.135531,03:19:27.135577,03:19:27.150885,03:19:27.154037,03:19:27.550322,03:19:27.550357,03:19:27.557248,03:19:27.563599,03:19:27.569360,03:19:27.085052,03:19:27.085166,03:19:27.082079
4,rejected,03:19:28.719158,03:19:28.719158,03:19:28.719585,03:19:28.719585,03:19:28.720980,03:19:28.720980,03:19:28.722830,03:19:28.722830,03:19:28.789296,03:19:28.789340,03:19:28.805787,03:19:28.808967,03:19:29.204256,03:19:29.204290,03:19:29.210556,03:19:29.216182,03:19:29.222084,03:19:28.723736,03:19:28.723844,03:19:28.720382
4,rejected,03:19:30.296772,03:19:30.296772,03:19:30.297271,03:19:30.297271,03:19:30.299002,03:19:30.299002,03:19:30.300939,03:19:30.300939,03:19:30.342959,03:19:30.342999,03:19:30.366437,03:19:30.369691,03:19:30.764500,03:19:30.764533,03:19:30.771037,03:19:30.776644,03:19:30.782846,03:19:30.300940,03:19:30.301057,03:19:30.298142
4,rejected,03:19:32.115114,03:19:32.115114,03:19:32.115694,03:19:32.115694,03:19:32.117291,03:19:32.117291,03:19:32.118823,03:19:32.118823,03:19:32.160039,03:19:32.160083,03:19:32.175134,03:19:32.178173,03:19:32.573294,03:19:32.573323,03:19:32.579548,03:19:32.585255,03:19:32.591185,03:19:32.119179,03:19:32.119293,03:19:32.116566
4,rejected,03:19:33.821809,03:19:33.821809,03:19:33.822330,03:19:33.822330,03:19:33.823712,03:19:33.823712,03:19:33.825498,03:19:33.825498,03:19:33.937457,03:19:33.937507,03:19:33.951795,03:19:33.954859,03:19:34.355873,03:19:34.355932,03:19:34.365677,03:19:34.375607,03:19:34.385688,03:19:33.826391,03:19:33.826540,03:19:33.823182
4,rejected,03:19:35.619256,03:19:35.619256,03:19:35.619661,03:19:35.619661,03:19:35.621114,03:19:35.621114,03:19:35.622802,03:19:35.622802,03:19:35.665464,03:19:35.665501,03:19:35.680040,03:19:35.683226,03:19:36.079232,03:19:36.079262,03:19:36.085621,03:19:36.091388,03:19:36.097449,03:19:35.623498,03:19:35.623614,03:19:35.620507
4,rejected,03:19:37.276467,03:19:37.276467,03:19:37.276923,03:19:37.276923,03:19:37.278554,03:19:37.278554,03:19:37.280411,03:19:37.280411,03:19:37.326091,03:19:37.326132,03:19:37.340332,03:19:37.343384,03:19:37.738097,03:19:37.738128,03:19:37.744344,03:19:37.750266,03:19:37.756824,03:19:37.280770,03:19:37.280885,03:19:37.277719
4,rejected,03:19:38.914728,03:19:38.914728,03:19:38.915211,03:19:38.915211,03:19:38.916544,03:19:38.916544,03:19:38.918297,03:19:38.918297,03:19:38.980577,03:19:38.980618,03:19:38.994944,03:19:38.997962,03:19:39.392887,03:19:39.392918,03:19:39.399199,03:19:39.404831,03:19:39.410856,03:19:38.919143,03:19:38.919269,03:19:38.916008
4,rejected,03:19:40.568829,03:19:40.568829,03:19:40.569307,03:19:40.569307,03:19:40.570680,03:19:40.570680,03:19:40.572490,03:19:40.572490,03:19:40.649020,03:19:40.649066,03:19:40.663626,03:19:40.666641,03:19:41.061133,03:19:41.061167,03:19:41.067668,03:19:41.073716,03:19:41.079498,03:19:40.573414,03:19:40.573512,03:19:40.570102
4,rejected,03:19:42.309479,03:19:42.309479,03:19:42.310041,03:19:42.310041,03:19:42.311583,03:19:42.311583,03:19:42.313020,03:19:42.313020,03:19:42.388348,03:19:42.388392,03:19:42.402688,03:19:42.405797,03:19:42.800108,03:19:42.800139,03:19:42.806273,03:19:42.812233,03:19:42.818073,03:19:42.313945,03:19:42.314042,03:19:42.310889
4,rejected,03:19:44.227116,03:19:44.227116,03:19:44.227689,03:19:44.227689,03:19:44.229723,03:19:44.229723,03:19:44.231689,03:19:44.231689,03:19:44.275653,03:19:44.275710,03:19:44.293871,03:19:44.298619,03:19:44.699848,03:19:44.699882,03:19:44.705882,03:19:44.711571,03:19:44.717039,03:19:44.231415,03:19:44.231559,03:19:44.228706
4,rejected,03:19:45.941117,03:19:45.941117,03:19:45.941585,03:19:45.941585,03:19:45.942998,03:19:45.942998,03:19:45.944794,03:19:45.944794,03:19:45.990996,03:19:45.991038,03:19:46.005119,03:19:46.008261,03:19:46.404618,03:19:46.404651,03:19:46.410767,03:19:46.416620,03:19:46.422471,03:19:45.945717,03:19:45.945857,03:19:45.942383
4,rejected,03:19:47.580190,03:19:47.580190,03:19:47.580774,03:19:47.580774,03:19:47.582227,03:19:47.582227,03:19:47.583545,03:19:47.583545,03:19:47.652029,03:19:47.652073,03:19:47.666638,03:19:47.670243,03:19:48.065172,03:19:48.065202,03:19:48.071448,03:19:48.077383,03:19:48.084021,03:19:47.584559,03:19:47.585513,03:19:47.581646
4,rejected,03:19:49.171372,03:19:49.171372,03:19:49.171861,03:19:49.171861,03:19:49.173353,03:19:49.173353,03:19:49.174773,03:19:49.174773,03:19:49.237643,03:19:49.237686,03:19:49.252647,03:19:49.255725,03:19:49.652877,03:19:49.652906,03:19:49.659021,03:19:49.664636,03:19:49.670503,03:19:49.175700,03:19:49.175807,03:19:49.172725
4,rejected,03:19:50.850597,03:19:50.850597,03:19:50.851066,03:19:50.851066,03:19:50.852630,03:19:50.852630,03:19:50.854636,03:19:50.854636,03:19:50.901855,03:19:50.901893,03:19:50.926038,03:19:50.929151,03:19:51.324074,03:19:51.324106,03:19:51.330407,03:19:51.336195,03:19:51.342080,03:19:50.854800,03:19:50.854922,03:19:50.851978
4,rejected,03:19:52.498597,03:19:52.498597,03:19:52.499060,03:19:52.499060,03:19:52.500498,03:19:52.500498,03:19:52.502125,03:19:52.502125,03:19:52.590157,03:19:52.590202,03:19:52.605266,03:19:52.608349,03:19:53.004726,03:19:53.004758,03:19:53.011132,03:19:53.017826,03:19:53.023525,03:19:52.503257,03:19:52.503944,03:19:52.499871
4,rejected,03:19:54.185797,03:19:54.185797,03:19:54.186296,03:19:54.186296,03:19:54.187803,03:19:54.187803,03:19:54.189406,03:19:54.189406,03:19:54.257140,03:19:54.257205,03:19:54.274526,03:19:54.279628,03:19:54.683019,03:19:54.683051,03:19:54.689412,03:19:54.695126,03:19:54.700782,03:19:54.190472,03:19:54.190579,03:19:54.187202
4,rejected,03:19:55.847020,03:19:55.847020,03:19:55.847572,03:19:55.847572,03:19:55.849163,03:19:55.849163,03:19:55.850830,03:19:55.850830,03:19:55.912216,03:19:55.912258,03:19:55.927054,03:19:55.930306,03:19:56.324943,03:19:56.324974,03:19:56.331509,03:19:56.337284,03:19:56.343470,03:19:55.851508,03:19:55.851612,03:19:55.848459
4,rejected,03:19:57.418613,03:19:57.418613,03:19:57.419140,03:19:57.419140,03:19:57.420593,03:19:57.420593,03:19:57.422327,03:19:57.422327,03:19:57.462641,03:19:57.462686,03:19:57.478853,03:19:57.482053,03:19:57.877803,03:19:57.877835,03:19:57.884079,03:19:57.889789,03:19:57.895749,03:19:57.422664,03:19:57.422776,03:19:57.420017
4,rejected,03:19:58.976264,03:19:58.976264,03:19:58.976763,03:19:58.976763,03:19:58.978554,03:19:58.978554,03:19:58.980298,03:19:58.980298,03:19:59.026109,03:19:59.026152,03:19:59.040413,03:19:59.043593,03:19:59.437176,03:19:59.437207,03:19:59.443558,03:19:59.449630,03:19:59.455608,03:19:58.981007,03:19:58.981130,03:19:58.977617
4,rejected,03:20:00.591499,03:20:00.591499,03:20:00.592091,03:20:00.592091,03:20:00.593487,03:20:00.593487,03:20:00.595068,03:20:00.595068,03:20:00.608960,03:20:00.608995,03:20:00.625009,03:20:00.628167,03:20:01.023442,03:20:01.023473,03:20:01.029731,03:20:01.035742,03:20:01.041670,03:20:00.595970,03:20:00.596232,03:20:00.592911
4,rejected,03:20:02.177105,03:20:02.177105,03:20:02.177553,03:20:02.177553,03:20:02.178853,03:20:02.178853,03:20:02.180583,03:20:02.180583,03:20:02.190842,03:20:02.190881,03:20:02.210503,03:20:02.214442,03:20:02.613777,03:20:02.613823,03:20:02.620046,03:20:02.625674,03:20:02.631372,03:20:02.181134,03:20:02.181237,03:20:02.178285
4,rejected,03:20:03.820611,03:20:03.820611,03:20:03.821156,03:20:03.821156,03:20:03.822669,03:20:03.822669,03:20:03.824221,03:20:03.824221,03:20:03.839254,03:20:03.839285,03:20:03.854883,03:20:03.858059,03:20:04.254049,03:20:04.254099,03:20:04.262844,03:20:04.269594,03:20:04.278005,03:20:03.825107,03:20:03.825335,03:20:03.821965
4,rejected,03:20:05.425579,03:20:05.425579,03:20:05.426014,03:20:05.426014,03:20:05.427628,03:20:05.427628,03:20:05.429451,03:20:05.429451,03:20:05.444530,03:20:05.444559,03:20:05.459622,03:20:05.462725,03:20:05.858508,03:20:05.858539,03:20:05.865350,03:20:05.870988,03:20:05.876797,03:20:05.429883,03:20:05.430021,03:20:05.426805
4,rejected,03:20:07.071611,03:20:07.071611,03:20:07.072038,03:20:07.072038,03:20:07.073436,03:20:07.073436,03:20:07.074906,03:20:07.074906,03:20:07.088564,03:20:07.088595,03:20:07.104341,03:20:07.108663,03:20:07.505959,03:20:07.505992,03:20:07.512456,03:20:07.520031,03:20:07.525872,03:20:07.076197,03:20:07.076356,03:20:07.072847
4,rejected,03:20:08.585934,03:20:08.585934,03:20:08.586404,03:20:08.586404,03:20:08.587761,03:20:08.587761,03:20:08.589357,03:20:08.589357,03:20:08.603146,03:20:08.603184,03:20:08.617677,03:20:08.620863,03:20:09.017655,03:20:09.017689,03:20:09.023771,03:20:09.029869,03:20:09.035852,03:20:08.590295,03:20:08.590513,03:20:08.587157
4,rejected,03:20:10.176340,03:20:10.176340,03:20:10.176804,03:20:10.176804,03:20:10.178223,03:20:10.178223,03:20:10.180048,03:20:10.180048,03:20:10.189691,03:20:10.189717,03:20:10.213673,03:20:10.216805,03:20:10.612433,03:20:10.612466,03:20:10.618649,03:20:10.624564,03:20:10.630325,03:20:10.180643,03:20:10.180768,03:20:10.177584
4,rejected,03:20:11.857425,03:20:11.857425,03:20:11.857835,03:20:11.857835,03:20:11.859460,03:20:11.859460,03:20:11.861017,03:20:11.861017,03:20:11.870641,03:20:11.870668,03:20:11.886164,03:20:11.889629,03:20:12.285421,03:20:12.285451,03:20:12.292130,03:20:12.298050,03:20:12.304384,03:20:11.861668,03:20:11.861786,03:20:11.858608
4,rejected,03:20:13.438771,03:20:13.438771,03:20:13.439175,03:20:13.439175,03:20:13.440782,03:20:13.440782,03:20:13.442324,03:20:13.442324,03:20:13.457228,03:20:13.457256,03:20:13.471127,03:20:13.474284,03:20:13.869716,03:20:13.869747,03:20:13.876068,03:20:13.881752,03:20:13.887387,03:20:13.443253,03:20:13.443430,03:20:13.439907
4,rejected,03:20:15.036170,03:20:15.036170,03:20:15.036609,03:20:15.036609,03:20:15.038216,03:20:15.038216,03:20:15.039889,03:20:15.039889,03:20:15.049632,03:20:15.049662,03:20:15.065345,03:20:15.069856,03:20:15.467649,03:20:15.467680,03:20:15.474096,03:20:15.480701,03:20:15.486512,03:20:15.040615,03:20:15.040714,03:20:15.037334
4,rejected,03:20:16.700937,03:20:16.700937,03:20:16.701388,03:20:16.701388,03:20:16.702882,03:20:16.702882,03:20:16.704634,03:20:16.704634,03:20:16.719034,03:20:16.719063,03:20:16.733381,03:20:16.736509,03:20:17.131249,03:20:17.131279,03:20:17.137882,03:20:17.143964,03:20:17.149907,03:20:16.705611,03:20:16.705851,03:20:16.702283
4,rejected,03:20:18.361295,03:20:18.361295,03:20:18.361713,03:20:18.361713,03:20:18.363084,03:20:18.363084,03:20:18.364578,03:20:18.364578,03:20:18.380425,03:20:18.380476,03:20:18.397640,03:20:18.401395,03:20:18.805690,03:20:18.805721,03:20:18.811893,03:20:18.817601,03:20:18.823821,03:20:18.365815,03:20:18.365960,03:20:18.362468
4,rejected,03:20:19.963159,03:20:19.963159,03:20:19.963597,03:20:19.963597,03:20:19.965236,03:20:19.965236,03:20:19.966928,03:20:19.966928,03:20:19.976745,03:20:19.976774,03:20:19.992284,03:20:19.995645,03:20:20.390848,03:20:20.390880,03:20:20.396906,03:20:20.402780,03:20:20.408716,03:20:19.967345,03:20:19.967471,03:20:19.964341
4,rejected,03:20:21.605707,03:20:21.605707,03:20:21.606283,03:20:21.606283,03:20:21.607861,03:20:21.607861,03:20:21.609611,03:20:21.609611,03:20:21.622939,03:20:21.622979,03:20:21.637320,03:20:21.640468,03:20:22.035649,03:20:22.035678,03:20:22.042358,03:20:22.047925,03:20:22.053828,03:20:21.610093,03:20:21.610229,03:20:21.607023
4,rejected,03:20:23.190356,03:20:23.190356,03:20:23.190768,03:20:23.190768,03:20:23.192319,03:20:23.192319,03:20:23.193996,03:20:23.193996,03:20:23.208897,03:20:23.208928,03:20:23.223119,03:20:23.226210,03:20:23.621400,03:20:23.621429,03:20:23.627557,03:20:23.633013,03:20:23.638778,03:20:23.194933,03:20:23.195163,03:20:23.191508
4,rejected,03:20:24.911497,03:20:24.911497,03:20:24.911970,03:20:24.911970,03:20:24.913377,03:20:24.913377,03:20:24.914851,03:20:24.914851,03:20:24.928538,03:20:24.928566,03:20:24.943023,03:20:24.946195,03:20:25.341404,03:20:25.341436,03:20:25.347596,03:20:25.353680,03:20:25.359743,03:20:24.915729,03:20:24.915892,03:20:24.912814
4,rejected,03:20:26.411140,03:20:26.411140,03:20:26.412218,03:20:26.412218,03:20:26.414619,03:20:26.414619,03:20:26.417151,03:20:26.417151,03:20:26.428472,03:20:26.428518,03:20:26.446737,03:20:26.450795,03:20:26.847303,03:20:26.847357,03:20:26.853663,03:20:26.859311,03:20:26.865123,03:20:26.415874,03:20:26.416057,03:20:26.413542
4,rejected,03:20:27.991502,03:20:27.991502,03:20:27.991977,03:20:27.991977,03:20:27.993339,03:20:27.993339,03:20:27.995093,03:20:27.995093,03:20:28.010051,03:20:28.010088,03:20:28.024035,03:20:28.027104,03:20:28.422711,03:20:28.422740,03:20:28.428750,03:20:28.434441,03:20:28.440283,03:20:27.995620,03:20:27.995738,03:20:27.992795
4,rejected,03:20:29.571214,03:20:29.571214,03:20:29.571641,03:20:29.571641,03:20:29.573124,03:20:29.573124,03:20:29.574772,03:20:29.574772,03:20:29.584537,03:20:29.584566,03:20:29.609555,03:20:29.612587,03:20:30.007446,03:20:30.007477,03:20:30.013858,03:20:30.019944,03:20:30.026231,03:20:29.575291,03:20:29.575386,03:20:29.572335
4,rejected,03:20:31.160204,03:20:31.160204,03:20:31.160655,03:20:31.160655,03:20:31.162297,03:20:31.162297,03:20:31.163883,03:20:31.163883,03:20:31.173409,03:20:31.173435,03:20:31.189070,03:20:31.192197,03:20:31.586941,03:20:31.586975,03:20:31.593572,03:20:31.599382,03:20:31.605202,03:20:31.164414,03:20:31.164503,03:20:31.161407
4,rejected,03:20:32.795036,03:20:32.795036,03:20:32.795459,03:20:32.795459,03:20:32.796736,03:20:32.796736,03:20:32.798536,03:20:32.798536,03:20:32.808385,03:20:32.808411,03:20:32.822855,03:20:32.825942,03:20:33.221329,03:20:33.221360,03:20:33.227715,03:20:33.233157,03:20:33.239332,03:20:32.799090,03:20:32.799192,03:20:32.796184
4,rejected,03:20:34.344219,03:20:34.344219,03:20:34.344879,03:20:34.344879,03:20:34.346593,03:20:34.346593,03:20:34.348448,03:20:34.348448,03:20:34.360498,03:20:34.360546,03:20:34.384229,03:20:34.396004,03:20:34.799905,03:20:34.799937,03:20:34.806127,03:20:34.812115,03:20:34.818008,03:20:34.348741,03:20:34.348885,03:20:34.345862
4,rejected,03:20:35.863259,03:20:35.863259,03:20:35.863638,03:20:35.863638,03:20:35.864948,03:20:35.864948,03:20:35.866749,03:20:35.866749,03:20:35.881918,03:20:35.881953,03:20:35.896523,03:20:35.899591,03:20:36.294712,03:20:36.294746,03:20:36.300986,03:20:36.306926,03:20:36.312922,03:20:35.867712,03:20:35.867822,03:20:35.864359
4,rejected,03:20:37.445489,03:20:37.445489,03:20:37.446046,03:20:37.446046,03:20:37.447553,03:20:37.447553,03:20:37.449132,03:20:37.449132,03:20:37.463165,03:20:37.463198,03:20:37.478400,03:20:37.481670,03:20:37.876766,03:20:37.876806,03:20:37.883024,03:20:37.888600,03:20:37.894128,03:20:37.450038,03:20:37.450235,03:20:37.446864
4,rejected,03:20:39.035330,03:20:39.035330,03:20:39.035772,03:20:39.035772,03:20:39.037141,03:20:39.037141,03:20:39.038948,03:20:39.038948,03:20:39.053605,03:20:39.053640,03:20:39.067744,03:20:39.071008,03:20:39.465470,03:20:39.465504,03:20:39.471581,03:20:39.477246,03:20:39.482982,03:20:39.039721,03:20:39.040052,03:20:39.036584
4,rejected,03:20:40.668330,03:20:40.668330,03:20:40.668720,03:20:40.668720,03:20:40.670187,03:20:40.670187,03:20:40.671818,03:20:40.671818,03:20:40.685610,03:20:40.685642,03:20:40.700076,03:20:40.703235,03:20:41.098447,03:20:41.098482,03:20:41.104549,03:20:41.110301,03:20:41.116062,03:20:40.672924,03:20:40.673025,03:20:40.669501
4,rejected,03:20:42.254629,03:20:42.254629,03:20:42.255124,03:20:42.255124,03:20:42.256427,03:20:42.256427,03:20:42.258161,03:20:42.258161,03:20:42.269068,03:20:42.269094,03:20:42.288941,03:20:42.294140,03:20:42.690492,03:20:42.690522,03:20:42.696884,03:20:42.702426,03:20:42.708046,03:20:42.258748,03:20:42.258855,03:20:42.255897
4,rejected,03:20:43.750286,03:20:43.750286,03:20:43.750728,03:20:43.750728,03:20:43.752134,03:20:43.752134,03:20:43.753541,03:20:43.753541,03:20:43.768421,03:20:43.768448,03:20:43.782429,03:20:43.786039,03:20:44.182683,03:20:44.182714,03:20:44.189207,03:20:44.194721,03:20:44.200537,03:20:43.754889,03:20:43.755020,03:20:43.751472
4,rejected,03:20:45.262974,03:20:45.262974,03:20:45.263529,03:20:45.263529,03:20:45.265006,03:20:45.265006,03:20:45.266645,03:20:45.266645,03:20:45.277076,03:20:45.277102,03:20:45.292079,03:20:45.295322,03:20:45.690363,03:20:45.690394,03:20:45.696167,03:20:45.701693,03:20:45.707184,03:20:45.267096,03:20:45.267199,03:20:45.264317
4,rejected,03:20:46.822434,03:20:46.822434,03:20:46.823013,03:20:46.823013,03:20:46.824357,03:20:46.824357,03:20:46.826145,03:20:46.826145,03:20:46.840062,03:20:46.840092,03:20:46.854092,03:20:46.857331,03:20:47.252141,03:20:47.252175,03:20:47.258480,03:20:47.264652,03:20:47.270795,03:20:46.826843,03:20:46.826944,03:20:46.823788
4,rejected,03:20:48.393030,03:20:48.393030,03:20:48.393461,03:20:48.393461,03:20:48.394760,03:20:48.394760,03:20:48.396268,03:20:48.396268,03:20:48.410118,03:20:48.410147,03:20:48.434649,03:20:48.437735,03:20:48.832219,03:20:48.832249,03:20:48.838526,03:20:48.844218,03:20:48.850048,03:20:48.397753,03:20:48.397846,03:20:48.394193
4,rejected,03:20:50.036661,03:20:50.036661,03:20:50.037110,03:20:50.037110,03:20:50.038730,03:20:50.038730,03:20:50.040216,03:20:50.040216,03:20:50.053957,03:20:50.053990,03:20:50.075067,03:20:50.079185,03:20:50.478146,03:20:50.478176,03:20:50.484449,03:20:50.490419,03:20:50.496052,03:20:50.041011,03:20:50.041097,03:20:50.037855
4,rejected,03:20:51.723533,03:20:51.723533,03:20:51.724031,03:20:51.724031,03:20:51.725451,03:20:51.725451,03:20:51.727087,03:20:51.727087,03:20:51.740666,03:20:51.740694,03:20:51.755563,03:20:51.758870,03:20:52.155537,03:20:52.155570,03:20:52.161578,03:20:52.167085,03:20:52.173004,03:20:51.727905,03:20:51.728119,03:20:51.724866
4,rejected,03:20:53.388245,03:20:53.388245,03:20:53.388735,03:20:53.388735,03:20:53.390374,03:20:53.390374,03:20:53.391887,03:20:53.391887,03:20:53.401385,03:20:53.401408,03:20:53.416261,03:20:53.419480,03:20:53.815939,03:20:53.815973,03:20:53.822420,03:20:53.828178,03:20:53.833932,03:20:53.392379,03:20:53.392477,03:20:53.389524
4,rejected,03:20:54.924803,03:20:54.924803,03:20:54.925261,03:20:54.925261,03:20:54.926632,03:20:54.926632,03:20:54.928111,03:20:54.928111,03:20:54.942822,03:20:54.942854,03:20:54.957595,03:20:54.960693,03:20:55.355629,03:20:55.355658,03:20:55.361652,03:20:55.367065,03:20:55.372797,03:20:54.929301,03:20:54.929389,03:20:54.926056
5,rejected,03:20:56.496318,03:20:56.496318,03:20:56.496855,03:20:56.496855,03:20:56.498363,03:20:56.498363,03:20:56.500133,03:20:56.500133,03:20:56.513995,03:20:56.514027,03:20:56.528590,03:20:56.532020,03:20:56.927539,03:20:56.927571,03:20:56.933810,03:20:56.939649,03:20:56.945296,03:20:56.501759,03:20:56.501860,03:20:56.497668
5,rejected,03:20:58.086583,03:20:58.086583,03:20:58.087007,03:20:58.087007,03:20:58.088618,03:20:58.088618,03:20:58.090296,03:20:58.090296,03:20:58.103780,03:20:58.103808,03:20:58.118121,03:20:58.121336,03:20:58.518264,03:20:58.518296,03:20:58.524555,03:20:58.530371,03:20:58.535859,03:20:58.092148,03:20:58.092242,03:20:58.087756
5,rejected,03:20:59.586232,03:20:59.586232,03:20:59.586676,03:20:59.586676,03:20:59.588042,03:20:59.588042,03:20:59.589448,03:20:59.589448,03:20:59.605612,03:20:59.605645,03:20:59.621284,03:20:59.624510,03:21:00.022654,03:21:00.022689,03:21:00.028907,03:21:00.034389,03:21:00.040003,03:20:59.591525,03:20:59.591656,03:20:59.587460
5,rejected,03:21:01.333670,03:21:01.333670,03:21:01.334149,03:21:01.334149,03:21:01.335438,03:21:01.335438,03:21:01.336984,03:21:01.336984,03:21:01.350588,03:21:01.350614,03:21:01.365141,03:21:01.368261,03:21:01.763108,03:21:01.763140,03:21:01.769362,03:21:01.774908,03:21:01.780497,03:21:01.338894,03:21:01.338989,03:21:01.334921
5,rejected,03:21:03.085728,03:21:03.085728,03:21:03.086293,03:21:03.086293,03:21:03.087798,03:21:03.087798,03:21:03.089245,03:21:03.089245,03:21:03.104638,03:21:03.104682,03:21:03.121362,03:21:03.125071,03:21:03.521652,03:21:03.521684,03:21:03.528300,03:21:03.533983,03:21:03.539825,03:21:03.090980,03:21:03.091071,03:21:03.087105
5,rejected,03:21:04.586274,03:21:04.586274,03:21:04.586723,03:21:04.586723,03:21:04.588307,03:21:04.588307,03:21:04.590125,03:21:04.590125,03:21:04.609464,03:21:04.609498,03:21:04.625163,03:21:04.628591,03:21:05.024458,03:21:05.024488,03:21:05.030661,03:21:05.036541,03:21:05.043001,03:21:04.591578,03:21:04.593895,03:21:04.587493
5,rejected,03:21:06.173565,03:21:06.173565,03:21:06.173953,03:21:06.173953,03:21:06.175232,03:21:06.175232,03:21:06.176756,03:21:06.176756,03:21:06.190443,03:21:06.190474,03:21:06.205494,03:21:06.208781,03:21:06.604313,03:21:06.604348,03:21:06.610395,03:21:06.616177,03:21:06.622048,03:21:06.178721,03:21:06.178813,03:21:06.174691
5,rejected,03:21:07.811350,03:21:07.811350,03:21:07.811744,03:21:07.811744,03:21:07.813324,03:21:07.813324,03:21:07.814871,03:21:07.814871,03:21:07.828628,03:21:07.828655,03:21:07.853311,03:21:07.856449,03:21:08.252221,03:21:08.252254,03:21:08.258427,03:21:08.264114,03:21:08.269553,03:21:07.816626,03:21:07.816726,03:21:07.812505
5,rejected,03:21:09.460695,03:21:09.460695,03:21:09.461264,03:21:09.461264,03:21:09.462731,03:21:09.462731,03:21:09.464258,03:21:09.464258,03:21:09.477923,03:21:09.477950,03:21:09.492939,03:21:09.496112,03:21:09.892384,03:21:09.892417,03:21:09.898759,03:21:09.904246,03:21:09.909875,03:21:09.466024,03:21:09.466124,03:21:09.462054
5,rejected,03:21:10.955439,03:21:10.955439,03:21:10.955942,03:21:10.955942,03:21:10.957553,03:21:10.957553,03:21:10.959082,03:21:10.959082,03:21:10.973037,03:21:10.973069,03:21:10.987681,03:21:10.990919,03:21:11.386364,03:21:11.386395,03:21:11.392933,03:21:11.398645,03:21:11.404263,03:21:10.961032,03:21:10.961148,03:21:10.956723
5,rejected,03:21:12.602669,03:21:12.602669,03:21:12.603253,03:21:12.603253,03:21:12.604763,03:21:12.604763,03:21:12.606496,03:21:12.606496,03:21:12.620227,03:21:12.620258,03:21:12.635278,03:21:12.638457,03:21:13.034245,03:21:13.034277,03:21:13.040842,03:21:13.046780,03:21:13.052984,03:21:12.607760,03:21:12.607860,03:21:12.604056
5,rejected,03:21:14.100937,03:21:14.100937,03:21:14.101361,03:21:14.101361,03:21:14.102858,03:21:14.102858,03:21:14.104355,03:21:14.104355,03:21:14.118053,03:21:14.118086,03:21:14.132237,03:21:14.135570,03:21:14.538487,03:21:14.538516,03:21:14.545950,03:21:14.552363,03:21:14.558817,03:21:14.106597,03:21:14.106695,03:21:14.102066
5,rejected,03:21:15.597960,03:21:15.597960,03:21:15.598387,03:21:15.598387,03:21:15.599712,03:21:15.599712,03:21:15.601208,03:21:15.601208,03:21:15.615527,03:21:15.615559,03:21:15.629812,03:21:15.632923,03:21:16.028133,03:21:16.028171,03:21:16.034531,03:21:16.040173,03:21:16.046016,03:21:15.603026,03:21:15.603120,03:21:15.599100
5,rejected,03:21:17.255043,03:21:17.255043,03:21:17.255629,03:21:17.255629,03:21:17.257044,03:21:17.257044,03:21:17.258635,03:21:17.258635,03:21:17.273317,03:21:17.273349,03:21:17.287247,03:21:17.290388,03:21:17.685812,03:21:17.685843,03:21:17.692100,03:21:17.697984,03:21:17.703788,03:21:17.260129,03:21:17.260231,03:21:17.256400
5,rejected,03:21:18.897230,03:21:18.897230,03:21:18.897661,03:21:18.897661,03:21:18.899037,03:21:18.899037,03:21:18.900859,03:21:18.900859,03:21:18.916067,03:21:18.916114,03:21:18.933278,03:21:18.937244,03:21:19.334573,03:21:19.334603,03:21:19.340859,03:21:19.346795,03:21:19.352381,03:21:18.902817,03:21:18.902925,03:21:18.898418
5,rejected,03:21:20.545773,03:21:20.545773,03:21:20.546232,03:21:20.546232,03:21:20.547603,03:21:20.547603,03:21:20.549103,03:21:20.549103,03:21:20.562864,03:21:20.562891,03:21:20.577399,03:21:20.580942,03:21:20.976936,03:21:20.976967,03:21:20.983239,03:21:20.988767,03:21:20.994379,03:21:20.550915,03:21:20.551009,03:21:20.547006
5,rejected,03:21:22.191259,03:21:22.191259,03:21:22.191689,03:21:22.191689,03:21:22.193164,03:21:22.193164,03:21:22.195014,03:21:22.195014,03:21:22.208962,03:21:22.208997,03:21:22.223561,03:21:22.226766,03:21:22.621917,03:21:22.621949,03:21:22.628316,03:21:22.634079,03:21:22.640055,03:21:22.196584,03:21:22.196678,03:21:22.192537
5,rejected,03:21:23.843360,03:21:23.843360,03:21:23.843833,03:21:23.843833,03:21:23.845344,03:21:23.845344,03:21:23.846764,03:21:23.846764,03:21:23.860497,03:21:23.860527,03:21:23.875528,03:21:23.879026,03:21:24.275670,03:21:24.275700,03:21:24.282077,03:21:24.288328,03:21:24.294592,03:21:23.848864,03:21:23.848972,03:21:23.844563
5,rejected,03:21:25.492175,03:21:25.492175,03:21:25.492632,03:21:25.492632,03:21:25.494119,03:21:25.494119,03:21:25.495786,03:21:25.495786,03:21:25.510234,03:21:25.510265,03:21:25.524581,03:21:25.527895,03:21:25.922710,03:21:25.922740,03:21:25.928877,03:21:25.934397,03:21:25.940129,03:21:25.497564,03:21:25.497657,03:21:25.493402
5,rejected,03:21:26.994483,03:21:26.994483,03:21:26.994972,03:21:26.994972,03:21:26.996585,03:21:26.996585,03:21:26.998122,03:21:26.998122,03:21:27.013220,03:21:27.013247,03:21:27.037684,03:21:27.040816,03:21:27.435645,03:21:27.435678,03:21:27.441684,03:21:27.447484,03:21:27.453118,03:21:26.999618,03:21:26.999731,03:21:26.995742
5,rejected,03:21:28.599493,03:21:28.599493,03:21:28.600071,03:21:28.600071,03:21:28.601529,03:21:28.601529,03:21:28.603094,03:21:28.603094,03:21:28.616878,03:21:28.616912,03:21:28.632568,03:21:28.635706,03:21:29.030966,03:21:29.030998,03:21:29.037401,03:21:29.043150,03:21:29.049056,03:21:28.604724,03:21:28.604818,03:21:28.600850
5,rejected,03:21:30.162835,03:21:30.162835,03:21:30.163266,03:21:30.163266,03:21:30.164594,03:21:30.164594,03:21:30.166183,03:21:30.166183,03:21:30.179862,03:21:30.179892,03:21:30.194716,03:21:30.197871,03:21:30.593406,03:21:30.593441,03:21:30.599645,03:21:30.605212,03:21:30.610968,03:21:30.168449,03:21:30.168539,03:21:30.163987
5,rejected,03:21:31.841293,03:21:31.841293,03:21:31.841853,03:21:31.841853,03:21:31.843470,03:21:31.843470,03:21:31.845113,03:21:31.845113,03:21:31.859076,03:21:31.859129,03:21:31.880673,03:21:31.885523,03:21:32.282820,03:21:32.282851,03:21:32.288850,03:21:32.294433,03:21:32.300395,03:21:31.846892,03:21:31.847017,03:21:31.842652
5,rejected,03:21:33.424605,03:21:33.424605,03:21:33.425021,03:21:33.425021,03:21:33.426479,03:21:33.426479,03:21:33.428208,03:21:33.428208,03:21:33.441741,03:21:33.441771,03:21:33.455598,03:21:33.458748,03:21:33.853205,03:21:33.853238,03:21:33.859363,03:21:33.864960,03:21:33.870935,03:21:33.429914,03:21:33.430010,03:21:33.425718
5,rejected,03:21:35.085742,03:21:35.085742,03:21:35.086239,03:21:35.086239,03:21:35.087501,03:21:35.087501,03:21:35.089142,03:21:35.089142,03:21:35.103971,03:21:35.104003,03:21:35.117813,03:21:35.121076,03:21:35.517212,03:21:35.517245,03:21:35.523383,03:21:35.529010,03:21:35.534881,03:21:35.091092,03:21:35.091206,03:21:35.086970
5,rejected,03:21:36.587157,03:21:36.587157,03:21:36.587700,03:21:36.587700,03:21:36.589005,03:21:36.589005,03:21:36.590910,03:21:36.590910,03:21:36.604481,03:21:36.604517,03:21:36.620054,03:21:36.623293,03:21:37.019184,03:21:37.019218,03:21:37.025193,03:21:37.031236,03:21:37.037556,03:21:36.592369,03:21:36.592476,03:21:36.588424
5,rejected,03:21:38.226788,03:21:38.226788,03:21:38.227214,03:21:38.227214,03:21:38.228618,03:21:38.228618,03:21:38.230576,03:21:38.230576,03:21:38.247711,03:21:38.247739,03:21:38.262086,03:21:38.265517,03:21:38.661652,03:21:38.661687,03:21:38.668198,03:21:38.673636,03:21:38.679217,03:21:38.232277,03:21:38.232371,03:21:38.228042
5,rejected,03:21:39.818393,03:21:39.818393,03:21:39.818880,03:21:39.818880,03:21:39.820205,03:21:39.820205,03:21:39.821994,03:21:39.821994,03:21:39.837001,03:21:39.837032,03:21:39.853392,03:21:39.857098,03:21:40.254178,03:21:40.254211,03:21:40.260434,03:21:40.266076,03:21:40.272245,03:21:39.824157,03:21:39.824264,03:21:39.819648
5,rejected,03:21:41.465635,03:21:41.465635,03:21:41.466118,03:21:41.466118,03:21:41.467482,03:21:41.467482,03:21:41.468973,03:21:41.468973,03:21:41.485258,03:21:41.485292,03:21:41.499691,03:21:41.502838,03:21:41.897742,03:21:41.897773,03:21:41.904082,03:21:41.909651,03:21:41.915246,03:21:41.470904,03:21:41.471000,03:21:41.466916
5,rejected,03:21:43.062739,03:21:43.062739,03:21:43.063315,03:21:43.063315,03:21:43.064776,03:21:43.064776,03:21:43.066631,03:21:43.066631,03:21:43.081142,03:21:43.081171,03:21:43.096383,03:21:43.099455,03:21:43.495080,03:21:43.495108,03:21:43.501373,03:21:43.507008,03:21:43.513037,03:21:43.067922,03:21:43.068040,03:21:43.064140
5,rejected,03:21:44.561445,03:21:44.561445,03:21:44.562373,03:21:44.562373,03:21:44.564115,03:21:44.564115,03:21:44.565804,03:21:44.565804,03:21:44.580565,03:21:44.580606,03:21:44.596038,03:21:44.599681,03:21:44.995223,03:21:44.995257,03:21:45.001521,03:21:45.007145,03:21:45.012839,03:21:44.566778,03:21:44.567139,03:21:44.563434
5,rejected,03:21:46.154033,03:21:46.154033,03:21:46.154525,03:21:46.154525,03:21:46.155931,03:21:46.155931,03:21:46.157462,03:21:46.157462,03:21:46.171056,03:21:46.171090,03:21:46.195439,03:21:46.199022,03:21:46.594515,03:21:46.594546,03:21:46.600755,03:21:46.606582,03:21:46.612431,03:21:46.159643,03:21:46.159761,03:21:46.155355
5,rejected,03:21:47.741636,03:21:47.741636,03:21:47.742201,03:21:47.742201,03:21:47.743555,03:21:47.743555,03:21:47.745074,03:21:47.745074,03:21:47.759635,03:21:47.759664,03:21:47.778949,03:21:47.782253,03:21:48.180813,03:21:48.180848,03:21:48.187054,03:21:48.192484,03:21:48.198373,03:21:47.746693,03:21:47.746798,03:21:47.743022
5,rejected,03:21:49.392449,03:21:49.392449,03:21:49.392907,03:21:49.392907,03:21:49.394455,03:21:49.394455,03:21:49.396220,03:21:49.396220,03:21:49.409989,03:21:49.410018,03:21:49.424679,03:21:49.427803,03:21:49.823487,03:21:49.823522,03:21:49.829637,03:21:49.835320,03:21:49.841121,03:21:49.397675,03:21:49.397763,03:21:49.393697
5,rejected,03:21:51.074020,03:21:51.074020,03:21:51.074505,03:21:51.074505,03:21:51.075908,03:21:51.075908,03:21:51.077506,03:21:51.077506,03:21:51.092223,03:21:51.092252,03:21:51.106369,03:21:51.109642,03:21:51.504442,03:21:51.504475,03:21:51.511036,03:21:51.516961,03:21:51.522750,03:21:51.079277,03:21:51.079376,03:21:51.075306
5,rejected,03:21:52.609430,03:21:52.609430,03:21:52.609887,03:21:52.609887,03:21:52.611210,03:21:52.611210,03:21:52.612905,03:21:52.612905,03:21:52.626698,03:21:52.626726,03:21:52.641271,03:21:52.644828,03:21:53.040161,03:21:53.040192,03:21:53.046209,03:21:53.051905,03:21:53.058065,03:21:52.614547,03:21:52.614637,03:21:52.610634
5,rejected,03:21:54.196178,03:21:54.196178,03:21:54.196679,03:21:54.196679,03:21:54.198344,03:21:54.198344,03:21:54.200126,03:21:54.200126,03:21:54.214858,03:21:54.214890,03:21:54.229281,03:21:54.232415,03:21:54.636653,03:21:54.636685,03:21:54.643140,03:21:54.649355,03:21:54.655765,03:21:54.201532,03:21:54.201651,03:21:54.197488
5,rejected,03:21:55.703876,03:21:55.703876,03:21:55.704388,03:21:55.704388,03:21:55.705924,03:21:55.705924,03:21:55.707553,03:21:55.707553,03:21:55.721287,03:21:55.721313,03:21:55.737743,03:21:55.742761,03:21:56.140116,03:21:56.140152,03:21:56.146643,03:21:56.152478,03:21:56.158386,03:21:55.709504,03:21:55.709628,03:21:55.705146
5,rejected,03:21:57.295168,03:21:57.295168,03:21:57.295578,03:21:57.295578,03:21:57.296923,03:21:57.296923,03:21:57.298623,03:21:57.298623,03:21:57.312364,03:21:57.312397,03:21:57.327096,03:21:57.330592,03:21:57.725375,03:21:57.725406,03:21:57.731903,03:21:57.737537,03:21:57.744277,03:21:57.300398,03:21:57.300522,03:21:57.296299
5,rejected,03:21:58.949879,03:21:58.949879,03:21:58.950368,03:21:58.950368,03:21:58.951688,03:21:58.951688,03:21:58.953132,03:21:58.953132,03:21:58.966785,03:21:58.966814,03:21:58.981520,03:21:58.984753,03:21:59.380009,03:21:59.380041,03:21:59.386415,03:21:59.391957,03:21:59.397657,03:21:58.955517,03:21:58.955637,03:21:58.951171
5,rejected,03:22:00.538144,03:22:00.538144,03:22:00.538570,03:22:00.538570,03:22:00.539915,03:22:00.539915,03:22:00.541458,03:22:00.541458,03:22:00.555672,03:22:00.555707,03:22:00.569836,03:22:00.572961,03:22:00.967527,03:22:00.967557,03:22:00.973851,03:22:00.979750,03:22:00.985712,03:22:00.543302,03:22:00.543399,03:22:00.539378
5,rejected,03:22:02.101838,03:22:02.101838,03:22:02.102255,03:22:02.102255,03:22:02.103627,03:22:02.103627,03:22:02.105484,03:22:02.105484,03:22:02.119693,03:22:02.119719,03:22:02.133687,03:22:02.136863,03:22:02.532913,03:22:02.532941,03:22:02.538965,03:22:02.544496,03:22:02.550304,03:22:02.107107,03:22:02.107210,03:22:02.102977
5,rejected,03:22:03.601996,03:22:03.601996,03:22:03.602391,03:22:03.602391,03:22:03.603898,03:22:03.603898,03:22:03.605839,03:22:03.605839,03:22:03.623130,03:22:03.623188,03:22:03.640339,03:22:03.643764,03:22:04.038947,03:22:04.038982,03:22:04.045432,03:22:04.051088,03:22:04.057341,03:22:03.607603,03:22:03.607725,03:22:03.603111
5,rejected,03:22:05.195159,03:22:05.195159,03:22:05.195561,03:22:05.195561,03:22:05.196915,03:22:05.196915,03:22:05.198561,03:22:05.198561,03:22:05.212174,03:22:05.212200,03:22:05.237038,03:22:05.240127,03:22:05.637262,03:22:05.637296,03:22:05.643409,03:22:05.649171,03:22:05.654962,03:22:05.200735,03:22:05.200869,03:22:05.196362
5,rejected,03:22:06.854883,03:22:06.854883,03:22:06.855436,03:22:06.855436,03:22:06.856890,03:22:06.856890,03:22:06.858592,03:22:06.858592,03:22:06.872271,03:22:06.872302,03:22:06.887591,03:22:06.890741,03:22:07.286651,03:22:07.286682,03:22:07.293472,03:22:07.299427,03:22:07.305162,03:22:06.859919,03:22:06.860013,03:22:06.856246
5,rejected,03:22:08.396087,03:22:08.396087,03:22:08.396516,03:22:08.396516,03:22:08.397802,03:22:08.397802,03:22:08.399475,03:22:08.399475,03:22:08.413472,03:22:08.413507,03:22:08.428811,03:22:08.432083,03:22:08.828318,03:22:08.828353,03:22:08.834594,03:22:08.841877,03:22:08.848578,03:22:08.401494,03:22:08.401603,03:22:08.397245
5,rejected,03:22:09.889300,03:22:09.889300,03:22:09.889730,03:22:09.889730,03:22:09.890951,03:22:09.890951,03:22:09.892370,03:22:09.892370,03:22:09.905993,03:22:09.906026,03:22:09.920546,03:22:09.923676,03:22:10.318701,03:22:10.318737,03:22:10.324709,03:22:10.330233,03:22:10.336389,03:22:09.894416,03:22:09.894507,03:22:09.890437
5,rejected,03:22:11.402321,03:22:11.402321,03:22:11.402754,03:22:11.402754,03:22:11.404128,03:22:11.404128,03:22:11.405925,03:22:11.405925,03:22:11.421061,03:22:11.421090,03:22:11.436209,03:22:11.439382,03:22:11.834898,03:22:11.834931,03:22:11.841193,03:22:11.846613,03:22:11.852139,03:22:11.407583,03:22:11.407684,03:22:11.403502
5,rejected,03:22:13.047634,03:22:13.047634,03:22:13.048049,03:22:13.048049,03:22:13.049572,03:22:13.049572,03:22:13.051298,03:22:13.051298,03:22:13.065362,03:22:13.065389,03:22:13.080150,03:22:13.083724,03:22:13.480144,03:22:13.480177,03:22:13.486406,03:22:13.492209,03:22:13.498124,03:22:13.052883,03:22:13.052979,03:22:13.048793
5,rejected,03:22:14.627521,03:22:14.627521,03:22:14.628041,03:22:14.628041,03:22:14.629524,03:22:14.629524,03:22:14.631274,03:22:14.631274,03:22:14.646303,03:22:14.646342,03:22:14.661980,03:22:14.665704,03:22:15.061121,03:22:15.061156,03:22:15.067506,03:22:15.073028,03:22:15.078743,03:22:14.633212,03:22:14.633378,03:22:14.628856
5,rejected,03:22:16.211396,03:22:16.211396,03:22:16.211984,03:22:16.211984,03:22:16.213482,03:22:16.213482,03:22:16.215049,03:22:16.215049,03:22:16.232888,03:22:16.232938,03:22:16.251739,03:22:16.256434,03:22:16.654550,03:22:16.654584,03:22:16.660853,03:22:16.667165,03:22:16.673778,03:22:16.216451,03:22:16.216545,03:22:16.212776
5,rejected,03:22:17.821667,03:22:17.821667,03:22:17.822149,03:22:17.822149,03:22:17.823528,03:22:17.823528,03:22:17.825030,03:22:17.825030,03:22:17.838993,03:22:17.839027,03:22:17.853487,03:22:17.856595,03:22:18.251211,03:22:18.251240,03:22:18.257353,03:22:18.263306,03:22:18.269148,03:22:17.826747,03:22:17.826844,03:22:17.822981
5,rejected,03:22:19.417036,03:22:19.417036,03:22:19.417482,03:22:19.417482,03:22:19.418786,03:22:19.418786,03:22:19.420384,03:22:19.420384,03:22:19.433885,03:22:19.433911,03:22:19.448977,03:22:19.452455,03:22:19.848707,03:22:19.848740,03:22:19.855178,03:22:19.860575,03:22:19.866455,03:22:19.422167,03:22:19.422256,03:22:19.418225
5,rejected,03:22:20.992950,03:22:20.992950,03:22:20.993530,03:22:20.993530,03:22:20.994964,03:22:20.994964,03:22:20.996610,03:22:20.996610,03:22:21.010202,03:22:21.010226,03:22:21.025107,03:22:21.028719,03:22:21.424031,03:22:21.424074,03:22:21.430252,03:22:21.435969,03:22:21.441729,03:22:20.998266,03:22:20.998350,03:22:20.994277
5,rejected,03:22:22.495019,03:22:22.495019,03:22:22.495395,03:22:22.495395,03:22:22.496914,03:22:22.496914,03:22:22.498532,03:22:22.498532,03:22:22.512077,03:22:22.512104,03:22:22.526809,03:22:22.529953,03:22:22.925422,03:22:22.925450,03:22:22.932069,03:22:22.937876,03:22:22.943766,03:22:22.500148,03:22:22.500237,03:22:22.496121
5,rejected,03:22:24.077989,03:22:24.077989,03:22:24.078428,03:22:24.078428,03:22:24.080012,03:22:24.080012,03:22:24.081808,03:22:24.081808,03:22:24.095572,03:22:24.095597,03:22:24.123915,03:22:24.127181,03:22:24.530400,03:22:24.530454,03:22:24.544467,03:22:24.554262,03:22:24.562986,03:22:24.083231,03:22:24.083324,03:22:24.079189
5,rejected,03:22:25.703172,03:22:25.703172,03:22:25.703629,03:22:25.703629,03:22:25.705013,03:22:25.705013,03:22:25.706449,03:22:25.706449,03:22:25.721459,03:22:25.721492,03:22:25.736748,03:22:25.739836,03:22:26.133426,03:22:26.133456,03:22:26.139710,03:22:26.145503,03:22:26.151383,03:22:25.708853,03:22:25.708947,03:22:25.704442
5,rejected,03:22:27.209414,03:22:27.209414,03:22:27.209831,03:22:27.209831,03:22:27.211156,03:22:27.211156,03:22:27.212722,03:22:27.212722,03:22:27.226305,03:22:27.226337,03:22:27.241626,03:22:27.244798,03:22:27.640338,03:22:27.640371,03:22:27.646663,03:22:27.652632,03:22:27.658284,03:22:27.214752,03:22:27.214843,03:22:27.210568
5,rejected,03:22:28.710619,03:22:28.710619,03:22:28.711042,03:22:28.711042,03:22:28.712760,03:22:28.712760,03:22:28.714400,03:22:28.714400,03:22:28.728143,03:22:28.728184,03:22:28.747705,03:22:28.751795,03:22:29.149327,03:22:29.149358,03:22:29.155636,03:22:29.161397,03:22:29.167258,03:22:28.716281,03:22:28.716406,03:22:28.711906
5,rejected,03:22:30.386443,03:22:30.386443,03:22:30.387013,03:22:30.387013,03:22:30.388422,03:22:30.388422,03:22:30.389927,03:22:30.389927,03:22:30.403532,03:22:30.403573,03:22:30.419365,03:22:30.422577,03:22:30.818950,03:22:30.818983,03:22:30.825118,03:22:30.830662,03:22:30.836628,03:22:30.392114,03:22:30.392210,03:22:30.387879
5,rejected,03:22:31.977680,03:22:31.977680,03:22:31.978345,03:22:31.978345,03:22:31.979957,03:22:31.979957,03:22:31.981717,03:22:31.981717,03:22:31.995776,03:22:31.995812,03:22:32.011470,03:22:32.014813,03:22:32.411634,03:22:32.411674,03:22:32.418117,03:22:32.424334,03:22:32.429984,03:22:31.982959,03:22:31.983094,03:22:31.979233
5,rejected,03:22:33.546008,03:22:33.546008,03:22:33.546439,03:22:33.546439,03:22:33.547898,03:22:33.547898,03:22:33.549421,03:22:33.549421,03:22:33.564277,03:22:33.564307,03:22:33.579533,03:22:33.582899,03:22:33.976656,03:22:33.976689,03:22:33.983002,03:22:33.988710,03:22:33.994158,03:22:33.551460,03:22:33.551565,03:22:33.547231
5,rejected,03:22:35.201391,03:22:35.201391,03:22:35.201850,03:22:35.201850,03:22:35.203218,03:22:35.203218,03:22:35.204938,03:22:35.204938,03:22:35.218736,03:22:35.218769,03:22:35.232817,03:22:35.235935,03:22:35.631654,03:22:35.631682,03:22:35.638129,03:22:35.644088,03:22:35.649637,03:22:35.206969,03:22:35.207070,03:22:35.202638
5,rejected,03:22:36.706229,03:22:36.706229,03:22:36.706737,03:22:36.706737,03:22:36.708370,03:22:36.708370,03:22:36.710118,03:22:36.710118,03:22:36.723986,03:22:36.724022,03:22:36.738466,03:22:36.741616,03:22:37.137042,03:22:37.137074,03:22:37.143450,03:22:37.149113,03:22:37.154871,03:22:36.711933,03:22:36.712029,03:22:36.707563
5,rejected,03:22:38.350600,03:22:38.350600,03:22:38.350980,03:22:38.350980,03:22:38.352599,03:22:38.352599,03:22:38.354259,03:22:38.354259,03:22:38.368125,03:22:38.368151,03:22:38.382090,03:22:38.385214,03:22:38.781906,03:22:38.781938,03:22:38.788193,03:22:38.793935,03:22:38.799576,03:22:38.355690,03:22:38.355777,03:22:38.351726
5,rejected,03:22:39.996078,03:22:39.996078,03:22:39.996662,03:22:39.996662,03:22:39.997968,03:22:39.997968,03:22:39.999547,03:22:39.999547,03:22:40.014207,03:22:40.014246,03:22:40.029613,03:22:40.032872,03:22:40.428925,03:22:40.428959,03:22:40.435279,03:22:40.441397,03:22:40.447638,03:22:40.001507,03:22:40.001612,03:22:39.997428
5,rejected,03:22:41.639501,03:22:41.639501,03:22:41.639958,03:22:41.639958,03:22:41.641455,03:22:41.641455,03:22:41.643247,03:22:41.643247,03:22:41.659772,03:22:41.659818,03:22:41.676288,03:22:41.679647,03:22:42.076443,03:22:42.076475,03:22:42.082512,03:22:42.088229,03:22:42.093734,03:22:41.644597,03:22:41.644683,03:22:41.640689
5,rejected,03:22:43.224487,03:22:43.224487,03:22:43.224853,03:22:43.224853,03:22:43.226151,03:22:43.226151,03:22:43.228074,03:22:43.228074,03:22:43.242002,03:22:43.242034,03:22:43.268036,03:22:43.271128,03:22:43.666734,03:22:43.666767,03:22:43.672698,03:22:43.678055,03:22:43.683982,03:22:43.230053,03:22:43.230149,03:22:43.225580
5,rejected,03:22:44.858838,03:22:44.858838,03:22:44.859431,03:22:44.859431,03:22:44.860813,03:22:44.860813,03:22:44.862689,03:22:44.862689,03:22:44.880589,03:22:44.880623,03:22:44.895826,03:22:44.898955,03:22:45.295924,03:22:45.295953,03:22:45.301750,03:22:45.307608,03:22:45.313681,03:22:44.864274,03:22:44.864374,03:22:44.860272
5,rejected,03:22:46.375234,03:22:46.375234,03:22:46.375665,03:22:46.375665,03:22:46.377229,03:22:46.377229,03:22:46.378975,03:22:46.378975,03:22:46.393266,03:22:46.393295,03:22:46.408107,03:22:46.411367,03:22:46.808762,03:22:46.808797,03:22:46.814526,03:22:46.820014,03:22:46.825950,03:22:46.380625,03:22:46.380740,03:22:46.376430
5,rejected,03:22:47.880191,03:22:47.880191,03:22:47.880642,03:22:47.880642,03:22:47.882196,03:22:47.882196,03:22:47.884155,03:22:47.884155,03:22:47.898761,03:22:47.898792,03:22:47.913324,03:22:47.916456,03:22:48.312215,03:22:48.312249,03:22:48.318510,03:22:48.324316,03:22:48.330295,03:22:47.885652,03:22:47.885757,03:22:47.881499
5,rejected,03:22:49.462108,03:22:49.462108,03:22:49.462609,03:22:49.462609,03:22:49.464034,03:22:49.464034,03:22:49.465882,03:22:49.465882,03:22:49.481211,03:22:49.481268,03:22:49.500046,03:22:49.503952,03:22:49.901299,03:22:49.901332,03:22:49.907570,03:22:49.913036,03:22:49.918875,03:22:49.467398,03:22:49.467503,03:22:49.463398
5,rejected,03:22:50.974316,03:22:50.974316,03:22:50.974764,03:22:50.974764,03:22:50.976354,03:22:50.976354,03:22:50.978008,03:22:50.978008,03:22:50.992171,03:22:50.992190,03:22:51.007535,03:22:51.010714,03:22:51.406816,03:22:51.406847,03:22:51.413141,03:22:51.418637,03:22:51.424262,03:22:50.979542,03:22:50.979637,03:22:50.975526
5,rejected,03:22:52.489691,03:22:52.489691,03:22:52.490278,03:22:52.490278,03:22:52.491639,03:22:52.491639,03:22:52.493343,03:22:52.493343,03:22:52.507026,03:22:52.507059,03:22:52.521783,03:22:52.524943,03:22:52.919936,03:22:52.919965,03:22:52.926252,03:22:52.932029,03:22:52.937896,03:22:52.494862,03:22:52.494951,03:22:52.491100
5,rejected,03:22:54.134697,03:22:54.134697,03:22:54.135129,03:22:54.135129,03:22:54.136429,03:22:54.136429,03:22:54.137924,03:22:54.137924,03:22:54.154037,03:22:54.154073,03:22:54.169052,03:22:54.172435,03:22:54.574911,03:22:54.574953,03:22:54.585131,03:22:54.595328,03:22:54.602145,03:22:54.140201,03:22:54.140298,03:22:54.135853
5,rejected,03:22:55.800028,03:22:55.800028,03:22:55.800474,03:22:55.800474,03:22:55.801929,03:22:55.801929,03:22:55.803618,03:22:55.803618,03:22:55.818139,03:22:55.818168,03:22:55.832486,03:22:55.835659,03:22:56.231698,03:22:56.231731,03:22:56.238082,03:22:56.243899,03:22:56.249772,03:22:55.805240,03:22:55.805333,03:22:55.801158
5,rejected,03:22:57.467764,03:22:57.467764,03:22:57.468168,03:22:57.468168,03:22:57.469450,03:22:57.469450,03:22:57.471148,03:22:57.471148,03:22:57.485013,03:22:57.485045,03:22:57.499160,03:22:57.502246,03:22:57.897682,03:22:57.897715,03:22:57.903911,03:22:57.909529,03:22:57.915707,03:22:57.472910,03:22:57.473014,03:22:57.468885
5,rejected,03:22:58.972908,03:22:58.972908,03:22:58.973337,03:22:58.973337,03:22:58.974700,03:22:58.974700,03:22:58.976596,03:22:58.976596,03:22:58.991200,03:22:58.991231,03:22:59.005749,03:22:59.009325,03:22:59.404340,03:22:59.404371,03:22:59.410623,03:22:59.416352,03:22:59.422611,03:22:58.978230,03:22:58.978332,03:22:58.974157
5,rejected,03:23:00.596417,03:23:00.596417,03:23:00.596804,03:23:00.596804,03:23:00.598389,03:23:00.598389,03:23:00.600173,03:23:00.600173,03:23:00.613675,03:23:00.613706,03:23:00.628143,03:23:00.631327,03:23:01.026629,03:23:01.026662,03:23:01.032897,03:23:01.038281,03:23:01.044269,03:23:00.601674,03:23:00.601762,03:23:00.597593
5,rejected,03:23:02.189423,03:23:02.189423,03:23:02.189884,03:23:02.189884,03:23:02.191230,03:23:02.191230,03:23:02.192973,03:23:02.192973,03:23:02.206993,03:23:02.207023,03:23:02.240794,03:23:02.244098,03:23:02.641944,03:23:02.641974,03:23:02.648450,03:23:02.654232,03:23:02.660186,03:23:02.194861,03:23:02.194952,03:23:02.190647
5,rejected,03:23:03.806335,03:23:03.806335,03:23:03.806743,03:23:03.806743,03:23:03.808100,03:23:03.808100,03:23:03.809607,03:23:03.809607,03:23:03.823445,03:23:03.823472,03:23:03.838563,03:23:03.841708,03:23:04.236236,03:23:04.236268,03:23:04.242613,03:23:04.248094,03:23:04.254163,03:23:03.811610,03:23:03.811748,03:23:03.807516
5,rejected,03:23:05.475223,03:23:05.475223,03:23:05.475808,03:23:05.475808,03:23:05.477384,03:23:05.477384,03:23:05.479208,03:23:05.479208,03:23:05.493616,03:23:05.493644,03:23:05.508414,03:23:05.511453,03:23:05.908314,03:23:05.908345,03:23:05.914856,03:23:05.920631,03:23:05.926378,03:23:05.480322,03:23:05.480506,03:23:05.476736
5,rejected,03:23:06.971866,03:23:06.971866,03:23:06.972324,03:23:06.972324,03:23:06.973801,03:23:06.973801,03:23:06.975326,03:23:06.975326,03:23:06.990008,03:23:06.990036,03:23:07.005143,03:23:07.008303,03:23:07.403744,03:23:07.403802,03:23:07.410281,03:23:07.416187,03:23:07.422264,03:23:06.977453,03:23:06.977548,03:23:06.973268
5,rejected,03:23:08.566184,03:23:08.566184,03:23:08.566560,03:23:08.566560,03:23:08.567797,03:23:08.567797,03:23:08.569732,03:23:08.569732,03:23:08.584262,03:23:08.584300,03:23:08.598547,03:23:08.601629,03:23:08.996291,03:23:08.996322,03:23:09.002657,03:23:09.008592,03:23:09.014633,03:23:08.571501,03:23:08.571601,03:23:08.567253
5,rejected,03:23:10.144590,03:23:10.144590,03:23:10.145064,03:23:10.145064,03:23:10.146656,03:23:10.146656,03:23:10.148476,03:23:10.148476,03:23:10.162676,03:23:10.162716,03:23:10.181920,03:23:10.186730,03:23:10.583204,03:23:10.583241,03:23:10.589286,03:23:10.595177,03:23:10.600963,03:23:10.150283,03:23:10.150406,03:23:10.145839
5,rejected,03:23:11.799628,03:23:11.799628,03:23:11.800185,03:23:11.800185,03:23:11.801630,03:23:11.801630,03:23:11.803302,03:23:11.803302,03:23:11.817124,03:23:11.817157,03:23:11.831465,03:23:11.834520,03:23:12.230431,03:23:12.230462,03:23:12.236601,03:23:12.242115,03:23:12.247726,03:23:11.804744,03:23:11.804855,03:23:11.800978
5,rejected,03:23:13.314960,03:23:13.314960,03:23:13.315390,03:23:13.315390,03:23:13.316735,03:23:13.316735,03:23:13.318171,03:23:13.318171,03:23:13.331919,03:23:13.331946,03:23:13.346207,03:23:13.349388,03:23:13.745420,03:23:13.745453,03:23:13.751743,03:23:13.757281,03:23:13.763006,03:23:13.320585,03:23:13.320680,03:23:13.316133
5,rejected,03:23:14.996237,03:23:14.996237,03:23:14.996689,03:23:14.996689,03:23:14.998275,03:23:14.998275,03:23:14.999756,03:23:14.999756,03:23:15.014550,03:23:15.014582,03:23:15.028712,03:23:15.031771,03:23:15.426238,03:23:15.426268,03:23:15.432179,03:23:15.438038,03:23:15.444109,03:23:15.001530,03:23:15.001661,03:23:14.997455
5,rejected,03:23:16.577961,03:23:16.577961,03:23:16.578602,03:23:16.578602,03:23:16.580135,03:23:16.580135,03:23:16.582027,03:23:16.582027,03:23:16.600212,03:23:16.600256,03:23:16.615070,03:23:16.618652,03:23:17.015207,03:23:17.015240,03:23:17.021745,03:23:17.027554,03:23:17.033223,03:23:16.583348,03:23:16.583462,03:23:16.579478
5,rejected,03:23:18.268398,03:23:18.268398,03:23:18.268867,03:23:18.268867,03:23:18.270214,03:23:18.270214,03:23:18.271818,03:23:18.271818,03:23:18.285695,03:23:18.285725,03:23:18.301497,03:23:18.304843,03:23:18.702462,03:23:18.702492,03:23:18.708559,03:23:18.714653,03:23:18.721239,03:23:18.274045,03:23:18.274142,03:23:18.269624
5,rejected,03:23:19.867122,03:23:19.867122,03:23:19.867679,03:23:19.867679,03:23:19.869020,03:23:19.869020,03:23:19.870758,03:23:19.870758,03:23:19.884487,03:23:19.884523,03:23:19.899444,03:23:19.902766,03:23:20.297341,03:23:20.297374,03:23:20.303584,03:23:20.309179,03:23:20.315092,03:23:19.872231,03:23:19.872333,03:23:19.868445
5,rejected,03:23:21.392332,03:23:21.392332,03:23:21.392746,03:23:21.392746,03:23:21.394408,03:23:21.394408,03:23:21.396027,03:23:21.396027,03:23:21.409728,03:23:21.409756,03:23:21.435361,03:23:21.438562,03:23:21.834088,03:23:21.834118,03:23:21.840311,03:23:21.845812,03:23:21.852091,03:23:21.397650,03:23:21.397777,03:23:21.393749
5,rejected,03:23:23.038491,03:23:23.038491,03:23:23.038917,03:23:23.038917,03:23:23.040439,03:23:23.040439,03:23:23.042105,03:23:23.042105,03:23:23.056107,03:23:23.056137,03:23:23.071268,03:23:23.074456,03:23:23.471019,03:23:23.471051,03:23:23.477337,03:23:23.483469,03:23:23.489749,03:23:23.043720,03:23:23.043808,03:23:23.039663
5,rejected,03:23:24.615158,03:23:24.615158,03:23:24.615974,03:23:24.615974,03:23:24.617824,03:23:24.617824,03:23:24.619442,03:23:24.619442,03:23:24.635308,03:23:24.635361,03:23:24.654040,03:23:24.657771,03:23:25.054432,03:23:25.054463,03:23:25.060869,03:23:25.066528,03:23:25.073156,03:23:24.620217,03:23:24.620341,03:23:24.617131
5,rejected,03:23:26.223693,03:23:26.223693,03:23:26.224158,03:23:26.224158,03:23:26.225784,03:23:26.225784,03:23:26.227353,03:23:26.227353,03:23:26.243341,03:23:26.243399,03:23:26.262384,03:23:26.266185,03:23:26.663024,03:23:26.663058,03:23:26.669367,03:23:26.675407,03:23:26.681739,03:23:26.228923,03:23:26.229018,03:23:26.224936
5,rejected,03:23:27.737523,03:23:27.737523,03:23:27.737945,03:23:27.737945,03:23:27.739463,03:23:27.739463,03:23:27.741107,03:23:27.741107,03:23:27.756198,03:23:27.756236,03:23:27.770975,03:23:27.774154,03:23:28.169031,03:23:28.169064,03:23:28.175350,03:23:28.181305,03:23:28.186954,03:23:27.742799,03:23:27.742904,03:23:27.738691
5,rejected,03:23:29.415598,03:23:29.415598,03:23:29.416162,03:23:29.416162,03:23:29.417577,03:23:29.417577,03:23:29.419010,03:23:29.419010,03:23:29.433913,03:23:29.433943,03:23:29.448821,03:23:29.452095,03:23:29.848947,03:23:29.848977,03:23:29.855297,03:23:29.860902,03:23:29.866877,03:23:29.420857,03:23:29.420954,03:23:29.416991
5,rejected,03:23:30.924116,03:23:30.924116,03:23:30.924678,03:23:30.924678,03:23:30.926104,03:23:30.926104,03:23:30.927696,03:23:30.927696,03:23:30.943495,03:23:30.943529,03:23:30.958190,03:23:30.961245,03:23:31.357077,03:23:31.357109,03:23:31.363037,03:23:31.368784,03:23:31.374822,03:23:30.929139,03:23:30.929230,03:23:30.925506
5,rejected,03:23:32.585804,03:23:32.585804,03:23:32.586254,03:23:32.586254,03:23:32.587764,03:23:32.587764,03:23:32.589485,03:23:32.589485,03:23:32.606562,03:23:32.606594,03:23:32.621343,03:23:32.624885,03:23:33.020652,03:23:33.020683,03:23:33.027097,03:23:33.033210,03:23:33.040372,03:23:32.591102,03:23:32.591224,03:23:32.587006
5,rejected,03:23:34.188294,03:23:34.188294,03:23:34.188872,03:23:34.188872,03:23:34.190390,03:23:34.190390,03:23:34.192177,03:23:34.192177,03:23:34.206373,03:23:34.206416,03:23:34.226478,03:23:34.229896,03:23:34.635704,03:23:34.635758,03:23:34.643835,03:23:34.651329,03:23:34.659771,03:23:34.193669,03:23:34.193777,03:23:34.189701
6,rejected,03:23:35.862419,03:23:35.862419,03:23:35.862828,03:23:35.862828,03:23:35.864293,03:23:35.864293,03:23:35.866024,03:23:35.866024,03:23:35.879903,03:23:35.879930,03:23:35.895129,03:23:35.898502,03:23:36.294138,03:23:36.294171,03:23:36.300224,03:23:36.305852,03:23:36.311987,03:23:35.868679,03:23:35.868772,03:23:35.863633
6,rejected,03:23:37.451111,03:23:37.451111,03:23:37.451602,03:23:37.451602,03:23:37.452966,03:23:37.452966,03:23:37.454635,03:23:37.454635,03:23:37.469454,03:23:37.469482,03:23:37.484142,03:23:37.487260,03:23:37.883113,03:23:37.883141,03:23:37.889356,03:23:37.894909,03:23:37.900487,03:23:37.457324,03:23:37.457421,03:23:37.452387
6,rejected,03:23:39.134446,03:23:39.134446,03:23:39.134883,03:23:39.134883,03:23:39.136131,03:23:39.136131,03:23:39.137570,03:23:39.137570,03:23:39.152181,03:23:39.152221,03:23:39.168084,03:23:39.171388,03:23:39.568555,03:23:39.568587,03:23:39.574646,03:23:39.580345,03:23:39.586320,03:23:39.141140,03:23:39.141244,03:23:39.135597
6,rejected,03:23:40.732244,03:23:40.732244,03:23:40.732658,03:23:40.732658,03:23:40.734213,03:23:40.734213,03:23:40.735866,03:23:40.735866,03:23:40.758122,03:23:40.758159,03:23:40.781830,03:23:40.784999,03:23:41.181511,03:23:41.181557,03:23:41.188216,03:23:41.193735,03:23:41.199749,03:23:40.738478,03:23:40.738590,03:23:40.733397
6,rejected,03:23:42.295520,03:23:42.295520,03:23:42.296019,03:23:42.296019,03:23:42.297368,03:23:42.297368,03:23:42.299342,03:23:42.299342,03:23:42.361806,03:23:42.361849,03:23:42.378811,03:23:42.381923,03:23:42.776743,03:23:42.776774,03:23:42.783226,03:23:42.788820,03:23:42.794854,03:23:42.301845,03:23:42.301940,03:23:42.296844
6,rejected,03:23:43.945625,03:23:43.945625,03:23:43.946108,03:23:43.946108,03:23:43.947645,03:23:43.947645,03:23:43.949072,03:23:43.949072,03:23:43.999777,03:23:43.999820,03:23:44.015935,03:23:44.019020,03:23:44.414906,03:23:44.414937,03:23:44.422490,03:23:44.431343,03:23:44.438210,03:23:43.951778,03:23:43.951880,03:23:43.946997
6,rejected,03:23:45.511557,03:23:45.511557,03:23:45.512090,03:23:45.512090,03:23:45.513377,03:23:45.513377,03:23:45.515063,03:23:45.515063,03:23:45.567683,03:23:45.567722,03:23:45.582485,03:23:45.585706,03:23:45.980887,03:23:45.980917,03:23:45.987384,03:23:45.993094,03:23:45.998728,03:23:45.517837,03:23:45.517937,03:23:45.512856
6,rejected,03:23:47.154002,03:23:47.154002,03:23:47.154456,03:23:47.154456,03:23:47.155829,03:23:47.155829,03:23:47.157530,03:23:47.157530,03:23:47.213986,03:23:47.214030,03:23:47.229258,03:23:47.232680,03:23:47.627702,03:23:47.627733,03:23:47.633874,03:23:47.639795,03:23:47.645425,03:23:47.160158,03:23:47.160252,03:23:47.155285
6,rejected,03:23:48.926853,03:23:48.926853,03:23:48.927411,03:23:48.927411,03:23:48.928818,03:23:48.928818,03:23:48.930427,03:23:48.930427,03:23:48.976782,03:23:48.976816,03:23:48.990954,03:23:48.994019,03:23:49.389041,03:23:49.389072,03:23:49.395878,03:23:49.401674,03:23:49.407785,03:23:48.933371,03:23:48.933506,03:23:48.928272
6,rejected,03:23:50.699707,03:23:50.699707,03:23:50.700265,03:23:50.700265,03:23:50.701791,03:23:50.701791,03:23:50.703495,03:23:50.703495,03:23:50.733836,03:23:50.733873,03:23:50.748506,03:23:50.751928,03:23:51.148532,03:23:51.148567,03:23:51.154674,03:23:51.160492,03:23:51.166292,03:23:50.705778,03:23:50.705883,03:23:50.701073
6,rejected,03:23:52.370651,03:23:52.370651,03:23:52.371223,03:23:52.371223,03:23:52.372978,03:23:52.372978,03:23:52.374738,03:23:52.374738,03:23:52.419179,03:23:52.419225,03:23:52.434217,03:23:52.437290,03:23:52.832210,03:23:52.832249,03:23:52.838647,03:23:52.845067,03:23:52.851425,03:23:52.377087,03:23:52.377195,03:23:52.372117
6,rejected,03:23:54.115212,03:23:54.115212,03:23:54.115702,03:23:54.115702,03:23:54.117076,03:23:54.117076,03:23:54.118585,03:23:54.118585,03:23:54.157551,03:23:54.157589,03:23:54.171319,03:23:54.174394,03:23:54.576141,03:23:54.576186,03:23:54.587199,03:23:54.595051,03:23:54.605366,03:23:54.121805,03:23:54.121915,03:23:54.116511
6,rejected,03:23:55.672706,03:23:55.672706,03:23:55.673156,03:23:55.673156,03:23:55.674613,03:23:55.674613,03:23:55.676255,03:23:55.676255,03:23:55.699075,03:23:55.699126,03:23:55.716266,03:23:55.719450,03:23:56.114675,03:23:56.114708,03:23:56.121216,03:23:56.126816,03:23:56.132551,03:23:55.679180,03:23:55.679636,03:23:55.674035
6,rejected,03:23:57.186276,03:23:57.186276,03:23:57.186754,03:23:57.186754,03:23:57.188137,03:23:57.188137,03:23:57.190027,03:23:57.190027,03:23:57.204658,03:23:57.204688,03:23:57.219334,03:23:57.222361,03:23:57.618314,03:23:57.618346,03:23:57.624508,03:23:57.629817,03:23:57.635786,03:23:57.192549,03:23:57.192646,03:23:57.187588
6,rejected,03:23:58.700666,03:23:58.700666,03:23:58.701241,03:23:58.701241,03:23:58.702590,03:23:58.702590,03:23:58.704270,03:23:58.704270,03:23:58.719099,03:23:58.719130,03:23:58.733032,03:23:58.736148,03:23:59.131553,03:23:59.131588,03:23:59.137798,03:23:59.143482,03:23:59.149604,03:23:58.707259,03:23:58.707372,03:23:58.702049
6,rejected,03:24:00.225283,03:24:00.225283,03:24:00.225675,03:24:00.225675,03:24:00.226994,03:24:00.226994,03:24:00.228908,03:24:00.228908,03:24:00.242954,03:24:00.242988,03:24:00.269395,03:24:00.272554,03:24:00.668801,03:24:00.668832,03:24:00.674900,03:24:00.680747,03:24:00.686477,03:24:00.231767,03:24:00.231864,03:24:00.226423
6,rejected,03:24:01.809630,03:24:01.809630,03:24:01.810011,03:24:01.810011,03:24:01.811597,03:24:01.811597,03:24:01.813323,03:24:01.813323,03:24:01.827246,03:24:01.827272,03:24:01.843326,03:24:01.846614,03:24:02.242038,03:24:02.242069,03:24:02.248627,03:24:02.254676,03:24:02.260296,03:24:01.815962,03:24:01.816053,03:24:01.810790
6,rejected,03:24:03.320658,03:24:03.320658,03:24:03.321108,03:24:03.321108,03:24:03.322789,03:24:03.322789,03:24:03.324414,03:24:03.324414,03:24:03.337980,03:24:03.338009,03:24:03.354814,03:24:03.358231,03:24:03.755095,03:24:03.755130,03:24:03.761377,03:24:03.767142,03:24:03.773240,03:24:03.326824,03:24:03.326925,03:24:03.321920
6,rejected,03:24:05.048969,03:24:05.048969,03:24:05.049387,03:24:05.049387,03:24:05.051072,03:24:05.051072,03:24:05.052540,03:24:05.052540,03:24:05.066379,03:24:05.066408,03:24:05.080488,03:24:05.083612,03:24:05.478412,03:24:05.478443,03:24:05.484659,03:24:05.490007,03:24:05.495584,03:24:05.055157,03:24:05.055268,03:24:05.050182
6,rejected,03:24:06.706618,03:24:06.706618,03:24:06.707084,03:24:06.707084,03:24:06.708605,03:24:06.708605,03:24:06.710445,03:24:06.710445,03:24:06.726822,03:24:06.726853,03:24:06.741604,03:24:06.744863,03:24:07.142622,03:24:07.142658,03:24:07.148775,03:24:07.154392,03:24:07.159950,03:24:06.712914,03:24:06.713027,03:24:06.707943
6,rejected,03:24:08.215275,03:24:08.215275,03:24:08.215781,03:24:08.215781,03:24:08.217307,03:24:08.217307,03:24:08.219007,03:24:08.219007,03:24:08.232722,03:24:08.232746,03:24:08.247092,03:24:08.250361,03:24:08.645022,03:24:08.645055,03:24:08.651233,03:24:08.656970,03:24:08.662799,03:24:08.221510,03:24:08.221599,03:24:08.216576
6,rejected,03:24:09.718569,03:24:09.718569,03:24:09.719155,03:24:09.719155,03:24:09.720479,03:24:09.720479,03:24:09.722208,03:24:09.722208,03:24:09.735897,03:24:09.735932,03:24:09.750673,03:24:09.753774,03:24:10.148919,03:24:10.148951,03:24:10.155146,03:24:10.161008,03:24:10.166620,03:24:09.724672,03:24:09.724773,03:24:09.719942
6,rejected,03:24:11.226754,03:24:11.226754,03:24:11.227213,03:24:11.227213,03:24:11.228756,03:24:11.228756,03:24:11.230412,03:24:11.230412,03:24:11.246554,03:24:11.246599,03:24:11.264744,03:24:11.268068,03:24:11.665771,03:24:11.665804,03:24:11.672074,03:24:11.678002,03:24:11.683861,03:24:11.232768,03:24:11.232859,03:24:11.227965
6,rejected,03:24:12.834578,03:24:12.834578,03:24:12.835038,03:24:12.835038,03:24:12.836446,03:24:12.836446,03:24:12.838217,03:24:12.838217,03:24:12.852288,03:24:12.852320,03:24:12.866817,03:24:12.869822,03:24:13.264329,03:24:13.264362,03:24:13.270572,03:24:13.276583,03:24:13.282190,03:24:12.841286,03:24:12.841393,03:24:12.835802
6,rejected,03:24:14.427108,03:24:14.427108,03:24:14.427621,03:24:14.427621,03:24:14.429307,03:24:14.429307,03:24:14.431308,03:24:14.431308,03:24:14.446000,03:24:14.446044,03:24:14.463927,03:24:14.468437,03:24:14.871157,03:24:14.871189,03:24:14.877414,03:24:14.883677,03:24:14.889552,03:24:14.433724,03:24:14.433845,03:24:14.428539
6,rejected,03:24:15.949264,03:24:15.949264,03:24:15.949685,03:24:15.949685,03:24:15.951089,03:24:15.951089,03:24:15.952714,03:24:15.952714,03:24:15.967434,03:24:15.967461,03:24:15.981785,03:24:15.984994,03:24:16.381791,03:24:16.381823,03:24:16.388193,03:24:16.393922,03:24:16.399656,03:24:15.955450,03:24:15.955552,03:24:15.950482
6,rejected,03:24:17.525031,03:24:17.525031,03:24:17.525405,03:24:17.525405,03:24:17.526702,03:24:17.526702,03:24:17.528556,03:24:17.528556,03:24:17.542706,03:24:17.542735,03:24:17.557110,03:24:17.560169,03:24:17.953799,03:24:17.953830,03:24:17.960072,03:24:17.965948,03:24:17.971367,03:24:17.531331,03:24:17.531422,03:24:17.526138
6,rejected,03:24:19.119707,03:24:19.119707,03:24:19.120154,03:24:19.120154,03:24:19.121501,03:24:19.121501,03:24:19.123080,03:24:19.123080,03:24:19.138527,03:24:19.138589,03:24:19.170195,03:24:19.173871,03:24:19.569561,03:24:19.569594,03:24:19.575720,03:24:19.581023,03:24:19.586536,03:24:19.125944,03:24:19.126041,03:24:19.120906
6,rejected,03:24:20.711497,03:24:20.711497,03:24:20.711922,03:24:20.711922,03:24:20.713147,03:24:20.713147,03:24:20.714679,03:24:20.714679,03:24:20.729096,03:24:20.729124,03:24:20.744001,03:24:20.747152,03:24:21.141737,03:24:21.141767,03:24:21.147724,03:24:21.153589,03:24:21.159323,03:24:20.717880,03:24:20.718073,03:24:20.712635
6,rejected,03:24:22.312435,03:24:22.312435,03:24:22.312930,03:24:22.312930,03:24:22.314216,03:24:22.314216,03:24:22.315965,03:24:22.315965,03:24:22.329513,03:24:22.329545,03:24:22.344542,03:24:22.347780,03:24:22.743404,03:24:22.743434,03:24:22.749978,03:24:22.755458,03:24:22.761232,03:24:22.318584,03:24:22.318678,03:24:22.313676
6,rejected,03:24:23.965878,03:24:23.965878,03:24:23.966382,03:24:23.966382,03:24:23.967687,03:24:23.967687,03:24:23.969216,03:24:23.969216,03:24:23.982821,03:24:23.982853,03:24:23.997137,03:24:24.000300,03:24:24.395058,03:24:24.395091,03:24:24.401787,03:24:24.408206,03:24:24.414658,03:24:23.972202,03:24:23.972299,03:24:23.967145
6,rejected,03:24:25.560417,03:24:25.560417,03:24:25.560856,03:24:25.560856,03:24:25.562194,03:24:25.562194,03:24:25.563991,03:24:25.563991,03:24:25.578018,03:24:25.578050,03:24:25.592654,03:24:25.596032,03:24:25.990757,03:24:25.990787,03:24:25.996774,03:24:26.002512,03:24:26.008658,03:24:25.566941,03:24:25.567049,03:24:25.561588
6,rejected,03:24:27.114773,03:24:27.114773,03:24:27.115258,03:24:27.115258,03:24:27.116659,03:24:27.116659,03:24:27.118520,03:24:27.118520,03:24:27.132922,03:24:27.132970,03:24:27.148661,03:24:27.152258,03:24:27.551045,03:24:27.551076,03:24:27.557281,03:24:27.562871,03:24:27.568582,03:24:27.121031,03:24:27.121125,03:24:27.116028
6,rejected,03:24:28.721861,03:24:28.721861,03:24:28.722523,03:24:28.722523,03:24:28.724115,03:24:28.724115,03:24:28.725771,03:24:28.725771,03:24:28.739365,03:24:28.739394,03:24:28.753611,03:24:28.756993,03:24:29.152420,03:24:29.152452,03:24:29.158520,03:24:29.164349,03:24:29.170186,03:24:28.728548,03:24:28.728643,03:24:28.723287
6,rejected,03:24:30.379062,03:24:30.379062,03:24:30.379492,03:24:30.379492,03:24:30.380930,03:24:30.380930,03:24:30.382752,03:24:30.382752,03:24:30.397028,03:24:30.397057,03:24:30.411841,03:24:30.415745,03:24:30.811040,03:24:30.811074,03:24:30.817754,03:24:30.823286,03:24:30.829064,03:24:30.385298,03:24:30.385389,03:24:30.380299
6,rejected,03:24:31.906272,03:24:31.906272,03:24:31.906814,03:24:31.906814,03:24:31.908276,03:24:31.908276,03:24:31.909929,03:24:31.909929,03:24:31.923561,03:24:31.923590,03:24:31.937599,03:24:31.940762,03:24:32.336104,03:24:32.336138,03:24:32.342815,03:24:32.348751,03:24:32.354574,03:24:31.912461,03:24:31.912550,03:24:31.907569
6,rejected,03:24:33.560660,03:24:33.560660,03:24:33.561121,03:24:33.561121,03:24:33.562520,03:24:33.562520,03:24:33.564278,03:24:33.564278,03:24:33.578173,03:24:33.578204,03:24:33.592330,03:24:33.595436,03:24:33.989437,03:24:33.989468,03:24:33.995336,03:24:34.000636,03:24:34.006673,03:24:33.566885,03:24:33.566989,03:24:33.561929
6,rejected,03:24:35.122927,03:24:35.122927,03:24:35.123365,03:24:35.123365,03:24:35.125464,03:24:35.125464,03:24:35.127524,03:24:35.127524,03:24:35.142116,03:24:35.142172,03:24:35.160973,03:24:35.164768,03:24:35.560460,03:24:35.560491,03:24:35.566500,03:24:35.572363,03:24:35.578366,03:24:35.129719,03:24:35.129833,03:24:35.124424
6,rejected,03:24:36.732580,03:24:36.732580,03:24:36.733039,03:24:36.733039,03:24:36.734454,03:24:36.734454,03:24:36.736166,03:24:36.736166,03:24:36.750983,03:24:36.751018,03:24:36.765514,03:24:36.768716,03:24:37.164953,03:24:37.164983,03:24:37.171813,03:24:37.177702,03:24:37.183273,03:24:36.738858,03:24:36.738954,03:24:36.733794
6,rejected,03:24:38.339343,03:24:38.339343,03:24:38.339962,03:24:38.339962,03:24:38.341504,03:24:38.341504,03:24:38.343281,03:24:38.343281,03:24:38.357179,03:24:38.357210,03:24:38.381509,03:24:38.384591,03:24:38.780005,03:24:38.780063,03:24:38.786752,03:24:38.792322,03:24:38.797817,03:24:38.345516,03:24:38.345606,03:24:38.340869
6,rejected,03:24:39.948601,03:24:39.948601,03:24:39.949045,03:24:39.949045,03:24:39.950343,03:24:39.950343,03:24:39.952139,03:24:39.952139,03:24:39.965922,03:24:39.965949,03:24:39.981329,03:24:39.984908,03:24:40.379701,03:24:40.379732,03:24:40.385991,03:24:40.391810,03:24:40.397745,03:24:39.954930,03:24:39.955035,03:24:39.949810
6,rejected,03:24:41.548318,03:24:41.548318,03:24:41.548785,03:24:41.548785,03:24:41.550148,03:24:41.550148,03:24:41.551897,03:24:41.551897,03:24:41.565893,03:24:41.565927,03:24:41.580944,03:24:41.584167,03:24:41.979400,03:24:41.979432,03:24:41.985418,03:24:41.991231,03:24:41.996847,03:24:41.554642,03:24:41.554753,03:24:41.549536
6,rejected,03:24:43.134227,03:24:43.134227,03:24:43.134800,03:24:43.134800,03:24:43.136322,03:24:43.136322,03:24:43.137961,03:24:43.137961,03:24:43.151640,03:24:43.151676,03:24:43.167627,03:24:43.170909,03:24:43.565619,03:24:43.565650,03:24:43.572062,03:24:43.578035,03:24:43.583746,03:24:43.140334,03:24:43.140448,03:24:43.135609
6,rejected,03:24:44.725185,03:24:44.725185,03:24:44.725794,03:24:44.725794,03:24:44.727230,03:24:44.727230,03:24:44.728873,03:24:44.728873,03:24:44.742779,03:24:44.742825,03:24:44.759292,03:24:44.762532,03:24:45.157748,03:24:45.157783,03:24:45.164395,03:24:45.170419,03:24:45.175934,03:24:44.731761,03:24:44.731875,03:24:44.726604
6,rejected,03:24:46.315433,03:24:46.315433,03:24:46.315990,03:24:46.315990,03:24:46.317503,03:24:46.317503,03:24:46.319202,03:24:46.319202,03:24:46.332739,03:24:46.332767,03:24:46.346788,03:24:46.349956,03:24:46.747511,03:24:46.747556,03:24:46.754376,03:24:46.760547,03:24:46.766976,03:24:46.321584,03:24:46.321681,03:24:46.316825
6,rejected,03:24:47.973705,03:24:47.973705,03:24:47.974130,03:24:47.974130,03:24:47.975629,03:24:47.975629,03:24:47.977199,03:24:47.977199,03:24:47.993307,03:24:47.993355,03:24:48.011235,03:24:48.014464,03:24:48.412127,03:24:48.412160,03:24:48.418886,03:24:48.424581,03:24:48.430177,03:24:47.980360,03:24:47.980510,03:24:47.974848
6,rejected,03:24:49.491071,03:24:49.491071,03:24:49.491499,03:24:49.491499,03:24:49.493113,03:24:49.493113,03:24:49.494749,03:24:49.494749,03:24:49.512059,03:24:49.512093,03:24:49.526063,03:24:49.529188,03:24:49.923813,03:24:49.923847,03:24:49.930094,03:24:49.935630,03:24:49.941573,03:24:49.497424,03:24:49.497527,03:24:49.492265
6,rejected,03:24:51.087610,03:24:51.087610,03:24:51.088142,03:24:51.088142,03:24:51.089638,03:24:51.089638,03:24:51.091290,03:24:51.091290,03:24:51.105362,03:24:51.105395,03:24:51.119733,03:24:51.122871,03:24:51.518353,03:24:51.518386,03:24:51.524620,03:24:51.529981,03:24:51.536459,03:24:51.094136,03:24:51.094278,03:24:51.088982
6,rejected,03:24:52.597680,03:24:52.597680,03:24:52.598164,03:24:52.598164,03:24:52.599869,03:24:52.599869,03:24:52.601631,03:24:52.601631,03:24:52.615231,03:24:52.615262,03:24:52.629955,03:24:52.633616,03:24:53.029666,03:24:53.029698,03:24:53.036015,03:24:53.041850,03:24:53.047751,03:24:52.604253,03:24:52.604352,03:24:52.598933
6,rejected,03:24:54.189123,03:24:54.189123,03:24:54.189605,03:24:54.189605,03:24:54.190893,03:24:54.190893,03:24:54.192795,03:24:54.192795,03:24:54.207692,03:24:54.207723,03:24:54.222083,03:24:54.225221,03:24:54.625486,03:24:54.625537,03:24:54.638442,03:24:54.650077,03:24:54.659307,03:24:54.195664,03:24:54.195762,03:24:54.190352
6,rejected,03:24:55.884802,03:24:55.884802,03:24:55.885268,03:24:55.885268,03:24:55.886589,03:24:55.886589,03:24:55.888496,03:24:55.888496,03:24:55.902304,03:24:55.902334,03:24:55.916515,03:24:55.919587,03:24:56.314450,03:24:56.314482,03:24:56.320593,03:24:56.326599,03:24:56.332356,03:24:55.891154,03:24:55.891248,03:24:55.886011
6,rejected,03:24:57.574123,03:24:57.574123,03:24:57.574698,03:24:57.574698,03:24:57.576118,03:24:57.576118,03:24:57.577565,03:24:57.577565,03:24:57.591210,03:24:57.591241,03:24:57.616147,03:24:57.619240,03:24:58.014836,03:24:58.014868,03:24:58.021053,03:24:58.026661,03:24:58.033249,03:24:57.580315,03:24:57.580410,03:24:57.575517
6,rejected,03:24:59.173126,03:24:59.173126,03:24:59.173637,03:24:59.173637,03:24:59.175014,03:24:59.175014,03:24:59.176458,03:24:59.176458,03:24:59.190149,03:24:59.190181,03:24:59.206388,03:24:59.209514,03:24:59.605015,03:24:59.605049,03:24:59.611212,03:24:59.616689,03:24:59.622729,03:24:59.179320,03:24:59.179421,03:24:59.174470
6,rejected,03:25:00.804746,03:25:00.804746,03:25:00.805231,03:25:00.805231,03:25:00.806525,03:25:00.806525,03:25:00.808329,03:25:00.808329,03:25:00.824296,03:25:00.824357,03:25:00.843418,03:25:00.846867,03:25:01.244531,03:25:01.244563,03:25:01.250852,03:25:01.256612,03:25:01.262373,03:25:00.811123,03:25:00.811247,03:25:00.805977
6,rejected,03:25:02.506506,03:25:02.506506,03:25:02.506962,03:25:02.506962,03:25:02.508483,03:25:02.508483,03:25:02.510076,03:25:02.510076,03:25:02.523736,03:25:02.523766,03:25:02.538457,03:25:02.542007,03:25:02.936575,03:25:02.936606,03:25:02.942650,03:25:02.948498,03:25:02.954301,03:25:02.513001,03:25:02.513121,03:25:02.507697
6,rejected,03:25:04.042341,03:25:04.042341,03:25:04.042805,03:25:04.042805,03:25:04.044145,03:25:04.044145,03:25:04.046030,03:25:04.046030,03:25:04.059875,03:25:04.059908,03:25:04.074612,03:25:04.077724,03:25:04.473937,03:25:04.473976,03:25:04.482337,03:25:04.489070,03:25:04.495745,03:25:04.048728,03:25:04.048837,03:25:04.043558
6,rejected,03:25:05.656382,03:25:05.656382,03:25:05.656937,03:25:05.656937,03:25:05.658238,03:25:05.658238,03:25:05.659882,03:25:05.659882,03:25:05.673802,03:25:05.673830,03:25:05.688585,03:25:05.692126,03:25:06.087949,03:25:06.087982,03:25:06.094619,03:25:06.100740,03:25:06.106786,03:25:05.663032,03:25:05.663130,03:25:05.657718
6,rejected,03:25:07.266281,03:25:07.266281,03:25:07.266762,03:25:07.266762,03:25:07.268421,03:25:07.268421,03:25:07.270079,03:25:07.270079,03:25:07.283872,03:25:07.283901,03:25:07.297954,03:25:07.301044,03:25:07.696216,03:25:07.696246,03:25:07.702188,03:25:07.707929,03:25:07.713794,03:25:07.272656,03:25:07.272759,03:25:07.267532
6,rejected,03:25:08.952506,03:25:08.952506,03:25:08.952911,03:25:08.952911,03:25:08.954443,03:25:08.954443,03:25:08.956035,03:25:08.956035,03:25:08.969834,03:25:08.969863,03:25:08.984570,03:25:08.988012,03:25:09.383540,03:25:09.383571,03:25:09.389662,03:25:09.395411,03:25:09.401051,03:25:08.958677,03:25:08.958796,03:25:08.953622
6,rejected,03:25:10.615548,03:25:10.615548,03:25:10.616117,03:25:10.616117,03:25:10.617665,03:25:10.617665,03:25:10.619409,03:25:10.619409,03:25:10.633960,03:25:10.633992,03:25:10.648715,03:25:10.652118,03:25:11.047747,03:25:11.047780,03:25:11.053831,03:25:11.059536,03:25:11.065461,03:25:10.621904,03:25:10.621996,03:25:10.616935
6,rejected,03:25:12.125653,03:25:12.125653,03:25:12.126194,03:25:12.126194,03:25:12.127668,03:25:12.127668,03:25:12.129034,03:25:12.129034,03:25:12.143553,03:25:12.143586,03:25:12.158533,03:25:12.161710,03:25:12.557024,03:25:12.557054,03:25:12.563173,03:25:12.568450,03:25:12.574461,03:25:12.131751,03:25:12.131856,03:25:12.126996
6,rejected,03:25:13.720276,03:25:13.720276,03:25:13.720752,03:25:13.720752,03:25:13.722259,03:25:13.722259,03:25:13.724141,03:25:13.724141,03:25:13.739206,03:25:13.739237,03:25:13.760170,03:25:13.764979,03:25:14.161016,03:25:14.161049,03:25:14.167495,03:25:14.173308,03:25:14.179127,03:25:13.726448,03:25:13.726552,03:25:13.721602
6,rejected,03:25:15.356179,03:25:15.356179,03:25:15.356626,03:25:15.356626,03:25:15.358120,03:25:15.358120,03:25:15.359753,03:25:15.359753,03:25:15.373626,03:25:15.373655,03:25:15.388247,03:25:15.391498,03:25:15.785670,03:25:15.785709,03:25:15.791985,03:25:15.797668,03:25:15.803423,03:25:15.362553,03:25:15.362650,03:25:15.357342
6,rejected,03:25:16.953383,03:25:16.953383,03:25:16.953829,03:25:16.953829,03:25:16.955160,03:25:16.955160,03:25:16.956644,03:25:16.956644,03:25:16.970275,03:25:16.970303,03:25:16.994765,03:25:16.997814,03:25:17.392609,03:25:17.392639,03:25:17.398988,03:25:17.404894,03:25:17.410826,03:25:16.959511,03:25:16.959605,03:25:16.954577
6,rejected,03:25:18.572917,03:25:18.572917,03:25:18.573470,03:25:18.573470,03:25:18.574982,03:25:18.574982,03:25:18.576427,03:25:18.576427,03:25:18.591154,03:25:18.591178,03:25:18.607763,03:25:18.610994,03:25:19.005608,03:25:19.005642,03:25:19.011900,03:25:19.017676,03:25:19.023218,03:25:18.579104,03:25:18.579221,03:25:18.574280
6,rejected,03:25:20.161107,03:25:20.161107,03:25:20.161529,03:25:20.161529,03:25:20.162796,03:25:20.162796,03:25:20.164157,03:25:20.164157,03:25:20.177891,03:25:20.177921,03:25:20.192243,03:25:20.195389,03:25:20.591301,03:25:20.591356,03:25:20.597656,03:25:20.603570,03:25:20.609167,03:25:20.167356,03:25:20.167453,03:25:20.162236
6,rejected,03:25:21.814130,03:25:21.814130,03:25:21.814774,03:25:21.814774,03:25:21.816824,03:25:21.816824,03:25:21.818633,03:25:21.818633,03:25:21.833678,03:25:21.833725,03:25:21.850878,03:25:21.854819,03:25:22.251405,03:25:22.251437,03:25:22.258113,03:25:22.264250,03:25:22.270079,03:25:21.820818,03:25:21.820968,03:25:21.816054
6,rejected,03:25:23.339515,03:25:23.339515,03:25:23.339956,03:25:23.339956,03:25:23.341319,03:25:23.341319,03:25:23.342971,03:25:23.342971,03:25:23.357955,03:25:23.357986,03:25:23.372539,03:25:23.375687,03:25:23.771641,03:25:23.771670,03:25:23.777783,03:25:23.783564,03:25:23.789369,03:25:23.345692,03:25:23.345787,03:25:23.340721
6,rejected,03:25:25.003815,03:25:25.003815,03:25:25.004375,03:25:25.004375,03:25:25.005746,03:25:25.005746,03:25:25.007212,03:25:25.007212,03:25:25.021155,03:25:25.021184,03:25:25.036723,03:25:25.040061,03:25:25.436955,03:25:25.436989,03:25:25.443190,03:25:25.448936,03:25:25.455511,03:25:25.010388,03:25:25.010487,03:25:25.005181
6,rejected,03:25:26.591380,03:25:26.591380,03:25:26.591951,03:25:26.591951,03:25:26.593292,03:25:26.593292,03:25:26.594835,03:25:26.594835,03:25:26.608970,03:25:26.609003,03:25:26.623029,03:25:26.626480,03:25:27.022405,03:25:27.022437,03:25:27.028545,03:25:27.034403,03:25:27.040144,03:25:26.597472,03:25:26.597581,03:25:26.592731
6,rejected,03:25:28.180748,03:25:28.180748,03:25:28.181311,03:25:28.181311,03:25:28.182866,03:25:28.182866,03:25:28.184561,03:25:28.184561,03:25:28.201494,03:25:28.201525,03:25:28.217018,03:25:28.220514,03:25:28.615516,03:25:28.615548,03:25:28.621757,03:25:28.627439,03:25:28.633429,03:25:28.187218,03:25:28.187328,03:25:28.182114
6,rejected,03:25:29.789687,03:25:29.789687,03:25:29.790120,03:25:29.790120,03:25:29.791418,03:25:29.791418,03:25:29.792815,03:25:29.792815,03:25:29.807321,03:25:29.807353,03:25:29.821456,03:25:29.824746,03:25:30.220055,03:25:30.220086,03:25:30.226392,03:25:30.232244,03:25:30.238081,03:25:29.796122,03:25:29.796243,03:25:29.790859
6,rejected,03:25:31.380053,03:25:31.380053,03:25:31.380473,03:25:31.380473,03:25:31.382024,03:25:31.382024,03:25:31.383757,03:25:31.383757,03:25:31.397408,03:25:31.397434,03:25:31.411722,03:25:31.415236,03:25:31.811103,03:25:31.811134,03:25:31.817875,03:25:31.825275,03:25:31.831026,03:25:31.386565,03:25:31.386668,03:25:31.381253
6,rejected,03:25:32.900189,03:25:32.900189,03:25:32.900625,03:25:32.900625,03:25:32.901877,03:25:32.901877,03:25:32.903471,03:25:32.903471,03:25:32.918219,03:25:32.918248,03:25:32.935410,03:25:32.940375,03:25:33.337534,03:25:33.337565,03:25:33.343986,03:25:33.349501,03:25:33.355260,03:25:32.906409,03:25:32.906524,03:25:32.901370
6,rejected,03:25:34.493956,03:25:34.493956,03:25:34.494395,03:25:34.494395,03:25:34.495922,03:25:34.495922,03:25:34.497585,03:25:34.497585,03:25:34.511997,03:25:34.512058,03:25:34.532800,03:25:34.537685,03:25:34.943248,03:25:34.943278,03:25:34.949414,03:25:34.954952,03:25:34.960905,03:25:34.500541,03:25:34.500685,03:25:34.495328
6,rejected,03:25:36.112478,03:25:36.112478,03:25:36.112922,03:25:36.112922,03:25:36.114331,03:25:36.114331,03:25:36.115765,03:25:36.115765,03:25:36.130042,03:25:36.130072,03:25:36.155532,03:25:36.159030,03:25:36.554527,03:25:36.554558,03:25:36.560778,03:25:36.566558,03:25:36.572958,03:25:36.118681,03:25:36.118774,03:25:36.113716
6,rejected,03:25:37.726754,03:25:37.726754,03:25:37.727243,03:25:37.727243,03:25:37.728807,03:25:37.728807,03:25:37.730380,03:25:37.730380,03:25:37.744065,03:25:37.744096,03:25:37.833350,03:25:37.836589,03:25:38.231973,03:25:38.232007,03:25:38.238277,03:25:38.244478,03:25:38.250525,03:25:37.732978,03:25:37.733070,03:25:37.727974
6,rejected,03:25:39.454893,03:25:39.454893,03:25:39.455287,03:25:39.455287,03:25:39.456891,03:25:39.456891,03:25:39.458588,03:25:39.458588,03:25:39.473017,03:25:39.473050,03:25:39.488212,03:25:39.491376,03:25:39.886416,03:25:39.886449,03:25:39.892932,03:25:39.898782,03:25:39.904753,03:25:39.461260,03:25:39.461358,03:25:39.456045
6,rejected,03:25:41.048292,03:25:41.048292,03:25:41.048756,03:25:41.048756,03:25:41.050171,03:25:41.050171,03:25:41.051874,03:25:41.051874,03:25:41.065446,03:25:41.065475,03:25:41.081731,03:25:41.085360,03:25:41.483383,03:25:41.483416,03:25:41.489454,03:25:41.494918,03:25:41.500600,03:25:41.054928,03:25:41.055031,03:25:41.049592
6,rejected,03:25:42.568691,03:25:42.568691,03:25:42.569298,03:25:42.569298,03:25:42.570793,03:25:42.570793,03:25:42.572453,03:25:42.572453,03:25:42.586244,03:25:42.586277,03:25:42.600945,03:25:42.604232,03:25:42.999757,03:25:42.999791,03:25:43.005748,03:25:43.011490,03:25:43.017530,03:25:42.574998,03:25:42.575117,03:25:42.570109
6,rejected,03:25:44.090565,03:25:44.090565,03:25:44.091025,03:25:44.091025,03:25:44.092270,03:25:44.092270,03:25:44.093647,03:25:44.093647,03:25:44.107260,03:25:44.107293,03:25:44.122271,03:25:44.125350,03:25:44.522146,03:25:44.522178,03:25:44.529618,03:25:44.538048,03:25:44.546655,03:25:44.097320,03:25:44.097423,03:25:44.091748
6,rejected,03:25:45.882309,03:25:45.882309,03:25:45.882780,03:25:45.882780,03:25:45.884413,03:25:45.884413,03:25:45.886032,03:25:45.886032,03:25:45.900246,03:25:45.900274,03:25:45.914629,03:25:45.917738,03:25:46.313384,03:25:46.313415,03:25:46.319539,03:25:46.325307,03:25:46.335030,03:25:45.888509,03:25:45.888603,03:25:45.883548
6,rejected,03:25:47.486290,03:25:47.486290,03:25:47.486744,03:25:47.486744,03:25:47.487977,03:25:47.487977,03:25:47.489377,03:25:47.489377,03:25:47.502969,03:25:47.503013,03:25:47.518813,03:25:47.522342,03:25:47.917492,03:25:47.917525,03:25:47.923547,03:25:47.929560,03:25:47.935526,03:25:47.492831,03:25:47.492958,03:25:47.487466
6,rejected,03:25:49.005230,03:25:49.005230,03:25:49.005730,03:25:49.005730,03:25:49.007341,03:25:49.007341,03:25:49.008907,03:25:49.008907,03:25:49.023170,03:25:49.023204,03:25:49.037301,03:25:49.040416,03:25:49.436716,03:25:49.436749,03:25:49.443144,03:25:49.448925,03:25:49.454588,03:25:49.011545,03:25:49.011647,03:25:49.006530
6,rejected,03:25:50.522560,03:25:50.522560,03:25:50.523056,03:25:50.523056,03:25:50.524700,03:25:50.524700,03:25:50.526245,03:25:50.526245,03:25:50.540114,03:25:50.540145,03:25:50.554894,03:25:50.558398,03:25:50.953526,03:25:50.953559,03:25:50.959746,03:25:50.965515,03:25:50.971107,03:25:50.529093,03:25:50.529221,03:25:50.523791
6,rejected,03:25:52.180929,03:25:52.180929,03:25:52.181398,03:25:52.181398,03:25:52.182756,03:25:52.182756,03:25:52.184309,03:25:52.184309,03:25:52.198120,03:25:52.198148,03:25:52.213469,03:25:52.216782,03:25:52.614262,03:25:52.614297,03:25:52.620494,03:25:52.626652,03:25:52.632630,03:25:52.187004,03:25:52.187098,03:25:52.182223
6,rejected,03:25:53.681244,03:25:53.681244,03:25:53.681682,03:25:53.681682,03:25:53.683302,03:25:53.683302,03:25:53.685198,03:25:53.685198,03:25:53.699327,03:25:53.699357,03:25:53.714584,03:25:53.717935,03:25:54.112346,03:25:54.112375,03:25:54.118703,03:25:54.124337,03:25:54.130310,03:25:53.687862,03:25:53.687961,03:25:53.682459
6,rejected,03:25:55.236678,03:25:55.236678,03:25:55.237162,03:25:55.237162,03:25:55.238571,03:25:55.238571,03:25:55.240275,03:25:55.240275,03:25:55.254114,03:25:55.254143,03:25:55.268668,03:25:55.271964,03:25:55.667326,03:25:55.667355,03:25:55.673697,03:25:55.678964,03:25:55.684553,03:25:55.242874,03:25:55.243006,03:25:55.237961
6,rejected,03:25:56.748937,03:25:56.748937,03:25:56.749379,03:25:56.749379,03:25:56.750665,03:25:56.750665,03:25:56.752539,03:25:56.752539,03:25:56.767239,03:25:56.767282,03:25:56.790844,03:25:56.794084,03:25:57.191113,03:25:57.191142,03:25:57.197140,03:25:57.202448,03:25:57.207955,03:25:56.755324,03:25:56.755433,03:25:56.750112
6,rejected,03:25:58.439021,03:25:58.439021,03:25:58.439647,03:25:58.439647,03:25:58.441081,03:25:58.441081,03:25:58.442629,03:25:58.442629,03:25:58.457193,03:25:58.457217,03:25:58.473420,03:25:58.476565,03:25:58.873021,03:25:58.873052,03:25:58.879202,03:25:58.884964,03:25:58.890753,03:25:58.445318,03:25:58.445441,03:25:58.440479
6,rejected,03:26:00.044002,03:26:00.044002,03:26:00.044413,03:26:00.044413,03:26:00.046099,03:26:00.046099,03:26:00.047758,03:26:00.047758,03:26:00.062071,03:26:00.062122,03:26:00.080396,03:26:00.084317,03:26:00.480785,03:26:00.480818,03:26:00.487314,03:26:00.494851,03:26:00.500889,03:26:00.050590,03:26:00.050720,03:26:00.045240
6,rejected,03:26:01.630345,03:26:01.630345,03:26:01.630755,03:26:01.630755,03:26:01.631995,03:26:01.631995,03:26:01.633547,03:26:01.633547,03:26:01.647260,03:26:01.647292,03:26:01.662524,03:26:01.665847,03:26:02.061226,03:26:02.061260,03:26:02.067521,03:26:02.073244,03:26:02.079058,03:26:01.636480,03:26:01.636574,03:26:01.631488
6,rejected,03:26:03.151653,03:26:03.151653,03:26:03.152250,03:26:03.152250,03:26:03.153601,03:26:03.153601,03:26:03.155114,03:26:03.155114,03:26:03.168651,03:26:03.168677,03:26:03.183221,03:26:03.186457,03:26:03.582323,03:26:03.582353,03:26:03.588290,03:26:03.593785,03:26:03.599614,03:26:03.157717,03:26:03.157813,03:26:03.153037
6,rejected,03:26:04.666882,03:26:04.666882,03:26:04.667489,03:26:04.667489,03:26:04.669491,03:26:04.669491,03:26:04.671372,03:26:04.671372,03:26:04.686176,03:26:04.686242,03:26:04.713259,03:26:04.721112,03:26:05.123913,03:26:05.123960,03:26:05.132506,03:26:05.140861,03:26:05.149963,03:26:04.673088,03:26:04.673213,03:26:04.668629
6,rejected,03:26:06.222014,03:26:06.222014,03:26:06.222480,03:26:06.222480,03:26:06.223924,03:26:06.223924,03:26:06.225347,03:26:06.225347,03:26:06.242155,03:26:06.242193,03:26:06.257898,03:26:06.261390,03:26:06.656330,03:26:06.656360,03:26:06.662646,03:26:06.668521,03:26:06.674091,03:26:06.228303,03:26:06.228412,03:26:06.223301
6,rejected,03:26:07.748214,03:26:07.748214,03:26:07.748637,03:26:07.748637,03:26:07.749966,03:26:07.749966,03:26:07.751711,03:26:07.751711,03:26:07.765721,03:26:07.765748,03:26:07.779740,03:26:07.782901,03:26:08.177481,03:26:08.177515,03:26:08.183772,03:26:08.189656,03:26:08.195563,03:26:07.754847,03:26:07.754945,03:26:07.749377
6,rejected,03:26:09.263455,03:26:09.263455,03:26:09.263940,03:26:09.263940,03:26:09.265318,03:26:09.265318,03:26:09.267129,03:26:09.267129,03:26:09.281140,03:26:09.281168,03:26:09.295617,03:26:09.298719,03:26:09.695026,03:26:09.695058,03:26:09.701789,03:26:09.707639,03:26:09.713257,03:26:09.269583,03:26:09.269675,03:26:09.264750
6,rejected,03:26:10.779724,03:26:10.779724,03:26:10.780269,03:26:10.780269,03:26:10.781847,03:26:10.781847,03:26:10.783494,03:26:10.783494,03:26:10.797797,03:26:10.797833,03:26:10.812301,03:26:10.815451,03:26:11.211270,03:26:11.211308,03:26:11.217691,03:26:11.223432,03:26:11.229410,03:26:10.786292,03:26:10.786385,03:26:10.781000
6,rejected,03:26:12.298171,03:26:12.298171,03:26:12.298830,03:26:12.298830,03:26:12.300367,03:26:12.300367,03:26:12.302136,03:26:12.302136,03:26:12.317031,03:26:12.317075,03:26:12.334109,03:26:12.337903,03:26:12.735349,03:26:12.735380,03:26:12.741484,03:26:12.747232,03:26:12.753021,03:26:12.304477,03:26:12.304580,03:26:12.299754
6,rejected,03:26:13.831647,03:26:13.831647,03:26:13.832104,03:26:13.832104,03:26:13.833664,03:26:13.833664,03:26:13.835506,03:26:13.835506,03:26:13.849813,03:26:13.849838,03:26:13.864120,03:26:13.867538,03:26:14.264151,03:26:14.264191,03:26:14.270223,03:26:14.275992,03:26:14.281855,03:26:13.837967,03:26:13.838065,03:26:13.832835
7,rejected,03:26:15.458652,03:26:15.458652,03:26:15.459070,03:26:15.459070,03:26:15.460426,03:26:15.460426,03:26:15.461821,03:26:15.461821,03:26:15.476296,03:26:15.476332,03:26:15.499962,03:26:15.503370,03:26:15.900143,03:26:15.900175,03:26:15.906591,03:26:15.912287,03:26:15.917802,03:26:15.466300,03:26:15.466418,03:26:15.459834
7,rejected,03:26:17.130685,03:26:17.130685,03:26:17.131127,03:26:17.131127,03:26:17.132555,03:26:17.132555,03:26:17.134084,03:26:17.134084,03:26:17.148795,03:26:17.148828,03:26:17.164260,03:26:17.167737,03:26:17.564192,03:26:17.564226,03:26:17.570493,03:26:17.576689,03:26:17.582415,03:26:17.138073,03:26:17.138170,03:26:17.131950
7,rejected,03:26:18.644786,03:26:18.644786,03:26:18.645267,03:26:18.645267,03:26:18.646731,03:26:18.646731,03:26:18.648593,03:26:18.648593,03:26:18.665228,03:26:18.665255,03:26:18.680021,03:26:18.683317,03:26:19.078229,03:26:19.078258,03:26:19.084391,03:26:19.090098,03:26:19.095950,03:26:18.652173,03:26:18.652289,03:26:18.646060
7,rejected,03:26:20.149217,03:26:20.149217,03:26:20.149696,03:26:20.149696,03:26:20.151026,03:26:20.151026,03:26:20.152778,03:26:20.152778,03:26:20.168693,03:26:20.168740,03:26:20.185031,03:26:20.188287,03:26:20.585013,03:26:20.585047,03:26:20.591444,03:26:20.597186,03:26:20.602812,03:26:20.156500,03:26:20.156596,03:26:20.150462
7,rejected,03:26:21.834228,03:26:21.834228,03:26:21.834682,03:26:21.834682,03:26:21.836236,03:26:21.836236,03:26:21.837792,03:26:21.837792,03:26:21.852609,03:26:21.852637,03:26:21.866859,03:26:21.869984,03:26:22.265353,03:26:22.265387,03:26:22.271644,03:26:22.277139,03:26:22.282669,03:26:21.841605,03:26:21.841702,03:26:21.835431
7,rejected,03:26:23.449263,03:26:23.449263,03:26:23.449676,03:26:23.449676,03:26:23.450939,03:26:23.450939,03:26:23.452444,03:26:23.452444,03:26:23.467049,03:26:23.467082,03:26:23.482645,03:26:23.485847,03:26:23.881224,03:26:23.881256,03:26:23.887400,03:26:23.893192,03:26:23.899047,03:26:23.456722,03:26:23.456823,03:26:23.450382
7,rejected,03:26:25.060486,03:26:25.060486,03:26:25.060983,03:26:25.060983,03:26:25.062604,03:26:25.062604,03:26:25.064257,03:26:25.064257,03:26:25.078257,03:26:25.078289,03:26:25.092805,03:26:25.095979,03:26:25.491565,03:26:25.491595,03:26:25.497786,03:26:25.503072,03:26:25.508981,03:26:25.067839,03:26:25.067949,03:26:25.061781
7,rejected,03:26:26.581737,03:26:26.581737,03:26:26.582156,03:26:26.582156,03:26:26.583435,03:26:26.583435,03:26:26.585190,03:26:26.585190,03:26:26.599415,03:26:26.599454,03:26:26.613978,03:26:26.617457,03:26:27.013539,03:26:27.013574,03:26:27.022578,03:26:27.028614,03:26:27.034610,03:26:26.589005,03:26:26.589105,03:26:26.582877
7,rejected,03:26:28.242047,03:26:28.242047,03:26:28.242533,03:26:28.242533,03:26:28.244093,03:26:28.244093,03:26:28.245913,03:26:28.245913,03:26:28.260269,03:26:28.260301,03:26:28.280639,03:26:28.285730,03:26:28.683137,03:26:28.683169,03:26:28.689447,03:26:28.695177,03:26:28.701286,03:26:28.249694,03:26:28.249800,03:26:28.243298
7,rejected,03:26:29.832637,03:26:29.832637,03:26:29.833044,03:26:29.833044,03:26:29.834660,03:26:29.834660,03:26:29.836392,03:26:29.836392,03:26:29.850313,03:26:29.850347,03:26:29.864352,03:26:29.867474,03:26:30.262769,03:26:30.262802,03:26:30.269035,03:26:30.275386,03:26:30.281158,03:26:29.839883,03:26:29.839977,03:26:29.833806
7,rejected,03:26:31.359051,03:26:31.359051,03:26:31.359528,03:26:31.359528,03:26:31.360909,03:26:31.360909,03:26:31.362422,03:26:31.362422,03:26:31.376744,03:26:31.376782,03:26:31.391068,03:26:31.394467,03:26:31.789265,03:26:31.789295,03:26:31.795861,03:26:31.801675,03:26:31.807474,03:26:31.366707,03:26:31.366825,03:26:31.360365
7,rejected,03:26:32.935978,03:26:32.935978,03:26:32.936461,03:26:32.936461,03:26:32.937836,03:26:32.937836,03:26:32.939659,03:26:32.939659,03:26:32.953598,03:26:32.953631,03:26:32.968130,03:26:32.971329,03:26:33.367710,03:26:33.367748,03:26:33.374235,03:26:33.380106,03:26:33.386216,03:26:32.943158,03:26:32.943265,03:26:32.937244
7,rejected,03:26:34.440304,03:26:34.440304,03:26:34.440746,03:26:34.440746,03:26:34.442313,03:26:34.442313,03:26:34.443911,03:26:34.443911,03:26:34.458588,03:26:34.458620,03:26:34.482267,03:26:34.485416,03:26:34.888838,03:26:34.888869,03:26:34.895373,03:26:34.901294,03:26:34.907348,03:26:34.447571,03:26:34.447667,03:26:34.441503
7,rejected,03:26:36.124057,03:26:36.124057,03:26:36.124607,03:26:36.124607,03:26:36.126068,03:26:36.126068,03:26:36.127892,03:26:36.127892,03:26:36.142342,03:26:36.142399,03:26:36.159517,03:26:36.163437,03:26:36.560443,03:26:36.560477,03:26:36.566685,03:26:36.572292,03:26:36.578215,03:26:36.131330,03:26:36.131428,03:26:36.125370
7,rejected,03:26:37.644596,03:26:37.644596,03:26:37.645037,03:26:37.645037,03:26:37.646396,03:26:37.646396,03:26:37.648250,03:26:37.648250,03:26:37.662897,03:26:37.662931,03:26:37.677753,03:26:37.680933,03:26:38.076513,03:26:38.076545,03:26:38.082981,03:26:38.088753,03:26:38.094426,03:26:37.651962,03:26:37.652057,03:26:37.645836
7,rejected,03:26:39.268261,03:26:39.268261,03:26:39.268822,03:26:39.268822,03:26:39.270465,03:26:39.270465,03:26:39.272044,03:26:39.272044,03:26:39.286332,03:26:39.286363,03:26:39.300834,03:26:39.304039,03:26:39.699576,03:26:39.699610,03:26:39.705621,03:26:39.711181,03:26:39.716903,03:26:39.275504,03:26:39.275606,03:26:39.269627
7,rejected,03:26:40.783961,03:26:40.783961,03:26:40.784423,03:26:40.784423,03:26:40.786047,03:26:40.786047,03:26:40.787593,03:26:40.787593,03:26:40.801379,03:26:40.801407,03:26:40.816190,03:26:40.819348,03:26:41.213934,03:26:41.213980,03:26:41.220191,03:26:41.225988,03:26:41.232110,03:26:40.791241,03:26:40.791347,03:26:40.785216
7,rejected,03:26:42.440296,03:26:42.440296,03:26:42.440747,03:26:42.440747,03:26:42.442101,03:26:42.442101,03:26:42.443728,03:26:42.443728,03:26:42.457323,03:26:42.457354,03:26:42.471773,03:26:42.475337,03:26:42.870707,03:26:42.870740,03:26:42.877291,03:26:42.883086,03:26:42.889055,03:26:42.447641,03:26:42.447757,03:26:42.441476
7,rejected,03:26:44.098169,03:26:44.098169,03:26:44.098669,03:26:44.098669,03:26:44.100282,03:26:44.100282,03:26:44.101957,03:26:44.101957,03:26:44.118162,03:26:44.118191,03:26:44.134060,03:26:44.138600,03:26:44.535405,03:26:44.535438,03:26:44.542282,03:26:44.548734,03:26:44.556397,03:26:44.105494,03:26:44.105582,03:26:44.099450
7,rejected,03:26:45.775584,03:26:45.775584,03:26:45.776057,03:26:45.776057,03:26:45.777413,03:26:45.777413,03:26:45.779027,03:26:45.779027,03:26:45.793192,03:26:45.793225,03:26:45.807798,03:26:45.811121,03:26:46.206763,03:26:46.206795,03:26:46.213163,03:26:46.219338,03:26:46.225215,03:26:45.783025,03:26:45.783136,03:26:45.776810
7,rejected,03:26:47.398406,03:26:47.398406,03:26:47.398830,03:26:47.398830,03:26:47.400343,03:26:47.400343,03:26:47.402121,03:26:47.402121,03:26:47.416169,03:26:47.416199,03:26:47.431225,03:26:47.434685,03:26:47.831445,03:26:47.831477,03:26:47.837998,03:26:47.843585,03:26:47.849026,03:26:47.406057,03:26:47.406175,03:26:47.399690
7,rejected,03:26:48.931509,03:26:48.931509,03:26:48.932109,03:26:48.932109,03:26:48.933534,03:26:48.933534,03:26:48.935210,03:26:48.935210,03:26:48.949478,03:26:48.949506,03:26:48.963600,03:26:48.967127,03:26:49.362324,03:26:49.362356,03:26:49.368673,03:26:49.375344,03:26:49.380979,03:26:48.938968,03:26:48.939078,03:26:48.932984
7,rejected,03:26:50.448903,03:26:50.448903,03:26:50.449375,03:26:50.449375,03:26:50.450879,03:26:50.450879,03:26:50.452936,03:26:50.452936,03:26:50.468009,03:26:50.468042,03:26:50.482687,03:26:50.486369,03:26:50.881395,03:26:50.881424,03:26:50.887863,03:26:50.893533,03:26:50.899312,03:26:50.456260,03:26:50.456364,03:26:50.450244
7,rejected,03:26:52.045212,03:26:52.045212,03:26:52.045587,03:26:52.045587,03:26:52.046974,03:26:52.046974,03:26:52.048357,03:26:52.048357,03:26:52.063055,03:26:52.063114,03:26:52.081424,03:26:52.084721,03:26:52.480975,03:26:52.481011,03:26:52.487434,03:26:52.493161,03:26:52.498902,03:26:52.052507,03:26:52.052598,03:26:52.046414
7,rejected,03:26:53.712142,03:26:53.712142,03:26:53.712721,03:26:53.712721,03:26:53.714003,03:26:53.714003,03:26:53.715430,03:26:53.715430,03:26:53.729655,03:26:53.729690,03:26:53.752986,03:26:53.756085,03:26:54.151386,03:26:54.151415,03:26:54.157571,03:26:54.163185,03:26:54.168961,03:26:53.719352,03:26:53.719452,03:26:53.713453
7,rejected,03:26:55.406402,03:26:55.406402,03:26:55.406885,03:26:55.406885,03:26:55.408229,03:26:55.408229,03:26:55.409998,03:26:55.409998,03:26:55.423920,03:26:55.423950,03:26:55.438645,03:26:55.441865,03:26:55.837561,03:26:55.837614,03:26:55.844445,03:26:55.850436,03:26:55.855895,03:26:55.414124,03:26:55.414244,03:26:55.407691
7,rejected,03:26:57.023901,03:26:57.023901,03:26:57.024402,03:26:57.024402,03:26:57.026087,03:26:57.026087,03:26:57.027712,03:26:57.027712,03:26:57.041774,03:26:57.041808,03:26:57.061260,03:26:57.064781,03:26:57.459156,03:26:57.459188,03:26:57.465330,03:26:57.471046,03:26:57.476671,03:26:57.031115,03:26:57.031234,03:26:57.025192
7,rejected,03:26:58.739034,03:26:58.739034,03:26:58.739421,03:26:58.739421,03:26:58.740960,03:26:58.740960,03:26:58.742721,03:26:58.742721,03:26:58.756250,03:26:58.756277,03:26:58.771010,03:26:58.774216,03:26:59.169671,03:26:59.169703,03:26:59.175876,03:26:59.181714,03:26:59.187592,03:26:58.746395,03:26:58.746495,03:26:58.740161
7,rejected,03:27:00.259638,03:27:00.259638,03:27:00.260188,03:27:00.260188,03:27:00.261738,03:27:00.261738,03:27:00.263467,03:27:00.263467,03:27:00.277483,03:27:00.277539,03:27:00.297036,03:27:00.300312,03:27:00.697374,03:27:00.697411,03:27:00.703588,03:27:00.709589,03:27:00.715584,03:27:00.266821,03:27:00.266912,03:27:00.260936
7,rejected,03:27:01.878214,03:27:01.878214,03:27:01.878713,03:27:01.878713,03:27:01.879913,03:27:01.879913,03:27:01.881308,03:27:01.881308,03:27:01.894737,03:27:01.894758,03:27:01.909844,03:27:01.913001,03:27:02.308001,03:27:02.308036,03:27:02.314690,03:27:02.322365,03:27:02.328502,03:27:01.885418,03:27:01.885517,03:27:01.879412
7,rejected,03:27:03.480835,03:27:03.480835,03:27:03.481302,03:27:03.481302,03:27:03.482864,03:27:03.482864,03:27:03.484327,03:27:03.484327,03:27:03.498114,03:27:03.498133,03:27:03.513474,03:27:03.516611,03:27:03.910482,03:27:03.910517,03:27:03.917128,03:27:03.922580,03:27:03.928488,03:27:03.488541,03:27:03.488651,03:27:03.482113
7,rejected,03:27:05.156163,03:27:05.156163,03:27:05.156703,03:27:05.156703,03:27:05.158047,03:27:05.158047,03:27:05.159639,03:27:05.159639,03:27:05.173409,03:27:05.173436,03:27:05.187979,03:27:05.191159,03:27:05.586358,03:27:05.586387,03:27:05.592743,03:27:05.598753,03:27:05.604913,03:27:05.163421,03:27:05.163531,03:27:05.157502
7,rejected,03:27:06.754550,03:27:06.754550,03:27:06.755011,03:27:06.755011,03:27:06.756643,03:27:06.756643,03:27:06.758632,03:27:06.758632,03:27:06.773534,03:27:06.773585,03:27:06.789500,03:27:06.792710,03:27:07.189525,03:27:07.189556,03:27:07.195933,03:27:07.201730,03:27:07.207523,03:27:06.762288,03:27:06.762423,03:27:06.755770
7,rejected,03:27:08.367811,03:27:08.367811,03:27:08.368319,03:27:08.368319,03:27:08.369674,03:27:08.369674,03:27:08.371232,03:27:08.371232,03:27:08.385498,03:27:08.385557,03:27:08.405449,03:27:08.408915,03:27:08.805294,03:27:08.805324,03:27:08.811489,03:27:08.817624,03:27:08.823503,03:27:08.375030,03:27:08.375126,03:27:08.369103
7,rejected,03:27:09.896870,03:27:09.896870,03:27:09.897281,03:27:09.897281,03:27:09.898639,03:27:09.898639,03:27:09.900274,03:27:09.900274,03:27:09.913944,03:27:09.913973,03:27:09.929107,03:27:09.932785,03:27:10.327769,03:27:10.327799,03:27:10.334579,03:27:10.340325,03:27:10.346035,03:27:09.904323,03:27:09.904447,03:27:09.898041
7,rejected,03:27:11.564316,03:27:11.564316,03:27:11.564792,03:27:11.564792,03:27:11.566066,03:27:11.566066,03:27:11.567515,03:27:11.567515,03:27:11.581036,03:27:11.581062,03:27:11.595330,03:27:11.598474,03:27:11.994196,03:27:11.994230,03:27:12.000807,03:27:12.006624,03:27:12.012372,03:27:11.571758,03:27:11.571886,03:27:11.565545
7,rejected,03:27:13.172702,03:27:13.172702,03:27:13.173142,03:27:13.173142,03:27:13.174429,03:27:13.174429,03:27:13.176025,03:27:13.176025,03:27:13.189723,03:27:13.189753,03:27:13.213462,03:27:13.217115,03:27:13.612067,03:27:13.612097,03:27:13.618375,03:27:13.623966,03:27:13.629816,03:27:13.180078,03:27:13.180174,03:27:13.173864
7,rejected,03:27:14.714162,03:27:14.714162,03:27:14.714813,03:27:14.714813,03:27:14.716634,03:27:14.716634,03:27:14.718647,03:27:14.718647,03:27:14.733298,03:27:14.733347,03:27:14.763596,03:27:14.768621,03:27:15.167773,03:27:15.167807,03:27:15.174288,03:27:15.179852,03:27:15.185420,03:27:14.721958,03:27:14.722132,03:27:14.715833
7,rejected,03:27:16.296709,03:27:16.296709,03:27:16.297145,03:27:16.297145,03:27:16.298737,03:27:16.298737,03:27:16.300467,03:27:16.300467,03:27:16.314896,03:27:16.314929,03:27:16.330030,03:27:16.333428,03:27:16.727868,03:27:16.727901,03:27:16.734359,03:27:16.740013,03:27:16.745916,03:27:16.303764,03:27:16.303861,03:27:16.297899
7,rejected,03:27:17.832722,03:27:17.832722,03:27:17.833206,03:27:17.833206,03:27:17.834615,03:27:17.834615,03:27:17.836324,03:27:17.836324,03:27:17.851137,03:27:17.851168,03:27:17.865714,03:27:17.868770,03:27:18.265017,03:27:18.265048,03:27:18.271215,03:27:18.277048,03:27:18.282640,03:27:17.840134,03:27:17.840235,03:27:17.834059
7,rejected,03:27:19.353224,03:27:19.353224,03:27:19.353606,03:27:19.353606,03:27:19.355074,03:27:19.355074,03:27:19.356617,03:27:19.356617,03:27:19.370999,03:27:19.371030,03:27:19.384590,03:27:19.387609,03:27:19.782339,03:27:19.782370,03:27:19.788789,03:27:19.794487,03:27:19.800364,03:27:19.360410,03:27:19.360510,03:27:19.354311
7,rejected,03:27:20.947405,03:27:20.947405,03:27:20.947843,03:27:20.947843,03:27:20.949513,03:27:20.949513,03:27:20.951158,03:27:20.951158,03:27:20.964874,03:27:20.964905,03:27:20.978327,03:27:20.981638,03:27:21.379215,03:27:21.379245,03:27:21.385274,03:27:21.390787,03:27:21.396651,03:27:20.954728,03:27:20.954824,03:27:20.948631
7,rejected,03:27:22.555708,03:27:22.555708,03:27:22.556182,03:27:22.556182,03:27:22.557787,03:27:22.557787,03:27:22.559542,03:27:22.559542,03:27:22.577115,03:27:22.577143,03:27:22.591411,03:27:22.594822,03:27:22.990774,03:27:22.990805,03:27:22.997449,03:27:23.004671,03:27:23.010192,03:27:22.563298,03:27:22.563398,03:27:22.556992
7,rejected,03:27:24.178983,03:27:24.178983,03:27:24.179549,03:27:24.179549,03:27:24.181042,03:27:24.181042,03:27:24.182761,03:27:24.182761,03:27:24.197509,03:27:24.197546,03:27:24.211708,03:27:24.214704,03:27:24.611077,03:27:24.611107,03:27:24.618676,03:27:24.628497,03:27:24.638339,03:27:24.186273,03:27:24.186382,03:27:24.180352
7,rejected,03:27:25.813704,03:27:25.813704,03:27:25.814286,03:27:25.814286,03:27:25.815768,03:27:25.815768,03:27:25.817459,03:27:25.817459,03:27:25.831464,03:27:25.831494,03:27:25.846054,03:27:25.849524,03:27:26.244662,03:27:26.244696,03:27:26.251090,03:27:26.256586,03:27:26.262823,03:27:25.821102,03:27:25.821199,03:27:25.815084
7,rejected,03:27:27.429209,03:27:27.429209,03:27:27.429733,03:27:27.429733,03:27:27.431096,03:27:27.431096,03:27:27.433054,03:27:27.433054,03:27:27.447675,03:27:27.447712,03:27:27.462035,03:27:27.465080,03:27:27.860767,03:27:27.860799,03:27:27.867277,03:27:27.873424,03:27:27.879197,03:27:27.436438,03:27:27.436535,03:27:27.430504
7,rejected,03:27:28.961109,03:27:28.961109,03:27:28.961553,03:27:28.961553,03:27:28.963097,03:27:28.963097,03:27:28.964653,03:27:28.964653,03:27:28.979326,03:27:28.979362,03:27:28.993895,03:27:28.997042,03:27:29.393228,03:27:29.393265,03:27:29.400014,03:27:29.405768,03:27:29.411642,03:27:28.968378,03:27:28.968493,03:27:28.962321
7,rejected,03:27:30.478035,03:27:30.478035,03:27:30.478441,03:27:30.478441,03:27:30.479968,03:27:30.479968,03:27:30.481670,03:27:30.481670,03:27:30.495991,03:27:30.496019,03:27:30.511275,03:27:30.514423,03:27:30.910687,03:27:30.910719,03:27:30.917253,03:27:30.923077,03:27:30.929040,03:27:30.485529,03:27:30.485617,03:27:30.479164
7,rejected,03:27:31.997884,03:27:31.997884,03:27:31.998323,03:27:31.998323,03:27:31.999578,03:27:31.999578,03:27:32.001084,03:27:32.001084,03:27:32.014716,03:27:32.014749,03:27:32.038744,03:27:32.041934,03:27:32.437249,03:27:32.437280,03:27:32.443402,03:27:32.449089,03:27:32.454931,03:27:32.005453,03:27:32.005551,03:27:31.999052
7,rejected,03:27:33.533623,03:27:33.533623,03:27:33.534117,03:27:33.534117,03:27:33.535436,03:27:33.535436,03:27:33.536989,03:27:33.536989,03:27:33.551308,03:27:33.551338,03:27:33.569264,03:27:33.574004,03:27:33.969572,03:27:33.969606,03:27:33.975932,03:27:33.981507,03:27:33.987308,03:27:33.540877,03:27:33.541003,03:27:33.534902
7,rejected,03:27:35.196819,03:27:35.196819,03:27:35.197327,03:27:35.197327,03:27:35.198762,03:27:35.198762,03:27:35.200565,03:27:35.200565,03:27:35.215024,03:27:35.215074,03:27:35.229755,03:27:35.233208,03:27:35.628820,03:27:35.628856,03:27:35.635395,03:27:35.642920,03:27:35.649013,03:27:35.203992,03:27:35.204102,03:27:35.198106
7,rejected,03:27:36.827386,03:27:36.827386,03:27:36.827905,03:27:36.827905,03:27:36.829552,03:27:36.829552,03:27:36.831345,03:27:36.831345,03:27:36.845174,03:27:36.845208,03:27:36.861231,03:27:36.864551,03:27:37.261525,03:27:37.261558,03:27:37.267797,03:27:37.273704,03:27:37.279307,03:27:36.834473,03:27:36.834568,03:27:36.828779
7,rejected,03:27:38.491632,03:27:38.491632,03:27:38.492050,03:27:38.492050,03:27:38.493303,03:27:38.493303,03:27:38.495155,03:27:38.495155,03:27:38.508879,03:27:38.508913,03:27:38.523669,03:27:38.527337,03:27:38.922960,03:27:38.922991,03:27:38.929297,03:27:38.938472,03:27:38.946734,03:27:38.499238,03:27:38.499340,03:27:38.492782
7,rejected,03:27:40.007126,03:27:40.007126,03:27:40.007614,03:27:40.007614,03:27:40.008942,03:27:40.008942,03:27:40.010554,03:27:40.010554,03:27:40.024237,03:27:40.024276,03:27:40.039411,03:27:40.042962,03:27:40.439201,03:27:40.439234,03:27:40.445099,03:27:40.450909,03:27:40.456576,03:27:40.014295,03:27:40.014392,03:27:40.008375
7,rejected,03:27:41.537746,03:27:41.537746,03:27:41.538180,03:27:41.538180,03:27:41.539515,03:27:41.539515,03:27:41.540932,03:27:41.540932,03:27:41.554674,03:27:41.554706,03:27:41.569090,03:27:41.572266,03:27:41.967467,03:27:41.967499,03:27:41.973384,03:27:41.978841,03:27:41.984723,03:27:41.544985,03:27:41.545078,03:27:41.538931
7,rejected,03:27:43.054568,03:27:43.054568,03:27:43.055002,03:27:43.055002,03:27:43.056319,03:27:43.056319,03:27:43.057833,03:27:43.057833,03:27:43.071398,03:27:43.071438,03:27:43.085927,03:27:43.089207,03:27:43.484681,03:27:43.484713,03:27:43.490941,03:27:43.496856,03:27:43.502573,03:27:43.061906,03:27:43.062014,03:27:43.055814
7,rejected,03:27:44.585307,03:27:44.585307,03:27:44.585900,03:27:44.585900,03:27:44.587378,03:27:44.587378,03:27:44.589060,03:27:44.589060,03:27:44.604643,03:27:44.604691,03:27:44.620427,03:27:44.623789,03:27:45.027628,03:27:45.027662,03:27:45.033913,03:27:45.039734,03:27:45.045373,03:27:44.592625,03:27:44.592735,03:27:44.586784
7,rejected,03:27:46.235957,03:27:46.235957,03:27:46.236395,03:27:46.236395,03:27:46.237778,03:27:46.237778,03:27:46.239262,03:27:46.239262,03:27:46.252744,03:27:46.252778,03:27:46.268120,03:27:46.271560,03:27:46.668469,03:27:46.668502,03:27:46.674898,03:27:46.680956,03:27:46.686437,03:27:46.243272,03:27:46.243376,03:27:46.237204
7,rejected,03:27:47.905553,03:27:47.905553,03:27:47.905994,03:27:47.905994,03:27:47.907334,03:27:47.907334,03:27:47.908964,03:27:47.908964,03:27:47.922386,03:27:47.922418,03:27:47.937734,03:27:47.940923,03:27:48.337315,03:27:48.337348,03:27:48.343705,03:27:48.349557,03:27:48.355673,03:27:47.912808,03:27:47.912907,03:27:47.906742
7,rejected,03:27:49.437448,03:27:49.437448,03:27:49.437979,03:27:49.437979,03:27:49.439628,03:27:49.439628,03:27:49.441376,03:27:49.441376,03:27:49.454872,03:27:49.454903,03:27:49.469474,03:27:49.472690,03:27:49.867974,03:27:49.868016,03:27:49.874106,03:27:49.880124,03:27:49.885719,03:27:49.444574,03:27:49.444670,03:27:49.438771
7,rejected,03:27:50.958817,03:27:50.958817,03:27:50.959327,03:27:50.959327,03:27:50.960570,03:27:50.960570,03:27:50.962051,03:27:50.962051,03:27:50.975695,03:27:50.975728,03:27:50.998827,03:27:51.001973,03:27:51.397431,03:27:51.397462,03:27:51.403870,03:27:51.409468,03:27:51.415621,03:27:50.965661,03:27:50.965757,03:27:50.960059
7,rejected,03:27:52.486505,03:27:52.486505,03:27:52.486995,03:27:52.486995,03:27:52.488388,03:27:52.488388,03:27:52.490152,03:27:52.490152,03:27:52.504529,03:27:52.504558,03:27:52.519534,03:27:52.522630,03:27:52.917476,03:27:52.917510,03:27:52.923945,03:27:52.929567,03:27:52.935079,03:27:52.494083,03:27:52.494186,03:27:52.487806
7,rejected,03:27:54.023516,03:27:54.023516,03:27:54.023995,03:27:54.023995,03:27:54.025575,03:27:54.025575,03:27:54.027300,03:27:54.027300,03:27:54.042746,03:27:54.042809,03:27:54.061704,03:27:54.065104,03:27:54.462343,03:27:54.462372,03:27:54.468554,03:27:54.474261,03:27:54.480005,03:27:54.030815,03:27:54.030920,03:27:54.024769
7,rejected,03:27:55.563456,03:27:55.563456,03:27:55.563910,03:27:55.563910,03:27:55.565233,03:27:55.565233,03:27:55.566745,03:27:55.566745,03:27:55.580386,03:27:55.580412,03:27:55.595578,03:27:55.599169,03:27:55.995001,03:27:55.995045,03:27:56.001796,03:27:56.007208,03:27:56.013196,03:27:55.570749,03:27:55.570849,03:27:55.564655
7,rejected,03:27:57.189588,03:27:57.189588,03:27:57.190045,03:27:57.190045,03:27:57.191455,03:27:57.191455,03:27:57.193056,03:27:57.193056,03:27:57.206656,03:27:57.206684,03:27:57.220590,03:27:57.223728,03:27:57.619106,03:27:57.619150,03:27:57.625068,03:27:57.630884,03:27:57.637884,03:27:57.196976,03:27:57.197096,03:27:57.190835
7,rejected,03:27:58.724873,03:27:58.724873,03:27:58.725309,03:27:58.725309,03:27:58.726732,03:27:58.726732,03:27:58.728532,03:27:58.728532,03:27:58.742405,03:27:58.742432,03:27:58.757449,03:27:58.760628,03:27:59.157292,03:27:59.157325,03:27:59.163388,03:27:59.168926,03:27:59.175125,03:27:58.732065,03:27:58.732162,03:27:58.726093
7,rejected,03:28:00.324430,03:28:00.324430,03:28:00.324880,03:28:00.324880,03:28:00.326175,03:28:00.326175,03:28:00.327602,03:28:00.327602,03:28:00.344363,03:28:00.344399,03:28:00.359622,03:28:00.363171,03:28:00.759187,03:28:00.759220,03:28:00.765935,03:28:00.771338,03:28:00.777409,03:28:00.332017,03:28:00.332124,03:28:00.325650
7,rejected,03:28:01.859368,03:28:01.859368,03:28:01.859781,03:28:01.859781,03:28:01.861025,03:28:01.861025,03:28:01.862538,03:28:01.862538,03:28:01.876968,03:28:01.876999,03:28:01.891364,03:28:01.894636,03:28:02.289736,03:28:02.289766,03:28:02.296167,03:28:02.301954,03:28:02.307641,03:28:01.866682,03:28:01.866809,03:28:01.860517
7,rejected,03:28:03.461836,03:28:03.461836,03:28:03.462261,03:28:03.462261,03:28:03.463732,03:28:03.463732,03:28:03.465189,03:28:03.465189,03:28:03.479837,03:28:03.479872,03:28:03.494620,03:28:03.497878,03:28:03.891186,03:28:03.891217,03:28:03.897219,03:28:03.902690,03:28:03.907876,03:28:03.469300,03:28:03.469408,03:28:03.463121
7,rejected,03:28:05.089366,03:28:05.089366,03:28:05.089827,03:28:05.089827,03:28:05.091207,03:28:05.091207,03:28:05.092935,03:28:05.092935,03:28:05.106975,03:28:05.107004,03:28:05.121688,03:28:05.124870,03:28:05.521170,03:28:05.521203,03:28:05.527505,03:28:05.533131,03:28:05.539058,03:28:05.096783,03:28:05.096903,03:28:05.090592
7,rejected,03:28:06.618328,03:28:06.618328,03:28:06.618753,03:28:06.618753,03:28:06.620214,03:28:06.620214,03:28:06.621930,03:28:06.621930,03:28:06.637052,03:28:06.637111,03:28:06.656721,03:28:06.660184,03:28:07.058407,03:28:07.058437,03:28:07.065170,03:28:07.071305,03:28:07.077332,03:28:06.625999,03:28:06.626099,03:28:06.619525
7,rejected,03:28:08.153706,03:28:08.153706,03:28:08.154141,03:28:08.154141,03:28:08.155396,03:28:08.155396,03:28:08.156803,03:28:08.156803,03:28:08.170416,03:28:08.170443,03:28:08.185027,03:28:08.188737,03:28:08.583890,03:28:08.583920,03:28:08.590375,03:28:08.596127,03:28:08.601588,03:28:08.161187,03:28:08.161314,03:28:08.154878
7,rejected,03:28:09.721478,03:28:09.721478,03:28:09.721918,03:28:09.721918,03:28:09.723213,03:28:09.723213,03:28:09.725135,03:28:09.725135,03:28:09.739446,03:28:09.739474,03:28:09.762681,03:28:09.765783,03:28:10.160639,03:28:10.160670,03:28:10.167178,03:28:10.172890,03:28:10.178448,03:28:09.728786,03:28:09.728893,03:28:09.722685
7,rejected,03:28:11.254063,03:28:11.254063,03:28:11.254605,03:28:11.254605,03:28:11.256070,03:28:11.256070,03:28:11.257647,03:28:11.257647,03:28:11.272191,03:28:11.272223,03:28:11.288033,03:28:11.291405,03:28:11.687303,03:28:11.687338,03:28:11.693390,03:28:11.699280,03:28:11.705106,03:28:11.261345,03:28:11.261468,03:28:11.255379
7,rejected,03:28:12.921923,03:28:12.921923,03:28:12.922510,03:28:12.922510,03:28:12.924014,03:28:12.924014,03:28:12.925660,03:28:12.925660,03:28:12.940326,03:28:12.940357,03:28:12.955102,03:28:12.958363,03:28:13.352202,03:28:13.352234,03:28:13.358454,03:28:13.364441,03:28:13.370285,03:28:12.929100,03:28:12.929227,03:28:12.923335
7,rejected,03:28:14.439427,03:28:14.439427,03:28:14.439916,03:28:14.439916,03:28:14.441557,03:28:14.441557,03:28:14.443276,03:28:14.443276,03:28:14.458179,03:28:14.458235,03:28:14.476197,03:28:14.480036,03:28:14.885403,03:28:14.885477,03:28:14.892131,03:28:14.898334,03:28:14.904572,03:28:14.446866,03:28:14.446965,03:28:14.440772
7,rejected,03:28:16.122506,03:28:16.122506,03:28:16.123029,03:28:16.123029,03:28:16.124698,03:28:16.124698,03:28:16.126282,03:28:16.126282,03:28:16.139731,03:28:16.139755,03:28:16.153803,03:28:16.157265,03:28:16.551867,03:28:16.551901,03:28:16.558374,03:28:16.564270,03:28:16.569984,03:28:16.130161,03:28:16.130255,03:28:16.123846
7,rejected,03:28:17.651440,03:28:17.651440,03:28:17.651863,03:28:17.651863,03:28:17.653168,03:28:17.653168,03:28:17.654689,03:28:17.654689,03:28:17.669158,03:28:17.669197,03:28:17.685321,03:28:17.688645,03:28:18.083520,03:28:18.083552,03:28:18.090251,03:28:18.097710,03:28:18.103505,03:28:17.658652,03:28:17.658757,03:28:17.652594
7,rejected,03:28:19.318970,03:28:19.318970,03:28:19.319398,03:28:19.319398,03:28:19.320904,03:28:19.320904,03:28:19.322536,03:28:19.322536,03:28:19.337026,03:28:19.337046,03:28:19.351124,03:28:19.354322,03:28:19.749763,03:28:19.749795,03:28:19.755919,03:28:19.761221,03:28:19.766944,03:28:19.326161,03:28:19.326270,03:28:19.320293
7,rejected,03:28:20.919989,03:28:20.919989,03:28:20.920416,03:28:20.920416,03:28:20.921954,03:28:20.921954,03:28:20.923622,03:28:20.923622,03:28:20.937773,03:28:20.937806,03:28:20.952086,03:28:20.955241,03:28:21.349772,03:28:21.349825,03:28:21.356408,03:28:21.361861,03:28:21.367662,03:28:20.927240,03:28:20.927345,03:28:20.921151
7,rejected,03:28:22.585735,03:28:22.585735,03:28:22.586170,03:28:22.586170,03:28:22.587492,03:28:22.587492,03:28:22.588916,03:28:22.588916,03:28:22.603974,03:28:22.604023,03:28:22.623798,03:28:22.627442,03:28:23.025178,03:28:23.025213,03:28:23.031243,03:28:23.036927,03:28:23.042859,03:28:22.593594,03:28:22.593768,03:28:22.586915
7,rejected,03:28:24.192563,03:28:24.192563,03:28:24.193007,03:28:24.193007,03:28:24.194271,03:28:24.194271,03:28:24.195835,03:28:24.195835,03:28:24.210248,03:28:24.210273,03:28:24.224455,03:28:24.227598,03:28:24.624253,03:28:24.624285,03:28:24.631080,03:28:24.637546,03:28:24.643588,03:28:24.200148,03:28:24.200271,03:28:24.193757
7,rejected,03:28:25.795788,03:28:25.795788,03:28:25.796235,03:28:25.796235,03:28:25.797683,03:28:25.797683,03:28:25.799265,03:28:25.799265,03:28:25.813294,03:28:25.813327,03:28:25.829131,03:28:25.832273,03:28:26.228422,03:28:26.228454,03:28:26.234585,03:28:26.240222,03:28:26.246002,03:28:25.802466,03:28:25.802570,03:28:25.797070
7,rejected,03:28:27.396861,03:28:27.396861,03:28:27.397308,03:28:27.397308,03:28:27.398915,03:28:27.398915,03:28:27.400665,03:28:27.400665,03:28:27.415147,03:28:27.415173,03:28:27.429638,03:28:27.432746,03:28:27.828744,03:28:27.828779,03:28:27.835135,03:28:27.840653,03:28:27.846480,03:28:27.404032,03:28:27.404125,03:28:27.398074
7,rejected,03:28:29.146340,03:28:29.146340,03:28:29.146891,03:28:29.146891,03:28:29.148416,03:28:29.148416,03:28:29.150094,03:28:29.150094,03:28:29.164296,03:28:29.164324,03:28:29.187653,03:28:29.190713,03:28:29.585327,03:28:29.585357,03:28:29.591911,03:28:29.598024,03:28:29.604007,03:28:29.153506,03:28:29.153604,03:28:29.147715
7,rejected,03:28:30.823117,03:28:30.823117,03:28:30.823696,03:28:30.823696,03:28:30.825326,03:28:30.825326,03:28:30.826925,03:28:30.826925,03:28:30.842676,03:28:30.842726,03:28:30.860243,03:28:30.864361,03:28:31.261435,03:28:31.261489,03:28:31.267752,03:28:31.273308,03:28:31.279268,03:28:30.830770,03:28:30.830986,03:28:30.824592
7,rejected,03:28:32.358322,03:28:32.358322,03:28:32.358781,03:28:32.358781,03:28:32.360091,03:28:32.360091,03:28:32.361575,03:28:32.361575,03:28:32.375858,03:28:32.375883,03:28:32.390580,03:28:32.394072,03:28:32.789960,03:28:32.789995,03:28:32.796030,03:28:32.802043,03:28:32.807549,03:28:32.365614,03:28:32.365711,03:28:32.359505
7,rejected,03:28:33.887495,03:28:33.887495,03:28:33.887971,03:28:33.887971,03:28:33.889328,03:28:33.889328,03:28:33.891034,03:28:33.891034,03:28:33.905011,03:28:33.905040,03:28:33.919790,03:28:33.922949,03:28:34.318351,03:28:34.318382,03:28:34.324764,03:28:34.330931,03:28:34.336728,03:28:33.895108,03:28:33.895221,03:28:33.888754
7,rejected,03:28:35.516048,03:28:35.516048,03:28:35.516602,03:28:35.516602,03:28:35.518038,03:28:35.518038,03:28:35.519600,03:28:35.519600,03:28:35.536770,03:28:35.536803,03:28:35.551881,03:28:35.555040,03:28:35.949623,03:28:35.949653,03:28:35.955908,03:28:35.962025,03:28:35.967723,03:28:35.523187,03:28:35.523290,03:28:35.517388
7,rejected,03:28:37.042468,03:28:37.042468,03:28:37.042903,03:28:37.042903,03:28:37.044242,03:28:37.044242,03:28:37.045816,03:28:37.045816,03:28:37.059689,03:28:37.059719,03:28:37.074958,03:28:37.078376,03:28:37.473320,03:28:37.473350,03:28:37.479343,03:28:37.484849,03:28:37.490504,03:28:37.049521,03:28:37.049627,03:28:37.043693
7,rejected,03:28:38.646386,03:28:38.646386,03:28:38.646829,03:28:38.646829,03:28:38.648273,03:28:38.648273,03:28:38.649856,03:28:38.649856,03:28:38.666122,03:28:38.666153,03:28:38.683253,03:28:38.686773,03:28:39.084985,03:28:39.085018,03:28:39.091219,03:28:39.097398,03:28:39.103255,03:28:38.653747,03:28:38.653842,03:28:38.647605
7,rejected,03:28:40.317321,03:28:40.317321,03:28:40.317911,03:28:40.317911,03:28:40.319360,03:28:40.319360,03:28:40.320941,03:28:40.320941,03:28:40.335512,03:28:40.335540,03:28:40.350608,03:28:40.353732,03:28:40.748538,03:28:40.748570,03:28:40.754598,03:28:40.760245,03:28:40.766019,03:28:40.324801,03:28:40.324910,03:28:40.318774
7,rejected,03:28:41.853040,03:28:41.853040,03:28:41.853480,03:28:41.853480,03:28:41.854801,03:28:41.854801,03:28:41.856578,03:28:41.856578,03:28:41.871196,03:28:41.871231,03:28:41.885588,03:28:41.888797,03:28:42.285205,03:28:42.285237,03:28:42.291622,03:28:42.297355,03:28:42.302996,03:28:41.860240,03:28:41.860342,03:28:41.854258
7,rejected,03:28:43.522517,03:28:43.522517,03:28:43.522963,03:28:43.522963,03:28:43.524396,03:28:43.524396,03:28:43.526029,03:28:43.526029,03:28:43.539769,03:28:43.539801,03:28:43.554971,03:28:43.558161,03:28:43.953739,03:28:43.953773,03:28:43.960127,03:28:43.965812,03:28:43.971618,03:28:43.529774,03:28:43.529874,03:28:43.523772
7,rejected,03:28:45.077763,03:28:45.077763,03:28:45.078268,03:28:45.078268,03:28:45.079566,03:28:45.079566,03:28:45.081385,03:28:45.081385,03:28:45.095148,03:28:45.095179,03:28:45.109790,03:28:45.113085,03:28:45.511956,03:28:45.511986,03:28:45.518308,03:28:45.524113,03:28:45.529436,03:28:45.084999,03:28:45.085120,03:28:45.079028
7,rejected,03:28:46.621775,03:28:46.621775,03:28:46.622245,03:28:46.622245,03:28:46.623635,03:28:46.623635,03:28:46.625248,03:28:46.625248,03:28:46.639263,03:28:46.639310,03:28:46.656248,03:28:46.660599,03:28:47.059364,03:28:47.059398,03:28:47.065799,03:28:47.071976,03:28:47.077843,03:28:46.628980,03:28:46.629074,03:28:46.622948
7,rejected,03:28:48.246778,03:28:48.246778,03:28:48.247210,03:28:48.247210,03:28:48.248808,03:28:48.248808,03:28:48.250625,03:28:48.250625,03:28:48.264227,03:28:48.264259,03:28:48.287065,03:28:48.290117,03:28:48.686289,03:28:48.686320,03:28:48.692593,03:28:48.698301,03:28:48.704128,03:28:48.254206,03:28:48.254307,03:28:48.247995
7,rejected,03:28:49.804197,03:28:49.804197,03:28:49.804756,03:28:49.804756,03:28:49.806264,03:28:49.806264,03:28:49.807944,03:28:49.807944,03:28:49.822713,03:28:49.822750,03:28:49.838062,03:28:49.841656,03:28:50.238007,03:28:50.238039,03:28:50.244276,03:28:50.249832,03:28:50.255711,03:28:49.811328,03:28:49.811451,03:28:49.805558
7,rejected,03:28:51.474511,03:28:51.474511,03:28:51.474873,03:28:51.474873,03:28:51.476377,03:28:51.476377,03:28:51.478082,03:28:51.478082,03:28:51.491949,03:28:51.491981,03:28:51.506572,03:28:51.509991,03:28:51.906044,03:28:51.906075,03:28:51.912587,03:28:51.917991,03:28:51.923592,03:28:51.481729,03:28:51.481823,03:28:51.475574
7,rejected,03:28:53.209015,03:28:53.209015,03:28:53.209575,03:28:53.209575,03:28:53.210951,03:28:53.210951,03:28:53.212435,03:28:53.212435,03:28:53.225918,03:28:53.225949,03:28:53.239931,03:28:53.243003,03:28:53.638345,03:28:53.638378,03:28:53.644600,03:28:53.650363,03:28:53.656398,03:28:53.216363,03:28:53.216489,03:28:53.210413
8,rejected,03:28:54.752992,03:28:54.752992,03:28:54.753633,03:28:54.753633,03:28:54.756075,03:28:54.756075,03:28:54.758823,03:28:54.758823,03:28:54.774799,03:28:54.774869,03:28:54.801015,03:28:54.806391,03:28:55.210034,03:28:55.210067,03:28:55.216527,03:28:55.221965,03:28:55.228009,03:28:54.761860,03:28:54.762023,03:28:54.754748
8,rejected,03:28:56.309883,03:28:56.309883,03:28:56.310434,03:28:56.310434,03:28:56.311741,03:28:56.311741,03:28:56.313534,03:28:56.313534,03:28:56.327345,03:28:56.327379,03:28:56.341545,03:28:56.344693,03:28:56.740438,03:28:56.740470,03:28:56.746951,03:28:56.752661,03:28:56.758656,03:28:56.318081,03:28:56.318180,03:28:56.311232
8,rejected,03:28:57.925897,03:28:57.925897,03:28:57.926298,03:28:57.926298,03:28:57.927654,03:28:57.927654,03:28:57.929247,03:28:57.929247,03:28:57.938563,03:28:57.938586,03:28:57.953738,03:28:57.957122,03:28:58.353269,03:28:58.353301,03:28:58.359359,03:28:58.365076,03:28:58.370668,03:28:57.934364,03:28:57.934485,03:28:57.927074
8,rejected,03:28:59.446101,03:28:59.446101,03:28:59.446534,03:28:59.446534,03:28:59.447895,03:28:59.447895,03:28:59.449655,03:28:59.449655,03:28:59.466629,03:28:59.466677,03:28:59.483917,03:28:59.487208,03:28:59.884230,03:28:59.884264,03:28:59.890294,03:28:59.896092,03:28:59.901633,03:28:59.454835,03:28:59.454951,03:28:59.447288
8,rejected,03:29:01.122091,03:29:01.122091,03:29:01.122560,03:29:01.122560,03:29:01.124238,03:29:01.124238,03:29:01.125774,03:29:01.125774,03:29:01.140311,03:29:01.140337,03:29:01.155129,03:29:01.158279,03:29:01.553903,03:29:01.553935,03:29:01.560352,03:29:01.565950,03:29:01.572023,03:29:01.129931,03:29:01.130034,03:29:01.123362
8,rejected,03:29:02.727712,03:29:02.727712,03:29:02.728215,03:29:02.728215,03:29:02.729904,03:29:02.729904,03:29:02.731762,03:29:02.731762,03:29:02.745890,03:29:02.745916,03:29:02.760327,03:29:02.763580,03:29:03.159556,03:29:03.159590,03:29:03.165867,03:29:03.171712,03:29:03.177603,03:29:02.736175,03:29:02.736279,03:29:02.729097
8,rejected,03:29:04.461556,03:29:04.461556,03:29:04.462012,03:29:04.462012,03:29:04.463604,03:29:04.463604,03:29:04.465313,03:29:04.465313,03:29:04.479726,03:29:04.479754,03:29:04.493989,03:29:04.497065,03:29:04.901919,03:29:04.901965,03:29:04.908779,03:29:04.917242,03:29:04.924231,03:29:04.469835,03:29:04.469959,03:29:04.462816
8,rejected,03:29:06.088768,03:29:06.088768,03:29:06.089375,03:29:06.089375,03:29:06.090822,03:29:06.090822,03:29:06.092432,03:29:06.092432,03:29:06.106273,03:29:06.106301,03:29:06.120856,03:29:06.124507,03:29:06.519590,03:29:06.519626,03:29:06.525668,03:29:06.531111,03:29:06.537018,03:29:06.097032,03:29:06.097140,03:29:06.090234
8,rejected,03:29:07.777490,03:29:07.777490,03:29:07.777974,03:29:07.777974,03:29:07.779306,03:29:07.779306,03:29:07.780921,03:29:07.780921,03:29:07.795189,03:29:07.795222,03:29:07.825426,03:29:07.828838,03:29:08.225264,03:29:08.225300,03:29:08.231638,03:29:08.237732,03:29:08.243655,03:29:07.786049,03:29:07.786152,03:29:07.778772
8,rejected,03:29:09.491416,03:29:09.491416,03:29:09.491995,03:29:09.491995,03:29:09.493484,03:29:09.493484,03:29:09.495035,03:29:09.495035,03:29:09.512186,03:29:09.512215,03:29:09.527472,03:29:09.530753,03:29:09.927067,03:29:09.927102,03:29:09.933307,03:29:09.938950,03:29:09.944641,03:29:09.499433,03:29:09.499533,03:29:09.492817
8,rejected,03:29:11.170050,03:29:11.170050,03:29:11.170442,03:29:11.170442,03:29:11.171940,03:29:11.171940,03:29:11.173445,03:29:11.173445,03:29:11.188185,03:29:11.188216,03:29:11.202839,03:29:11.205923,03:29:11.601013,03:29:11.601045,03:29:11.607154,03:29:11.612710,03:29:11.618550,03:29:11.178460,03:29:11.178566,03:29:11.171116
8,rejected,03:29:12.775207,03:29:12.775207,03:29:12.775631,03:29:12.775631,03:29:12.776977,03:29:12.776977,03:29:12.778547,03:29:12.778547,03:29:12.787977,03:29:12.788010,03:29:12.803711,03:29:12.807268,03:29:13.202528,03:29:13.202558,03:29:13.208643,03:29:13.214625,03:29:13.220575,03:29:12.783491,03:29:12.783591,03:29:12.776423
8,rejected,03:29:14.439632,03:29:14.439632,03:29:14.440209,03:29:14.440209,03:29:14.441591,03:29:14.441591,03:29:14.443352,03:29:14.443352,03:29:14.457588,03:29:14.457611,03:29:14.472800,03:29:14.476409,03:29:14.879710,03:29:14.879753,03:29:14.890825,03:29:14.898078,03:29:14.905377,03:29:14.448157,03:29:14.448266,03:29:14.441015
8,rejected,03:29:15.991960,03:29:15.991960,03:29:15.992409,03:29:15.992409,03:29:15.993753,03:29:15.993753,03:29:15.995327,03:29:15.995327,03:29:16.009117,03:29:16.009148,03:29:16.024224,03:29:16.027410,03:29:16.423131,03:29:16.423164,03:29:16.429237,03:29:16.434952,03:29:16.440586,03:29:16.000228,03:29:16.000332,03:29:15.993179
8,rejected,03:29:17.522816,03:29:17.522816,03:29:17.523241,03:29:17.523241,03:29:17.524569,03:29:17.524569,03:29:17.526199,03:29:17.526199,03:29:17.538560,03:29:17.538588,03:29:17.552708,03:29:17.555910,03:29:17.951624,03:29:17.951655,03:29:17.957764,03:29:17.963653,03:29:17.969556,03:29:17.531355,03:29:17.531483,03:29:17.523994
8,rejected,03:29:19.037429,03:29:19.037429,03:29:19.037968,03:29:19.037968,03:29:19.039556,03:29:19.039556,03:29:19.041236,03:29:19.041236,03:29:19.055709,03:29:19.055743,03:29:19.070398,03:29:19.073571,03:29:19.468459,03:29:19.468491,03:29:19.474685,03:29:19.481639,03:29:19.487402,03:29:19.045610,03:29:19.045703,03:29:19.038805
8,rejected,03:29:20.582711,03:29:20.582711,03:29:20.583142,03:29:20.583142,03:29:20.584427,03:29:20.584427,03:29:20.586153,03:29:20.586153,03:29:20.601063,03:29:20.601090,03:29:20.615300,03:29:20.619083,03:29:21.017400,03:29:21.017451,03:29:21.023934,03:29:21.029713,03:29:21.035720,03:29:20.591403,03:29:20.591505,03:29:20.583872
8,rejected,03:29:22.266892,03:29:22.266892,03:29:22.267304,03:29:22.267304,03:29:22.268590,03:29:22.268590,03:29:22.270030,03:29:22.270030,03:29:22.284005,03:29:22.284032,03:29:22.298131,03:29:22.301198,03:29:22.696512,03:29:22.696550,03:29:22.702762,03:29:22.708256,03:29:22.714131,03:29:22.275096,03:29:22.275197,03:29:22.268017
8,rejected,03:29:23.877097,03:29:23.877097,03:29:23.877711,03:29:23.877711,03:29:23.879149,03:29:23.879149,03:29:23.880677,03:29:23.880677,03:29:23.894545,03:29:23.894582,03:29:23.909084,03:29:23.912276,03:29:24.307812,03:29:24.307842,03:29:24.313849,03:29:24.319903,03:29:24.326594,03:29:23.885669,03:29:23.885817,03:29:23.878570
8,rejected,03:29:25.466324,03:29:25.466324,03:29:25.466864,03:29:25.466864,03:29:25.468517,03:29:25.468517,03:29:25.470118,03:29:25.470118,03:29:25.483599,03:29:25.483626,03:29:25.497656,03:29:25.500875,03:29:25.896136,03:29:25.896172,03:29:25.902873,03:29:25.908481,03:29:25.914495,03:29:25.474880,03:29:25.474976,03:29:25.467679
8,rejected,03:29:27.136005,03:29:27.136005,03:29:27.136581,03:29:27.136581,03:29:27.138037,03:29:27.138037,03:29:27.139671,03:29:27.139671,03:29:27.153870,03:29:27.153903,03:29:27.183755,03:29:27.187194,03:29:27.582121,03:29:27.582152,03:29:27.588452,03:29:27.594204,03:29:27.600197,03:29:27.144316,03:29:27.144413,03:29:27.137389
8,rejected,03:29:28.833607,03:29:28.833607,03:29:28.834058,03:29:28.834058,03:29:28.835528,03:29:28.835528,03:29:28.837044,03:29:28.837044,03:29:28.851451,03:29:28.851496,03:29:28.868260,03:29:28.871678,03:29:29.269133,03:29:29.269164,03:29:29.275543,03:29:29.281300,03:29:29.287303,03:29:28.841960,03:29:28.842064,03:29:28.834912
8,rejected,03:29:30.351695,03:29:30.351695,03:29:30.352271,03:29:30.352271,03:29:30.353789,03:29:30.353789,03:29:30.355240,03:29:30.355240,03:29:30.369427,03:29:30.369446,03:29:30.384112,03:29:30.387308,03:29:30.782459,03:29:30.782493,03:29:30.789057,03:29:30.794306,03:29:30.799873,03:29:30.360324,03:29:30.360441,03:29:30.353074
8,rejected,03:29:31.888757,03:29:31.888757,03:29:31.889214,03:29:31.889214,03:29:31.890596,03:29:31.890596,03:29:31.892280,03:29:31.892280,03:29:31.906661,03:29:31.906691,03:29:31.921464,03:29:31.924706,03:29:32.320465,03:29:32.320502,03:29:32.327040,03:29:32.332484,03:29:32.338353,03:29:31.897103,03:29:31.897202,03:29:31.889979
8,rejected,03:29:33.510586,03:29:33.510586,03:29:33.510992,03:29:33.510992,03:29:33.512462,03:29:33.512462,03:29:33.514107,03:29:33.514107,03:29:33.527994,03:29:33.528027,03:29:33.541986,03:29:33.545076,03:29:33.938604,03:29:33.938633,03:29:33.944860,03:29:33.950442,03:29:33.956270,03:29:33.518869,03:29:33.518971,03:29:33.511706
8,rejected,03:29:35.172638,03:29:35.172638,03:29:35.173117,03:29:35.173117,03:29:35.174624,03:29:35.174624,03:29:35.176247,03:29:35.176247,03:29:35.189985,03:29:35.190015,03:29:35.204403,03:29:35.207491,03:29:35.602134,03:29:35.602167,03:29:35.608483,03:29:35.613663,03:29:35.619481,03:29:35.180924,03:29:35.181054,03:29:35.173838
8,rejected,03:29:36.791159,03:29:36.791159,03:29:36.791599,03:29:36.791599,03:29:36.792953,03:29:36.792953,03:29:36.794844,03:29:36.794844,03:29:36.808480,03:29:36.808508,03:29:36.866461,03:29:36.871107,03:29:37.266297,03:29:37.266329,03:29:37.272363,03:29:37.278037,03:29:37.284185,03:29:36.798966,03:29:36.799100,03:29:36.792410
8,rejected,03:29:38.508359,03:29:38.508359,03:29:38.508747,03:29:38.508747,03:29:38.510378,03:29:38.510378,03:29:38.511962,03:29:38.511962,03:29:38.525879,03:29:38.525908,03:29:38.538627,03:29:38.541751,03:29:38.936899,03:29:38.936963,03:29:38.943127,03:29:38.948793,03:29:38.954762,03:29:38.516802,03:29:38.516905,03:29:38.509559
8,rejected,03:29:40.137526,03:29:40.137526,03:29:40.138098,03:29:40.138098,03:29:40.139591,03:29:40.139591,03:29:40.141444,03:29:40.141444,03:29:40.155185,03:29:40.155214,03:29:40.170313,03:29:40.173499,03:29:40.568080,03:29:40.568110,03:29:40.574193,03:29:40.579785,03:29:40.585865,03:29:40.145785,03:29:40.145882,03:29:40.138902
8,rejected,03:29:41.806807,03:29:41.806807,03:29:41.807278,03:29:41.807278,03:29:41.808569,03:29:41.808569,03:29:41.810004,03:29:41.810004,03:29:41.819420,03:29:41.819446,03:29:41.833848,03:29:41.837021,03:29:42.232818,03:29:42.232846,03:29:42.238671,03:29:42.244031,03:29:42.251783,03:29:41.815515,03:29:41.815636,03:29:41.808037
8,rejected,03:29:43.425101,03:29:43.425101,03:29:43.425596,03:29:43.425596,03:29:43.426963,03:29:43.426963,03:29:43.428369,03:29:43.428369,03:29:43.437777,03:29:43.437799,03:29:43.452790,03:29:43.455862,03:29:43.851089,03:29:43.851123,03:29:43.857352,03:29:43.862735,03:29:43.868336,03:29:43.433525,03:29:43.433625,03:29:43.426411
8,rejected,03:29:45.045544,03:29:45.045544,03:29:45.045998,03:29:45.045998,03:29:45.047690,03:29:45.047690,03:29:45.049381,03:29:45.049381,03:29:45.063801,03:29:45.063858,03:29:45.084016,03:29:45.088270,03:29:45.485170,03:29:45.485203,03:29:45.491293,03:29:45.497020,03:29:45.503088,03:29:45.054036,03:29:45.054169,03:29:45.046818
8,rejected,03:29:46.722319,03:29:46.722319,03:29:46.722783,03:29:46.722783,03:29:46.724146,03:29:46.724146,03:29:46.725973,03:29:46.725973,03:29:46.740684,03:29:46.740712,03:29:46.764635,03:29:46.768153,03:29:47.164353,03:29:47.164385,03:29:47.170711,03:29:47.176595,03:29:47.182555,03:29:46.730540,03:29:46.730641,03:29:46.723558
8,rejected,03:29:48.448458,03:29:48.448458,03:29:48.448850,03:29:48.448850,03:29:48.450396,03:29:48.450396,03:29:48.451941,03:29:48.451941,03:29:48.466423,03:29:48.466443,03:29:48.482017,03:29:48.485092,03:29:48.880358,03:29:48.880390,03:29:48.886627,03:29:48.892996,03:29:48.898591,03:29:48.456864,03:29:48.457011,03:29:48.449615
8,rejected,03:29:50.057330,03:29:50.057330,03:29:50.057815,03:29:50.057815,03:29:50.059402,03:29:50.059402,03:29:50.061022,03:29:50.061022,03:29:50.075707,03:29:50.075744,03:29:50.090908,03:29:50.094362,03:29:50.489560,03:29:50.489592,03:29:50.495879,03:29:50.502142,03:29:50.507709,03:29:50.065671,03:29:50.065797,03:29:50.058725
8,rejected,03:29:51.675504,03:29:51.675504,03:29:51.675961,03:29:51.675961,03:29:51.677245,03:29:51.677245,03:29:51.678740,03:29:51.678740,03:29:51.688462,03:29:51.688489,03:29:51.703157,03:29:51.706373,03:29:52.103433,03:29:52.103464,03:29:52.109775,03:29:52.115544,03:29:52.121299,03:29:51.683868,03:29:51.683969,03:29:51.676690
8,rejected,03:29:53.196875,03:29:53.196875,03:29:53.197311,03:29:53.197311,03:29:53.198643,03:29:53.198643,03:29:53.200208,03:29:53.200208,03:29:53.210151,03:29:53.210173,03:29:53.227076,03:29:53.232017,03:29:53.628872,03:29:53.628903,03:29:53.635202,03:29:53.640981,03:29:53.646926,03:29:53.205229,03:29:53.205335,03:29:53.198112
8,rejected,03:29:54.792842,03:29:54.792842,03:29:54.793482,03:29:54.793482,03:29:54.795515,03:29:54.795515,03:29:54.797470,03:29:54.797470,03:29:54.813178,03:29:54.813226,03:29:54.833522,03:29:54.837576,03:29:55.238977,03:29:55.239006,03:29:55.245073,03:29:55.250893,03:29:55.256883,03:29:54.801169,03:29:54.801291,03:29:54.794534
8,rejected,03:29:56.431442,03:29:56.431442,03:29:56.431868,03:29:56.431868,03:29:56.433446,03:29:56.433446,03:29:56.435070,03:29:56.435070,03:29:56.451248,03:29:56.451277,03:29:56.465548,03:29:56.468636,03:29:56.864428,03:29:56.864468,03:29:56.871587,03:29:56.878403,03:29:56.884721,03:29:56.440026,03:29:56.440128,03:29:56.432573
8,rejected,03:29:58.048896,03:29:58.048896,03:29:58.049368,03:29:58.049368,03:29:58.050743,03:29:58.050743,03:29:58.052591,03:29:58.052591,03:29:58.069473,03:29:58.069505,03:29:58.085092,03:29:58.088363,03:29:58.483982,03:29:58.484013,03:29:58.490248,03:29:58.495862,03:29:58.501571,03:29:58.057209,03:29:58.057312,03:29:58.050140
8,rejected,03:29:59.658368,03:29:59.658368,03:29:59.658767,03:29:59.658767,03:29:59.660120,03:29:59.660120,03:29:59.661849,03:29:59.661849,03:29:59.676600,03:29:59.676627,03:29:59.691117,03:29:59.694765,03:30:00.090652,03:30:00.090691,03:30:00.096634,03:30:00.102246,03:30:00.108365,03:29:59.666663,03:29:59.666763,03:29:59.659516
8,rejected,03:30:01.331246,03:30:01.331246,03:30:01.331671,03:30:01.331671,03:30:01.333380,03:30:01.333380,03:30:01.335032,03:30:01.335032,03:30:01.351250,03:30:01.351309,03:30:01.368610,03:30:01.371934,03:30:01.768343,03:30:01.768378,03:30:01.774768,03:30:01.780235,03:30:01.786164,03:30:01.339747,03:30:01.339850,03:30:01.332490
8,rejected,03:30:02.947652,03:30:02.947652,03:30:02.948039,03:30:02.948039,03:30:02.949656,03:30:02.949656,03:30:02.951282,03:30:02.951282,03:30:02.965180,03:30:02.965208,03:30:02.979667,03:30:02.983120,03:30:03.379131,03:30:03.379162,03:30:03.385339,03:30:03.390869,03:30:03.396959,03:30:02.955987,03:30:02.956097,03:30:02.948800
8,rejected,03:30:04.574588,03:30:04.574588,03:30:04.575009,03:30:04.575009,03:30:04.576532,03:30:04.576532,03:30:04.578165,03:30:04.578165,03:30:04.592369,03:30:04.592399,03:30:04.606667,03:30:04.610164,03:30:05.013806,03:30:05.013837,03:30:05.020423,03:30:05.026623,03:30:05.032939,03:30:04.582963,03:30:04.583057,03:30:04.575746
8,rejected,03:30:06.205026,03:30:06.205026,03:30:06.205623,03:30:06.205623,03:30:06.207145,03:30:06.207145,03:30:06.208660,03:30:06.208660,03:30:06.222571,03:30:06.222598,03:30:06.246480,03:30:06.249721,03:30:06.644546,03:30:06.644579,03:30:06.650885,03:30:06.656777,03:30:06.662461,03:30:06.213421,03:30:06.213526,03:30:06.206449
8,rejected,03:30:07.812012,03:30:07.812012,03:30:07.812456,03:30:07.812456,03:30:07.813998,03:30:07.813998,03:30:07.815911,03:30:07.815911,03:30:07.831170,03:30:07.831207,03:30:07.846070,03:30:07.849327,03:30:08.244966,03:30:08.245002,03:30:08.251387,03:30:08.257186,03:30:08.263220,03:30:07.820241,03:30:07.820366,03:30:07.813190
8,rejected,03:30:09.435351,03:30:09.435351,03:30:09.435881,03:30:09.435881,03:30:09.437188,03:30:09.437188,03:30:09.438589,03:30:09.438589,03:30:09.448356,03:30:09.448382,03:30:09.463162,03:30:09.466303,03:30:09.863353,03:30:09.863383,03:30:09.869533,03:30:09.875144,03:30:09.880800,03:30:09.443544,03:30:09.443641,03:30:09.436673
8,rejected,03:30:10.974824,03:30:10.974824,03:30:10.975289,03:30:10.975289,03:30:10.976792,03:30:10.976792,03:30:10.978489,03:30:10.978489,03:30:10.992376,03:30:10.992400,03:30:11.006221,03:30:11.009404,03:30:11.404478,03:30:11.404508,03:30:11.410877,03:30:11.416662,03:30:11.422733,03:30:10.983267,03:30:10.983367,03:30:10.976030
8,rejected,03:30:12.600918,03:30:12.600918,03:30:12.601356,03:30:12.601356,03:30:12.602906,03:30:12.602906,03:30:12.604692,03:30:12.604692,03:30:12.619563,03:30:12.619593,03:30:12.634302,03:30:12.637650,03:30:13.033897,03:30:13.033929,03:30:13.040566,03:30:13.046226,03:30:13.051788,03:30:12.608887,03:30:12.609012,03:30:12.602078
8,rejected,03:30:14.276738,03:30:14.276738,03:30:14.277192,03:30:14.277192,03:30:14.278917,03:30:14.278917,03:30:14.280415,03:30:14.280415,03:30:14.294815,03:30:14.294846,03:30:14.308984,03:30:14.312142,03:30:14.707556,03:30:14.707591,03:30:14.714902,03:30:14.723935,03:30:14.731148,03:30:14.285103,03:30:14.285207,03:30:14.278011
8,rejected,03:30:15.917377,03:30:15.917377,03:30:15.917779,03:30:15.917779,03:30:15.919403,03:30:15.919403,03:30:15.920975,03:30:15.920975,03:30:15.934841,03:30:15.934866,03:30:15.949273,03:30:15.952705,03:30:16.347121,03:30:16.347156,03:30:16.353440,03:30:16.359180,03:30:16.364744,03:30:15.925758,03:30:15.925865,03:30:15.918529
8,rejected,03:30:17.539143,03:30:17.539143,03:30:17.539798,03:30:17.539798,03:30:17.541677,03:30:17.541677,03:30:17.543470,03:30:17.543470,03:30:17.558888,03:30:17.558938,03:30:17.576205,03:30:17.579562,03:30:17.974973,03:30:17.975004,03:30:17.981166,03:30:17.986819,03:30:17.992817,03:30:17.547285,03:30:17.547495,03:30:17.540818
8,rejected,03:30:19.153476,03:30:19.153476,03:30:19.153882,03:30:19.153882,03:30:19.155536,03:30:19.155536,03:30:19.157156,03:30:19.157156,03:30:19.172090,03:30:19.172117,03:30:19.186348,03:30:19.189466,03:30:19.585484,03:30:19.585512,03:30:19.591709,03:30:19.597155,03:30:19.603265,03:30:19.161790,03:30:19.161883,03:30:19.154634
8,rejected,03:30:20.690525,03:30:20.690525,03:30:20.690959,03:30:20.690959,03:30:20.692350,03:30:20.692350,03:30:20.694272,03:30:20.694272,03:30:20.708666,03:30:20.708695,03:30:20.723214,03:30:20.726323,03:30:21.121966,03:30:21.122002,03:30:21.128115,03:30:21.133775,03:30:21.139805,03:30:20.698822,03:30:20.698923,03:30:20.691727
8,rejected,03:30:22.362577,03:30:22.362577,03:30:22.363040,03:30:22.363040,03:30:22.364417,03:30:22.364417,03:30:22.366147,03:30:22.366147,03:30:22.381019,03:30:22.381048,03:30:22.396186,03:30:22.399402,03:30:22.795038,03:30:22.795069,03:30:22.801196,03:30:22.806972,03:30:22.813179,03:30:22.371272,03:30:22.371382,03:30:22.363807
8,rejected,03:30:24.077848,03:30:24.077848,03:30:24.078346,03:30:24.078346,03:30:24.079864,03:30:24.079864,03:30:24.081604,03:30:24.081604,03:30:24.096536,03:30:24.096575,03:30:24.112585,03:30:24.116317,03:30:24.513092,03:30:24.513126,03:30:24.519318,03:30:24.525162,03:30:24.531023,03:30:24.086047,03:30:24.086144,03:30:24.079071
8,rejected,03:30:25.714525,03:30:25.714525,03:30:25.715037,03:30:25.715037,03:30:25.716579,03:30:25.716579,03:30:25.718186,03:30:25.718186,03:30:25.739058,03:30:25.739101,03:30:25.764993,03:30:25.768529,03:30:26.164166,03:30:26.164197,03:30:26.170881,03:30:26.176931,03:30:26.182742,03:30:25.722996,03:30:25.723097,03:30:25.715909
8,rejected,03:30:27.448168,03:30:27.448168,03:30:27.448607,03:30:27.448607,03:30:27.449916,03:30:27.449916,03:30:27.451655,03:30:27.451655,03:30:27.466606,03:30:27.466635,03:30:27.481380,03:30:27.484429,03:30:27.880049,03:30:27.880081,03:30:27.886363,03:30:27.891757,03:30:27.897190,03:30:27.456492,03:30:27.456605,03:30:27.449385
8,rejected,03:30:28.981590,03:30:28.981590,03:30:28.982130,03:30:28.982130,03:30:28.983566,03:30:28.983566,03:30:28.985103,03:30:28.985103,03:30:28.999248,03:30:28.999277,03:30:29.014210,03:30:29.017586,03:30:29.412029,03:30:29.412065,03:30:29.418480,03:30:29.424403,03:30:29.430173,03:30:28.989828,03:30:28.989968,03:30:28.982941
8,rejected,03:30:30.526595,03:30:30.526595,03:30:30.527069,03:30:30.527069,03:30:30.528686,03:30:30.528686,03:30:30.530393,03:30:30.530393,03:30:30.544050,03:30:30.544078,03:30:30.560817,03:30:30.564260,03:30:30.961471,03:30:30.961504,03:30:30.968080,03:30:30.974488,03:30:30.982189,03:30:30.534751,03:30:30.534849,03:30:30.527892
8,rejected,03:30:32.082227,03:30:32.082227,03:30:32.082684,03:30:32.082684,03:30:32.084136,03:30:32.084136,03:30:32.085516,03:30:32.085516,03:30:32.099205,03:30:32.099232,03:30:32.113824,03:30:32.117068,03:30:32.513945,03:30:32.513976,03:30:32.520566,03:30:32.526178,03:30:32.532016,03:30:32.090451,03:30:32.090555,03:30:32.083508
8,rejected,03:30:33.714237,03:30:33.714237,03:30:33.714610,03:30:33.714610,03:30:33.716209,03:30:33.716209,03:30:33.717834,03:30:33.717834,03:30:33.732012,03:30:33.732038,03:30:33.746798,03:30:33.750439,03:30:34.146005,03:30:34.146040,03:30:34.152387,03:30:34.157976,03:30:34.163684,03:30:33.722731,03:30:33.722857,03:30:33.715358
8,rejected,03:30:35.315713,03:30:35.315713,03:30:35.316130,03:30:35.316130,03:30:35.317555,03:30:35.317555,03:30:35.319078,03:30:35.319078,03:30:35.335524,03:30:35.335555,03:30:35.350428,03:30:35.353793,03:30:35.749193,03:30:35.749223,03:30:35.755385,03:30:35.760995,03:30:35.769321,03:30:35.324233,03:30:35.324342,03:30:35.316913
8,rejected,03:30:37.019316,03:30:37.019316,03:30:37.019776,03:30:37.019776,03:30:37.021234,03:30:37.021234,03:30:37.022986,03:30:37.022986,03:30:37.037670,03:30:37.037714,03:30:37.052416,03:30:37.055563,03:30:37.451531,03:30:37.451583,03:30:37.458455,03:30:37.464283,03:30:37.469894,03:30:37.027510,03:30:37.027616,03:30:37.020581
8,rejected,03:30:38.650207,03:30:38.650207,03:30:38.650626,03:30:38.650626,03:30:38.651981,03:30:38.651981,03:30:38.653548,03:30:38.653548,03:30:38.667617,03:30:38.667645,03:30:38.682716,03:30:38.686056,03:30:39.081660,03:30:39.081711,03:30:39.087888,03:30:39.093684,03:30:39.099155,03:30:38.658486,03:30:38.658613,03:30:38.651359
8,rejected,03:30:40.196961,03:30:40.196961,03:30:40.197446,03:30:40.197446,03:30:40.198831,03:30:40.198831,03:30:40.200577,03:30:40.200577,03:30:40.214349,03:30:40.214378,03:30:40.229397,03:30:40.232637,03:30:40.627343,03:30:40.627419,03:30:40.633939,03:30:40.639862,03:30:40.645625,03:30:40.205167,03:30:40.205270,03:30:40.198304
8,rejected,03:30:41.807530,03:30:41.807530,03:30:41.807905,03:30:41.807905,03:30:41.809508,03:30:41.809508,03:30:41.811218,03:30:41.811218,03:30:41.824954,03:30:41.824985,03:30:41.839044,03:30:41.842259,03:30:42.236998,03:30:42.237029,03:30:42.243329,03:30:42.249311,03:30:42.255115,03:30:41.815897,03:30:41.816021,03:30:41.808626
8,rejected,03:30:43.401896,03:30:43.401896,03:30:43.402356,03:30:43.402356,03:30:43.403688,03:30:43.403688,03:30:43.405214,03:30:43.405214,03:30:43.420086,03:30:43.420143,03:30:43.438629,03:30:43.442148,03:30:43.839825,03:30:43.839858,03:30:43.846219,03:30:43.851892,03:30:43.857537,03:30:43.410511,03:30:43.410668,03:30:43.403129
8,rejected,03:30:44.952788,03:30:44.952788,03:30:44.953288,03:30:44.953288,03:30:44.955122,03:30:44.955122,03:30:44.956939,03:30:44.956939,03:30:44.971141,03:30:44.971183,03:30:44.998577,03:30:45.001969,03:30:45.397527,03:30:45.397560,03:30:45.404158,03:30:45.411718,03:30:45.417631,03:30:44.961169,03:30:44.961277,03:30:44.954226
8,rejected,03:30:46.511702,03:30:46.511702,03:30:46.512278,03:30:46.512278,03:30:46.513775,03:30:46.513775,03:30:46.515489,03:30:46.515489,03:30:46.529558,03:30:46.529585,03:30:46.544154,03:30:46.547320,03:30:46.944216,03:30:46.944252,03:30:46.951015,03:30:46.956731,03:30:46.962653,03:30:46.519849,03:30:46.519948,03:30:46.513063
8,rejected,03:30:48.048874,03:30:48.048874,03:30:48.049281,03:30:48.049281,03:30:48.050566,03:30:48.050566,03:30:48.052342,03:30:48.052342,03:30:48.066716,03:30:48.066743,03:30:48.080463,03:30:48.083592,03:30:48.479064,03:30:48.479096,03:30:48.485558,03:30:48.491301,03:30:48.497228,03:30:48.056584,03:30:48.056687,03:30:48.050027
8,rejected,03:30:49.585085,03:30:49.585085,03:30:49.585539,03:30:49.585539,03:30:49.587013,03:30:49.587013,03:30:49.588594,03:30:49.588594,03:30:49.597937,03:30:49.597962,03:30:49.612526,03:30:49.615652,03:30:50.011841,03:30:50.011871,03:30:50.017962,03:30:50.025247,03:30:50.030728,03:30:49.593761,03:30:49.593886,03:30:49.586355
8,rejected,03:30:51.202545,03:30:51.202545,03:30:51.203002,03:30:51.203002,03:30:51.204392,03:30:51.204392,03:30:51.205830,03:30:51.205830,03:30:51.215783,03:30:51.215831,03:30:51.235012,03:30:51.238433,03:30:51.636008,03:30:51.636041,03:30:51.642225,03:30:51.647651,03:30:51.653286,03:30:51.211191,03:30:51.211322,03:30:51.203751
8,rejected,03:30:52.719251,03:30:52.719251,03:30:52.719709,03:30:52.719709,03:30:52.721051,03:30:52.721051,03:30:52.722699,03:30:52.722699,03:30:52.736802,03:30:52.736828,03:30:52.750999,03:30:52.754179,03:30:53.149222,03:30:53.149257,03:30:53.155598,03:30:53.161346,03:30:53.166976,03:30:52.727676,03:30:52.727777,03:30:52.720531
8,rejected,03:30:54.256627,03:30:54.256627,03:30:54.257168,03:30:54.257168,03:30:54.258578,03:30:54.258578,03:30:54.260167,03:30:54.260167,03:30:54.274275,03:30:54.274304,03:30:54.288992,03:30:54.292178,03:30:54.687424,03:30:54.687455,03:30:54.694124,03:30:54.700597,03:30:54.708282,03:30:54.264861,03:30:54.264962,03:30:54.257985
8,rejected,03:30:55.947817,03:30:55.947817,03:30:55.948243,03:30:55.948243,03:30:55.949632,03:30:55.949632,03:30:55.951232,03:30:55.951232,03:30:55.964951,03:30:55.964978,03:30:55.979001,03:30:55.982082,03:30:56.377881,03:30:56.377912,03:30:56.384451,03:30:56.390125,03:30:56.395856,03:30:55.956291,03:30:55.956387,03:30:55.949033
8,rejected,03:30:57.490699,03:30:57.490699,03:30:57.491331,03:30:57.491331,03:30:57.492973,03:30:57.492973,03:30:57.494538,03:30:57.494538,03:30:57.508314,03:30:57.508346,03:30:57.523554,03:30:57.526804,03:30:57.923618,03:30:57.923648,03:30:57.929876,03:30:57.935829,03:30:57.941925,03:30:57.499308,03:30:57.499419,03:30:57.492243
8,rejected,03:30:59.009011,03:30:59.009011,03:30:59.009957,03:30:59.009957,03:30:59.012369,03:30:59.012369,03:30:59.014810,03:30:59.014810,03:30:59.031823,03:30:59.031881,03:30:59.051414,03:30:59.054995,03:30:59.451264,03:30:59.451295,03:30:59.457118,03:30:59.462581,03:30:59.468246,03:30:59.017652,03:30:59.017821,03:30:59.011142
8,rejected,03:31:00.622348,03:31:00.622348,03:31:00.622842,03:31:00.622842,03:31:00.624239,03:31:00.624239,03:31:00.626138,03:31:00.626138,03:31:00.639877,03:31:00.639904,03:31:00.654105,03:31:00.657280,03:31:01.052595,03:31:01.052629,03:31:01.059031,03:31:01.064714,03:31:01.070840,03:31:00.630769,03:31:00.630872,03:31:00.623704
8,rejected,03:31:02.356243,03:31:02.356243,03:31:02.356743,03:31:02.356743,03:31:02.358301,03:31:02.358301,03:31:02.359931,03:31:02.359931,03:31:02.374123,03:31:02.374154,03:31:02.388443,03:31:02.391558,03:31:02.788056,03:31:02.788092,03:31:02.794631,03:31:02.800129,03:31:02.806043,03:31:02.364718,03:31:02.364816,03:31:02.357501
8,rejected,03:31:04.034734,03:31:04.034734,03:31:04.035217,03:31:04.035217,03:31:04.036462,03:31:04.036462,03:31:04.038263,03:31:04.038263,03:31:04.053090,03:31:04.053119,03:31:04.077133,03:31:04.080651,03:31:04.476883,03:31:04.476911,03:31:04.483207,03:31:04.489497,03:31:04.496168,03:31:04.043187,03:31:04.043288,03:31:04.035931
8,rejected,03:31:05.732574,03:31:05.732574,03:31:05.733025,03:31:05.733025,03:31:05.734402,03:31:05.734402,03:31:05.736240,03:31:05.736240,03:31:05.750380,03:31:05.750410,03:31:05.765689,03:31:05.768868,03:31:06.164807,03:31:06.164837,03:31:06.170662,03:31:06.176302,03:31:06.182116,03:31:05.741002,03:31:05.741109,03:31:05.733803
8,rejected,03:31:07.280114,03:31:07.280114,03:31:07.280622,03:31:07.280622,03:31:07.281959,03:31:07.281959,03:31:07.283610,03:31:07.283610,03:31:07.297511,03:31:07.297552,03:31:07.316463,03:31:07.319722,03:31:07.716971,03:31:07.717003,03:31:07.723166,03:31:07.728774,03:31:07.734713,03:31:07.288543,03:31:07.288657,03:31:07.281398
8,rejected,03:31:08.957085,03:31:08.957085,03:31:08.957575,03:31:08.957575,03:31:08.959150,03:31:08.959150,03:31:08.960794,03:31:08.960794,03:31:08.974720,03:31:08.974752,03:31:08.988959,03:31:08.992014,03:31:09.387390,03:31:09.387421,03:31:09.393669,03:31:09.399295,03:31:09.405030,03:31:08.965624,03:31:08.965719,03:31:08.958327
8,rejected,03:31:10.575822,03:31:10.575822,03:31:10.576412,03:31:10.576412,03:31:10.577889,03:31:10.577889,03:31:10.579473,03:31:10.579473,03:31:10.593234,03:31:10.593262,03:31:10.608222,03:31:10.611543,03:31:11.007418,03:31:11.007450,03:31:11.013532,03:31:11.019308,03:31:11.025463,03:31:10.584222,03:31:10.584327,03:31:10.577253
8,rejected,03:31:12.189459,03:31:12.189459,03:31:12.189922,03:31:12.189922,03:31:12.191306,03:31:12.191306,03:31:12.193032,03:31:12.193032,03:31:12.206839,03:31:12.206877,03:31:12.221388,03:31:12.224440,03:31:12.620730,03:31:12.620765,03:31:12.627061,03:31:12.632852,03:31:12.640630,03:31:12.197748,03:31:12.197853,03:31:12.190762
8,rejected,03:31:13.787693,03:31:13.787693,03:31:13.788149,03:31:13.788149,03:31:13.789774,03:31:13.789774,03:31:13.791392,03:31:13.791392,03:31:13.807782,03:31:13.807821,03:31:13.822323,03:31:13.825468,03:31:14.221154,03:31:14.221186,03:31:14.228076,03:31:14.234165,03:31:14.240141,03:31:13.796198,03:31:13.796293,03:31:13.788912
8,rejected,03:31:15.398137,03:31:15.398137,03:31:15.398644,03:31:15.398644,03:31:15.399936,03:31:15.399936,03:31:15.401390,03:31:15.401390,03:31:15.410741,03:31:15.410765,03:31:15.425374,03:31:15.428595,03:31:15.824033,03:31:15.824065,03:31:15.830330,03:31:15.835728,03:31:15.841262,03:31:15.406579,03:31:15.406729,03:31:15.399410
8,rejected,03:31:17.014513,03:31:17.014513,03:31:17.014982,03:31:17.014982,03:31:17.016564,03:31:17.016564,03:31:17.018368,03:31:17.018368,03:31:17.032309,03:31:17.032339,03:31:17.047313,03:31:17.050891,03:31:17.447043,03:31:17.447076,03:31:17.453499,03:31:17.459442,03:31:17.465151,03:31:17.022924,03:31:17.023034,03:31:17.015758
8,rejected,03:31:18.628773,03:31:18.628773,03:31:18.629196,03:31:18.629196,03:31:18.630504,03:31:18.630504,03:31:18.631967,03:31:18.631967,03:31:18.645839,03:31:18.645871,03:31:18.661277,03:31:18.664841,03:31:19.059700,03:31:19.059731,03:31:19.066669,03:31:19.072373,03:31:19.078262,03:31:18.637007,03:31:18.637103,03:31:18.629922
8,rejected,03:31:20.161365,03:31:20.161365,03:31:20.161802,03:31:20.161802,03:31:20.163201,03:31:20.163201,03:31:20.165225,03:31:20.165225,03:31:20.182443,03:31:20.182504,03:31:20.203383,03:31:20.207162,03:31:20.604559,03:31:20.604594,03:31:20.610947,03:31:20.617038,03:31:20.622979,03:31:20.169603,03:31:20.169760,03:31:20.162617
8,rejected,03:31:21.850217,03:31:21.850217,03:31:21.850641,03:31:21.850641,03:31:21.852256,03:31:21.852256,03:31:21.854064,03:31:21.854064,03:31:21.868364,03:31:21.868421,03:31:21.883077,03:31:21.886474,03:31:22.282014,03:31:22.282106,03:31:22.288053,03:31:22.293457,03:31:22.298943,03:31:21.858851,03:31:21.858959,03:31:21.851372
8,rejected,03:31:23.494171,03:31:23.494171,03:31:23.494638,03:31:23.494638,03:31:23.496138,03:31:23.496138,03:31:23.497812,03:31:23.497812,03:31:23.512404,03:31:23.512434,03:31:23.535110,03:31:23.538300,03:31:23.933821,03:31:23.933855,03:31:23.939930,03:31:23.945735,03:31:23.951725,03:31:23.502009,03:31:23.502120,03:31:23.495373
8,rejected,03:31:25.043915,03:31:25.043915,03:31:25.044377,03:31:25.044377,03:31:25.045796,03:31:25.045796,03:31:25.047627,03:31:25.047627,03:31:25.061486,03:31:25.061515,03:31:25.076415,03:31:25.079616,03:31:25.476421,03:31:25.476456,03:31:25.482462,03:31:25.487978,03:31:25.494012,03:31:25.052657,03:31:25.052777,03:31:25.045232
8,rejected,03:31:26.736635,03:31:26.736635,03:31:26.737107,03:31:26.737107,03:31:26.738665,03:31:26.738665,03:31:26.740503,03:31:26.740503,03:31:26.754321,03:31:26.754348,03:31:26.770234,03:31:26.773529,03:31:27.169795,03:31:27.169832,03:31:27.176384,03:31:27.183970,03:31:27.190107,03:31:26.745262,03:31:26.745365,03:31:26.737863
8,rejected,03:31:28.293695,03:31:28.293695,03:31:28.294154,03:31:28.294154,03:31:28.296271,03:31:28.296271,03:31:28.298561,03:31:28.298561,03:31:28.313839,03:31:28.313897,03:31:28.331917,03:31:28.335472,03:31:28.731770,03:31:28.731804,03:31:28.738005,03:31:28.743778,03:31:28.749863,03:31:28.302369,03:31:28.302534,03:31:28.295179
8,rejected,03:31:29.912296,03:31:29.912296,03:31:29.912781,03:31:29.912781,03:31:29.914448,03:31:29.914448,03:31:29.915990,03:31:29.915990,03:31:29.932281,03:31:29.932321,03:31:29.946691,03:31:29.949780,03:31:30.345860,03:31:30.345895,03:31:30.352145,03:31:30.358188,03:31:30.363960,03:31:29.920665,03:31:29.920771,03:31:29.913590
8,rejected,03:31:31.461243,03:31:31.461243,03:31:31.461732,03:31:31.461732,03:31:31.463191,03:31:31.463191,03:31:31.464781,03:31:31.464781,03:31:31.481488,03:31:31.481519,03:31:31.495887,03:31:31.498908,03:31:31.894565,03:31:31.894620,03:31:31.901122,03:31:31.906968,03:31:31.913202,03:31:31.469843,03:31:31.469938,03:31:31.462526
8,rejected,03:31:33.087002,03:31:33.087002,03:31:33.087487,03:31:33.087487,03:31:33.089032,03:31:33.089032,03:31:33.090653,03:31:33.090653,03:31:33.104181,03:31:33.104205,03:31:33.121637,03:31:33.126693,03:31:33.522986,03:31:33.523017,03:31:33.529173,03:31:33.534804,03:31:33.540512,03:31:33.095220,03:31:33.095317,03:31:33.088229
8,rejected,03:31:34.713069,03:31:34.713069,03:31:34.713563,03:31:34.713563,03:31:34.715148,03:31:34.715148,03:31:34.717117,03:31:34.717117,03:31:34.731568,03:31:34.731612,03:31:34.749913,03:31:34.754356,03:31:35.157822,03:31:35.157857,03:31:35.164083,03:31:35.170047,03:31:35.176000,03:31:34.721541,03:31:34.721671,03:31:34.714481
9,rejected,03:31:36.385606,03:31:36.385606,03:31:36.386092,03:31:36.386092,03:31:36.387688,03:31:36.387688,03:31:36.389291,03:31:36.389291,03:31:36.398879,03:31:36.398903,03:31:36.413489,03:31:36.416659,03:31:36.812903,03:31:36.812936,03:31:36.819253,03:31:36.824785,03:31:36.830588,03:31:36.395153,03:31:36.395252,03:31:36.386867
9,rejected,03:31:38.068030,03:31:38.068030,03:31:38.068448,03:31:38.068448,03:31:38.070252,03:31:38.070252,03:31:38.071962,03:31:38.071962,03:31:38.081740,03:31:38.081773,03:31:38.096219,03:31:38.100950,03:31:38.501118,03:31:38.501149,03:31:38.507410,03:31:38.513033,03:31:38.519043,03:31:38.077550,03:31:38.077665,03:31:38.069287
9,rejected,03:31:39.813842,03:31:39.813842,03:31:39.814418,03:31:39.814418,03:31:39.816002,03:31:39.816002,03:31:39.817736,03:31:39.817736,03:31:39.831693,03:31:39.831729,03:31:39.846780,03:31:39.850019,03:31:40.245874,03:31:40.245911,03:31:40.252416,03:31:40.258567,03:31:40.264473,03:31:39.822925,03:31:39.823065,03:31:39.815284
9,rejected,03:31:41.357345,03:31:41.357345,03:31:41.357915,03:31:41.357915,03:31:41.359429,03:31:41.359429,03:31:41.360942,03:31:41.360942,03:31:41.370593,03:31:41.370620,03:31:41.385275,03:31:41.388398,03:31:41.785346,03:31:41.785380,03:31:41.791757,03:31:41.797334,03:31:41.803224,03:31:41.367007,03:31:41.367122,03:31:41.358755
9,rejected,03:31:42.965032,03:31:42.965032,03:31:42.965443,03:31:42.965443,03:31:42.966799,03:31:42.966799,03:31:42.968581,03:31:42.968581,03:31:42.978131,03:31:42.978156,03:31:43.002960,03:31:43.006567,03:31:43.402312,03:31:43.402344,03:31:43.408458,03:31:43.414116,03:31:43.419520,03:31:42.974362,03:31:42.974469,03:31:42.966191
9,rejected,03:31:44.653284,03:31:44.653284,03:31:44.653780,03:31:44.653780,03:31:44.655175,03:31:44.655175,03:31:44.656554,03:31:44.656554,03:31:44.665736,03:31:44.665757,03:31:44.680689,03:31:44.683847,03:31:45.085819,03:31:45.085847,03:31:45.091719,03:31:45.097461,03:31:45.102949,03:31:44.662594,03:31:44.662699,03:31:44.654592
9,rejected,03:31:46.177456,03:31:46.177456,03:31:46.178046,03:31:46.178046,03:31:46.179492,03:31:46.179492,03:31:46.181006,03:31:46.181006,03:31:46.191065,03:31:46.191090,03:31:46.206353,03:31:46.209553,03:31:46.606781,03:31:46.606811,03:31:46.612915,03:31:46.618719,03:31:46.624592,03:31:46.186796,03:31:46.186911,03:31:46.178875
9,rejected,03:31:47.807669,03:31:47.807669,03:31:47.808069,03:31:47.808069,03:31:47.809710,03:31:47.809710,03:31:47.811523,03:31:47.811523,03:31:47.821039,03:31:47.821065,03:31:47.836343,03:31:47.839635,03:31:48.235569,03:31:48.235600,03:31:48.241927,03:31:48.247724,03:31:48.253269,03:31:47.816917,03:31:47.817019,03:31:47.808868
9,rejected,03:31:49.362894,03:31:49.362894,03:31:49.363466,03:31:49.363466,03:31:49.364894,03:31:49.364894,03:31:49.366560,03:31:49.366560,03:31:49.376391,03:31:49.376417,03:31:49.390645,03:31:49.393804,03:31:49.788803,03:31:49.788834,03:31:49.795088,03:31:49.801243,03:31:49.806806,03:31:49.372147,03:31:49.372257,03:31:49.364210
9,rejected,03:31:50.982617,03:31:50.982617,03:31:50.983060,03:31:50.983060,03:31:50.984433,03:31:50.984433,03:31:50.986121,03:31:50.986121,03:31:50.995520,03:31:50.995545,03:31:51.009919,03:31:51.013788,03:31:51.408288,03:31:51.408321,03:31:51.414482,03:31:51.420267,03:31:51.426060,03:31:50.992235,03:31:50.992336,03:31:50.983811
9,rejected,03:31:52.606303,03:31:52.606303,03:31:52.606898,03:31:52.606898,03:31:52.608400,03:31:52.608400,03:31:52.609942,03:31:52.609942,03:31:52.621876,03:31:52.621899,03:31:52.635816,03:31:52.638928,03:31:53.034093,03:31:53.034124,03:31:53.040226,03:31:53.045764,03:31:53.051476,03:31:52.615737,03:31:52.615835,03:31:52.607708
9,rejected,03:31:54.349424,03:31:54.349424,03:31:54.349892,03:31:54.349892,03:31:54.351318,03:31:54.351318,03:31:54.352846,03:31:54.352846,03:31:54.362351,03:31:54.362374,03:31:54.379390,03:31:54.383112,03:31:54.783677,03:31:54.783714,03:31:54.793957,03:31:54.803578,03:31:54.812622,03:31:54.358794,03:31:54.358901,03:31:54.350742
9,rejected,03:31:55.913895,03:31:55.913895,03:31:55.914376,03:31:55.914376,03:31:55.915787,03:31:55.915787,03:31:55.917554,03:31:55.917554,03:31:55.927166,03:31:55.927192,03:31:55.942187,03:31:55.945349,03:31:56.339587,03:31:56.339618,03:31:56.345897,03:31:56.351629,03:31:56.357933,03:31:55.923393,03:31:55.923507,03:31:55.915242
9,rejected,03:31:57.461797,03:31:57.461797,03:31:57.462359,03:31:57.462359,03:31:57.463807,03:31:57.463807,03:31:57.465589,03:31:57.465589,03:31:57.475948,03:31:57.475980,03:31:57.490185,03:31:57.493399,03:31:57.889035,03:31:57.889068,03:31:57.895115,03:31:57.900862,03:31:57.906971,03:31:57.471020,03:31:57.471134,03:31:57.463236
9,rejected,03:31:58.995877,03:31:58.995877,03:31:58.996443,03:31:58.996443,03:31:58.997877,03:31:58.997877,03:31:58.999338,03:31:58.999338,03:31:59.009518,03:31:59.009559,03:31:59.028819,03:31:59.033614,03:31:59.431557,03:31:59.431589,03:31:59.437734,03:31:59.443638,03:31:59.449353,03:31:59.005077,03:31:59.005259,03:31:58.997219
9,rejected,03:32:00.686570,03:32:00.686570,03:32:00.687073,03:32:00.687073,03:32:00.688395,03:32:00.688395,03:32:00.689938,03:32:00.689938,03:32:00.699259,03:32:00.699281,03:32:00.714005,03:32:00.717286,03:32:01.114103,03:32:01.114133,03:32:01.120557,03:32:01.126518,03:32:01.132854,03:32:00.695911,03:32:00.696014,03:32:00.687851
9,rejected,03:32:02.306096,03:32:02.306096,03:32:02.306531,03:32:02.306531,03:32:02.307851,03:32:02.307851,03:32:02.309494,03:32:02.309494,03:32:02.319768,03:32:02.319804,03:32:02.343467,03:32:02.346744,03:32:02.743287,03:32:02.743341,03:32:02.749394,03:32:02.754837,03:32:02.760904,03:32:02.315645,03:32:02.315757,03:32:02.307291
9,rejected,03:32:04.002520,03:32:04.002520,03:32:04.002951,03:32:04.002951,03:32:04.004255,03:32:04.004255,03:32:04.005978,03:32:04.005978,03:32:04.015486,03:32:04.015517,03:32:04.033282,03:32:04.036699,03:32:04.434577,03:32:04.434608,03:32:04.440630,03:32:04.446449,03:32:04.452377,03:32:04.011823,03:32:04.011925,03:32:04.003690
9,rejected,03:32:05.736950,03:32:05.736950,03:32:05.737442,03:32:05.737442,03:32:05.738686,03:32:05.738686,03:32:05.740043,03:32:05.740043,03:32:05.749530,03:32:05.749559,03:32:05.764172,03:32:05.767332,03:32:06.162441,03:32:06.162474,03:32:06.168705,03:32:06.174159,03:32:06.179607,03:32:05.746467,03:32:05.746585,03:32:05.738173
9,rejected,03:32:07.419404,03:32:07.419404,03:32:07.419823,03:32:07.419823,03:32:07.421363,03:32:07.421363,03:32:07.422973,03:32:07.422973,03:32:07.433262,03:32:07.433281,03:32:07.447944,03:32:07.451133,03:32:07.847913,03:32:07.847945,03:32:07.854215,03:32:07.859510,03:32:07.865409,03:32:07.428984,03:32:07.429085,03:32:07.420575
9,rejected,03:32:08.963556,03:32:08.963556,03:32:08.964128,03:32:08.964128,03:32:08.965624,03:32:08.965624,03:32:08.967246,03:32:08.967246,03:32:08.977709,03:32:08.977733,03:32:08.991984,03:32:08.995190,03:32:09.390503,03:32:09.390534,03:32:09.396462,03:32:09.401934,03:32:09.407645,03:32:08.973039,03:32:08.973143,03:32:08.964936
9,rejected,03:32:10.614967,03:32:10.614967,03:32:10.615404,03:32:10.615404,03:32:10.616765,03:32:10.616765,03:32:10.618206,03:32:10.618206,03:32:10.627928,03:32:10.627955,03:32:10.643071,03:32:10.646330,03:32:11.042761,03:32:11.042795,03:32:11.049198,03:32:11.056511,03:32:11.062447,03:32:10.624346,03:32:10.624459,03:32:10.616161
9,rejected,03:32:12.213120,03:32:12.213120,03:32:12.213716,03:32:12.213716,03:32:12.215239,03:32:12.215239,03:32:12.216953,03:32:12.216953,03:32:12.230987,03:32:12.231020,03:32:12.248464,03:32:12.252423,03:32:12.649115,03:32:12.649148,03:32:12.655796,03:32:12.661795,03:32:12.667965,03:32:12.222300,03:32:12.222418,03:32:12.214544
9,rejected,03:32:13.897759,03:32:13.897759,03:32:13.898215,03:32:13.898215,03:32:13.899749,03:32:13.899749,03:32:13.901617,03:32:13.901617,03:32:13.911888,03:32:13.911918,03:32:13.926851,03:32:13.930045,03:32:14.325643,03:32:14.325675,03:32:14.332036,03:32:14.337975,03:32:14.344465,03:32:13.907636,03:32:13.907760,03:32:13.898969
9,rejected,03:32:15.548478,03:32:15.548478,03:32:15.548971,03:32:15.548971,03:32:15.550381,03:32:15.550381,03:32:15.552142,03:32:15.552142,03:32:15.561787,03:32:15.561823,03:32:15.575774,03:32:15.578932,03:32:15.973093,03:32:15.973125,03:32:15.979889,03:32:15.985850,03:32:15.991881,03:32:15.557699,03:32:15.557809,03:32:15.549817
9,rejected,03:32:17.168934,03:32:17.168934,03:32:17.169390,03:32:17.169390,03:32:17.170836,03:32:17.170836,03:32:17.172610,03:32:17.172610,03:32:17.182349,03:32:17.182385,03:32:17.196788,03:32:17.200024,03:32:17.594889,03:32:17.594921,03:32:17.600993,03:32:17.606517,03:32:17.612155,03:32:17.178560,03:32:17.178675,03:32:17.170231
9,rejected,03:32:18.697888,03:32:18.697888,03:32:18.698372,03:32:18.698372,03:32:18.699657,03:32:18.699657,03:32:18.701192,03:32:18.701192,03:32:18.711009,03:32:18.711037,03:32:18.725961,03:32:18.729498,03:32:19.124142,03:32:19.124175,03:32:19.130420,03:32:19.136063,03:32:19.142107,03:32:18.707471,03:32:18.707571,03:32:18.699136
9,rejected,03:32:20.242793,03:32:20.242793,03:32:20.243278,03:32:20.243278,03:32:20.244840,03:32:20.244840,03:32:20.246433,03:32:20.246433,03:32:20.255852,03:32:20.255878,03:32:20.273842,03:32:20.278586,03:32:20.676352,03:32:20.676382,03:32:20.682715,03:32:20.688501,03:32:20.694393,03:32:20.252247,03:32:20.252362,03:32:20.243999
9,rejected,03:32:21.797216,03:32:21.797216,03:32:21.797732,03:32:21.797732,03:32:21.799015,03:32:21.799015,03:32:21.800405,03:32:21.800405,03:32:21.810738,03:32:21.810787,03:32:21.835289,03:32:21.838444,03:32:22.233977,03:32:22.234008,03:32:22.240329,03:32:22.246693,03:32:22.252826,03:32:21.806471,03:32:21.806570,03:32:21.798497
9,rejected,03:32:23.431028,03:32:23.431028,03:32:23.431452,03:32:23.431452,03:32:23.433009,03:32:23.433009,03:32:23.434641,03:32:23.434641,03:32:23.444363,03:32:23.444390,03:32:23.459666,03:32:23.462886,03:32:23.858575,03:32:23.858603,03:32:23.864740,03:32:23.870490,03:32:23.876117,03:32:23.440274,03:32:23.440391,03:32:23.432197
9,rejected,03:32:25.116128,03:32:25.116128,03:32:25.116677,03:32:25.116677,03:32:25.118122,03:32:25.118122,03:32:25.119593,03:32:25.119593,03:32:25.128982,03:32:25.129011,03:32:25.144203,03:32:25.147387,03:32:25.542930,03:32:25.542964,03:32:25.549331,03:32:25.555146,03:32:25.560782,03:32:25.125594,03:32:25.125700,03:32:25.117543
9,rejected,03:32:26.653871,03:32:26.653871,03:32:26.654265,03:32:26.654265,03:32:26.655562,03:32:26.655562,03:32:26.657183,03:32:26.657183,03:32:26.666786,03:32:26.666812,03:32:26.681578,03:32:26.684780,03:32:27.081122,03:32:27.081156,03:32:27.087326,03:32:27.093152,03:32:27.099164,03:32:26.663409,03:32:26.663508,03:32:26.655001
9,rejected,03:32:28.188685,03:32:28.188685,03:32:28.189136,03:32:28.189136,03:32:28.190494,03:32:28.190494,03:32:28.192038,03:32:28.192038,03:32:28.202028,03:32:28.202052,03:32:28.216986,03:32:28.220125,03:32:28.618974,03:32:28.619004,03:32:28.625233,03:32:28.630766,03:32:28.636566,03:32:28.198201,03:32:28.198322,03:32:28.189914
9,rejected,03:32:29.929874,03:32:29.929874,03:32:29.930494,03:32:29.930494,03:32:29.931820,03:32:29.931820,03:32:29.933635,03:32:29.933635,03:32:29.944063,03:32:29.944092,03:32:29.958434,03:32:29.961579,03:32:30.356697,03:32:30.356729,03:32:30.362799,03:32:30.368612,03:32:30.374538,03:32:29.939372,03:32:29.939480,03:32:29.931240
9,rejected,03:32:31.469142,03:32:31.469142,03:32:31.469642,03:32:31.469642,03:32:31.470977,03:32:31.470977,03:32:31.472525,03:32:31.472525,03:32:31.485522,03:32:31.485558,03:32:31.499700,03:32:31.502997,03:32:31.898691,03:32:31.898723,03:32:31.904961,03:32:31.910499,03:32:31.916453,03:32:31.478764,03:32:31.478891,03:32:31.470444
9,rejected,03:32:33.019839,03:32:33.019839,03:32:33.020245,03:32:33.020245,03:32:33.021921,03:32:33.021921,03:32:33.023760,03:32:33.023760,03:32:33.033819,03:32:33.033860,03:32:33.049164,03:32:33.052452,03:32:33.448651,03:32:33.448683,03:32:33.454533,03:32:33.459889,03:32:33.465919,03:32:33.029193,03:32:33.029294,03:32:33.021092
9,rejected,03:32:34.554762,03:32:34.554762,03:32:34.555155,03:32:34.555155,03:32:34.556442,03:32:34.556442,03:32:34.558259,03:32:34.558259,03:32:34.573044,03:32:34.573076,03:32:34.586548,03:32:34.589656,03:32:34.990876,03:32:34.990907,03:32:35.000632,03:32:35.008187,03:32:35.018259,03:32:34.563545,03:32:34.563701,03:32:34.555894
9,rejected,03:32:36.274414,03:32:36.274414,03:32:36.274869,03:32:36.274869,03:32:36.276266,03:32:36.276266,03:32:36.278040,03:32:36.278040,03:32:36.287488,03:32:36.287512,03:32:36.306684,03:32:36.310263,03:32:36.707289,03:32:36.707319,03:32:36.713766,03:32:36.719403,03:32:36.725231,03:32:36.283812,03:32:36.283950,03:32:36.275615
9,rejected,03:32:37.971587,03:32:37.971587,03:32:37.972119,03:32:37.972119,03:32:37.973707,03:32:37.973707,03:32:37.975349,03:32:37.975349,03:32:37.985615,03:32:37.985652,03:32:38.000226,03:32:38.003446,03:32:38.398192,03:32:38.398225,03:32:38.404565,03:32:38.410596,03:32:38.416497,03:32:37.981298,03:32:37.981414,03:32:37.972882
9,rejected,03:32:39.650559,03:32:39.650559,03:32:39.651011,03:32:39.651011,03:32:39.652547,03:32:39.652547,03:32:39.654304,03:32:39.654304,03:32:39.663830,03:32:39.663856,03:32:39.678358,03:32:39.681503,03:32:40.078143,03:32:40.078174,03:32:40.084457,03:32:40.090151,03:32:40.095906,03:32:39.659770,03:32:39.659866,03:32:39.651770
9,rejected,03:32:41.259002,03:32:41.259002,03:32:41.259565,03:32:41.259565,03:32:41.261074,03:32:41.261074,03:32:41.262660,03:32:41.262660,03:32:41.272553,03:32:41.272576,03:32:41.297651,03:32:41.301142,03:32:41.695691,03:32:41.695720,03:32:41.701835,03:32:41.708017,03:32:41.713636,03:32:41.268281,03:32:41.268384,03:32:41.260412
9,rejected,03:32:42.813725,03:32:42.813725,03:32:42.814327,03:32:42.814327,03:32:42.815833,03:32:42.815833,03:32:42.817372,03:32:42.817372,03:32:42.827150,03:32:42.827174,03:32:42.842820,03:32:42.846430,03:32:43.241462,03:32:43.241494,03:32:43.247526,03:32:43.253681,03:32:43.259985,03:32:42.822931,03:32:42.823034,03:32:42.815157
9,rejected,03:32:44.490861,03:32:44.490861,03:32:44.491350,03:32:44.491350,03:32:44.492934,03:32:44.492934,03:32:44.494532,03:32:44.494532,03:32:44.504343,03:32:44.504370,03:32:44.519395,03:32:44.525359,03:32:44.931583,03:32:44.931626,03:32:44.949055,03:32:44.959275,03:32:44.969039,03:32:44.500416,03:32:44.500522,03:32:44.492139
9,rejected,03:32:46.145108,03:32:46.145108,03:32:46.145643,03:32:46.145643,03:32:46.147114,03:32:46.147114,03:32:46.148861,03:32:46.148861,03:32:46.158159,03:32:46.158186,03:32:46.173143,03:32:46.176504,03:32:46.570879,03:32:46.570908,03:32:46.576822,03:32:46.582437,03:32:46.588257,03:32:46.154327,03:32:46.154436,03:32:46.146369
9,rejected,03:32:47.683175,03:32:47.683175,03:32:47.683623,03:32:47.683623,03:32:47.684896,03:32:47.684896,03:32:47.686456,03:32:47.686456,03:32:47.695988,03:32:47.696020,03:32:47.711360,03:32:47.714581,03:32:48.111091,03:32:48.111122,03:32:48.117598,03:32:48.123176,03:32:48.129294,03:32:47.692585,03:32:47.692691,03:32:47.684376
9,rejected,03:32:49.310250,03:32:49.310250,03:32:49.310808,03:32:49.310808,03:32:49.312156,03:32:49.312156,03:32:49.313650,03:32:49.313650,03:32:49.323032,03:32:49.323066,03:32:49.337724,03:32:49.341492,03:32:49.737326,03:32:49.737360,03:32:49.743445,03:32:49.749592,03:32:49.755328,03:32:49.319649,03:32:49.319757,03:32:49.311591
9,rejected,03:32:50.935686,03:32:50.935686,03:32:50.936165,03:32:50.936165,03:32:50.937438,03:32:50.937438,03:32:50.938916,03:32:50.938916,03:32:50.948196,03:32:50.948224,03:32:50.963271,03:32:50.966750,03:32:51.363024,03:32:51.363055,03:32:51.369182,03:32:51.374726,03:32:51.380484,03:32:50.945084,03:32:50.945186,03:32:50.936918
9,rejected,03:32:52.552395,03:32:52.552395,03:32:52.552975,03:32:52.552975,03:32:52.554361,03:32:52.554361,03:32:52.555982,03:32:52.555982,03:32:52.566654,03:32:52.566680,03:32:52.580864,03:32:52.584446,03:32:52.979550,03:32:52.979583,03:32:52.985855,03:32:52.991498,03:32:52.997617,03:32:52.562070,03:32:52.562169,03:32:52.553793
9,rejected,03:32:54.084843,03:32:54.084843,03:32:54.085299,03:32:54.085299,03:32:54.086887,03:32:54.086887,03:32:54.088644,03:32:54.088644,03:32:54.099253,03:32:54.099277,03:32:54.114926,03:32:54.118265,03:32:54.514690,03:32:54.514718,03:32:54.520744,03:32:54.525909,03:32:54.531582,03:32:54.094509,03:32:54.094605,03:32:54.086097
9,rejected,03:32:55.778913,03:32:55.778913,03:32:55.779348,03:32:55.779348,03:32:55.780883,03:32:55.780883,03:32:55.782475,03:32:55.782475,03:32:55.792520,03:32:55.792547,03:32:55.807374,03:32:55.810689,03:32:56.206821,03:32:56.206852,03:32:56.213351,03:32:56.218807,03:32:56.224550,03:32:55.788150,03:32:55.788264,03:32:55.780091
9,rejected,03:32:57.474584,03:32:57.474584,03:32:57.474963,03:32:57.474963,03:32:57.476524,03:32:57.476524,03:32:57.478308,03:32:57.478308,03:32:57.488121,03:32:57.488148,03:32:57.503878,03:32:57.507597,03:32:57.905501,03:32:57.905531,03:32:57.912069,03:32:57.918221,03:32:57.924010,03:32:57.484152,03:32:57.484278,03:32:57.475676
9,rejected,03:32:59.096415,03:32:59.096415,03:32:59.096844,03:32:59.096844,03:32:59.098371,03:32:59.098371,03:32:59.100106,03:32:59.100106,03:32:59.109699,03:32:59.109723,03:32:59.124416,03:32:59.127749,03:32:59.523009,03:32:59.523038,03:32:59.529273,03:32:59.534908,03:32:59.540588,03:32:59.105759,03:32:59.105855,03:32:59.097600
9,rejected,03:33:00.708512,03:33:00.708512,03:33:00.708908,03:33:00.708908,03:33:00.710433,03:33:00.710433,03:33:00.711856,03:33:00.711856,03:33:00.721528,03:33:00.721567,03:33:00.747276,03:33:00.750399,03:33:01.145684,03:33:01.145717,03:33:01.151951,03:33:01.157779,03:33:01.163525,03:33:00.718078,03:33:00.718174,03:33:00.709652
9,rejected,03:33:02.394123,03:33:02.394123,03:33:02.394551,03:33:02.394551,03:33:02.395801,03:33:02.395801,03:33:02.397191,03:33:02.397191,03:33:02.406586,03:33:02.406609,03:33:02.422247,03:33:02.425688,03:33:02.822846,03:33:02.822881,03:33:02.829326,03:33:02.834841,03:33:02.842216,03:33:02.403427,03:33:02.403529,03:33:02.395276
9,rejected,03:33:04.027780,03:33:04.027780,03:33:04.028272,03:33:04.028272,03:33:04.029567,03:33:04.029567,03:33:04.031430,03:33:04.031430,03:33:04.040756,03:33:04.040782,03:33:04.055498,03:33:04.058838,03:33:04.453877,03:33:04.453912,03:33:04.460277,03:33:04.465855,03:33:04.471507,03:33:04.037139,03:33:04.037230,03:33:04.029060
9,rejected,03:33:05.727831,03:33:05.727831,03:33:05.728339,03:33:05.728339,03:33:05.729903,03:33:05.729903,03:33:05.731400,03:33:05.731400,03:33:05.741030,03:33:05.741054,03:33:05.755619,03:33:05.758851,03:33:06.154269,03:33:06.154305,03:33:06.160422,03:33:06.165822,03:33:06.171559,03:33:05.737049,03:33:05.737149,03:33:05.729040
9,rejected,03:33:07.346952,03:33:07.346952,03:33:07.347388,03:33:07.347388,03:33:07.348920,03:33:07.348920,03:33:07.350535,03:33:07.350535,03:33:07.360258,03:33:07.360278,03:33:07.374265,03:33:07.377440,03:33:07.772303,03:33:07.772334,03:33:07.778628,03:33:07.784109,03:33:07.789591,03:33:07.356214,03:33:07.356325,03:33:07.348131
9,rejected,03:33:08.956649,03:33:08.956649,03:33:08.957067,03:33:08.957067,03:33:08.958558,03:33:08.958558,03:33:08.960123,03:33:08.960123,03:33:08.969621,03:33:08.969651,03:33:08.985135,03:33:08.988457,03:33:09.383029,03:33:09.383060,03:33:09.389286,03:33:09.395162,03:33:09.400871,03:33:08.966410,03:33:08.966544,03:33:08.957885
9,rejected,03:33:10.493718,03:33:10.493718,03:33:10.494162,03:33:10.494162,03:33:10.495769,03:33:10.495769,03:33:10.497259,03:33:10.497259,03:33:10.513566,03:33:10.513598,03:33:10.530453,03:33:10.533808,03:33:10.931100,03:33:10.931134,03:33:10.937463,03:33:10.943671,03:33:10.949475,03:33:10.502308,03:33:10.502419,03:33:10.494971
9,rejected,03:33:12.053579,03:33:12.053579,03:33:12.054023,03:33:12.054023,03:33:12.055638,03:33:12.055638,03:33:12.057337,03:33:12.057337,03:33:12.066853,03:33:12.066879,03:33:12.081663,03:33:12.085174,03:33:12.480637,03:33:12.480668,03:33:12.486920,03:33:12.492576,03:33:12.498338,03:33:12.063166,03:33:12.063273,03:33:12.054813
9,rejected,03:33:13.747868,03:33:13.747868,03:33:13.748407,03:33:13.748407,03:33:13.749674,03:33:13.749674,03:33:13.751464,03:33:13.751464,03:33:13.760963,03:33:13.760991,03:33:13.776126,03:33:13.779368,03:33:14.175537,03:33:14.175574,03:33:14.181811,03:33:14.187361,03:33:14.192924,03:33:13.757158,03:33:13.757265,03:33:13.749157
9,rejected,03:33:15.429403,03:33:15.429403,03:33:15.429968,03:33:15.429968,03:33:15.431468,03:33:15.431468,03:33:15.433087,03:33:15.433087,03:33:15.442672,03:33:15.442697,03:33:15.457057,03:33:15.460371,03:33:15.854486,03:33:15.854534,03:33:15.860767,03:33:15.866126,03:33:15.871792,03:33:15.438505,03:33:15.438648,03:33:15.430838
9,rejected,03:33:17.148407,03:33:17.148407,03:33:17.148975,03:33:17.148975,03:33:17.150367,03:33:17.150367,03:33:17.151956,03:33:17.151956,03:33:17.162084,03:33:17.162113,03:33:17.177589,03:33:17.181057,03:33:17.577480,03:33:17.577511,03:33:17.583483,03:33:17.589269,03:33:17.595237,03:33:17.157708,03:33:17.157861,03:33:17.149745
9,rejected,03:33:18.685149,03:33:18.685149,03:33:18.685541,03:33:18.685541,03:33:18.686958,03:33:18.686958,03:33:18.688608,03:33:18.688608,03:33:18.699207,03:33:18.699256,03:33:18.718989,03:33:18.724000,03:33:19.121789,03:33:19.121822,03:33:19.128069,03:33:19.134121,03:33:19.140127,03:33:18.695109,03:33:18.695252,03:33:18.686370
9,rejected,03:33:20.375464,03:33:20.375464,03:33:20.376023,03:33:20.376023,03:33:20.377361,03:33:20.377361,03:33:20.379096,03:33:20.379096,03:33:20.389480,03:33:20.389504,03:33:20.414189,03:33:20.417387,03:33:20.813113,03:33:20.813143,03:33:20.819370,03:33:20.825169,03:33:20.830929,03:33:20.384875,03:33:20.384979,03:33:20.376808
9,rejected,03:33:21.996597,03:33:21.996597,03:33:21.997068,03:33:21.997068,03:33:21.998436,03:33:21.998436,03:33:22.000186,03:33:22.000186,03:33:22.009774,03:33:22.009798,03:33:22.025782,03:33:22.029006,03:33:22.425090,03:33:22.425125,03:33:22.431288,03:33:22.437456,03:33:22.443215,03:33:22.005927,03:33:22.006056,03:33:21.997899
9,rejected,03:33:23.625453,03:33:23.625453,03:33:23.625864,03:33:23.625864,03:33:23.627410,03:33:23.627410,03:33:23.628940,03:33:23.628940,03:33:23.638575,03:33:23.638601,03:33:23.653237,03:33:23.656419,03:33:24.052055,03:33:24.052087,03:33:24.058576,03:33:24.064017,03:33:24.070017,03:33:23.634886,03:33:23.634980,03:33:23.626630
9,rejected,03:33:25.411197,03:33:25.411197,03:33:25.411648,03:33:25.411648,03:33:25.413189,03:33:25.413189,03:33:25.414939,03:33:25.414939,03:33:25.424776,03:33:25.424799,03:33:25.440061,03:33:25.443293,03:33:25.837610,03:33:25.837643,03:33:25.843806,03:33:25.849228,03:33:25.855206,03:33:25.420496,03:33:25.420597,03:33:25.412372
9,rejected,03:33:27.156600,03:33:27.156600,03:33:27.157321,03:33:27.157321,03:33:27.159256,03:33:27.159256,03:33:27.161153,03:33:27.161153,03:33:27.177369,03:33:27.177429,03:33:27.196359,03:33:27.200481,03:33:27.596152,03:33:27.596185,03:33:27.602541,03:33:27.608234,03:33:27.614079,03:33:27.166399,03:33:27.166581,03:33:27.158453
9,rejected,03:33:28.845237,03:33:28.845237,03:33:28.845656,03:33:28.845656,03:33:28.847229,03:33:28.847229,03:33:28.848848,03:33:28.848848,03:33:28.863335,03:33:28.863364,03:33:28.877631,03:33:28.880753,03:33:29.277512,03:33:29.277542,03:33:29.283530,03:33:29.289049,03:33:29.294648,03:33:28.854499,03:33:28.854626,03:33:28.846408
9,rejected,03:33:30.551432,03:33:30.551432,03:33:30.551995,03:33:30.551995,03:33:30.553456,03:33:30.553456,03:33:30.555113,03:33:30.555113,03:33:30.564385,03:33:30.564412,03:33:30.579416,03:33:30.582616,03:33:30.978719,03:33:30.978751,03:33:30.984933,03:33:30.990649,03:33:30.996628,03:33:30.560513,03:33:30.560618,03:33:30.552786
9,rejected,03:33:32.164517,03:33:32.164517,03:33:32.165001,03:33:32.165001,03:33:32.166607,03:33:32.166607,03:33:32.168193,03:33:32.168193,03:33:32.177521,03:33:32.177544,03:33:32.191861,03:33:32.195049,03:33:32.591270,03:33:32.591304,03:33:32.597513,03:33:32.602819,03:33:32.608461,03:33:32.174110,03:33:32.174214,03:33:32.165732
9,rejected,03:33:33.777785,03:33:33.777785,03:33:33.778318,03:33:33.778318,03:33:33.779636,03:33:33.779636,03:33:33.781441,03:33:33.781441,03:33:33.791912,03:33:33.791935,03:33:33.807070,03:33:33.810358,03:33:34.206343,03:33:34.206381,03:33:34.212869,03:33:34.218270,03:33:34.224296,03:33:33.787191,03:33:33.787287,03:33:33.779112
9,rejected,03:33:35.355642,03:33:35.355642,03:33:35.356205,03:33:35.356205,03:33:35.357670,03:33:35.357670,03:33:35.359349,03:33:35.359349,03:33:35.369117,03:33:35.369145,03:33:35.386923,03:33:35.391535,03:33:35.789030,03:33:35.789062,03:33:35.795176,03:33:35.800613,03:33:35.806535,03:33:35.365037,03:33:35.365142,03:33:35.357022
9,rejected,03:33:36.897306,03:33:36.897306,03:33:36.897807,03:33:36.897807,03:33:36.899091,03:33:36.899091,03:33:36.900806,03:33:36.900806,03:33:36.910686,03:33:36.910713,03:33:36.925470,03:33:36.928633,03:33:37.323659,03:33:37.323691,03:33:37.330002,03:33:37.335848,03:33:37.342350,03:33:36.906699,03:33:36.906796,03:33:36.898542
9,rejected,03:33:38.449939,03:33:38.449939,03:33:38.450380,03:33:38.450380,03:33:38.452026,03:33:38.452026,03:33:38.453695,03:33:38.453695,03:33:38.463506,03:33:38.463530,03:33:38.478472,03:33:38.481653,03:33:38.876932,03:33:38.876968,03:33:38.883150,03:33:38.888852,03:33:38.894967,03:33:38.459404,03:33:38.459504,03:33:38.451166
9,rejected,03:33:40.209493,03:33:40.209493,03:33:40.210002,03:33:40.210002,03:33:40.211609,03:33:40.211609,03:33:40.213100,03:33:40.213100,03:33:40.222514,03:33:40.222538,03:33:40.248180,03:33:40.251367,03:33:40.647070,03:33:40.647103,03:33:40.653535,03:33:40.659678,03:33:40.665249,03:33:40.218967,03:33:40.219091,03:33:40.210772
9,rejected,03:33:41.768536,03:33:41.768536,03:33:41.769004,03:33:41.769004,03:33:41.770321,03:33:41.770321,03:33:41.771963,03:33:41.771963,03:33:41.781286,03:33:41.781311,03:33:41.796680,03:33:41.799822,03:33:42.195824,03:33:42.195855,03:33:42.202433,03:33:42.208239,03:33:42.213918,03:33:41.778205,03:33:41.778308,03:33:41.769749
9,rejected,03:33:43.397397,03:33:43.397397,03:33:43.397945,03:33:43.397945,03:33:43.399478,03:33:43.399478,03:33:43.401299,03:33:43.401299,03:33:43.415804,03:33:43.415833,03:33:43.434441,03:33:43.439125,03:33:43.836006,03:33:43.836040,03:33:43.842151,03:33:43.847923,03:33:43.853634,03:33:43.406596,03:33:43.406709,03:33:43.398774
9,rejected,03:33:44.958814,03:33:44.958814,03:33:44.959435,03:33:44.959435,03:33:44.961497,03:33:44.961497,03:33:44.963507,03:33:44.963507,03:33:44.980106,03:33:44.980169,03:33:45.008821,03:33:45.015841,03:33:45.415908,03:33:45.415938,03:33:45.422424,03:33:45.428233,03:33:45.434327,03:33:44.968533,03:33:44.968695,03:33:44.960439
9,rejected,03:33:46.540978,03:33:46.540978,03:33:46.541393,03:33:46.541393,03:33:46.542648,03:33:46.542648,03:33:46.544329,03:33:46.544329,03:33:46.558822,03:33:46.558854,03:33:46.572795,03:33:46.575858,03:33:46.970271,03:33:46.970303,03:33:46.976750,03:33:46.982889,03:33:46.990740,03:33:46.549689,03:33:46.549834,03:33:46.542121
9,rejected,03:33:48.176109,03:33:48.176109,03:33:48.176572,03:33:48.176572,03:33:48.177999,03:33:48.177999,03:33:48.179685,03:33:48.179685,03:33:48.189174,03:33:48.189216,03:33:48.203362,03:33:48.206574,03:33:48.601612,03:33:48.601648,03:33:48.608095,03:33:48.614016,03:33:48.620026,03:33:48.185429,03:33:48.185541,03:33:48.177421
9,rejected,03:33:49.851534,03:33:49.851534,03:33:49.851917,03:33:49.851917,03:33:49.853348,03:33:49.853348,03:33:49.855109,03:33:49.855109,03:33:49.866951,03:33:49.866975,03:33:49.882017,03:33:49.885320,03:33:50.282257,03:33:50.282290,03:33:50.288634,03:33:50.294575,03:33:50.300684,03:33:49.861061,03:33:49.862669,03:33:49.852722
9,rejected,03:33:51.392912,03:33:51.392912,03:33:51.393292,03:33:51.393292,03:33:51.395103,03:33:51.395103,03:33:51.396825,03:33:51.396825,03:33:51.406482,03:33:51.406502,03:33:51.425349,03:33:51.429964,03:33:51.827291,03:33:51.827322,03:33:51.833773,03:33:51.839654,03:33:51.845386,03:33:51.402258,03:33:51.402371,03:33:51.394180
9,rejected,03:33:53.000032,03:33:53.000032,03:33:53.000480,03:33:53.000480,03:33:53.001725,03:33:53.001725,03:33:53.003429,03:33:53.003429,03:33:53.015211,03:33:53.015239,03:33:53.029900,03:33:53.033084,03:33:53.427710,03:33:53.427738,03:33:53.433937,03:33:53.439840,03:33:53.446345,03:33:53.009753,03:33:53.010235,03:33:53.001222
9,rejected,03:33:54.691712,03:33:54.691712,03:33:54.692142,03:33:54.692142,03:33:54.693809,03:33:54.693809,03:33:54.695464,03:33:54.695464,03:33:54.705068,03:33:54.705093,03:33:54.719511,03:33:54.722753,03:33:55.127312,03:33:55.127339,03:33:55.134002,03:33:55.139547,03:33:55.145377,03:33:54.701162,03:33:54.701263,03:33:54.692969
9,rejected,03:33:56.239311,03:33:56.239311,03:33:56.239869,03:33:56.239869,03:33:56.241503,03:33:56.241503,03:33:56.243110,03:33:56.243110,03:33:56.252609,03:33:56.252650,03:33:56.267000,03:33:56.270554,03:33:56.665013,03:33:56.665045,03:33:56.671321,03:33:56.677161,03:33:56.683219,03:33:56.248985,03:33:56.249117,03:33:56.240676
9,rejected,03:33:57.802261,03:33:57.802261,03:33:57.802997,03:33:57.802997,03:33:57.804666,03:33:57.804666,03:33:57.806324,03:33:57.806324,03:33:57.816036,03:33:57.816063,03:33:57.832117,03:33:57.835562,03:33:58.233626,03:33:58.233655,03:33:58.240122,03:33:58.245642,03:33:58.251407,03:33:57.811977,03:33:57.812114,03:33:57.803929
9,rejected,03:33:59.422286,03:33:59.422286,03:33:59.422699,03:33:59.422699,03:33:59.424292,03:33:59.424292,03:33:59.426097,03:33:59.426097,03:33:59.435530,03:33:59.435553,03:33:59.465664,03:33:59.470418,03:33:59.868833,03:33:59.868865,03:33:59.874944,03:33:59.880699,03:33:59.886729,03:33:59.431765,03:33:59.431858,03:33:59.423425
9,rejected,03:34:01.151666,03:34:01.151666,03:34:01.152117,03:34:01.152117,03:34:01.153471,03:34:01.153471,03:34:01.155035,03:34:01.155035,03:34:01.165172,03:34:01.165195,03:34:01.180885,03:34:01.184312,03:34:01.579723,03:34:01.579756,03:34:01.585860,03:34:01.591628,03:34:01.597177,03:34:01.161205,03:34:01.161303,03:34:01.152931
9,rejected,03:34:02.682526,03:34:02.682526,03:34:02.683005,03:34:02.683005,03:34:02.684304,03:34:02.684304,03:34:02.685707,03:34:02.685707,03:34:02.694948,03:34:02.694970,03:34:02.709755,03:34:02.712847,03:34:03.108908,03:34:03.108940,03:34:03.115121,03:34:03.121313,03:34:03.127318,03:34:02.692181,03:34:02.692277,03:34:02.683795
9,rejected,03:34:04.365913,03:34:04.365913,03:34:04.366412,03:34:04.366412,03:34:04.367713,03:34:04.367713,03:34:04.369384,03:34:04.369384,03:34:04.379470,03:34:04.379495,03:34:04.394479,03:34:04.398020,03:34:04.793183,03:34:04.793240,03:34:04.799700,03:34:04.805614,03:34:04.812171,03:34:04.375274,03:34:04.375389,03:34:04.367192
9,rejected,03:34:06.006104,03:34:06.006104,03:34:06.006537,03:34:06.006537,03:34:06.008035,03:34:06.008035,03:34:06.009537,03:34:06.009537,03:34:06.020177,03:34:06.020216,03:34:06.036127,03:34:06.039266,03:34:06.433640,03:34:06.433671,03:34:06.439808,03:34:06.445649,03:34:06.451477,03:34:06.015342,03:34:06.015447,03:34:06.007373
9,rejected,03:34:07.622067,03:34:07.622067,03:34:07.622623,03:34:07.622623,03:34:07.624266,03:34:07.624266,03:34:07.625808,03:34:07.625808,03:34:07.635431,03:34:07.635459,03:34:07.650366,03:34:07.654825,03:34:08.053018,03:34:08.053050,03:34:08.059608,03:34:08.065443,03:34:08.071017,03:34:07.631358,03:34:07.631477,03:34:07.623373
9,rejected,03:34:09.304699,03:34:09.304699,03:34:09.305117,03:34:09.305117,03:34:09.306702,03:34:09.306702,03:34:09.308338,03:34:09.308338,03:34:09.318141,03:34:09.318167,03:34:09.333053,03:34:09.336318,03:34:09.731957,03:34:09.731989,03:34:09.738299,03:34:09.744666,03:34:09.750272,03:34:09.314065,03:34:09.314173,03:34:09.305845
9,rejected,03:34:10.997315,03:34:10.997315,03:34:10.997795,03:34:10.997795,03:34:10.999517,03:34:10.999517,03:34:11.001195,03:34:11.001195,03:34:11.010880,03:34:11.010909,03:34:11.026512,03:34:11.029820,03:34:11.431686,03:34:11.431717,03:34:11.438010,03:34:11.444170,03:34:11.450329,03:34:11.006985,03:34:11.007106,03:34:10.998720
9,rejected,03:34:12.686979,03:34:12.686979,03:34:12.687481,03:34:12.687481,03:34:12.689095,03:34:12.689095,03:34:12.690674,03:34:12.690674,03:34:12.705270,03:34:12.705317,03:34:12.719440,03:34:12.722751,03:34:13.118384,03:34:13.118416,03:34:13.124729,03:34:13.130667,03:34:13.136347,03:34:12.696201,03:34:12.696309,03:34:12.688293
9,rejected,03:34:14.322899,03:34:14.322899,03:34:14.323482,03:34:14.323482,03:34:14.324855,03:34:14.324855,03:34:14.326519,03:34:14.326519,03:34:14.336615,03:34:14.336663,03:34:14.351280,03:34:14.354390,03:34:14.750281,03:34:14.750326,03:34:14.756588,03:34:14.762530,03:34:14.768227,03:34:14.332243,03:34:14.332341,03:34:14.324316
9,rejected,03:34:15.874416,03:34:15.874416,03:34:15.874886,03:34:15.874886,03:34:15.876542,03:34:15.876542,03:34:15.878151,03:34:15.878151,03:34:15.887929,03:34:15.887953,03:34:15.903022,03:34:15.906193,03:34:16.303386,03:34:16.303417,03:34:16.309871,03:34:16.315354,03:34:16.321179,03:34:15.883947,03:34:15.884048,03:34:15.875695
9,rejected,03:34:17.571193,03:34:17.571193,03:34:17.571635,03:34:17.571635,03:34:17.572917,03:34:17.572917,03:34:17.574715,03:34:17.574715,03:34:17.584578,03:34:17.584604,03:34:17.600050,03:34:17.603309,03:34:17.997960,03:34:17.997992,03:34:18.004229,03:34:18.009943,03:34:18.015362,03:34:17.580621,03:34:17.580723,03:34:17.572393
10,rejected,03:34:19.120477,03:34:19.120477,03:34:19.120890,03:34:19.120890,03:34:19.122164,03:34:19.122164,03:34:19.123880,03:34:19.123880,03:34:19.134268,03:34:19.134291,03:34:19.160088,03:34:19.163253,03:34:19.558690,03:34:19.558722,03:34:19.564977,03:34:19.570749,03:34:19.576489,03:34:19.131092,03:34:19.131190,03:34:19.121635
10,rejected,03:34:20.671401,03:34:20.671401,03:34:20.671811,03:34:20.671811,03:34:20.673237,03:34:20.673237,03:34:20.674895,03:34:20.674895,03:34:20.685157,03:34:20.685183,03:34:20.700048,03:34:20.703158,03:34:21.097673,03:34:21.097706,03:34:21.104085,03:34:21.109809,03:34:21.115666,03:34:20.681941,03:34:20.682047,03:34:20.672629
10,rejected,03:34:22.215963,03:34:22.215963,03:34:22.216424,03:34:22.216424,03:34:22.217761,03:34:22.217761,03:34:22.219523,03:34:22.219523,03:34:22.229350,03:34:22.229375,03:34:22.244543,03:34:22.247829,03:34:22.644205,03:34:22.644241,03:34:22.650338,03:34:22.655950,03:34:22.661477,03:34:22.225966,03:34:22.226074,03:34:22.217221
10,rejected,03:34:23.829512,03:34:23.829512,03:34:23.830094,03:34:23.830094,03:34:23.831516,03:34:23.831516,03:34:23.833054,03:34:23.833054,03:34:23.843125,03:34:23.843166,03:34:23.860967,03:34:23.864312,03:34:24.260863,03:34:24.260898,03:34:24.266812,03:34:24.272097,03:34:24.277787,03:34:23.840630,03:34:23.840826,03:34:23.830867
10,rejected,03:34:25.414077,03:34:25.414077,03:34:25.414640,03:34:25.414640,03:34:25.415936,03:34:25.415936,03:34:25.417573,03:34:25.417573,03:34:25.427089,03:34:25.427115,03:34:25.442420,03:34:25.445957,03:34:25.841904,03:34:25.841936,03:34:25.847960,03:34:25.853840,03:34:25.859872,03:34:25.424477,03:34:25.424578,03:34:25.415400
10,rejected,03:34:26.955370,03:34:26.955370,03:34:26.955826,03:34:26.955826,03:34:26.957173,03:34:26.957173,03:34:26.958903,03:34:26.958903,03:34:26.968531,03:34:26.968556,03:34:26.983312,03:34:26.986470,03:34:27.383314,03:34:27.383349,03:34:27.389804,03:34:27.395491,03:34:27.401352,03:34:26.965773,03:34:26.965873,03:34:26.956588
10,rejected,03:34:28.857941,03:34:28.857941,03:34:28.858383,03:34:28.858383,03:34:28.859958,03:34:28.859958,03:34:28.861424,03:34:28.861424,03:34:28.873377,03:34:28.873403,03:34:28.888440,03:34:28.891583,03:34:29.286748,03:34:29.286780,03:34:29.292916,03:34:29.298551,03:34:29.304294,03:34:28.868335,03:34:28.868431,03:34:28.859144
10,rejected,03:34:30.407452,03:34:30.407452,03:34:30.407916,03:34:30.407916,03:34:30.409567,03:34:30.409567,03:34:30.411080,03:34:30.411080,03:34:30.421775,03:34:30.421797,03:34:30.436407,03:34:30.439609,03:34:30.835300,03:34:30.835333,03:34:30.841675,03:34:30.847500,03:34:30.853554,03:34:30.417875,03:34:30.417971,03:34:30.408741
10,rejected,03:34:31.953896,03:34:31.953896,03:34:31.954400,03:34:31.954400,03:34:31.955852,03:34:31.955852,03:34:31.957595,03:34:31.957595,03:34:31.967062,03:34:31.967086,03:34:31.981428,03:34:31.984580,03:34:32.381533,03:34:32.381570,03:34:32.388025,03:34:32.393497,03:34:32.399442,03:34:31.964355,03:34:31.964458,03:34:31.955233
10,rejected,03:34:33.573807,03:34:33.573807,03:34:33.574213,03:34:33.574213,03:34:33.575807,03:34:33.575807,03:34:33.577462,03:34:33.577462,03:34:33.587628,03:34:33.587652,03:34:33.602173,03:34:33.605820,03:34:33.998955,03:34:33.998987,03:34:34.005120,03:34:34.011181,03:34:34.017086,03:34:33.584245,03:34:33.584350,03:34:33.574942
10,rejected,03:34:35.124204,03:34:35.124204,03:34:35.124681,03:34:35.124681,03:34:35.126437,03:34:35.126437,03:34:35.128225,03:34:35.128225,03:34:35.138049,03:34:35.138090,03:34:35.154206,03:34:35.158315,03:34:35.555375,03:34:35.555411,03:34:35.561789,03:34:35.567089,03:34:35.572958,03:34:35.134778,03:34:35.134914,03:34:35.125559
10,rejected,03:34:36.672553,03:34:36.672553,03:34:36.673052,03:34:36.673052,03:34:36.674587,03:34:36.674587,03:34:36.676243,03:34:36.676243,03:34:36.685613,03:34:36.685638,03:34:36.700411,03:34:36.703564,03:34:37.099729,03:34:37.099762,03:34:37.106269,03:34:37.112468,03:34:37.118661,03:34:36.682901,03:34:36.683023,03:34:36.673803
10,rejected,03:34:38.301689,03:34:38.301689,03:34:38.302173,03:34:38.302173,03:34:38.303719,03:34:38.303719,03:34:38.305516,03:34:38.305516,03:34:38.315114,03:34:38.315151,03:34:38.339814,03:34:38.343070,03:34:38.738426,03:34:38.738459,03:34:38.745218,03:34:38.750859,03:34:38.756426,03:34:38.312108,03:34:38.312207,03:34:38.302938
10,rejected,03:34:40.006229,03:34:40.006229,03:34:40.006812,03:34:40.006812,03:34:40.008192,03:34:40.008192,03:34:40.009710,03:34:40.009710,03:34:40.019183,03:34:40.019215,03:34:40.034233,03:34:40.037739,03:34:40.432768,03:34:40.432801,03:34:40.438969,03:34:40.444596,03:34:40.450326,03:34:40.016751,03:34:40.016857,03:34:40.007650
10,rejected,03:34:41.686847,03:34:41.686847,03:34:41.687264,03:34:41.687264,03:34:41.688535,03:34:41.688535,03:34:41.690112,03:34:41.690112,03:34:41.699561,03:34:41.699585,03:34:41.714669,03:34:41.718141,03:34:42.113888,03:34:42.113933,03:34:42.120007,03:34:42.125579,03:34:42.131001,03:34:41.697009,03:34:41.697102,03:34:41.687962
10,rejected,03:34:43.247781,03:34:43.247781,03:34:43.248352,03:34:43.248352,03:34:43.250054,03:34:43.250054,03:34:43.251659,03:34:43.251659,03:34:43.261083,03:34:43.261103,03:34:43.275865,03:34:43.278990,03:34:43.675365,03:34:43.675394,03:34:43.681562,03:34:43.687434,03:34:43.693028,03:34:43.257934,03:34:43.258030,03:34:43.249184
10,rejected,03:34:44.934153,03:34:44.934153,03:34:44.934764,03:34:44.934764,03:34:44.936713,03:34:44.936713,03:34:44.938919,03:34:44.938919,03:34:44.949164,03:34:44.949215,03:34:44.969836,03:34:44.975360,03:34:45.376980,03:34:45.377012,03:34:45.383201,03:34:45.388658,03:34:45.394678,03:34:44.944667,03:34:44.944827,03:34:44.935891
10,rejected,03:34:46.581094,03:34:46.581094,03:34:46.581651,03:34:46.581651,03:34:46.583201,03:34:46.583201,03:34:46.584768,03:34:46.584768,03:34:46.594279,03:34:46.594306,03:34:46.608510,03:34:46.611987,03:34:47.007982,03:34:47.008020,03:34:47.014490,03:34:47.020612,03:34:47.026561,03:34:46.591490,03:34:46.591606,03:34:46.582504
10,rejected,03:34:48.204561,03:34:48.204561,03:34:48.204920,03:34:48.204920,03:34:48.206502,03:34:48.206502,03:34:48.208049,03:34:48.208049,03:34:48.218244,03:34:48.218294,03:34:48.236217,03:34:48.239547,03:34:48.636111,03:34:48.636142,03:34:48.642515,03:34:48.648567,03:34:48.654269,03:34:48.215602,03:34:48.215783,03:34:48.205611
10,rejected,03:34:49.767162,03:34:49.767162,03:34:49.767635,03:34:49.767635,03:34:49.769051,03:34:49.769051,03:34:49.770818,03:34:49.770818,03:34:49.780687,03:34:49.780714,03:34:49.795805,03:34:49.798941,03:34:50.194697,03:34:50.194727,03:34:50.200896,03:34:50.206630,03:34:50.212370,03:34:49.777567,03:34:49.777673,03:34:49.768470
10,rejected,03:34:51.322178,03:34:51.322178,03:34:51.322656,03:34:51.322656,03:34:51.324253,03:34:51.324253,03:34:51.325808,03:34:51.325808,03:34:51.335542,03:34:51.335561,03:34:51.349682,03:34:51.352923,03:34:51.747959,03:34:51.747991,03:34:51.754234,03:34:51.759753,03:34:51.765199,03:34:51.332485,03:34:51.332579,03:34:51.323489
10,rejected,03:34:53.001664,03:34:53.001664,03:34:53.002173,03:34:53.002173,03:34:53.003658,03:34:53.003658,03:34:53.005154,03:34:53.005154,03:34:53.014649,03:34:53.014674,03:34:53.029368,03:34:53.032802,03:34:53.429108,03:34:53.429140,03:34:53.435593,03:34:53.441598,03:34:53.447501,03:34:53.012107,03:34:53.012218,03:34:53.003034
10,rejected,03:34:54.542648,03:34:54.542648,03:34:54.543130,03:34:54.543130,03:34:54.544737,03:34:54.544737,03:34:54.546310,03:34:54.546310,03:34:54.556650,03:34:54.556686,03:34:54.571451,03:34:54.574692,03:34:54.974169,03:34:54.974208,03:34:54.983305,03:34:54.992010,03:34:55.000896,03:34:54.553072,03:34:54.553184,03:34:54.543860
10,rejected,03:34:56.186019,03:34:56.186019,03:34:56.186578,03:34:56.186578,03:34:56.188125,03:34:56.188125,03:34:56.189843,03:34:56.189843,03:34:56.200497,03:34:56.200526,03:34:56.215062,03:34:56.218303,03:34:56.613775,03:34:56.613805,03:34:56.620060,03:34:56.626011,03:34:56.631767,03:34:56.196254,03:34:56.196354,03:34:56.187396
10,rejected,03:34:57.822892,03:34:57.822892,03:34:57.823410,03:34:57.823410,03:34:57.824877,03:34:57.824877,03:34:57.826931,03:34:57.826931,03:34:57.836517,03:34:57.836554,03:34:57.863541,03:34:57.866754,03:34:58.262247,03:34:58.262281,03:34:58.268807,03:34:58.274787,03:34:58.280629,03:34:57.832639,03:34:57.832773,03:34:57.824185
10,rejected,03:34:59.376475,03:34:59.376475,03:34:59.376932,03:34:59.376932,03:34:59.378469,03:34:59.378469,03:34:59.380323,03:34:59.380323,03:34:59.391101,03:34:59.391122,03:34:59.406830,03:34:59.410012,03:34:59.805232,03:34:59.805262,03:34:59.811751,03:34:59.817566,03:34:59.823489,03:34:59.386869,03:34:59.387008,03:34:59.377668
10,rejected,03:35:01.013163,03:35:01.013163,03:35:01.013802,03:35:01.013802,03:35:01.015371,03:35:01.015371,03:35:01.016921,03:35:01.016921,03:35:01.027835,03:35:01.027864,03:35:01.044320,03:35:01.048221,03:35:01.446889,03:35:01.446922,03:35:01.453323,03:35:01.459212,03:35:01.465010,03:35:01.023674,03:35:01.023790,03:35:01.014644
10,rejected,03:35:02.703567,03:35:02.703567,03:35:02.704049,03:35:02.704049,03:35:02.705371,03:35:02.705371,03:35:02.707139,03:35:02.707139,03:35:02.716455,03:35:02.716478,03:35:02.731324,03:35:02.734378,03:35:03.129753,03:35:03.129784,03:35:03.135949,03:35:03.141848,03:35:03.147670,03:35:02.713836,03:35:02.713959,03:35:02.704812
10,rejected,03:35:04.251443,03:35:04.251443,03:35:04.251897,03:35:04.251897,03:35:04.253189,03:35:04.253189,03:35:04.254725,03:35:04.254725,03:35:04.264115,03:35:04.264144,03:35:04.279294,03:35:04.282931,03:35:04.678418,03:35:04.678449,03:35:04.684851,03:35:04.690840,03:35:04.696619,03:35:04.262096,03:35:04.262211,03:35:04.252676
10,rejected,03:35:05.896693,03:35:05.896693,03:35:05.897209,03:35:05.897209,03:35:05.898638,03:35:05.898638,03:35:05.900587,03:35:05.900587,03:35:05.910358,03:35:05.910382,03:35:05.925862,03:35:05.929134,03:35:06.324800,03:35:06.324835,03:35:06.331113,03:35:06.336896,03:35:06.342507,03:35:05.907219,03:35:05.907332,03:35:05.897990
10,rejected,03:35:07.519001,03:35:07.519001,03:35:07.519464,03:35:07.519464,03:35:07.521122,03:35:07.521122,03:35:07.522745,03:35:07.522745,03:35:07.535155,03:35:07.535180,03:35:07.549772,03:35:07.552985,03:35:07.948941,03:35:07.948975,03:35:07.955306,03:35:07.961116,03:35:07.966743,03:35:07.529458,03:35:07.529562,03:35:07.520254
10,rejected,03:35:09.142940,03:35:09.142940,03:35:09.143492,03:35:09.143492,03:35:09.144919,03:35:09.144919,03:35:09.146569,03:35:09.146569,03:35:09.156322,03:35:09.156353,03:35:09.170999,03:35:09.174231,03:35:09.568530,03:35:09.568562,03:35:09.574773,03:35:09.580572,03:35:09.586888,03:35:09.153153,03:35:09.153273,03:35:09.144347
10,rejected,03:35:10.764217,03:35:10.764217,03:35:10.764742,03:35:10.764742,03:35:10.766177,03:35:10.766177,03:35:10.767752,03:35:10.767752,03:35:10.777954,03:35:10.777980,03:35:10.792373,03:35:10.795496,03:35:11.190980,03:35:11.191011,03:35:11.197281,03:35:11.203368,03:35:11.209141,03:35:10.774761,03:35:10.774870,03:35:10.765522
10,rejected,03:35:12.444557,03:35:12.444557,03:35:12.445031,03:35:12.445031,03:35:12.447161,03:35:12.447161,03:35:12.449286,03:35:12.449286,03:35:12.464896,03:35:12.464945,03:35:12.483826,03:35:12.488395,03:35:12.884654,03:35:12.884689,03:35:12.890923,03:35:12.896947,03:35:12.902797,03:35:12.455304,03:35:12.455436,03:35:12.446004
10,rejected,03:35:13.998766,03:35:13.998766,03:35:13.999267,03:35:13.999267,03:35:14.000631,03:35:14.000631,03:35:14.002431,03:35:14.002431,03:35:14.012049,03:35:14.012075,03:35:14.027152,03:35:14.030361,03:35:14.425603,03:35:14.425636,03:35:14.431426,03:35:14.436742,03:35:14.442326,03:35:14.009111,03:35:14.009232,03:35:14.000080
10,rejected,03:35:15.645120,03:35:15.645120,03:35:15.645579,03:35:15.645579,03:35:15.647138,03:35:15.647138,03:35:15.648805,03:35:15.648805,03:35:15.658655,03:35:15.658687,03:35:15.672634,03:35:15.676180,03:35:16.071391,03:35:16.071423,03:35:16.077843,03:35:16.083944,03:35:16.090022,03:35:15.655712,03:35:15.655830,03:35:15.646341
10,rejected,03:35:17.265821,03:35:17.265821,03:35:17.266281,03:35:17.266281,03:35:17.267555,03:35:17.267555,03:35:17.269120,03:35:17.269120,03:35:17.278390,03:35:17.278414,03:35:17.303140,03:35:17.306267,03:35:17.701351,03:35:17.701380,03:35:17.707621,03:35:17.713522,03:35:17.719381,03:35:17.276310,03:35:17.276413,03:35:17.267027
10,rejected,03:35:18.986923,03:35:18.986923,03:35:18.987404,03:35:18.987404,03:35:18.989096,03:35:18.989096,03:35:18.990860,03:35:18.990860,03:35:19.000295,03:35:19.000317,03:35:19.017699,03:35:19.021333,03:35:19.417567,03:35:19.417598,03:35:19.424072,03:35:19.429544,03:35:19.435296,03:35:18.997117,03:35:18.997216,03:35:18.988198
10,rejected,03:35:20.595464,03:35:20.595464,03:35:20.595873,03:35:20.595873,03:35:20.597160,03:35:20.597160,03:35:20.598714,03:35:20.598714,03:35:20.608632,03:35:20.608660,03:35:20.623796,03:35:20.627643,03:35:21.023140,03:35:21.023171,03:35:21.029959,03:35:21.035319,03:35:21.041236,03:35:20.605741,03:35:20.605868,03:35:20.596603
10,rejected,03:35:22.140797,03:35:22.140797,03:35:22.141236,03:35:22.141236,03:35:22.142555,03:35:22.142555,03:35:22.144241,03:35:22.144241,03:35:22.153790,03:35:22.153814,03:35:22.168009,03:35:22.171099,03:35:22.564926,03:35:22.564958,03:35:22.571315,03:35:22.577182,03:35:22.583451,03:35:22.151510,03:35:22.151630,03:35:22.141976
10,rejected,03:35:23.759428,03:35:23.759428,03:35:23.759891,03:35:23.759891,03:35:23.761389,03:35:23.761389,03:35:23.763099,03:35:23.763099,03:35:23.772596,03:35:23.772619,03:35:23.787836,03:35:23.791194,03:35:24.186434,03:35:24.186464,03:35:24.192626,03:35:24.198081,03:35:24.203962,03:35:23.769744,03:35:23.769838,03:35:23.760623
10,rejected,03:35:25.516459,03:35:25.516459,03:35:25.516974,03:35:25.516974,03:35:25.518271,03:35:25.518271,03:35:25.519812,03:35:25.519812,03:35:25.529046,03:35:25.529069,03:35:25.544679,03:35:25.548080,03:35:25.944897,03:35:25.944930,03:35:25.951227,03:35:25.957192,03:35:25.963726,03:35:25.526867,03:35:25.526993,03:35:25.517759
10,rejected,03:35:27.233974,03:35:27.233974,03:35:27.234569,03:35:27.234569,03:35:27.235919,03:35:27.235919,03:35:27.237735,03:35:27.237735,03:35:27.247111,03:35:27.247140,03:35:27.262439,03:35:27.265718,03:35:27.661667,03:35:27.661699,03:35:27.667933,03:35:27.673707,03:35:27.679710,03:35:27.244543,03:35:27.244658,03:35:27.235372
10,rejected,03:35:28.964123,03:35:28.964123,03:35:28.964733,03:35:28.964733,03:35:28.966390,03:35:28.966390,03:35:28.968200,03:35:28.968200,03:35:28.984689,03:35:28.984733,03:35:29.000228,03:35:29.003841,03:35:29.399993,03:35:29.400024,03:35:29.406318,03:35:29.412162,03:35:29.418104,03:35:28.974570,03:35:28.974690,03:35:28.965587
10,rejected,03:35:30.616177,03:35:30.616177,03:35:30.616772,03:35:30.616772,03:35:30.618112,03:35:30.618112,03:35:30.619895,03:35:30.619895,03:35:30.629751,03:35:30.629782,03:35:30.644491,03:35:30.647563,03:35:31.043126,03:35:31.043156,03:35:31.049181,03:35:31.054944,03:35:31.060435,03:35:30.626452,03:35:30.626559,03:35:30.617573
10,rejected,03:35:32.236006,03:35:32.236006,03:35:32.236441,03:35:32.236441,03:35:32.237766,03:35:32.237766,03:35:32.239502,03:35:32.239502,03:35:32.249334,03:35:32.249359,03:35:32.264314,03:35:32.267811,03:35:32.662826,03:35:32.662862,03:35:32.669290,03:35:32.675227,03:35:32.680888,03:35:32.246323,03:35:32.246432,03:35:32.237247
10,rejected,03:35:33.869632,03:35:33.869632,03:35:33.870072,03:35:33.870072,03:35:33.871598,03:35:33.871598,03:35:33.873272,03:35:33.873272,03:35:33.883254,03:35:33.883310,03:35:33.904256,03:35:33.908842,03:35:34.306988,03:35:34.307022,03:35:34.313746,03:35:34.319700,03:35:34.325649,03:35:33.879963,03:35:33.880127,03:35:33.870782
10,rejected,03:35:35.500434,03:35:35.500434,03:35:35.500810,03:35:35.500810,03:35:35.502224,03:35:35.502224,03:35:35.503865,03:35:35.503865,03:35:35.513566,03:35:35.513599,03:35:35.528605,03:35:35.532061,03:35:35.927499,03:35:35.927531,03:35:35.933884,03:35:35.940065,03:35:35.945953,03:35:35.510757,03:35:35.510859,03:35:35.501594
10,rejected,03:35:37.129264,03:35:37.129264,03:35:37.129814,03:35:37.129814,03:35:37.131474,03:35:37.131474,03:35:37.133225,03:35:37.133225,03:35:37.144811,03:35:37.144844,03:35:37.170934,03:35:37.174138,03:35:37.569166,03:35:37.569197,03:35:37.575280,03:35:37.580714,03:35:37.587023,03:35:37.139801,03:35:37.139939,03:35:37.130653
10,rejected,03:35:38.892139,03:35:38.892139,03:35:38.892548,03:35:38.892548,03:35:38.894179,03:35:38.894179,03:35:38.895849,03:35:38.895849,03:35:38.905940,03:35:38.905994,03:35:38.928802,03:35:38.932831,03:35:39.330159,03:35:39.330211,03:35:39.336559,03:35:39.342301,03:35:39.348004,03:35:38.903259,03:35:38.903440,03:35:38.893306
10,rejected,03:35:40.582476,03:35:40.582476,03:35:40.582972,03:35:40.582972,03:35:40.584626,03:35:40.584626,03:35:40.586197,03:35:40.586197,03:35:40.596272,03:35:40.596296,03:35:40.611433,03:35:40.614736,03:35:41.009782,03:35:41.009813,03:35:41.015949,03:35:41.021642,03:35:41.027435,03:35:40.592807,03:35:40.592931,03:35:40.583827
10,rejected,03:35:42.217921,03:35:42.217921,03:35:42.218349,03:35:42.218349,03:35:42.219985,03:35:42.219985,03:35:42.221608,03:35:42.221608,03:35:42.231506,03:35:42.231533,03:35:42.246290,03:35:42.249472,03:35:42.644387,03:35:42.644418,03:35:42.650604,03:35:42.656652,03:35:42.662338,03:35:42.228484,03:35:42.228600,03:35:42.219086
10,rejected,03:35:43.905345,03:35:43.905345,03:35:43.905795,03:35:43.905795,03:35:43.907063,03:35:43.907063,03:35:43.908955,03:35:43.908955,03:35:43.918270,03:35:43.918294,03:35:43.933232,03:35:43.937056,03:35:44.335372,03:35:44.335403,03:35:44.342047,03:35:44.347883,03:35:44.353568,03:35:43.916074,03:35:43.916184,03:35:43.906522
10,rejected,03:35:45.652738,03:35:45.652738,03:35:45.653317,03:35:45.653317,03:35:45.654735,03:35:45.654735,03:35:45.656911,03:35:45.656911,03:35:45.667189,03:35:45.667231,03:35:45.684728,03:35:45.688745,03:35:46.086457,03:35:46.086488,03:35:46.092703,03:35:46.098189,03:35:46.103897,03:35:45.663310,03:35:45.663435,03:35:45.654165
10,rejected,03:35:47.345787,03:35:47.345787,03:35:47.346164,03:35:47.346164,03:35:47.347803,03:35:47.347803,03:35:47.349572,03:35:47.349572,03:35:47.361695,03:35:47.361720,03:35:47.376665,03:35:47.379865,03:35:47.776200,03:35:47.776233,03:35:47.782365,03:35:47.788283,03:35:47.794265,03:35:47.356167,03:35:47.356272,03:35:47.346890
10,rejected,03:35:48.987739,03:35:48.987739,03:35:48.988168,03:35:48.988168,03:35:48.989556,03:35:48.989556,03:35:48.991049,03:35:48.991049,03:35:49.001665,03:35:49.001692,03:35:49.018017,03:35:49.021424,03:35:49.420128,03:35:49.420159,03:35:49.426249,03:35:49.431851,03:35:49.437710,03:35:48.998229,03:35:48.998325,03:35:48.988951
10,rejected,03:35:50.551729,03:35:50.551729,03:35:50.552161,03:35:50.552161,03:35:50.553715,03:35:50.553715,03:35:50.555384,03:35:50.555384,03:35:50.564978,03:35:50.565004,03:35:50.579932,03:35:50.583048,03:35:50.978649,03:35:50.978685,03:35:50.984791,03:35:50.990923,03:35:50.996929,03:35:50.561842,03:35:50.561942,03:35:50.552923
10,rejected,03:35:52.105145,03:35:52.105145,03:35:52.105569,03:35:52.105569,03:35:52.107046,03:35:52.107046,03:35:52.108908,03:35:52.108908,03:35:52.119627,03:35:52.119653,03:35:52.134031,03:35:52.137134,03:35:52.531268,03:35:52.531301,03:35:52.537350,03:35:52.543264,03:35:52.549111,03:35:52.115515,03:35:52.115629,03:35:52.106302
10,rejected,03:35:53.645431,03:35:53.645431,03:35:53.645861,03:35:53.645861,03:35:53.647468,03:35:53.647468,03:35:53.649219,03:35:53.649219,03:35:53.658634,03:35:53.658658,03:35:53.673473,03:35:53.676692,03:35:54.072058,03:35:54.072088,03:35:54.078162,03:35:54.083809,03:35:54.089444,03:35:53.655908,03:35:53.656007,03:35:53.646621
10,rejected,03:35:55.227753,03:35:55.227753,03:35:55.228372,03:35:55.228372,03:35:55.229941,03:35:55.229941,03:35:55.231878,03:35:55.231878,03:35:55.241638,03:35:55.241670,03:35:55.257310,03:35:55.260714,03:35:55.656627,03:35:55.656658,03:35:55.662442,03:35:55.667938,03:35:55.673455,03:35:55.238136,03:35:55.238257,03:35:55.229234
10,rejected,03:35:56.779886,03:35:56.779886,03:35:56.780254,03:35:56.780254,03:35:56.781883,03:35:56.781883,03:35:56.783489,03:35:56.783489,03:35:56.793976,03:35:56.794006,03:35:56.823494,03:35:56.826798,03:35:57.223858,03:35:57.223888,03:35:57.230311,03:35:57.236401,03:35:57.242416,03:35:56.790409,03:35:56.790525,03:35:56.781055
10,rejected,03:35:58.482160,03:35:58.482160,03:35:58.482608,03:35:58.482608,03:35:58.484346,03:35:58.484346,03:35:58.485877,03:35:58.485877,03:35:58.496005,03:35:58.496028,03:35:58.511430,03:35:58.514588,03:35:58.909605,03:35:58.909660,03:35:58.916178,03:35:58.921745,03:35:58.927561,03:35:58.492486,03:35:58.492586,03:35:58.483440
10,rejected,03:36:00.039718,03:36:00.039718,03:36:00.040145,03:36:00.040145,03:36:00.041821,03:36:00.041821,03:36:00.043413,03:36:00.043413,03:36:00.052946,03:36:00.052972,03:36:00.068267,03:36:00.071527,03:36:00.467587,03:36:00.467627,03:36:00.474222,03:36:00.480128,03:36:00.486362,03:36:00.050166,03:36:00.050281,03:36:00.040899
10,rejected,03:36:01.648667,03:36:01.648667,03:36:01.649152,03:36:01.649152,03:36:01.650675,03:36:01.650675,03:36:01.652375,03:36:01.652375,03:36:01.661701,03:36:01.661725,03:36:01.676640,03:36:01.679791,03:36:02.074296,03:36:02.074328,03:36:02.080495,03:36:02.086313,03:36:02.091952,03:36:01.659222,03:36:01.659324,03:36:01.649910
10,rejected,03:36:03.277995,03:36:03.277995,03:36:03.278522,03:36:03.278522,03:36:03.280152,03:36:03.280152,03:36:03.281841,03:36:03.281841,03:36:03.291790,03:36:03.291814,03:36:03.306519,03:36:03.309724,03:36:03.704123,03:36:03.704155,03:36:03.710909,03:36:03.716397,03:36:03.722357,03:36:03.288268,03:36:03.288370,03:36:03.279339
10,rejected,03:36:04.900914,03:36:04.900914,03:36:04.901351,03:36:04.901351,03:36:04.902848,03:36:04.902848,03:36:04.904573,03:36:04.904573,03:36:04.917256,03:36:04.917292,03:36:04.933625,03:36:04.937243,03:36:05.343498,03:36:05.343535,03:36:05.349922,03:36:05.355509,03:36:05.361124,03:36:04.911898,03:36:04.912041,03:36:04.902088
10,rejected,03:36:06.479387,03:36:06.479387,03:36:06.479838,03:36:06.479838,03:36:06.481457,03:36:06.481457,03:36:06.483249,03:36:06.483249,03:36:06.493446,03:36:06.493470,03:36:06.508702,03:36:06.511861,03:36:06.906666,03:36:06.906704,03:36:06.912984,03:36:06.918488,03:36:06.924059,03:36:06.489811,03:36:06.489904,03:36:06.480584
10,rejected,03:36:08.123457,03:36:08.123457,03:36:08.123902,03:36:08.123902,03:36:08.125211,03:36:08.125211,03:36:08.126721,03:36:08.126721,03:36:08.136436,03:36:08.136458,03:36:08.151491,03:36:08.154896,03:36:08.550672,03:36:08.550705,03:36:08.556777,03:36:08.562230,03:36:08.568009,03:36:08.133859,03:36:08.133953,03:36:08.124676
10,rejected,03:36:09.669459,03:36:09.669459,03:36:09.669919,03:36:09.669919,03:36:09.671426,03:36:09.671426,03:36:09.673001,03:36:09.673001,03:36:09.682805,03:36:09.682829,03:36:09.696661,03:36:09.699794,03:36:10.095023,03:36:10.095056,03:36:10.101644,03:36:10.107760,03:36:10.113397,03:36:09.679319,03:36:09.679428,03:36:09.670723
10,rejected,03:36:11.292087,03:36:11.292087,03:36:11.292561,03:36:11.292561,03:36:11.293823,03:36:11.293823,03:36:11.295325,03:36:11.295325,03:36:11.304795,03:36:11.304817,03:36:11.320237,03:36:11.323437,03:36:11.719238,03:36:11.719269,03:36:11.725539,03:36:11.731195,03:36:11.736808,03:36:11.302624,03:36:11.302720,03:36:11.293272
10,rejected,03:36:12.838345,03:36:12.838345,03:36:12.838804,03:36:12.838804,03:36:12.840238,03:36:12.840238,03:36:12.841839,03:36:12.841839,03:36:12.851897,03:36:12.851927,03:36:12.866542,03:36:12.869814,03:36:13.266023,03:36:13.266055,03:36:13.272619,03:36:13.277954,03:36:13.283898,03:36:12.848957,03:36:12.849081,03:36:12.839611
10,rejected,03:36:14.519854,03:36:14.519854,03:36:14.520435,03:36:14.520435,03:36:14.521928,03:36:14.521928,03:36:14.523571,03:36:14.523571,03:36:14.533609,03:36:14.533636,03:36:14.547975,03:36:14.551189,03:36:14.947662,03:36:14.947690,03:36:14.954930,03:36:14.964100,03:36:14.973447,03:36:14.530521,03:36:14.530615,03:36:14.521315
10,rejected,03:36:16.097454,03:36:16.097454,03:36:16.097901,03:36:16.097901,03:36:16.099174,03:36:16.099174,03:36:16.100892,03:36:16.100892,03:36:16.110880,03:36:16.110907,03:36:16.137708,03:36:16.141174,03:36:16.536680,03:36:16.536712,03:36:16.542943,03:36:16.548652,03:36:16.554477,03:36:16.108052,03:36:16.108155,03:36:16.098615
10,rejected,03:36:17.663348,03:36:17.663348,03:36:17.663918,03:36:17.663918,03:36:17.665217,03:36:17.665217,03:36:17.666892,03:36:17.666892,03:36:17.677056,03:36:17.677081,03:36:17.692743,03:36:17.696977,03:36:18.095138,03:36:18.095172,03:36:18.101370,03:36:18.106867,03:36:18.112522,03:36:17.673831,03:36:17.673943,03:36:17.664706
10,rejected,03:36:19.217928,03:36:19.217928,03:36:19.218496,03:36:19.218496,03:36:19.220059,03:36:19.220059,03:36:19.221689,03:36:19.221689,03:36:19.232051,03:36:19.232075,03:36:19.247597,03:36:19.250844,03:36:19.646544,03:36:19.646580,03:36:19.652854,03:36:19.658451,03:36:19.664370,03:36:19.227953,03:36:19.228054,03:36:19.219419
10,rejected,03:36:21.018362,03:36:21.018362,03:36:21.018936,03:36:21.018936,03:36:21.020315,03:36:21.020315,03:36:21.021910,03:36:21.021910,03:36:21.031715,03:36:21.031738,03:36:21.046614,03:36:21.049788,03:36:21.445179,03:36:21.445210,03:36:21.451291,03:36:21.456960,03:36:21.462559,03:36:21.028733,03:36:21.028828,03:36:21.019743
10,rejected,03:36:22.638715,03:36:22.638715,03:36:22.639201,03:36:22.639201,03:36:22.640627,03:36:22.640627,03:36:22.642287,03:36:22.642287,03:36:22.651947,03:36:22.651977,03:36:22.666732,03:36:22.669986,03:36:23.064544,03:36:23.064575,03:36:23.070730,03:36:23.076499,03:36:23.082336,03:36:22.649319,03:36:22.649409,03:36:22.640078
10,rejected,03:36:24.324298,03:36:24.324298,03:36:24.324853,03:36:24.324853,03:36:24.326183,03:36:24.326183,03:36:24.327812,03:36:24.327812,03:36:24.337384,03:36:24.337411,03:36:24.352975,03:36:24.356439,03:36:24.752152,03:36:24.752184,03:36:24.758289,03:36:24.764010,03:36:24.770121,03:36:24.334442,03:36:24.334538,03:36:24.325623
10,rejected,03:36:25.975186,03:36:25.975186,03:36:25.975704,03:36:25.975704,03:36:25.977019,03:36:25.977019,03:36:25.978799,03:36:25.978799,03:36:25.991605,03:36:25.991633,03:36:26.006003,03:36:26.009442,03:36:26.405118,03:36:26.405148,03:36:26.411488,03:36:26.417127,03:36:26.423050,03:36:25.985625,03:36:25.985772,03:36:25.976489
10,rejected,03:36:27.604354,03:36:27.604354,03:36:27.604821,03:36:27.604821,03:36:27.606078,03:36:27.606078,03:36:27.607600,03:36:27.607600,03:36:27.616937,03:36:27.616961,03:36:27.631867,03:36:27.635043,03:36:28.029138,03:36:28.029173,03:36:28.035215,03:36:28.041259,03:36:28.047270,03:36:27.614794,03:36:27.614915,03:36:27.605541
10,rejected,03:36:29.172134,03:36:29.172134,03:36:29.172583,03:36:29.172583,03:36:29.174053,03:36:29.174053,03:36:29.175530,03:36:29.175530,03:36:29.185197,03:36:29.185220,03:36:29.199705,03:36:29.202842,03:36:29.598098,03:36:29.598133,03:36:29.604701,03:36:29.610463,03:36:29.616236,03:36:29.182389,03:36:29.182489,03:36:29.173406
10,rejected,03:36:30.856548,03:36:30.856548,03:36:30.857083,03:36:30.857083,03:36:30.858749,03:36:30.858749,03:36:30.860528,03:36:30.860528,03:36:30.869798,03:36:30.869820,03:36:30.883878,03:36:30.887465,03:36:31.283047,03:36:31.283084,03:36:31.289475,03:36:31.295201,03:36:31.301119,03:36:30.866941,03:36:30.867046,03:36:30.857934
10,rejected,03:36:32.496129,03:36:32.496129,03:36:32.496630,03:36:32.496630,03:36:32.498040,03:36:32.498040,03:36:32.499768,03:36:32.499768,03:36:32.510058,03:36:32.510093,03:36:32.525105,03:36:32.528693,03:36:32.923238,03:36:32.923270,03:36:32.929624,03:36:32.935539,03:36:32.941680,03:36:32.506533,03:36:32.506646,03:36:32.497463
10,rejected,03:36:34.135382,03:36:34.135382,03:36:34.135878,03:36:34.135878,03:36:34.137398,03:36:34.137398,03:36:34.139145,03:36:34.139145,03:36:34.148438,03:36:34.148462,03:36:34.163723,03:36:34.167887,03:36:34.566076,03:36:34.566110,03:36:34.572419,03:36:34.578288,03:36:34.583991,03:36:34.145557,03:36:34.145658,03:36:34.136609
10,rejected,03:36:35.777376,03:36:35.777376,03:36:35.777807,03:36:35.777807,03:36:35.779379,03:36:35.779379,03:36:35.781124,03:36:35.781124,03:36:35.790563,03:36:35.790587,03:36:35.814783,03:36:35.818216,03:36:36.213684,03:36:36.213716,03:36:36.219730,03:36:36.225114,03:36:36.231120,03:36:35.787757,03:36:35.787854,03:36:35.778587
10,rejected,03:36:37.431355,03:36:37.431355,03:36:37.431702,03:36:37.431702,03:36:37.432922,03:36:37.432922,03:36:37.434500,03:36:37.434500,03:36:37.443934,03:36:37.443960,03:36:37.461396,03:36:37.465792,03:36:37.877572,03:36:37.877604,03:36:37.883783,03:36:37.889350,03:36:37.895102,03:36:37.441889,03:36:37.441994,03:36:37.432405
10,rejected,03:36:39.097952,03:36:39.097952,03:36:39.098517,03:36:39.098517,03:36:39.099841,03:36:39.099841,03:36:39.101528,03:36:39.101528,03:36:39.111092,03:36:39.111123,03:36:39.126188,03:36:39.129400,03:36:39.537602,03:36:39.537636,03:36:39.543863,03:36:39.549548,03:36:39.555950,03:36:39.108285,03:36:39.108442,03:36:39.099294
10,rejected,03:36:40.645536,03:36:40.645536,03:36:40.646013,03:36:40.646013,03:36:40.647312,03:36:40.647312,03:36:40.648799,03:36:40.648799,03:36:40.658113,03:36:40.658136,03:36:40.672976,03:36:40.676214,03:36:41.083992,03:36:41.084028,03:36:41.090612,03:36:41.096779,03:36:41.102638,03:36:40.655777,03:36:40.655879,03:36:40.646756
10,rejected,03:36:42.411398,03:36:42.411398,03:36:42.411828,03:36:42.411828,03:36:42.414262,03:36:42.414262,03:36:42.416314,03:36:42.416314,03:36:42.426861,03:36:42.426911,03:36:42.447059,03:36:42.450330,03:36:42.860746,03:36:42.860779,03:36:42.866924,03:36:42.872595,03:36:42.878414,03:36:42.422218,03:36:42.422375,03:36:42.413348
10,rejected,03:36:44.180461,03:36:44.180461,03:36:44.180944,03:36:44.180944,03:36:44.182586,03:36:44.182586,03:36:44.184364,03:36:44.184364,03:36:44.193870,03:36:44.193891,03:36:44.208729,03:36:44.211835,03:36:44.619780,03:36:44.619818,03:36:44.626247,03:36:44.632097,03:36:44.637595,03:36:44.190835,03:36:44.190933,03:36:44.181693
10,rejected,03:36:45.915113,03:36:45.915113,03:36:45.915546,03:36:45.915546,03:36:45.916945,03:36:45.916945,03:36:45.918577,03:36:45.918577,03:36:45.927934,03:36:45.927956,03:36:45.942220,03:36:45.945659,03:36:46.355032,03:36:46.355063,03:36:46.361055,03:36:46.366846,03:36:46.372748,03:36:45.925030,03:36:45.925136,03:36:45.916319
10,rejected,03:36:47.567520,03:36:47.567520,03:36:47.567996,03:36:47.567996,03:36:47.569654,03:36:47.569654,03:36:47.571427,03:36:47.571427,03:36:47.581096,03:36:47.581123,03:36:47.596252,03:36:47.599836,03:36:48.007794,03:36:48.007825,03:36:48.014580,03:36:48.020569,03:36:48.026455,03:36:47.577876,03:36:47.577973,03:36:47.568806
10,rejected,03:36:49.128620,03:36:49.128620,03:36:49.129181,03:36:49.129181,03:36:49.130624,03:36:49.130624,03:36:49.132157,03:36:49.132157,03:36:49.141839,03:36:49.141862,03:36:49.156979,03:36:49.160142,03:36:49.568119,03:36:49.568150,03:36:49.574349,03:36:49.580133,03:36:49.585934,03:36:49.138826,03:36:49.138930,03:36:49.129965
10,rejected,03:36:50.730697,03:36:50.730697,03:36:50.731177,03:36:50.731177,03:36:50.732769,03:36:50.732769,03:36:50.734439,03:36:50.734439,03:36:50.744618,03:36:50.744662,03:36:50.763471,03:36:50.766798,03:36:51.177049,03:36:51.177082,03:36:51.183591,03:36:51.189514,03:36:51.195370,03:36:50.741175,03:36:50.741337,03:36:50.731977
10,rejected,03:36:52.294646,03:36:52.294646,03:36:52.295200,03:36:52.295200,03:36:52.296649,03:36:52.296649,03:36:52.298182,03:36:52.298182,03:36:52.307716,03:36:52.307742,03:36:52.322510,03:36:52.325766,03:36:52.733162,03:36:52.733196,03:36:52.739271,03:36:52.744875,03:36:52.750612,03:36:52.304950,03:36:52.305053,03:36:52.295982
10,rejected,03:36:53.964318,03:36:53.964318,03:36:53.964756,03:36:53.964756,03:36:53.966037,03:36:53.966037,03:36:53.967849,03:36:53.967849,03:36:53.977447,03:36:53.977469,03:36:53.992465,03:36:53.995886,03:36:54.404013,03:36:54.404047,03:36:54.410534,03:36:54.416252,03:36:54.422270,03:36:53.974687,03:36:53.974795,03:36:53.965474
10,rejected,03:36:55.683283,03:36:55.683283,03:36:55.683710,03:36:55.683710,03:36:55.685279,03:36:55.685279,03:36:55.686871,03:36:55.686871,03:36:55.696346,03:36:55.696402,03:36:55.723231,03:36:55.726464,03:36:56.134139,03:36:56.134171,03:36:56.140581,03:36:56.146317,03:36:56.152056,03:36:55.693529,03:36:55.693637,03:36:55.684500
10,rejected,03:36:57.266861,03:36:57.266861,03:36:57.267482,03:36:57.267482,03:36:57.268798,03:36:57.268798,03:36:57.270175,03:36:57.270175,03:36:57.279554,03:36:57.279581,03:36:57.296053,03:36:57.299343,03:36:57.708618,03:36:57.708651,03:36:57.715242,03:36:57.721141,03:36:57.726772,03:36:57.277515,03:36:57.277640,03:36:57.268254
10,rejected,03:36:58.843945,03:36:58.843945,03:36:58.844409,03:36:58.844409,03:36:58.845901,03:36:58.845901,03:36:58.847392,03:36:58.847392,03:36:58.857385,03:36:58.857420,03:36:58.875251,03:36:58.878673,03:36:59.288857,03:36:59.288890,03:36:59.295604,03:36:59.301513,03:36:59.307516,03:36:58.855035,03:36:58.855195,03:36:58.845245
10,rejected,03:37:00.658496,03:37:00.658496,03:37:00.659046,03:37:00.659046,03:37:00.660487,03:37:00.660487,03:37:00.662068,03:37:00.662068,03:37:00.672300,03:37:00.672320,03:37:00.687177,03:37:00.690363,03:37:01.099101,03:37:01.099135,03:37:01.105923,03:37:01.111675,03:37:01.117523,03:37:00.668586,03:37:00.668695,03:37:00.659832
20,rejected,03:37:02.394764,03:37:02.394764,03:37:02.395314,03:37:02.395314,03:37:02.396800,03:37:02.396800,03:37:02.398475,03:37:02.398475,03:37:02.407971,03:37:02.407993,03:37:02.423307,03:37:02.426784,03:37:02.834272,03:37:02.834303,03:37:02.841085,03:37:02.846991,03:37:02.852629,03:37:02.415215,03:37:02.415332,03:37:02.396071
20,rejected,03:37:03.966836,03:37:03.966836,03:37:03.967324,03:37:03.967324,03:37:03.968710,03:37:03.968710,03:37:03.970548,03:37:03.970548,03:37:03.980033,03:37:03.980056,03:37:03.994350,03:37:03.997478,03:37:04.406049,03:37:04.406085,03:37:04.412559,03:37:04.418197,03:37:04.424158,03:37:03.987594,03:37:03.987711,03:37:03.968104
20,rejected,03:37:05.598108,03:37:05.598108,03:37:05.598683,03:37:05.598683,03:37:05.600168,03:37:05.600168,03:37:05.601694,03:37:05.601694,03:37:05.613513,03:37:05.613552,03:37:05.627518,03:37:05.630560,03:37:06.039924,03:37:06.039956,03:37:06.046100,03:37:06.051860,03:37:06.057914,03:37:05.618874,03:37:05.618993,03:37:05.599502
20,rejected,03:37:07.259262,03:37:07.259262,03:37:07.259841,03:37:07.259841,03:37:07.261337,03:37:07.261337,03:37:07.263072,03:37:07.263072,03:37:07.273079,03:37:07.273103,03:37:07.288470,03:37:07.291835,03:37:07.701600,03:37:07.701632,03:37:07.708130,03:37:07.713739,03:37:07.719904,03:37:07.279828,03:37:07.279957,03:37:07.260666
20,rejected,03:37:08.978352,03:37:08.978352,03:37:08.978826,03:37:08.978826,03:37:08.980376,03:37:08.980376,03:37:08.981938,03:37:08.981938,03:37:08.991792,03:37:08.991820,03:37:09.006525,03:37:09.009691,03:37:09.418466,03:37:09.418496,03:37:09.424535,03:37:09.430190,03:37:09.435985,03:37:08.999110,03:37:08.999218,03:37:08.979586
20,rejected,03:37:10.541653,03:37:10.541653,03:37:10.542203,03:37:10.542203,03:37:10.543569,03:37:10.543569,03:37:10.545056,03:37:10.545056,03:37:10.554351,03:37:10.554381,03:37:10.569422,03:37:10.572579,03:37:10.981432,03:37:10.981463,03:37:10.987973,03:37:10.994506,03:37:11.000292,03:37:10.562538,03:37:10.562648,03:37:10.543018
20,rejected,03:37:12.108356,03:37:12.108356,03:37:12.108798,03:37:12.108798,03:37:12.110485,03:37:12.110485,03:37:12.112865,03:37:12.112865,03:37:12.123515,03:37:12.123565,03:37:12.143436,03:37:12.146993,03:37:12.557507,03:37:12.557543,03:37:12.563456,03:37:12.569273,03:37:12.575050,03:37:12.129121,03:37:12.129254,03:37:12.109564
20,rejected,03:37:13.678334,03:37:13.678334,03:37:13.678833,03:37:13.678833,03:37:13.680441,03:37:13.680441,03:37:13.682193,03:37:13.682193,03:37:13.691893,03:37:13.691919,03:37:13.707210,03:37:13.710514,03:37:14.119600,03:37:14.119635,03:37:14.125929,03:37:14.131903,03:37:14.137575,03:37:13.699231,03:37:13.699425,03:37:13.679635
20,rejected,03:37:15.343421,03:37:15.343421,03:37:15.343905,03:37:15.343905,03:37:15.345274,03:37:15.345274,03:37:15.347141,03:37:15.347141,03:37:15.356800,03:37:15.356823,03:37:15.381962,03:37:15.385251,03:37:15.793289,03:37:15.793321,03:37:15.799725,03:37:15.805422,03:37:15.811471,03:37:15.363782,03:37:15.363897,03:37:15.344681
20,rejected,03:37:17.011064,03:37:17.011064,03:37:17.011598,03:37:17.011598,03:37:17.012981,03:37:17.012981,03:37:17.014712,03:37:17.014712,03:37:17.024163,03:37:17.024182,03:37:17.040410,03:37:17.043595,03:37:17.452601,03:37:17.452641,03:37:17.459235,03:37:17.465145,03:37:17.471208,03:37:17.031580,03:37:17.031693,03:37:17.012426
20,rejected,03:37:18.743802,03:37:18.743802,03:37:18.744444,03:37:18.744444,03:37:18.746088,03:37:18.746088,03:37:18.747569,03:37:18.747569,03:37:18.757095,03:37:18.757124,03:37:18.771965,03:37:18.775183,03:37:19.184399,03:37:19.184434,03:37:19.190813,03:37:19.196853,03:37:19.202557,03:37:18.764219,03:37:18.764347,03:37:18.745221
20,rejected,03:37:20.462164,03:37:20.462164,03:37:20.462692,03:37:20.462692,03:37:20.464103,03:37:20.464103,03:37:20.465777,03:37:20.465777,03:37:20.475129,03:37:20.475155,03:37:20.489352,03:37:20.492515,03:37:20.903027,03:37:20.903058,03:37:20.909327,03:37:20.915004,03:37:20.921073,03:37:20.482515,03:37:20.482629,03:37:20.463516
20,rejected,03:37:22.022632,03:37:22.022632,03:37:22.023057,03:37:22.023057,03:37:22.024326,03:37:22.024326,03:37:22.025898,03:37:22.025898,03:37:22.035132,03:37:22.035157,03:37:22.050141,03:37:22.053648,03:37:22.462159,03:37:22.462189,03:37:22.469380,03:37:22.476794,03:37:22.482745,03:37:22.042788,03:37:22.042906,03:37:22.023779
20,rejected,03:37:23.583853,03:37:23.583853,03:37:23.584427,03:37:23.584427,03:37:23.585994,03:37:23.585994,03:37:23.587636,03:37:23.587636,03:37:23.597855,03:37:23.597887,03:37:23.613240,03:37:23.616771,03:37:24.025779,03:37:24.025812,03:37:24.032021,03:37:24.037457,03:37:24.043310,03:37:23.604289,03:37:23.604428,03:37:23.585204
20,rejected,03:37:25.218721,03:37:25.218721,03:37:25.219153,03:37:25.219153,03:37:25.220824,03:37:25.220824,03:37:25.222638,03:37:25.222638,03:37:25.232764,03:37:25.232792,03:37:25.251085,03:37:25.254717,03:37:25.663558,03:37:25.663591,03:37:25.669857,03:37:25.675509,03:37:25.682115,03:37:25.239487,03:37:25.239618,03:37:25.219959
20,rejected,03:37:26.882464,03:37:26.882464,03:37:26.882986,03:37:26.882986,03:37:26.884388,03:37:26.884388,03:37:26.886166,03:37:26.886166,03:37:26.896352,03:37:26.896380,03:37:26.910981,03:37:26.914096,03:37:27.324353,03:37:27.324399,03:37:27.330634,03:37:27.336685,03:37:27.343469,03:37:26.903354,03:37:26.903519,03:37:26.883849
20,rejected,03:37:28.606835,03:37:28.606835,03:37:28.607364,03:37:28.607364,03:37:28.608657,03:37:28.608657,03:37:28.610238,03:37:28.610238,03:37:28.619652,03:37:28.619682,03:37:28.634765,03:37:28.637988,03:37:29.047151,03:37:29.047181,03:37:29.053327,03:37:29.059182,03:37:29.064859,03:37:28.627145,03:37:28.627261,03:37:28.608127
20,rejected,03:37:30.327463,03:37:30.327463,03:37:30.328028,03:37:30.328028,03:37:30.329501,03:37:30.329501,03:37:30.330917,03:37:30.330917,03:37:30.340371,03:37:30.340397,03:37:30.355489,03:37:30.358587,03:37:30.767292,03:37:30.767324,03:37:30.773676,03:37:30.779748,03:37:30.785655,03:37:30.348341,03:37:30.348492,03:37:30.328822
20,rejected,03:37:31.980304,03:37:31.980304,03:37:31.980877,03:37:31.980877,03:37:31.982352,03:37:31.982352,03:37:31.984134,03:37:31.984134,03:37:31.993573,03:37:31.993609,03:37:32.008627,03:37:32.011778,03:37:32.419964,03:37:32.419996,03:37:32.426536,03:37:32.432490,03:37:32.438162,03:37:32.001424,03:37:32.001538,03:37:31.981671
20,rejected,03:37:33.542268,03:37:33.542268,03:37:33.542724,03:37:33.542724,03:37:33.544344,03:37:33.544344,03:37:33.546002,03:37:33.546002,03:37:33.555188,03:37:33.555233,03:37:33.573142,03:37:33.576526,03:37:33.985299,03:37:33.985330,03:37:33.991671,03:37:33.997358,03:37:34.004711,03:37:33.562919,03:37:33.563071,03:37:33.543514
20,rejected,03:37:35.214324,03:37:35.214324,03:37:35.215137,03:37:35.215137,03:37:35.216863,03:37:35.216863,03:37:35.218933,03:37:35.218933,03:37:35.229265,03:37:35.229314,03:37:35.263115,03:37:35.266828,03:37:35.676571,03:37:35.676603,03:37:35.682815,03:37:35.688529,03:37:35.694318,03:37:35.234958,03:37:35.235138,03:37:35.216089
20,rejected,03:37:36.969409,03:37:36.969409,03:37:36.969868,03:37:36.969868,03:37:36.971332,03:37:36.971332,03:37:36.973021,03:37:36.973021,03:37:36.983307,03:37:36.983331,03:37:36.999399,03:37:37.002570,03:37:37.413302,03:37:37.413337,03:37:37.419641,03:37:37.425843,03:37:37.431810,03:37:36.990276,03:37:36.990392,03:37:36.970584
20,rejected,03:37:38.628924,03:37:38.628924,03:37:38.629439,03:37:38.629439,03:37:38.631105,03:37:38.631105,03:37:38.632740,03:37:38.632740,03:37:38.642441,03:37:38.642467,03:37:38.658264,03:37:38.661470,03:37:39.070248,03:37:39.070280,03:37:39.076603,03:37:39.082557,03:37:39.088366,03:37:38.649730,03:37:38.649845,03:37:38.630293
20,rejected,03:37:40.196567,03:37:40.196567,03:37:40.197010,03:37:40.197010,03:37:40.198289,03:37:40.198289,03:37:40.199875,03:37:40.199875,03:37:40.209393,03:37:40.209414,03:37:40.224165,03:37:40.227397,03:37:40.635060,03:37:40.635094,03:37:40.641236,03:37:40.647396,03:37:40.653311,03:37:40.216959,03:37:40.217064,03:37:40.197753
20,rejected,03:37:41.776087,03:37:41.776087,03:37:41.776637,03:37:41.776637,03:37:41.778168,03:37:41.778168,03:37:41.779762,03:37:41.779762,03:37:41.789228,03:37:41.789252,03:37:41.804173,03:37:41.807323,03:37:42.216395,03:37:42.216428,03:37:42.222737,03:37:42.228815,03:37:42.234867,03:37:41.796630,03:37:41.796734,03:37:41.777476
20,rejected,03:37:43.510551,03:37:43.510551,03:37:43.510995,03:37:43.510995,03:37:43.512303,03:37:43.512303,03:37:43.513893,03:37:43.513893,03:37:43.523282,03:37:43.523305,03:37:43.538361,03:37:43.541449,03:37:43.948953,03:37:43.948987,03:37:43.954995,03:37:43.960601,03:37:43.966609,03:37:43.530968,03:37:43.531087,03:37:43.511766
20,rejected,03:37:45.225167,03:37:45.225167,03:37:45.225991,03:37:45.225991,03:37:45.227997,03:37:45.227997,03:37:45.229872,03:37:45.229872,03:37:45.242246,03:37:45.242284,03:37:45.261700,03:37:45.265976,03:37:45.675630,03:37:45.675667,03:37:45.681823,03:37:45.687832,03:37:45.693864,03:37:45.245785,03:37:45.245965,03:37:45.227200
20,rejected,03:37:46.893289,03:37:46.893289,03:37:46.893716,03:37:46.893716,03:37:46.895024,03:37:46.895024,03:37:46.896474,03:37:46.896474,03:37:46.905839,03:37:46.905865,03:37:46.920377,03:37:46.923497,03:37:47.332335,03:37:47.332372,03:37:47.338702,03:37:47.344628,03:37:47.350724,03:37:46.914083,03:37:46.914201,03:37:46.894412
20,rejected,03:37:48.445130,03:37:48.445130,03:37:48.445620,03:37:48.445620,03:37:48.447225,03:37:48.447225,03:37:48.448777,03:37:48.448777,03:37:48.458282,03:37:48.458314,03:37:48.473377,03:37:48.476534,03:37:48.886038,03:37:48.886069,03:37:48.892110,03:37:48.898009,03:37:48.903701,03:37:48.465736,03:37:48.465861,03:37:48.446392
20,rejected,03:37:50.166296,03:37:50.166296,03:37:50.166759,03:37:50.166759,03:37:50.168796,03:37:50.168796,03:37:50.170805,03:37:50.170805,03:37:50.180964,03:37:50.181000,03:37:50.196864,03:37:50.200229,03:37:50.608572,03:37:50.608602,03:37:50.614844,03:37:50.620666,03:37:50.626313,03:37:50.186732,03:37:50.186860,03:37:50.167807
20,rejected,03:37:51.886920,03:37:51.886920,03:37:51.887398,03:37:51.887398,03:37:51.889542,03:37:51.889542,03:37:51.891510,03:37:51.891510,03:37:51.902076,03:37:51.902131,03:37:51.921189,03:37:51.924416,03:37:52.334549,03:37:52.334580,03:37:52.340701,03:37:52.346198,03:37:52.351741,03:37:51.907504,03:37:51.907692,03:37:51.888571
20,rejected,03:37:53.551646,03:37:53.551646,03:37:53.552030,03:37:53.552030,03:37:53.553436,03:37:53.553436,03:37:53.555041,03:37:53.555041,03:37:53.564707,03:37:53.564730,03:37:53.579438,03:37:53.582641,03:37:53.990050,03:37:53.990082,03:37:53.996206,03:37:54.001590,03:37:54.007041,03:37:53.573152,03:37:53.573278,03:37:53.552917
20,rejected,03:37:55.309791,03:37:55.309791,03:37:55.310234,03:37:55.310234,03:37:55.311842,03:37:55.311842,03:37:55.313685,03:37:55.313685,03:37:55.323533,03:37:55.323562,03:37:55.351124,03:37:55.354333,03:37:55.762968,03:37:55.763001,03:37:55.769501,03:37:55.775735,03:37:55.781698,03:37:55.330273,03:37:55.330411,03:37:55.311048
20,rejected,03:37:56.951796,03:37:56.951796,03:37:56.952206,03:37:56.952206,03:37:56.953522,03:37:56.953522,03:37:56.955046,03:37:56.955046,03:37:56.964426,03:37:56.964449,03:37:56.980714,03:37:56.984202,03:37:57.398197,03:37:57.398229,03:37:57.404572,03:37:57.410471,03:37:57.416460,03:37:56.972749,03:37:56.972875,03:37:56.952954
20,rejected,03:37:58.539681,03:37:58.539681,03:37:58.540126,03:37:58.540126,03:37:58.541536,03:37:58.541536,03:37:58.543348,03:37:58.543348,03:37:58.552616,03:37:58.552639,03:37:58.568009,03:37:58.571250,03:37:58.979440,03:37:58.979472,03:37:58.985710,03:37:58.991355,03:37:58.997196,03:37:58.559715,03:37:58.559824,03:37:58.540933
20,rejected,03:38:00.111841,03:38:00.111841,03:38:00.112401,03:38:00.112401,03:38:00.113754,03:38:00.113754,03:38:00.115434,03:38:00.115434,03:38:00.124814,03:38:00.124842,03:38:00.140095,03:38:00.143623,03:38:00.551975,03:38:00.552005,03:38:00.558731,03:38:00.565362,03:38:00.571912,03:38:00.132198,03:38:00.132320,03:38:00.113176
20,rejected,03:38:01.843310,03:38:01.843310,03:38:01.843773,03:38:01.843773,03:38:01.845209,03:38:01.845209,03:38:01.846612,03:38:01.846612,03:38:01.856697,03:38:01.856719,03:38:01.871317,03:38:01.874483,03:38:02.283746,03:38:02.283777,03:38:02.289943,03:38:02.295410,03:38:02.300987,03:38:01.863820,03:38:01.863960,03:38:01.844628
20,rejected,03:38:03.411294,03:38:03.411294,03:38:03.411801,03:38:03.411801,03:38:03.413174,03:38:03.413174,03:38:03.414613,03:38:03.414613,03:38:03.424400,03:38:03.424421,03:38:03.438739,03:38:03.441842,03:38:03.848673,03:38:03.848705,03:38:03.855163,03:38:03.861148,03:38:03.866912,03:38:03.432736,03:38:03.432852,03:38:03.412636
20,rejected,03:38:05.068440,03:38:05.068440,03:38:05.068872,03:38:05.068872,03:38:05.070726,03:38:05.070726,03:38:05.072695,03:38:05.072695,03:38:05.085531,03:38:05.085603,03:38:05.113783,03:38:05.119837,03:38:05.536011,03:38:05.536045,03:38:05.542521,03:38:05.548138,03:38:05.553814,03:38:05.089485,03:38:05.089698,03:38:05.069831
20,rejected,03:38:06.665813,03:38:06.665813,03:38:06.666237,03:38:06.666237,03:38:06.667549,03:38:06.667549,03:38:06.669388,03:38:06.669388,03:38:06.678926,03:38:06.678948,03:38:06.694061,03:38:06.697624,03:38:07.105654,03:38:07.105684,03:38:07.111966,03:38:07.117942,03:38:07.123675,03:38:06.686712,03:38:06.686857,03:38:06.667011
20,rejected,03:38:08.235858,03:38:08.235858,03:38:08.236305,03:38:08.236305,03:38:08.237832,03:38:08.237832,03:38:08.239434,03:38:08.239434,03:38:08.249142,03:38:08.249171,03:38:08.263807,03:38:08.267342,03:38:08.677111,03:38:08.677140,03:38:08.683285,03:38:08.688924,03:38:08.694789,03:38:08.256597,03:38:08.256713,03:38:08.237052
20,rejected,03:38:09.973064,03:38:09.973064,03:38:09.973464,03:38:09.973464,03:38:09.974822,03:38:09.974822,03:38:09.976792,03:38:09.976792,03:38:09.986412,03:38:09.986436,03:38:10.001124,03:38:10.004778,03:38:10.414856,03:38:10.414889,03:38:10.420858,03:38:10.426322,03:38:10.432003,03:38:09.993877,03:38:09.993983,03:38:09.974217
20,rejected,03:38:11.541471,03:38:11.541471,03:38:11.542075,03:38:11.542075,03:38:11.543456,03:38:11.543456,03:38:11.545050,03:38:11.545050,03:38:11.554573,03:38:11.554599,03:38:11.569739,03:38:11.573138,03:38:11.982603,03:38:11.982634,03:38:11.988743,03:38:11.994312,03:38:12.000496,03:38:11.562106,03:38:11.562219,03:38:11.542924
20,rejected,03:38:13.196384,03:38:13.196384,03:38:13.196849,03:38:13.196849,03:38:13.198219,03:38:13.198219,03:38:13.199894,03:38:13.199894,03:38:13.210469,03:38:13.210520,03:38:13.226720,03:38:13.230202,03:38:13.638524,03:38:13.638555,03:38:13.644973,03:38:13.650475,03:38:13.656305,03:38:13.217218,03:38:13.217346,03:38:13.197630
20,rejected,03:38:14.935999,03:38:14.935999,03:38:14.936430,03:38:14.936430,03:38:14.937982,03:38:14.937982,03:38:14.939459,03:38:14.939459,03:38:14.949709,03:38:14.949737,03:38:14.973690,03:38:14.976796,03:38:15.391447,03:38:15.391479,03:38:15.397954,03:38:15.403908,03:38:15.409583,03:38:14.956619,03:38:14.956727,03:38:14.937202
20,rejected,03:38:16.529485,03:38:16.529485,03:38:16.530026,03:38:16.530026,03:38:16.531545,03:38:16.531545,03:38:16.533059,03:38:16.533059,03:38:16.542716,03:38:16.542743,03:38:16.558455,03:38:16.561612,03:38:16.970063,03:38:16.970092,03:38:16.976612,03:38:16.982302,03:38:16.988189,03:38:16.549952,03:38:16.550097,03:38:16.530838
20,rejected,03:38:18.202979,03:38:18.202979,03:38:18.203569,03:38:18.203569,03:38:18.205132,03:38:18.205132,03:38:18.206789,03:38:18.206789,03:38:18.216342,03:38:18.216372,03:38:18.232268,03:38:18.235857,03:38:18.644421,03:38:18.644449,03:38:18.650686,03:38:18.656727,03:38:18.662334,03:38:18.223260,03:38:18.223390,03:38:18.204441
20,rejected,03:38:19.864759,03:38:19.864759,03:38:19.865207,03:38:19.865207,03:38:19.866547,03:38:19.866547,03:38:19.868518,03:38:19.868518,03:38:19.878998,03:38:19.879019,03:38:19.893794,03:38:19.896900,03:38:20.305995,03:38:20.306028,03:38:20.312331,03:38:20.317783,03:38:20.323600,03:38:19.885335,03:38:19.885452,03:38:19.865944
20,rejected,03:38:21.589528,03:38:21.589528,03:38:21.589931,03:38:21.589931,03:38:21.591199,03:38:21.591199,03:38:21.593161,03:38:21.593161,03:38:21.603415,03:38:21.603472,03:38:21.620887,03:38:21.624820,03:38:22.035500,03:38:22.035533,03:38:22.041690,03:38:22.047142,03:38:22.052967,03:38:21.610568,03:38:21.610720,03:38:21.590645
20,rejected,03:38:23.253732,03:38:23.253732,03:38:23.254183,03:38:23.254183,03:38:23.255739,03:38:23.255739,03:38:23.257324,03:38:23.257324,03:38:23.267057,03:38:23.267084,03:38:23.281475,03:38:23.284632,03:38:23.691653,03:38:23.691686,03:38:23.697842,03:38:23.703635,03:38:23.709756,03:38:23.274659,03:38:23.274783,03:38:23.254925
20,rejected,03:38:24.980171,03:38:24.980171,03:38:24.980614,03:38:24.980614,03:38:24.981929,03:38:24.981929,03:38:24.983374,03:38:24.983374,03:38:24.997484,03:38:24.997535,03:38:25.014636,03:38:25.018304,03:38:25.433669,03:38:25.433705,03:38:25.440199,03:38:25.446086,03:38:25.451909,03:38:25.000640,03:38:25.000745,03:38:24.981368
20,rejected,03:38:26.560139,03:38:26.560139,03:38:26.560556,03:38:26.560556,03:38:26.561825,03:38:26.561825,03:38:26.563691,03:38:26.563691,03:38:26.573035,03:38:26.573060,03:38:26.588356,03:38:26.591465,03:38:27.000927,03:38:27.000976,03:38:27.007245,03:38:27.012973,03:38:27.022517,03:38:26.580651,03:38:26.580765,03:38:26.561302
20,rejected,03:38:28.234152,03:38:28.234152,03:38:28.234686,03:38:28.234686,03:38:28.236435,03:38:28.236435,03:38:28.238083,03:38:28.238083,03:38:28.247839,03:38:28.247870,03:38:28.262774,03:38:28.265962,03:38:28.675015,03:38:28.675045,03:38:28.681352,03:38:28.687208,03:38:28.693181,03:38:28.254631,03:38:28.254765,03:38:28.235504
20,rejected,03:38:29.888784,03:38:29.888784,03:38:29.889213,03:38:29.889213,03:38:29.890596,03:38:29.890596,03:38:29.892572,03:38:29.892572,03:38:29.902217,03:38:29.902242,03:38:29.917397,03:38:29.920546,03:38:30.328864,03:38:30.328895,03:38:30.335088,03:38:30.340826,03:38:30.346580,03:38:29.909401,03:38:29.909512,03:38:29.889940
20,rejected,03:38:31.549896,03:38:31.549896,03:38:31.550459,03:38:31.550459,03:38:31.551818,03:38:31.551818,03:38:31.553559,03:38:31.553559,03:38:31.563311,03:38:31.563344,03:38:31.578363,03:38:31.581664,03:38:31.989178,03:38:31.989211,03:38:31.995770,03:38:32.001571,03:38:32.007382,03:38:31.570667,03:38:31.570793,03:38:31.551260
20,rejected,03:38:33.203659,03:38:33.203659,03:38:33.204046,03:38:33.204046,03:38:33.205567,03:38:33.205567,03:38:33.207108,03:38:33.207108,03:38:33.216591,03:38:33.216616,03:38:33.230910,03:38:33.234660,03:38:33.643252,03:38:33.643286,03:38:33.649207,03:38:33.653648,03:38:33.659121,03:38:33.224802,03:38:33.224915,03:38:33.204796
20,rejected,03:38:34.924341,03:38:34.924341,03:38:34.924785,03:38:34.924785,03:38:34.926115,03:38:34.926115,03:38:34.927721,03:38:34.927721,03:38:34.937239,03:38:34.937262,03:38:34.967439,03:38:34.971236,03:38:35.390348,03:38:35.390381,03:38:35.396738,03:38:35.402658,03:38:35.408603,03:38:34.944559,03:38:34.944687,03:38:34.925516
20,rejected,03:38:36.521265,03:38:36.521265,03:38:36.521670,03:38:36.521670,03:38:36.523239,03:38:36.523239,03:38:36.524852,03:38:36.524852,03:38:36.534384,03:38:36.534413,03:38:36.550270,03:38:36.553773,03:38:36.961662,03:38:36.961692,03:38:36.968009,03:38:36.973644,03:38:36.979121,03:38:36.541974,03:38:36.542090,03:38:36.522395
20,rejected,03:38:38.092921,03:38:38.092921,03:38:38.093310,03:38:38.093310,03:38:38.094754,03:38:38.094754,03:38:38.096263,03:38:38.096263,03:38:38.105907,03:38:38.105937,03:38:38.121228,03:38:38.124662,03:38:38.534345,03:38:38.534381,03:38:38.540772,03:38:38.546805,03:38:38.552480,03:38:38.113662,03:38:38.113779,03:38:38.094129
20,rejected,03:38:39.658878,03:38:39.658878,03:38:39.659398,03:38:39.659398,03:38:39.660783,03:38:39.660783,03:38:39.662307,03:38:39.662307,03:38:39.671893,03:38:39.671923,03:38:39.686324,03:38:39.689456,03:38:40.098745,03:38:40.098780,03:38:40.104828,03:38:40.110115,03:38:40.115904,03:38:39.679176,03:38:39.679292,03:38:39.660207
20,rejected,03:38:41.314055,03:38:41.314055,03:38:41.314476,03:38:41.314476,03:38:41.315876,03:38:41.315876,03:38:41.317734,03:38:41.317734,03:38:41.327385,03:38:41.327412,03:38:41.343796,03:38:41.347434,03:38:41.755992,03:38:41.756031,03:38:41.762455,03:38:41.767900,03:38:41.773723,03:38:41.334810,03:38:41.335044,03:38:41.315254
20,rejected,03:38:42.972722,03:38:42.972722,03:38:42.973249,03:38:42.973249,03:38:42.974905,03:38:42.974905,03:38:42.976551,03:38:42.976551,03:38:42.985846,03:38:42.985866,03:38:43.004830,03:38:43.010087,03:38:43.420985,03:38:43.421020,03:38:43.427122,03:38:43.432744,03:38:43.438241,03:38:42.993283,03:38:42.993409,03:38:42.974037
20,rejected,03:38:44.637177,03:38:44.637177,03:38:44.637600,03:38:44.637600,03:38:44.639267,03:38:44.639267,03:38:44.641037,03:38:44.641037,03:38:44.650797,03:38:44.650820,03:38:44.665287,03:38:44.668391,03:38:45.078066,03:38:45.078105,03:38:45.086992,03:38:45.096128,03:38:45.103440,03:38:44.657812,03:38:44.657935,03:38:44.638315
20,rejected,03:38:46.236834,03:38:46.236834,03:38:46.237234,03:38:46.237234,03:38:46.238820,03:38:46.238820,03:38:46.240429,03:38:46.240429,03:38:46.249910,03:38:46.249936,03:38:46.264803,03:38:46.268255,03:38:46.677086,03:38:46.677119,03:38:46.683697,03:38:46.689425,03:38:46.695055,03:38:46.257258,03:38:46.257384,03:38:46.238013
20,rejected,03:38:47.963594,03:38:47.963594,03:38:47.964054,03:38:47.964054,03:38:47.965558,03:38:47.965558,03:38:47.967339,03:38:47.967339,03:38:47.976947,03:38:47.976972,03:38:47.992409,03:38:47.995652,03:38:48.406620,03:38:48.406653,03:38:48.413178,03:38:48.420725,03:38:48.427214,03:38:47.984360,03:38:47.984455,03:38:47.964910
20,rejected,03:38:49.630990,03:38:49.630990,03:38:49.631520,03:38:49.631520,03:38:49.632984,03:38:49.632984,03:38:49.634791,03:38:49.634791,03:38:49.645278,03:38:49.645302,03:38:49.659689,03:38:49.662777,03:38:50.071747,03:38:50.071780,03:38:50.077934,03:38:50.083624,03:38:50.089348,03:38:49.651782,03:38:49.651902,03:38:49.632417
20,rejected,03:38:51.219752,03:38:51.219752,03:38:51.220305,03:38:51.220305,03:38:51.221577,03:38:51.221577,03:38:51.223343,03:38:51.223343,03:38:51.233157,03:38:51.233185,03:38:51.247439,03:38:51.250881,03:38:51.659179,03:38:51.659212,03:38:51.665192,03:38:51.670991,03:38:51.676879,03:38:51.240253,03:38:51.240376,03:38:51.221057
20,rejected,03:38:52.849678,03:38:52.849678,03:38:52.850128,03:38:52.850128,03:38:52.851697,03:38:52.851697,03:38:52.853307,03:38:52.853307,03:38:52.863015,03:38:52.863040,03:38:52.877741,03:38:52.880904,03:38:53.288435,03:38:53.288463,03:38:53.294974,03:38:53.300685,03:38:53.306447,03:38:52.870571,03:38:52.870686,03:38:52.850872
20,rejected,03:38:54.508461,03:38:54.508461,03:38:54.508947,03:38:54.508947,03:38:54.510398,03:38:54.510398,03:38:54.511812,03:38:54.511812,03:38:54.521085,03:38:54.521110,03:38:54.547533,03:38:54.550720,03:38:54.957481,03:38:54.957513,03:38:54.963778,03:38:54.969664,03:38:54.975818,03:38:54.529214,03:38:54.529335,03:38:54.509803
20,rejected,03:38:56.094564,03:38:56.094564,03:38:56.094958,03:38:56.094958,03:38:56.096405,03:38:56.096405,03:38:56.097868,03:38:56.097868,03:38:56.107317,03:38:56.107339,03:38:56.122756,03:38:56.126257,03:38:56.536894,03:38:56.536923,03:38:56.543173,03:38:56.548936,03:38:56.554459,03:38:56.115108,03:38:56.115219,03:38:56.095806
20,rejected,03:38:57.761037,03:38:57.761037,03:38:57.761445,03:38:57.761445,03:38:57.762967,03:38:57.762967,03:38:57.764697,03:38:57.764697,03:38:57.774800,03:38:57.774823,03:38:57.790854,03:38:57.794331,03:38:58.203959,03:38:58.203987,03:38:58.210124,03:38:58.215841,03:38:58.221618,03:38:57.781496,03:38:57.781611,03:38:57.762180
20,rejected,03:38:59.623062,03:38:59.623062,03:38:59.623671,03:38:59.623671,03:38:59.625137,03:38:59.625137,03:38:59.626780,03:38:59.626780,03:38:59.636828,03:38:59.636858,03:38:59.652352,03:38:59.655593,03:39:00.065133,03:39:00.065171,03:39:00.072244,03:39:00.078231,03:39:00.084318,03:38:59.643302,03:38:59.643407,03:38:59.624532
20,rejected,03:39:01.258921,03:39:01.258921,03:39:01.259493,03:39:01.259493,03:39:01.260951,03:39:01.260951,03:39:01.262555,03:39:01.262555,03:39:01.272271,03:39:01.272297,03:39:01.287283,03:39:01.290805,03:39:01.698780,03:39:01.698813,03:39:01.704851,03:39:01.710836,03:39:01.716853,03:39:01.279657,03:39:01.279785,03:39:01.260294
20,rejected,03:39:02.931344,03:39:02.931344,03:39:02.931796,03:39:02.931796,03:39:02.933221,03:39:02.933221,03:39:02.934786,03:39:02.934786,03:39:02.944166,03:39:02.944201,03:39:02.959217,03:39:02.962604,03:39:03.371136,03:39:03.371168,03:39:03.377436,03:39:03.383054,03:39:03.388716,03:39:02.951857,03:39:02.951966,03:39:02.932566
20,rejected,03:39:04.511515,03:39:04.511515,03:39:04.511956,03:39:04.511956,03:39:04.513336,03:39:04.513336,03:39:04.514865,03:39:04.514865,03:39:04.526847,03:39:04.526884,03:39:04.543482,03:39:04.548263,03:39:04.959425,03:39:04.959458,03:39:04.966013,03:39:04.971799,03:39:04.977513,03:39:04.532405,03:39:04.532527,03:39:04.512738
20,rejected,03:39:06.110312,03:39:06.110312,03:39:06.110829,03:39:06.110829,03:39:06.112440,03:39:06.112440,03:39:06.113959,03:39:06.113959,03:39:06.125346,03:39:06.125369,03:39:06.140525,03:39:06.143929,03:39:06.552920,03:39:06.552955,03:39:06.559300,03:39:06.564764,03:39:06.570393,03:39:06.130725,03:39:06.130847,03:39:06.111580
20,rejected,03:39:07.784812,03:39:07.784812,03:39:07.785232,03:39:07.785232,03:39:07.786525,03:39:07.786525,03:39:07.788282,03:39:07.788282,03:39:07.797593,03:39:07.797615,03:39:07.812394,03:39:07.815469,03:39:08.225210,03:39:08.225241,03:39:08.231318,03:39:08.237459,03:39:08.243374,03:39:07.805635,03:39:07.805771,03:39:07.785961
20,rejected,03:39:09.354142,03:39:09.354142,03:39:09.354582,03:39:09.354582,03:39:09.356199,03:39:09.356199,03:39:09.357950,03:39:09.357950,03:39:09.367736,03:39:09.367757,03:39:09.382064,03:39:09.385299,03:39:09.794826,03:39:09.794860,03:39:09.801562,03:39:09.807202,03:39:09.813261,03:39:09.375045,03:39:09.375163,03:39:09.355327
20,rejected,03:39:11.016247,03:39:11.016247,03:39:11.016756,03:39:11.016756,03:39:11.018189,03:39:11.018189,03:39:11.019705,03:39:11.019705,03:39:11.029133,03:39:11.029155,03:39:11.043587,03:39:11.046748,03:39:11.454002,03:39:11.454037,03:39:11.460044,03:39:11.465924,03:39:11.471688,03:39:11.036233,03:39:11.036358,03:39:11.017586
20,rejected,03:39:12.673717,03:39:12.673717,03:39:12.674151,03:39:12.674151,03:39:12.675495,03:39:12.675495,03:39:12.677259,03:39:12.677259,03:39:12.687009,03:39:12.687031,03:39:12.704334,03:39:12.707924,03:39:13.117297,03:39:13.117335,03:39:13.123706,03:39:13.129607,03:39:13.135419,03:39:12.694283,03:39:12.694414,03:39:12.674914
20,rejected,03:39:14.242236,03:39:14.242236,03:39:14.242661,03:39:14.242661,03:39:14.244237,03:39:14.244237,03:39:14.246001,03:39:14.246001,03:39:14.256354,03:39:14.256377,03:39:14.282012,03:39:14.285105,03:39:14.693839,03:39:14.693872,03:39:14.699972,03:39:14.705439,03:39:14.711402,03:39:14.263103,03:39:14.263220,03:39:14.243465
20,rejected,03:39:15.930661,03:39:15.930661,03:39:15.931096,03:39:15.931096,03:39:15.932634,03:39:15.932634,03:39:15.934390,03:39:15.934390,03:39:15.943700,03:39:15.943721,03:39:15.959600,03:39:15.962807,03:39:16.370325,03:39:16.370359,03:39:16.376427,03:39:16.382249,03:39:16.388101,03:39:15.951136,03:39:15.951259,03:39:15.931851
20,rejected,03:39:17.502385,03:39:17.502385,03:39:17.502777,03:39:17.502777,03:39:17.504305,03:39:17.504305,03:39:17.506031,03:39:17.506031,03:39:17.515387,03:39:17.515409,03:39:17.530926,03:39:17.534788,03:39:17.945288,03:39:17.945322,03:39:17.951504,03:39:17.957287,03:39:17.963683,03:39:17.523239,03:39:17.523402,03:39:17.503497
20,rejected,03:39:19.224733,03:39:19.224733,03:39:19.225174,03:39:19.225174,03:39:19.226520,03:39:19.226520,03:39:19.228150,03:39:19.228150,03:39:19.237662,03:39:19.237685,03:39:19.253501,03:39:19.256822,03:39:19.665357,03:39:19.665388,03:39:19.671537,03:39:19.677082,03:39:19.682754,03:39:19.245657,03:39:19.245766,03:39:19.225918
20,rejected,03:39:20.891510,03:39:20.891510,03:39:20.891916,03:39:20.891916,03:39:20.893254,03:39:20.893254,03:39:20.894833,03:39:20.894833,03:39:20.904575,03:39:20.904599,03:39:20.921213,03:39:20.924705,03:39:21.336540,03:39:21.336574,03:39:21.342526,03:39:21.347915,03:39:21.353822,03:39:20.912387,03:39:20.912511,03:39:20.892688
20,rejected,03:39:22.620326,03:39:22.620326,03:39:22.620758,03:39:22.620758,03:39:22.621976,03:39:22.621976,03:39:22.623473,03:39:22.623473,03:39:22.633709,03:39:22.633738,03:39:22.648639,03:39:22.652199,03:39:23.061678,03:39:23.061713,03:39:23.068071,03:39:23.074261,03:39:23.080482,03:39:22.640902,03:39:22.641017,03:39:22.621471
20,rejected,03:39:24.194171,03:39:24.194171,03:39:24.194591,03:39:24.194591,03:39:24.196182,03:39:24.196182,03:39:24.197698,03:39:24.197698,03:39:24.207889,03:39:24.207916,03:39:24.222473,03:39:24.225604,03:39:24.633933,03:39:24.633967,03:39:24.640274,03:39:24.646037,03:39:24.651489,03:39:24.215022,03:39:24.215154,03:39:24.195315
20,rejected,03:39:25.807102,03:39:25.807102,03:39:25.807591,03:39:25.807591,03:39:25.809254,03:39:25.809254,03:39:25.811126,03:39:25.811126,03:39:25.821259,03:39:25.821284,03:39:25.837935,03:39:25.841864,03:39:26.257027,03:39:26.257059,03:39:26.263499,03:39:26.271479,03:39:26.278310,03:39:25.827763,03:39:25.827892,03:39:25.808416
20,rejected,03:39:27.488681,03:39:27.488681,03:39:27.489330,03:39:27.489330,03:39:27.490847,03:39:27.490847,03:39:27.492595,03:39:27.492595,03:39:27.508862,03:39:27.508901,03:39:27.524800,03:39:27.528295,03:39:27.938245,03:39:27.938290,03:39:27.944632,03:39:27.950367,03:39:27.956043,03:39:27.509329,03:39:27.509449,03:39:27.490243
20,rejected,03:39:29.141639,03:39:29.141639,03:39:29.142201,03:39:29.142201,03:39:29.143552,03:39:29.143552,03:39:29.145092,03:39:29.145092,03:39:29.154459,03:39:29.154490,03:39:29.169158,03:39:29.172354,03:39:29.580047,03:39:29.580079,03:39:29.586436,03:39:29.592043,03:39:29.598038,03:39:29.162360,03:39:29.162509,03:39:29.142994
20,rejected,03:39:30.810446,03:39:30.810446,03:39:30.810886,03:39:30.810886,03:39:30.812143,03:39:30.812143,03:39:30.813665,03:39:30.813665,03:39:30.823250,03:39:30.823272,03:39:30.837731,03:39:30.840907,03:39:31.249493,03:39:31.249525,03:39:31.255699,03:39:31.261800,03:39:31.267844,03:39:30.831030,03:39:30.831167,03:39:30.811623
20,rejected,03:39:32.468983,03:39:32.468983,03:39:32.469436,03:39:32.469436,03:39:32.470746,03:39:32.470746,03:39:32.472290,03:39:32.472290,03:39:32.484336,03:39:32.484369,03:39:32.500017,03:39:32.503201,03:39:32.912334,03:39:32.912366,03:39:32.918696,03:39:32.924858,03:39:32.930832,03:39:32.489539,03:39:32.489654,03:39:32.470211
20,rejected,03:39:34.220648,03:39:34.220648,03:39:34.221066,03:39:34.221066,03:39:34.222513,03:39:34.222513,03:39:34.224292,03:39:34.224292,03:39:34.233800,03:39:34.233830,03:39:34.266001,03:39:34.271257,03:39:34.681818,03:39:34.681850,03:39:34.688357,03:39:34.693869,03:39:34.699737,03:39:34.241430,03:39:34.241558,03:39:34.221888
20,rejected,03:39:35.917201,03:39:35.917201,03:39:35.917555,03:39:35.917555,03:39:35.918837,03:39:35.918837,03:39:35.920328,03:39:35.920328,03:39:35.929778,03:39:35.929805,03:39:35.946109,03:39:35.949371,03:39:36.357342,03:39:36.357376,03:39:36.363538,03:39:36.369401,03:39:36.375293,03:39:35.937817,03:39:35.937930,03:39:35.918266
20,rejected,03:39:37.599719,03:39:37.599719,03:39:37.600235,03:39:37.600235,03:39:37.601643,03:39:37.601643,03:39:37.603546,03:39:37.603546,03:39:37.612740,03:39:37.612760,03:39:37.628467,03:39:37.631655,03:39:38.039739,03:39:38.039769,03:39:38.045737,03:39:38.051623,03:39:38.057185,03:39:37.620179,03:39:37.620299,03:39:37.601078
20,rejected,03:39:39.263756,03:39:39.263756,03:39:39.264324,03:39:39.264324,03:39:39.265803,03:39:39.265803,03:39:39.267391,03:39:39.267391,03:39:39.276776,03:39:39.276807,03:39:39.291863,03:39:39.295106,03:39:39.704231,03:39:39.704267,03:39:39.710635,03:39:39.716655,03:39:39.722477,03:39:39.284657,03:39:39.284780,03:39:39.265130
20,rejected,03:39:40.834717,03:39:40.834717,03:39:40.835194,03:39:40.835194,03:39:40.836816,03:39:40.836816,03:39:40.838398,03:39:40.838398,03:39:40.847936,03:39:40.847959,03:39:40.863130,03:39:40.866359,03:39:41.275313,03:39:41.275353,03:39:41.281717,03:39:41.286877,03:39:41.292639,03:39:40.855529,03:39:40.855650,03:39:40.835960
20,rejected,03:39:42.499773,03:39:42.499773,03:39:42.500198,03:39:42.500198,03:39:42.501713,03:39:42.501713,03:39:42.503208,03:39:42.503208,03:39:42.513233,03:39:42.513258,03:39:42.532572,03:39:42.538032,03:39:42.949513,03:39:42.949544,03:39:42.956103,03:39:42.961774,03:39:42.967863,03:39:42.520604,03:39:42.520763,03:39:42.500934
20,rejected,03:39:44.183540,03:39:44.183540,03:39:44.183970,03:39:44.183970,03:39:44.185580,03:39:44.185580,03:39:44.187257,03:39:44.187257,03:39:44.199585,03:39:44.199613,03:39:44.214055,03:39:44.217100,03:39:44.626314,03:39:44.626346,03:39:44.632729,03:39:44.638886,03:39:44.644342,03:39:44.203906,03:39:44.204010,03:39:44.184720
20,rejected,03:39:45.823453,03:39:45.823453,03:39:45.824028,03:39:45.824028,03:39:45.825486,03:39:45.825486,03:39:45.826917,03:39:45.826917,03:39:45.836454,03:39:45.836475,03:39:45.851063,03:39:45.854178,03:39:46.262624,03:39:46.262655,03:39:46.268762,03:39:46.274372,03:39:46.280076,03:39:45.843907,03:39:45.844028,03:39:45.824831
40,rejected,03:39:47.499892,03:39:47.499892,03:39:47.500379,03:39:47.500379,03:39:47.501803,03:39:47.501803,03:39:47.503516,03:39:47.503516,03:39:47.513073,03:39:47.513095,03:39:47.527294,03:39:47.530556,03:39:47.938884,03:39:47.938918,03:39:47.945188,03:39:47.951006,03:39:47.956725,03:39:47.539995,03:39:47.540157,03:39:47.501195
40,rejected,03:39:49.229039,03:39:49.229039,03:39:49.229605,03:39:49.229605,03:39:49.230951,03:39:49.230951,03:39:49.232556,03:39:49.232556,03:39:49.241947,03:39:49.241974,03:39:49.257131,03:39:49.260229,03:39:49.669147,03:39:49.669182,03:39:49.675701,03:39:49.681835,03:39:49.687354,03:39:49.269706,03:39:49.269950,03:39:49.230408
40,rejected,03:39:50.985354,03:39:50.985354,03:39:50.985756,03:39:50.985756,03:39:50.987112,03:39:50.987112,03:39:50.988836,03:39:50.988836,03:39:50.999366,03:39:50.999425,03:39:51.018263,03:39:51.023302,03:39:51.433879,03:39:51.433914,03:39:51.440141,03:39:51.445960,03:39:51.451881,03:39:51.026109,03:39:51.026258,03:39:50.986540
40,rejected,03:39:52.576033,03:39:52.576033,03:39:52.576465,03:39:52.576465,03:39:52.577767,03:39:52.577767,03:39:52.579610,03:39:52.579610,03:39:52.588843,03:39:52.588864,03:39:52.603212,03:39:52.606324,03:39:53.014807,03:39:53.014838,03:39:53.021282,03:39:53.027400,03:39:53.033629,03:39:52.616833,03:39:52.617006,03:39:52.577197
40,rejected,03:39:54.244205,03:39:54.244205,03:39:54.244634,03:39:54.244634,03:39:54.245942,03:39:54.245942,03:39:54.247590,03:39:54.247590,03:39:54.258985,03:39:54.259011,03:39:54.283474,03:39:54.286492,03:39:54.694929,03:39:54.694965,03:39:54.701111,03:39:54.706770,03:39:54.712203,03:39:54.284623,03:39:54.284750,03:39:54.245415
40,rejected,03:39:55.993722,03:39:55.993722,03:39:55.994166,03:39:55.994166,03:39:55.995472,03:39:55.995472,03:39:55.997233,03:39:55.997233,03:39:56.006901,03:39:56.006934,03:39:56.022531,03:39:56.025642,03:39:56.434251,03:39:56.434283,03:39:56.440522,03:39:56.446375,03:39:56.452034,03:39:56.034319,03:39:56.034509,03:39:55.994896
40,rejected,03:39:57.568258,03:39:57.568258,03:39:57.568675,03:39:57.568675,03:39:57.570176,03:39:57.570176,03:39:57.572038,03:39:57.572038,03:39:57.582353,03:39:57.582415,03:39:57.599403,03:39:57.602591,03:39:58.010258,03:39:58.010289,03:39:58.016801,03:39:58.024378,03:39:58.030482,03:39:57.608944,03:39:57.609089,03:39:57.569500
40,rejected,03:39:59.298762,03:39:59.298762,03:39:59.299294,03:39:59.299294,03:39:59.300608,03:39:59.300608,03:39:59.302146,03:39:59.302146,03:39:59.313681,03:39:59.313737,03:39:59.332434,03:39:59.336139,03:39:59.745786,03:39:59.745822,03:39:59.751926,03:39:59.757590,03:39:59.763598,03:39:59.339652,03:39:59.339802,03:39:59.300066
40,rejected,03:40:00.981102,03:40:00.981102,03:40:00.981512,03:40:00.981512,03:40:00.983064,03:40:00.983064,03:40:00.984634,03:40:00.984634,03:40:00.994058,03:40:00.994083,03:40:01.009023,03:40:01.012120,03:40:01.420052,03:40:01.420083,03:40:01.426437,03:40:01.432124,03:40:01.438259,03:40:01.021742,03:40:01.021900,03:40:00.982200
40,rejected,03:40:02.653586,03:40:02.653586,03:40:02.654159,03:40:02.654159,03:40:02.655477,03:40:02.655477,03:40:02.657253,03:40:02.657253,03:40:02.666764,03:40:02.666792,03:40:02.681108,03:40:02.684462,03:40:03.091732,03:40:03.091765,03:40:03.098242,03:40:03.104053,03:40:03.109916,03:40:02.694307,03:40:02.694460,03:40:02.654885
40,rejected,03:40:04.547069,03:40:04.547069,03:40:04.547452,03:40:04.547452,03:40:04.548803,03:40:04.548803,03:40:04.550209,03:40:04.550209,03:40:04.562277,03:40:04.562306,03:40:04.606190,03:40:04.609400,03:40:05.018233,03:40:05.018265,03:40:05.024323,03:40:05.030063,03:40:05.035835,03:40:04.588074,03:40:04.588219,03:40:04.548237
40,rejected,03:40:06.273196,03:40:06.273196,03:40:06.273690,03:40:06.273690,03:40:06.275091,03:40:06.275091,03:40:06.276636,03:40:06.276636,03:40:06.286521,03:40:06.286555,03:40:06.299641,03:40:06.302928,03:40:06.711170,03:40:06.711202,03:40:06.717458,03:40:06.723598,03:40:06.729580,03:40:06.314229,03:40:06.314407,03:40:06.274503
40,rejected,03:40:07.916223,03:40:07.916223,03:40:07.916609,03:40:07.916609,03:40:07.917903,03:40:07.917903,03:40:07.919316,03:40:07.919316,03:40:07.928616,03:40:07.928639,03:40:07.944685,03:40:07.948224,03:40:08.357668,03:40:08.357700,03:40:08.363908,03:40:08.369777,03:40:08.375472,03:40:07.956860,03:40:07.957091,03:40:07.917354
40,rejected,03:40:09.698778,03:40:09.698778,03:40:09.699211,03:40:09.699211,03:40:09.700548,03:40:09.700548,03:40:09.702121,03:40:09.702121,03:40:09.711462,03:40:09.711488,03:40:09.726239,03:40:09.729336,03:40:10.137774,03:40:10.137809,03:40:10.143967,03:40:10.149673,03:40:10.155289,03:40:09.739461,03:40:09.739616,03:40:09.699950
40,rejected,03:40:11.280640,03:40:11.280640,03:40:11.281190,03:40:11.281190,03:40:11.282709,03:40:11.282709,03:40:11.284437,03:40:11.284437,03:40:11.293956,03:40:11.293978,03:40:11.307889,03:40:11.311362,03:40:11.718762,03:40:11.718791,03:40:11.725089,03:40:11.730911,03:40:11.736884,03:40:11.320957,03:40:11.321138,03:40:11.282021
40,rejected,03:40:13.030980,03:40:13.030980,03:40:13.031554,03:40:13.031554,03:40:13.033100,03:40:13.033100,03:40:13.034623,03:40:13.034623,03:40:13.044877,03:40:13.044900,03:40:13.059111,03:40:13.062247,03:40:13.469982,03:40:13.470025,03:40:13.476140,03:40:13.482007,03:40:13.488346,03:40:13.071292,03:40:13.071448,03:40:13.032378
40,rejected,03:40:14.759043,03:40:14.759043,03:40:14.759480,03:40:14.759480,03:40:14.761073,03:40:14.761073,03:40:14.762744,03:40:14.762744,03:40:14.773020,03:40:14.773049,03:40:14.797459,03:40:14.800527,03:40:15.213045,03:40:15.213086,03:40:15.222600,03:40:15.230958,03:40:15.240512,03:40:14.799494,03:40:14.799623,03:40:14.760231
40,rejected,03:40:16.453166,03:40:16.453166,03:40:16.453718,03:40:16.453718,03:40:16.455181,03:40:16.455181,03:40:16.456604,03:40:16.456604,03:40:16.466079,03:40:16.466102,03:40:16.557110,03:40:16.560495,03:40:16.967551,03:40:16.967581,03:40:16.973844,03:40:16.979985,03:40:16.986062,03:40:16.493805,03:40:16.493992,03:40:16.454518
40,rejected,03:40:18.193253,03:40:18.193253,03:40:18.193698,03:40:18.193698,03:40:18.195187,03:40:18.195187,03:40:18.196669,03:40:18.196669,03:40:18.206145,03:40:18.206167,03:40:18.220613,03:40:18.223653,03:40:18.631265,03:40:18.631299,03:40:18.637706,03:40:18.643547,03:40:18.649249,03:40:18.233735,03:40:18.233937,03:40:18.194596
40,rejected,03:40:19.923021,03:40:19.923021,03:40:19.923576,03:40:19.923576,03:40:19.925231,03:40:19.925231,03:40:19.926939,03:40:19.926939,03:40:19.936541,03:40:19.936582,03:40:19.952079,03:40:19.955184,03:40:20.363834,03:40:20.363864,03:40:20.370449,03:40:20.375947,03:40:20.381944,03:40:19.963646,03:40:19.963817,03:40:19.924354
40,rejected,03:40:21.584064,03:40:21.584064,03:40:21.584447,03:40:21.584447,03:40:21.586004,03:40:21.586004,03:40:21.587579,03:40:21.587579,03:40:21.597226,03:40:21.597257,03:40:21.611211,03:40:21.614328,03:40:22.022549,03:40:22.022580,03:40:22.029673,03:40:22.035773,03:40:22.041988,03:40:21.624735,03:40:21.624890,03:40:21.585157
40,rejected,03:40:23.248733,03:40:23.248733,03:40:23.249289,03:40:23.249289,03:40:23.250651,03:40:23.250651,03:40:23.252407,03:40:23.252407,03:40:23.262046,03:40:23.262073,03:40:23.277575,03:40:23.281067,03:40:23.689057,03:40:23.689088,03:40:23.695598,03:40:23.701063,03:40:23.706821,03:40:23.289514,03:40:23.289665,03:40:23.250095
40,rejected,03:40:24.836679,03:40:24.836679,03:40:24.837084,03:40:24.837084,03:40:24.838442,03:40:24.838442,03:40:24.840355,03:40:24.840355,03:40:24.852997,03:40:24.853024,03:40:24.867971,03:40:24.871249,03:40:25.284414,03:40:25.284452,03:40:25.292627,03:40:25.301727,03:40:25.312305,03:40:24.876707,03:40:24.876851,03:40:24.837835
40,rejected,03:40:26.538492,03:40:26.538492,03:40:26.538939,03:40:26.538939,03:40:26.540279,03:40:26.540279,03:40:26.542073,03:40:26.542073,03:40:26.551594,03:40:26.551618,03:40:26.565558,03:40:26.568638,03:40:26.976830,03:40:26.976860,03:40:26.982923,03:40:26.988974,03:40:26.994963,03:40:26.579080,03:40:26.579248,03:40:26.539685
40,rejected,03:40:28.118746,03:40:28.118746,03:40:28.119322,03:40:28.119322,03:40:28.120835,03:40:28.120835,03:40:28.122426,03:40:28.122426,03:40:28.131613,03:40:28.131634,03:40:28.146180,03:40:28.149311,03:40:28.556682,03:40:28.556723,03:40:28.563042,03:40:28.568784,03:40:28.574613,03:40:28.159121,03:40:28.159281,03:40:28.120079
40,rejected,03:40:29.701614,03:40:29.701614,03:40:29.702107,03:40:29.702107,03:40:29.703509,03:40:29.703509,03:40:29.705344,03:40:29.705344,03:40:29.714970,03:40:29.714995,03:40:29.729879,03:40:29.733174,03:40:30.143065,03:40:30.143101,03:40:30.149627,03:40:30.155183,03:40:30.160943,03:40:29.742159,03:40:29.742313,03:40:29.702861
40,rejected,03:40:31.432834,03:40:31.432834,03:40:31.433313,03:40:31.433313,03:40:31.434649,03:40:31.434649,03:40:31.436115,03:40:31.436115,03:40:31.445963,03:40:31.445988,03:40:31.460822,03:40:31.464405,03:40:31.872371,03:40:31.872402,03:40:31.878588,03:40:31.884575,03:40:31.890351,03:40:31.473671,03:40:31.473833,03:40:31.434135
40,rejected,03:40:33.210805,03:40:33.210805,03:40:33.211265,03:40:33.211265,03:40:33.212718,03:40:33.212718,03:40:33.214381,03:40:33.214381,03:40:33.224680,03:40:33.224706,03:40:33.238957,03:40:33.242229,03:40:33.649443,03:40:33.649481,03:40:33.655829,03:40:33.662049,03:40:33.668027,03:40:33.251278,03:40:33.251432,03:40:33.212039
40,rejected,03:40:34.875958,03:40:34.875958,03:40:34.876334,03:40:34.876334,03:40:34.877699,03:40:34.877699,03:40:34.879363,03:40:34.879363,03:40:34.889101,03:40:34.889125,03:40:34.905133,03:40:34.910077,03:40:35.328141,03:40:35.328583,03:40:35.343035,03:40:35.350555,03:40:35.360458,03:40:34.916752,03:40:34.916923,03:40:34.877116
40,rejected,03:40:36.478258,03:40:36.478258,03:40:36.478767,03:40:36.478767,03:40:36.480350,03:40:36.480350,03:40:36.481814,03:40:36.481814,03:40:36.491300,03:40:36.491324,03:40:36.514992,03:40:36.518403,03:40:36.927096,03:40:36.927126,03:40:36.933559,03:40:36.939184,03:40:36.944548,03:40:36.518912,03:40:36.519034,03:40:36.479527
40,rejected,03:40:38.136471,03:40:38.136471,03:40:38.137080,03:40:38.137080,03:40:38.138362,03:40:38.138362,03:40:38.139717,03:40:38.139717,03:40:38.149931,03:40:38.149960,03:40:38.165248,03:40:38.168533,03:40:38.577279,03:40:38.577311,03:40:38.583191,03:40:38.588761,03:40:38.594723,03:40:38.176931,03:40:38.177090,03:40:38.137832
40,rejected,03:40:39.820980,03:40:39.820980,03:40:39.821581,03:40:39.821581,03:40:39.823023,03:40:39.823023,03:40:39.824739,03:40:39.824739,03:40:39.834004,03:40:39.834034,03:40:39.848677,03:40:39.851762,03:40:40.260287,03:40:40.260320,03:40:40.266461,03:40:40.272256,03:40:40.278166,03:40:39.861727,03:40:39.861898,03:40:39.822366
40,rejected,03:40:41.406035,03:40:41.406035,03:40:41.406515,03:40:41.406515,03:40:41.407843,03:40:41.407843,03:40:41.409342,03:40:41.409342,03:40:41.419665,03:40:41.419687,03:40:41.434750,03:40:41.437907,03:40:41.845865,03:40:41.845898,03:40:41.852113,03:40:41.858103,03:40:41.863802,03:40:41.446701,03:40:41.446856,03:40:41.407297
40,rejected,03:40:42.989542,03:40:42.989542,03:40:42.990006,03:40:42.990006,03:40:42.991510,03:40:42.991510,03:40:42.993146,03:40:42.993146,03:40:43.003857,03:40:43.003890,03:40:43.018547,03:40:43.022045,03:40:43.429831,03:40:43.429867,03:40:43.436195,03:40:43.442455,03:40:43.448358,03:40:43.030257,03:40:43.030394,03:40:42.990729
40,rejected,03:40:44.717017,03:40:44.717017,03:40:44.717440,03:40:44.717440,03:40:44.719058,03:40:44.719058,03:40:44.720646,03:40:44.720646,03:40:44.730337,03:40:44.730363,03:40:44.744246,03:40:44.747331,03:40:45.156417,03:40:45.156451,03:40:45.163529,03:40:45.172543,03:40:45.180308,03:40:44.757749,03:40:44.757899,03:40:44.718180
40,rejected,03:40:46.395524,03:40:46.395524,03:40:46.395919,03:40:46.395919,03:40:46.397263,03:40:46.397263,03:40:46.399082,03:40:46.399082,03:40:46.408864,03:40:46.408892,03:40:46.423418,03:40:46.426592,03:40:46.834222,03:40:46.834254,03:40:46.840424,03:40:46.846421,03:40:46.852758,03:40:46.436425,03:40:46.436617,03:40:46.396693
40,rejected,03:40:48.072737,03:40:48.072737,03:40:48.073191,03:40:48.073191,03:40:48.074565,03:40:48.074565,03:40:48.076151,03:40:48.076151,03:40:48.085494,03:40:48.085520,03:40:48.100375,03:40:48.103711,03:40:48.510699,03:40:48.510729,03:40:48.517171,03:40:48.523189,03:40:48.528848,03:40:48.113637,03:40:48.113791,03:40:48.074009
40,rejected,03:40:49.659662,03:40:49.659662,03:40:49.660134,03:40:49.660134,03:40:49.661894,03:40:49.661894,03:40:49.663628,03:40:49.663628,03:40:49.673351,03:40:49.673383,03:40:49.688515,03:40:49.691586,03:40:50.100968,03:40:50.101004,03:40:50.107155,03:40:50.113112,03:40:50.119152,03:40:49.700342,03:40:49.700548,03:40:49.660959
40,rejected,03:40:51.324083,03:40:51.324083,03:40:51.324685,03:40:51.324685,03:40:51.326134,03:40:51.326134,03:40:51.327728,03:40:51.327728,03:40:51.337688,03:40:51.337715,03:40:51.352342,03:40:51.355883,03:40:51.763543,03:40:51.763575,03:40:51.769696,03:40:51.775228,03:40:51.781067,03:40:51.364869,03:40:51.365021,03:40:51.325433
40,rejected,03:40:52.961772,03:40:52.961772,03:40:52.962190,03:40:52.962190,03:40:52.963729,03:40:52.963729,03:40:52.965348,03:40:52.965348,03:40:52.975462,03:40:52.975489,03:40:52.995151,03:40:53.001130,03:40:53.780611,03:40:53.780645,03:40:53.787023,03:40:53.792826,03:40:53.798902,03:40:53.002892,03:40:53.003053,03:40:52.962940
40,rejected,03:40:54.918144,03:40:54.918144,03:40:54.918592,03:40:54.918592,03:40:54.920134,03:40:54.920134,03:40:54.921902,03:40:54.921902,03:40:54.931556,03:40:54.931576,03:40:54.946182,03:40:54.949376,03:40:55.366407,03:40:55.366453,03:40:55.379464,03:40:55.390893,03:40:55.398720,03:40:54.958968,03:40:54.959130,03:40:54.919315
40,rejected,03:40:56.613660,03:40:56.613660,03:40:56.614039,03:40:56.614039,03:40:56.615392,03:40:56.615392,03:40:56.616823,03:40:56.616823,03:40:56.626190,03:40:56.626221,03:40:56.649120,03:40:56.652125,03:40:57.059101,03:40:57.059133,03:40:57.065859,03:40:57.073990,03:40:57.080507,03:40:56.654538,03:40:56.654672,03:40:56.614789
40,rejected,03:40:58.207184,03:40:58.207184,03:40:58.207693,03:40:58.207693,03:40:58.209409,03:40:58.209409,03:40:58.211226,03:40:58.211226,03:40:58.220975,03:40:58.221010,03:40:58.236449,03:40:58.241630,03:40:58.649527,03:40:58.649559,03:40:58.655877,03:40:58.661567,03:40:58.667260,03:40:58.248278,03:40:58.248460,03:40:58.208536
40,rejected,03:40:59.760585,03:40:59.760585,03:40:59.761060,03:40:59.761060,03:40:59.762636,03:40:59.762636,03:40:59.764198,03:40:59.764198,03:40:59.774501,03:40:59.774524,03:40:59.788883,03:40:59.791871,03:41:00.196719,03:41:00.196750,03:41:00.202772,03:41:00.208021,03:41:00.213583,03:40:59.801328,03:40:59.801472,03:40:59.761827
40,rejected,03:41:01.510207,03:41:01.510207,03:41:01.510580,03:41:01.510580,03:41:01.511839,03:41:01.511839,03:41:01.513509,03:41:01.513509,03:41:01.523727,03:41:01.523750,03:41:01.537836,03:41:01.540904,03:41:01.944397,03:41:01.944435,03:41:01.950815,03:41:01.956267,03:41:01.961978,03:41:01.550589,03:41:01.550758,03:41:01.511290
40,rejected,03:41:03.220100,03:41:03.220100,03:41:03.220564,03:41:03.220564,03:41:03.221842,03:41:03.221842,03:41:03.223696,03:41:03.223696,03:41:03.233688,03:41:03.233712,03:41:03.247913,03:41:03.251213,03:41:03.653903,03:41:03.653936,03:41:03.660518,03:41:03.666566,03:41:03.672400,03:41:03.260964,03:41:03.261125,03:41:03.221313
40,rejected,03:41:04.840742,03:41:04.840742,03:41:04.841152,03:41:04.841152,03:41:04.842654,03:41:04.842654,03:41:04.844303,03:41:04.844303,03:41:04.856897,03:41:04.856920,03:41:04.871591,03:41:04.874581,03:41:05.283267,03:41:05.283308,03:41:05.290114,03:41:05.298246,03:41:05.305554,03:41:04.881137,03:41:04.881292,03:41:04.841867
40,rejected,03:41:06.429257,03:41:06.429257,03:41:06.429706,03:41:06.429706,03:41:06.431226,03:41:06.431226,03:41:06.432850,03:41:06.432850,03:41:06.442507,03:41:06.442532,03:41:06.456462,03:41:06.459658,03:41:06.865177,03:41:06.865209,03:41:06.871538,03:41:06.878435,03:41:06.883955,03:41:06.469983,03:41:06.470136,03:41:06.430457
40,rejected,03:41:08.082334,03:41:08.082334,03:41:08.082705,03:41:08.082705,03:41:08.083953,03:41:08.083953,03:41:08.085756,03:41:08.085756,03:41:08.095316,03:41:08.095337,03:41:08.109526,03:41:08.112620,03:41:08.516816,03:41:08.516848,03:41:08.522838,03:41:08.528374,03:41:08.534121,03:41:08.122924,03:41:08.123111,03:41:08.083407
40,rejected,03:41:09.791393,03:41:09.791393,03:41:09.791807,03:41:09.791807,03:41:09.793041,03:41:09.793041,03:41:09.794742,03:41:09.794742,03:41:09.804236,03:41:09.804260,03:41:09.817539,03:41:09.820656,03:41:10.225548,03:41:10.225583,03:41:10.231601,03:41:10.236654,03:41:10.242340,03:41:09.832294,03:41:09.832477,03:41:09.792527
40,rejected,03:41:11.525695,03:41:11.525695,03:41:11.526099,03:41:11.526099,03:41:11.527592,03:41:11.527592,03:41:11.529147,03:41:11.529147,03:41:11.539083,03:41:11.539106,03:41:11.554177,03:41:11.558660,03:41:11.966315,03:41:11.966348,03:41:11.972457,03:41:11.978090,03:41:11.983967,03:41:11.566325,03:41:11.566505,03:41:11.526788
40,rejected,03:41:13.177497,03:41:13.177497,03:41:13.177950,03:41:13.177950,03:41:13.179249,03:41:13.179249,03:41:13.181015,03:41:13.181015,03:41:13.190291,03:41:13.190310,03:41:13.203525,03:41:13.206560,03:41:13.611124,03:41:13.611156,03:41:13.617244,03:41:13.622889,03:41:13.628611,03:41:13.218392,03:41:13.218551,03:41:13.178687
40,rejected,03:41:14.894781,03:41:14.894781,03:41:14.895211,03:41:14.895211,03:41:14.896422,03:41:14.896422,03:41:14.898155,03:41:14.898155,03:41:14.907588,03:41:14.907612,03:41:14.921400,03:41:14.924450,03:41:15.336022,03:41:15.336055,03:41:15.344872,03:41:15.353099,03:41:15.362389,03:41:14.935301,03:41:14.935444,03:41:14.895875
40,rejected,03:41:16.589664,03:41:16.589664,03:41:16.590063,03:41:16.590063,03:41:16.591278,03:41:16.591278,03:41:16.593008,03:41:16.593008,03:41:16.602601,03:41:16.602624,03:41:16.625115,03:41:16.628200,03:41:17.032635,03:41:17.032664,03:41:17.038953,03:41:17.044382,03:41:17.052802,03:41:16.630165,03:41:16.630295,03:41:16.590775
40,rejected,03:41:18.165146,03:41:18.165146,03:41:18.165547,03:41:18.165547,03:41:18.166870,03:41:18.166870,03:41:18.168601,03:41:18.168601,03:41:18.178173,03:41:18.178195,03:41:18.191979,03:41:18.195067,03:41:18.599313,03:41:18.599344,03:41:18.605532,03:41:18.611409,03:41:18.617694,03:41:18.205807,03:41:18.205947,03:41:18.166275
40,rejected,03:41:19.816486,03:41:19.816486,03:41:19.816967,03:41:19.816967,03:41:19.818177,03:41:19.818177,03:41:19.819713,03:41:19.819713,03:41:19.828976,03:41:19.828997,03:41:19.844463,03:41:19.848088,03:41:20.252141,03:41:20.252171,03:41:20.258559,03:41:20.264151,03:41:20.269911,03:41:19.857175,03:41:19.857326,03:41:19.817685
40,rejected,03:41:21.644989,03:41:21.644989,03:41:21.645356,03:41:21.645356,03:41:21.646605,03:41:21.646605,03:41:21.648471,03:41:21.648471,03:41:21.658352,03:41:21.658375,03:41:21.672560,03:41:21.675996,03:41:22.080766,03:41:22.080795,03:41:22.086805,03:41:22.092628,03:41:22.098445,03:41:21.685566,03:41:21.685726,03:41:21.646054
40,rejected,03:41:23.354657,03:41:23.354657,03:41:23.355153,03:41:23.355153,03:41:23.356431,03:41:23.356431,03:41:23.357946,03:41:23.357946,03:41:23.367179,03:41:23.367213,03:41:23.381409,03:41:23.384500,03:41:23.789948,03:41:23.789982,03:41:23.796115,03:41:23.801901,03:41:23.807527,03:41:23.395315,03:41:23.395495,03:41:23.355917
40,rejected,03:41:25.067422,03:41:25.067422,03:41:25.067970,03:41:25.067970,03:41:25.069438,03:41:25.069438,03:41:25.071156,03:41:25.071156,03:41:25.080549,03:41:25.080571,03:41:25.094030,03:41:25.097088,03:41:25.509330,03:41:25.509369,03:41:25.515668,03:41:25.521565,03:41:25.527302,03:41:25.108067,03:41:25.108189,03:41:25.068667
40,rejected,03:41:26.645827,03:41:26.645827,03:41:26.646236,03:41:26.646236,03:41:26.647435,03:41:26.647435,03:41:26.649003,03:41:26.649003,03:41:26.658342,03:41:26.658362,03:41:26.672043,03:41:26.675063,03:41:27.079949,03:41:27.079985,03:41:27.086232,03:41:27.092055,03:41:27.097640,03:41:26.686583,03:41:26.686748,03:41:26.646899
40,rejected,03:41:28.210416,03:41:28.210416,03:41:28.210823,03:41:28.210823,03:41:28.212328,03:41:28.212328,03:41:28.213819,03:41:28.213819,03:41:28.223340,03:41:28.223366,03:41:28.237413,03:41:28.240485,03:41:28.645036,03:41:28.645073,03:41:28.651220,03:41:28.656593,03:41:28.662478,03:41:28.250985,03:41:28.251172,03:41:28.211572
40,rejected,03:41:29.921340,03:41:29.921340,03:41:29.921745,03:41:29.921745,03:41:29.923282,03:41:29.923282,03:41:29.924962,03:41:29.924962,03:41:29.934172,03:41:29.934194,03:41:29.948196,03:41:29.951243,03:41:30.356760,03:41:30.356790,03:41:30.363579,03:41:30.368926,03:41:30.374592,03:41:29.962065,03:41:29.962217,03:41:29.922430
40,rejected,03:41:31.637019,03:41:31.637019,03:41:31.637378,03:41:31.637378,03:41:31.638941,03:41:31.638941,03:41:31.640544,03:41:31.640544,03:41:31.651315,03:41:31.651367,03:41:31.670087,03:41:31.673838,03:41:32.079603,03:41:32.079637,03:41:32.085742,03:41:32.091252,03:41:32.096861,03:41:31.677919,03:41:31.678115,03:41:31.638064
40,rejected,03:41:33.293201,03:41:33.293201,03:41:33.293619,03:41:33.293619,03:41:33.295215,03:41:33.295215,03:41:33.296852,03:41:33.296852,03:41:33.307331,03:41:33.307352,03:41:33.321865,03:41:33.324949,03:41:33.728090,03:41:33.728119,03:41:33.734064,03:41:33.739706,03:41:33.745706,03:41:33.333989,03:41:33.334135,03:41:33.294422
40,rejected,03:41:34.863253,03:41:34.863253,03:41:34.863825,03:41:34.863825,03:41:34.865123,03:41:34.865123,03:41:34.866865,03:41:34.866865,03:41:34.876409,03:41:34.876434,03:41:34.890537,03:41:34.893981,03:41:35.303240,03:41:35.303278,03:41:35.311832,03:41:35.319055,03:41:35.326862,03:41:34.903715,03:41:34.903870,03:41:34.864578
40,rejected,03:41:36.437839,03:41:36.437839,03:41:36.438275,03:41:36.438275,03:41:36.439497,03:41:36.439497,03:41:36.440966,03:41:36.440966,03:41:36.451109,03:41:36.451129,03:41:36.473554,03:41:36.476594,03:41:36.883523,03:41:36.883556,03:41:36.889810,03:41:36.895442,03:41:36.901070,03:41:36.478732,03:41:36.478867,03:41:36.438970
40,rejected,03:41:38.075463,03:41:38.075463,03:41:38.076053,03:41:38.076053,03:41:38.077626,03:41:38.077626,03:41:38.079381,03:41:38.079381,03:41:38.088929,03:41:38.088956,03:41:38.103187,03:41:38.106406,03:41:38.510444,03:41:38.510475,03:41:38.516579,03:41:38.522235,03:41:38.527850,03:41:38.115691,03:41:38.115850,03:41:38.077014
40,rejected,03:41:39.643916,03:41:39.643916,03:41:39.644309,03:41:39.644309,03:41:39.645554,03:41:39.645554,03:41:39.647385,03:41:39.647385,03:41:39.656567,03:41:39.656589,03:41:39.670492,03:41:39.673503,03:41:40.078077,03:41:40.078108,03:41:40.084495,03:41:40.089885,03:41:40.095433,03:41:39.684430,03:41:39.684581,03:41:39.645025
40,rejected,03:41:41.290890,03:41:41.290890,03:41:41.291300,03:41:41.291300,03:41:41.292550,03:41:41.292550,03:41:41.294510,03:41:41.294510,03:41:41.303810,03:41:41.303831,03:41:41.318334,03:41:41.321478,03:41:41.726582,03:41:41.726629,03:41:41.733057,03:41:41.738530,03:41:41.744440,03:41:41.331512,03:41:41.331656,03:41:41.292012
40,rejected,03:41:42.851222,03:41:42.851222,03:41:42.851772,03:41:42.851772,03:41:42.853175,03:41:42.853175,03:41:42.854887,03:41:42.854887,03:41:42.864170,03:41:42.864195,03:41:42.878287,03:41:42.881381,03:41:43.285097,03:41:43.285129,03:41:43.291219,03:41:43.296433,03:41:43.301937,03:41:42.892027,03:41:42.892187,03:41:42.852549
40,rejected,03:41:44.571790,03:41:44.571790,03:41:44.572167,03:41:44.572167,03:41:44.573336,03:41:44.573336,03:41:44.574894,03:41:44.574894,03:41:44.586935,03:41:44.586987,03:41:44.604531,03:41:44.608426,03:41:45.016254,03:41:45.016290,03:41:45.022549,03:41:45.028047,03:41:45.034162,03:41:44.612311,03:41:44.612489,03:41:44.572815
40,rejected,03:41:46.259221,03:41:46.259221,03:41:46.259655,03:41:46.259655,03:41:46.260976,03:41:46.260976,03:41:46.262541,03:41:46.262541,03:41:46.272721,03:41:46.272755,03:41:46.287014,03:41:46.290075,03:41:46.695495,03:41:46.695526,03:41:46.701379,03:41:46.707273,03:41:46.713177,03:41:46.299688,03:41:46.299862,03:41:46.260410
40,rejected,03:41:47.851516,03:41:47.851516,03:41:47.851887,03:41:47.851887,03:41:47.853238,03:41:47.853238,03:41:47.854658,03:41:47.854658,03:41:47.864185,03:41:47.864206,03:41:47.878461,03:41:47.881572,03:41:48.285193,03:41:48.285249,03:41:48.291651,03:41:48.297186,03:41:48.302737,03:41:47.891787,03:41:47.891964,03:41:47.852662
40,rejected,03:41:49.513383,03:41:49.513383,03:41:49.513798,03:41:49.513798,03:41:49.515129,03:41:49.515129,03:41:49.516995,03:41:49.516995,03:41:49.527355,03:41:49.527379,03:41:49.541992,03:41:49.545053,03:41:49.950059,03:41:49.950088,03:41:49.956185,03:41:49.961662,03:41:49.967335,03:41:49.554186,03:41:49.554347,03:41:49.514561
40,rejected,03:41:51.163445,03:41:51.163445,03:41:51.164069,03:41:51.164069,03:41:51.165294,03:41:51.165294,03:41:51.166785,03:41:51.166785,03:41:51.176337,03:41:51.176356,03:41:51.190491,03:41:51.193669,03:41:51.598496,03:41:51.598550,03:41:51.604808,03:41:51.610900,03:41:51.616765,03:41:51.204106,03:41:51.204258,03:41:51.164790
40,rejected,03:41:52.862790,03:41:52.862790,03:41:52.863222,03:41:52.863222,03:41:52.864465,03:41:52.864465,03:41:52.866242,03:41:52.866242,03:41:52.875688,03:41:52.875708,03:41:52.890308,03:41:52.893349,03:41:53.297908,03:41:53.297937,03:41:53.303976,03:41:53.309614,03:41:53.315216,03:41:52.903442,03:41:52.903587,03:41:52.863919
40,rejected,03:41:54.571615,03:41:54.571615,03:41:54.572039,03:41:54.572039,03:41:54.573270,03:41:54.573270,03:41:54.574685,03:41:54.574685,03:41:54.584734,03:41:54.584755,03:41:54.598943,03:41:54.602508,03:41:55.007578,03:41:55.007616,03:41:55.013837,03:41:55.019208,03:41:55.026152,03:41:54.612198,03:41:54.612346,03:41:54.572725
40,rejected,03:41:56.145573,03:41:56.145573,03:41:56.145940,03:41:56.145940,03:41:56.147215,03:41:56.147215,03:41:56.148774,03:41:56.148774,03:41:56.158502,03:41:56.158522,03:41:56.181367,03:41:56.184444,03:41:56.590034,03:41:56.590068,03:41:56.596156,03:41:56.601738,03:41:56.607273,03:41:56.186405,03:41:56.186546,03:41:56.146639
40,rejected,03:41:57.707174,03:41:57.707174,03:41:57.707722,03:41:57.707722,03:41:57.709533,03:41:57.709533,03:41:57.711166,03:41:57.711166,03:41:57.720576,03:41:57.720596,03:41:57.736857,03:41:57.741660,03:41:58.147575,03:41:58.147609,03:41:58.153905,03:41:58.159485,03:41:58.165008,03:41:57.747599,03:41:57.747788,03:41:57.708758
40,rejected,03:41:59.424967,03:41:59.424967,03:41:59.425349,03:41:59.425349,03:41:59.426575,03:41:59.426575,03:41:59.427948,03:41:59.427948,03:41:59.440407,03:41:59.440430,03:41:59.454554,03:41:59.457553,03:41:59.862393,03:41:59.862424,03:41:59.868655,03:41:59.874485,03:41:59.879968,03:41:59.465676,03:41:59.465821,03:41:59.426054
40,rejected,03:42:01.014191,03:42:01.014191,03:42:01.014594,03:42:01.014594,03:42:01.016176,03:42:01.016176,03:42:01.017702,03:42:01.017702,03:42:01.027564,03:42:01.027598,03:42:01.041924,03:42:01.045187,03:42:01.448796,03:42:01.448826,03:42:01.455001,03:42:01.460454,03:42:01.466079,03:42:01.054802,03:42:01.054965,03:42:01.015414
40,rejected,03:42:02.563197,03:42:02.563197,03:42:02.563705,03:42:02.563705,03:42:02.565373,03:42:02.565373,03:42:02.566993,03:42:02.566993,03:42:02.576354,03:42:02.576375,03:42:02.590748,03:42:02.593879,03:42:02.998842,03:42:02.998875,03:42:03.004965,03:42:03.010628,03:42:03.016500,03:42:02.603778,03:42:02.603933,03:42:02.564484
40,rejected,03:42:04.338501,03:42:04.338501,03:42:04.338971,03:42:04.338971,03:42:04.340262,03:42:04.340262,03:42:04.341779,03:42:04.341779,03:42:04.351426,03:42:04.351462,03:42:04.365661,03:42:04.369129,03:42:04.773661,03:42:04.773692,03:42:04.779877,03:42:04.785409,03:42:04.791161,03:42:04.379193,03:42:04.379331,03:42:04.339746
40,rejected,03:42:06.004971,03:42:06.004971,03:42:06.005339,03:42:06.005339,03:42:06.006835,03:42:06.006835,03:42:06.008363,03:42:06.008363,03:42:06.017949,03:42:06.017975,03:42:06.032463,03:42:06.035522,03:42:06.438265,03:42:06.438296,03:42:06.444331,03:42:06.449660,03:42:06.455494,03:42:06.045546,03:42:06.045712,03:42:06.006002
40,rejected,03:42:07.733603,03:42:07.733603,03:42:07.734164,03:42:07.734164,03:42:07.735471,03:42:07.735471,03:42:07.737001,03:42:07.737001,03:42:07.746446,03:42:07.746468,03:42:07.760275,03:42:07.763341,03:42:08.168946,03:42:08.168977,03:42:08.175247,03:42:08.181092,03:42:08.186829,03:42:07.774085,03:42:07.774237,03:42:07.734881
40,rejected,03:42:09.454105,03:42:09.454105,03:42:09.454469,03:42:09.454469,03:42:09.455682,03:42:09.455682,03:42:09.457578,03:42:09.457578,03:42:09.467432,03:42:09.467456,03:42:09.481148,03:42:09.484211,03:42:09.889105,03:42:09.889138,03:42:09.895169,03:42:09.900665,03:42:09.906285,03:42:09.494703,03:42:09.494849,03:42:09.455159
40,rejected,03:42:11.115134,03:42:11.115134,03:42:11.115485,03:42:11.115485,03:42:11.116983,03:42:11.116983,03:42:11.118670,03:42:11.118670,03:42:11.127986,03:42:11.128006,03:42:11.142061,03:42:11.145320,03:42:11.549920,03:42:11.549948,03:42:11.556185,03:42:11.561949,03:42:11.567734,03:42:11.155777,03:42:11.155931,03:42:11.116173
40,rejected,03:42:12.767286,03:42:12.767286,03:42:12.767645,03:42:12.767645,03:42:12.768884,03:42:12.768884,03:42:12.770450,03:42:12.770450,03:42:12.779657,03:42:12.779677,03:42:12.793372,03:42:12.796640,03:42:13.201020,03:42:13.201052,03:42:13.206999,03:42:13.212307,03:42:13.218046,03:42:12.807972,03:42:12.808135,03:42:12.768315
40,rejected,03:42:14.413788,03:42:14.413788,03:42:14.414233,03:42:14.414233,03:42:14.415846,03:42:14.415846,03:42:14.417502,03:42:14.417502,03:42:14.429401,03:42:14.429431,03:42:14.443800,03:42:14.447548,03:42:14.854495,03:42:14.854526,03:42:14.861271,03:42:14.866873,03:42:14.872730,03:42:14.454027,03:42:14.454203,03:42:14.414994
40,rejected,03:42:16.073844,03:42:16.073844,03:42:16.074303,03:42:16.074303,03:42:16.075537,03:42:16.075537,03:42:16.077087,03:42:16.077087,03:42:16.086663,03:42:16.086683,03:42:16.109206,03:42:16.112225,03:42:16.517137,03:42:16.517166,03:42:16.523211,03:42:16.528840,03:42:16.534532,03:42:16.114392,03:42:16.114522,03:42:16.075029
40,rejected,03:42:17.831298,03:42:17.831298,03:42:17.831682,03:42:17.831682,03:42:17.832949,03:42:17.832949,03:42:17.834505,03:42:17.834505,03:42:17.844221,03:42:17.844256,03:42:17.859288,03:42:17.862427,03:42:18.267175,03:42:18.267208,03:42:18.273345,03:42:18.279076,03:42:18.284565,03:42:17.872138,03:42:17.872291,03:42:17.832407
40,rejected,03:42:19.393877,03:42:19.393877,03:42:19.394326,03:42:19.394326,03:42:19.395594,03:42:19.395594,03:42:19.397014,03:42:19.397014,03:42:19.406694,03:42:19.406714,03:42:19.420667,03:42:19.424216,03:42:19.829040,03:42:19.829081,03:42:19.836545,03:42:19.842521,03:42:19.848473,03:42:19.434634,03:42:19.434786,03:42:19.395062
40,rejected,03:42:21.057736,03:42:21.057736,03:42:21.058150,03:42:21.058150,03:42:21.059529,03:42:21.059529,03:42:21.061079,03:42:21.061079,03:42:21.070749,03:42:21.070768,03:42:21.084700,03:42:21.087699,03:42:21.492294,03:42:21.492324,03:42:21.498409,03:42:21.503885,03:42:21.509710,03:42:21.098612,03:42:21.098768,03:42:21.058910
40,rejected,03:42:22.679010,03:42:22.679010,03:42:22.679506,03:42:22.679506,03:42:22.680880,03:42:22.680880,03:42:22.682489,03:42:22.682489,03:42:22.692920,03:42:22.692944,03:42:22.710571,03:42:22.715347,03:42:23.122628,03:42:23.122660,03:42:23.128934,03:42:23.134305,03:42:23.139689,03:42:22.719880,03:42:22.720046,03:42:22.680311
40,rejected,03:42:24.347479,03:42:24.347479,03:42:24.347875,03:42:24.347875,03:42:24.349119,03:42:24.349119,03:42:24.350668,03:42:24.350668,03:42:24.363007,03:42:24.363029,03:42:24.377281,03:42:24.380525,03:42:24.785625,03:42:24.785655,03:42:24.792125,03:42:24.798022,03:42:24.803602,03:42:24.388138,03:42:24.388279,03:42:24.348584
40,rejected,03:42:26.035742,03:42:26.035742,03:42:26.036106,03:42:26.036106,03:42:26.037401,03:42:26.037401,03:42:26.039210,03:42:26.039210,03:42:26.049300,03:42:26.049321,03:42:26.063266,03:42:26.066379,03:42:26.471494,03:42:26.471525,03:42:26.477674,03:42:26.483719,03:42:26.489301,03:42:26.076623,03:42:26.076773,03:42:26.036869
40,rejected,03:42:27.694862,03:42:27.694862,03:42:27.695241,03:42:27.695241,03:42:27.696425,03:42:27.696425,03:42:27.698048,03:42:27.698048,03:42:27.707532,03:42:27.707552,03:42:27.720919,03:42:27.724197,03:42:28.132697,03:42:28.132730,03:42:28.138537,03:42:28.143861,03:42:28.149282,03:42:27.736067,03:42:27.736299,03:42:27.695907
40,rejected,03:42:29.423346,03:42:29.423346,03:42:29.423745,03:42:29.423745,03:42:29.424972,03:42:29.424972,03:42:29.426803,03:42:29.426803,03:42:29.437075,03:42:29.437095,03:42:29.450925,03:42:29.454080,03:42:29.858686,03:42:29.858719,03:42:29.865221,03:42:29.871107,03:42:29.876695,03:42:29.464188,03:42:29.464333,03:42:29.424457
40,rejected,03:42:31.072319,03:42:31.072319,03:42:31.072927,03:42:31.072927,03:42:31.074466,03:42:31.074466,03:42:31.076102,03:42:31.076102,03:42:31.085377,03:42:31.085399,03:42:31.099326,03:42:31.102448,03:42:31.506654,03:42:31.506684,03:42:31.512901,03:42:31.518191,03:42:31.524111,03:42:31.112907,03:42:31.113045,03:42:31.073704
40,rejected,03:42:32.722134,03:42:32.722134,03:42:32.722559,03:42:32.722559,03:42:32.723990,03:42:32.723990,03:42:32.725580,03:42:32.725580,03:42:32.735311,03:42:32.735332,03:42:32.749506,03:42:32.752772,03:42:33.157314,03:42:33.157348,03:42:33.163236,03:42:33.168525,03:42:33.174072,03:42:32.762802,03:42:32.762964,03:42:32.723224
60,rejected,03:42:34.287203,03:42:34.287203,03:42:34.287624,03:42:34.287624,03:42:34.288986,03:42:34.288986,03:42:34.290506,03:42:34.290506,03:42:34.300219,03:42:34.300240,03:42:34.313760,03:42:34.316817,03:42:34.719430,03:42:34.719461,03:42:34.725615,03:42:34.731160,03:42:34.736578,03:42:34.347822,03:42:34.347970,03:42:34.288414
60,rejected,03:42:35.893369,03:42:35.893369,03:42:35.893822,03:42:35.893822,03:42:35.895088,03:42:35.895088,03:42:35.896719,03:42:35.896719,03:42:35.907395,03:42:35.907434,03:42:35.936234,03:42:35.939865,03:42:36.345886,03:42:36.345920,03:42:36.352098,03:42:36.357769,03:42:36.363470,03:42:35.953961,03:42:35.954132,03:42:35.894562
60,rejected,03:42:37.625151,03:42:37.625151,03:42:37.625582,03:42:37.625582,03:42:37.626867,03:42:37.626867,03:42:37.628466,03:42:37.628466,03:42:37.637857,03:42:37.637877,03:42:37.652888,03:42:37.656316,03:42:38.061339,03:42:38.061369,03:42:38.067694,03:42:38.073287,03:42:38.078988,03:42:37.685828,03:42:37.686018,03:42:37.626275
60,rejected,03:42:39.349292,03:42:39.349292,03:42:39.349737,03:42:39.349737,03:42:39.351279,03:42:39.351279,03:42:39.352972,03:42:39.352972,03:42:39.362441,03:42:39.362464,03:42:39.376372,03:42:39.379406,03:42:39.783318,03:42:39.783350,03:42:39.789463,03:42:39.795366,03:42:39.800972,03:42:39.409863,03:42:39.410031,03:42:39.350431
60,rejected,03:42:41.062805,03:42:41.062805,03:42:41.063259,03:42:41.063259,03:42:41.064532,03:42:41.064532,03:42:41.066014,03:42:41.066014,03:42:41.075373,03:42:41.075394,03:42:41.089597,03:42:41.092667,03:42:41.497300,03:42:41.497333,03:42:41.503384,03:42:41.508964,03:42:41.514665,03:42:41.123541,03:42:41.123725,03:42:41.064013
60,rejected,03:42:42.610384,03:42:42.610384,03:42:42.610759,03:42:42.610759,03:42:42.611982,03:42:42.611982,03:42:42.613771,03:42:42.613771,03:42:42.623459,03:42:42.623483,03:42:42.637936,03:42:42.641009,03:42:43.045015,03:42:43.045048,03:42:43.051212,03:42:43.056524,03:42:43.062237,03:42:42.671226,03:42:42.671378,03:42:42.611470
60,rejected,03:42:44.317556,03:42:44.317556,03:42:44.317963,03:42:44.317963,03:42:44.319244,03:42:44.319244,03:42:44.320662,03:42:44.320662,03:42:44.329876,03:42:44.329898,03:42:44.346521,03:42:44.349980,03:42:44.756063,03:42:44.756093,03:42:44.762338,03:42:44.768023,03:42:44.773569,03:42:44.378212,03:42:44.378420,03:42:44.318663
60,rejected,03:42:46.063494,03:42:46.063494,03:42:46.063872,03:42:46.063872,03:42:46.065055,03:42:46.065055,03:42:46.066533,03:42:46.066533,03:42:46.076020,03:42:46.076045,03:42:46.090307,03:42:46.093618,03:42:46.498230,03:42:46.498260,03:42:46.504425,03:42:46.510054,03:42:46.515798,03:42:46.124078,03:42:46.124230,03:42:46.064533
60,rejected,03:42:47.784957,03:42:47.784957,03:42:47.785305,03:42:47.785305,03:42:47.786560,03:42:47.786560,03:42:47.788213,03:42:47.788213,03:42:47.798248,03:42:47.798271,03:42:47.812368,03:42:47.815449,03:42:48.220394,03:42:48.220428,03:42:48.226700,03:42:48.232028,03:42:48.237750,03:42:47.845676,03:42:47.845859,03:42:47.786011
60,rejected,03:42:49.342283,03:42:49.342283,03:42:49.342724,03:42:49.342724,03:42:49.343944,03:42:49.343944,03:42:49.345539,03:42:49.345539,03:42:49.355389,03:42:49.355409,03:42:49.369378,03:42:49.372576,03:42:49.777205,03:42:49.777237,03:42:49.783601,03:42:49.789115,03:42:49.795030,03:42:49.403074,03:42:49.403222,03:42:49.343442
60,rejected,03:42:50.909085,03:42:50.909085,03:42:50.909482,03:42:50.909482,03:42:50.910948,03:42:50.910948,03:42:50.912725,03:42:50.912725,03:42:50.923118,03:42:50.923140,03:42:50.937465,03:42:50.940591,03:42:51.345057,03:42:51.345089,03:42:51.351035,03:42:51.356206,03:42:51.361988,03:42:50.969008,03:42:50.969173,03:42:50.910148
60,rejected,03:42:52.473682,03:42:52.473682,03:42:52.474112,03:42:52.474112,03:42:52.475373,03:42:52.475373,03:42:52.477165,03:42:52.477165,03:42:52.487068,03:42:52.487090,03:42:52.503413,03:42:52.506805,03:42:52.913299,03:42:52.913329,03:42:52.919996,03:42:52.925674,03:42:52.931206,03:42:52.534603,03:42:52.534798,03:42:52.474787
60,rejected,03:42:54.056541,03:42:54.056541,03:42:54.057003,03:42:54.057003,03:42:54.058593,03:42:54.058593,03:42:54.060323,03:42:54.060323,03:42:54.069595,03:42:54.069616,03:42:54.083854,03:42:54.086885,03:42:54.490947,03:42:54.490977,03:42:54.497129,03:42:54.502985,03:42:54.508672,03:42:54.117297,03:42:54.117450,03:42:54.057796
60,rejected,03:42:55.680847,03:42:55.680847,03:42:55.681294,03:42:55.681294,03:42:55.682734,03:42:55.682734,03:42:55.684400,03:42:55.684400,03:42:55.693699,03:42:55.693721,03:42:55.707833,03:42:55.710980,03:42:56.115040,03:42:56.115072,03:42:56.131577,03:42:56.137690,03:42:56.143688,03:42:55.741711,03:42:55.741872,03:42:55.681980
60,rejected,03:42:57.347125,03:42:57.347125,03:42:57.347572,03:42:57.347572,03:42:57.348808,03:42:57.348808,03:42:57.350952,03:42:57.350952,03:42:57.360199,03:42:57.360220,03:42:57.374340,03:42:57.377367,03:42:57.783136,03:42:57.783169,03:42:57.790021,03:42:57.797427,03:42:57.803184,03:42:57.407544,03:42:57.407699,03:42:57.348272
60,rejected,03:42:59.139474,03:42:59.139474,03:42:59.139922,03:42:59.139922,03:42:59.141410,03:42:59.141410,03:42:59.143084,03:42:59.143084,03:42:59.152604,03:42:59.152627,03:42:59.167799,03:42:59.170863,03:42:59.576292,03:42:59.576322,03:42:59.582437,03:42:59.588741,03:42:59.594624,03:42:59.200188,03:42:59.200338,03:42:59.140592
60,rejected,03:43:00.706985,03:43:00.706985,03:43:00.707338,03:43:00.707338,03:43:00.708866,03:43:00.708866,03:43:00.710322,03:43:00.710322,03:43:00.719729,03:43:00.719750,03:43:00.735677,03:43:00.740820,03:43:01.148008,03:43:01.148040,03:43:01.154110,03:43:01.159700,03:43:01.165765,03:43:00.767575,03:43:00.767744,03:43:00.708020
60,rejected,03:43:02.288243,03:43:02.288243,03:43:02.288655,03:43:02.288655,03:43:02.289842,03:43:02.289842,03:43:02.291682,03:43:02.291682,03:43:02.301943,03:43:02.301968,03:43:02.316536,03:43:02.319808,03:43:02.724129,03:43:02.724163,03:43:02.730529,03:43:02.736310,03:43:02.742120,03:43:02.349003,03:43:02.349152,03:43:02.289295
60,rejected,03:43:04.012528,03:43:04.012528,03:43:04.012998,03:43:04.012998,03:43:04.014297,03:43:04.014297,03:43:04.015997,03:43:04.015997,03:43:04.028882,03:43:04.028918,03:43:04.043637,03:43:04.046889,03:43:04.450299,03:43:04.450332,03:43:04.456281,03:43:04.461726,03:43:04.467393,03:43:04.073267,03:43:04.073443,03:43:04.013770
60,rejected,03:43:05.685867,03:43:05.685867,03:43:05.686420,03:43:05.686420,03:43:05.687799,03:43:05.687799,03:43:05.689343,03:43:05.689343,03:43:05.698848,03:43:05.698875,03:43:05.713048,03:43:05.716210,03:43:06.121534,03:43:06.121567,03:43:06.127616,03:43:06.133205,03:43:06.138820,03:43:05.746533,03:43:05.746690,03:43:05.687173
60,rejected,03:43:07.247672,03:43:07.247672,03:43:07.248097,03:43:07.248097,03:43:07.249275,03:43:07.249275,03:43:07.250737,03:43:07.250737,03:43:07.259947,03:43:07.259969,03:43:07.274218,03:43:07.277767,03:43:07.683240,03:43:07.683273,03:43:07.689459,03:43:07.694918,03:43:07.700345,03:43:07.308531,03:43:07.308680,03:43:07.248764
60,rejected,03:43:08.975849,03:43:08.975849,03:43:08.976289,03:43:08.976289,03:43:08.977501,03:43:08.977501,03:43:08.978977,03:43:08.978977,03:43:08.988982,03:43:08.989020,03:43:09.003108,03:43:09.006103,03:43:09.409329,03:43:09.409358,03:43:09.415546,03:43:09.421365,03:43:09.427244,03:43:09.036641,03:43:09.036819,03:43:08.976948
60,rejected,03:43:10.627381,03:43:10.627381,03:43:10.627783,03:43:10.627783,03:43:10.629563,03:43:10.629563,03:43:10.631644,03:43:10.631644,03:43:10.641317,03:43:10.641341,03:43:10.656109,03:43:10.659164,03:43:11.064278,03:43:11.064311,03:43:11.070532,03:43:11.076151,03:43:11.081667,03:43:10.687934,03:43:10.688090,03:43:10.628559
60,rejected,03:43:12.355137,03:43:12.355137,03:43:12.355558,03:43:12.355558,03:43:12.357009,03:43:12.357009,03:43:12.358615,03:43:12.358615,03:43:12.368079,03:43:12.368105,03:43:12.382379,03:43:12.385688,03:43:12.790209,03:43:12.790241,03:43:12.796330,03:43:12.801933,03:43:12.807688,03:43:12.416100,03:43:12.416247,03:43:12.356235
60,rejected,03:43:14.006165,03:43:14.006165,03:43:14.006637,03:43:14.006637,03:43:14.008207,03:43:14.008207,03:43:14.009809,03:43:14.009809,03:43:14.019303,03:43:14.019323,03:43:14.033544,03:43:14.036659,03:43:14.439159,03:43:14.439191,03:43:14.445351,03:43:14.450983,03:43:14.456624,03:43:14.066880,03:43:14.067030,03:43:14.007374
60,rejected,03:43:15.569346,03:43:15.569346,03:43:15.569892,03:43:15.569892,03:43:15.571268,03:43:15.571268,03:43:15.572884,03:43:15.572884,03:43:15.582266,03:43:15.582293,03:43:15.605960,03:43:15.609614,03:43:16.014866,03:43:16.014903,03:43:16.021212,03:43:16.027048,03:43:16.032695,03:43:15.629866,03:43:15.630022,03:43:15.570641
60,rejected,03:43:17.151626,03:43:17.151626,03:43:17.151984,03:43:17.151984,03:43:17.153236,03:43:17.153236,03:43:17.155037,03:43:17.155037,03:43:17.166686,03:43:17.166732,03:43:17.184458,03:43:17.188736,03:43:17.596029,03:43:17.596063,03:43:17.602595,03:43:17.608423,03:43:17.614203,03:43:17.212418,03:43:17.212578,03:43:17.152711
60,rejected,03:43:18.737300,03:43:18.737300,03:43:18.737785,03:43:18.737785,03:43:18.739383,03:43:18.739383,03:43:18.740882,03:43:18.740882,03:43:18.750922,03:43:18.750945,03:43:18.765542,03:43:18.768958,03:43:19.173116,03:43:19.173147,03:43:19.179386,03:43:19.184517,03:43:19.190457,03:43:18.797812,03:43:18.797984,03:43:18.738524
60,rejected,03:43:20.363191,03:43:20.363191,03:43:20.363633,03:43:20.363633,03:43:20.365159,03:43:20.365159,03:43:20.366641,03:43:20.366641,03:43:20.376767,03:43:20.376789,03:43:20.390589,03:43:20.393667,03:43:20.797608,03:43:20.797640,03:43:20.803679,03:43:20.809495,03:43:20.815345,03:43:20.423915,03:43:20.424064,03:43:20.364389
60,rejected,03:43:21.925710,03:43:21.925710,03:43:21.926093,03:43:21.926093,03:43:21.927529,03:43:21.927529,03:43:21.929113,03:43:21.929113,03:43:21.939119,03:43:21.939143,03:43:21.953475,03:43:21.956502,03:43:22.363765,03:43:22.363795,03:43:22.370001,03:43:22.375407,03:43:22.381094,03:43:21.986805,03:43:21.986968,03:43:21.926761
60,rejected,03:43:23.581954,03:43:23.581954,03:43:23.582378,03:43:23.582378,03:43:23.583783,03:43:23.583783,03:43:23.585612,03:43:23.585612,03:43:23.594840,03:43:23.594862,03:43:23.608457,03:43:23.611510,03:43:24.016602,03:43:24.016635,03:43:24.023002,03:43:24.029188,03:43:24.035570,03:43:23.643088,03:43:23.643234,03:43:23.583152
60,rejected,03:43:25.164542,03:43:25.164542,03:43:25.164936,03:43:25.164936,03:43:25.166285,03:43:25.166285,03:43:25.167857,03:43:25.167857,03:43:25.177035,03:43:25.177056,03:43:25.190879,03:43:25.193898,03:43:25.606850,03:43:25.606886,03:43:25.613178,03:43:25.619081,03:43:25.625263,03:43:25.225252,03:43:25.225429,03:43:25.165660
60,rejected,03:43:26.728062,03:43:26.728062,03:43:26.728446,03:43:26.728446,03:43:26.729877,03:43:26.729877,03:43:26.731520,03:43:26.731520,03:43:26.740904,03:43:26.740925,03:43:26.755035,03:43:26.758153,03:43:27.162686,03:43:27.162718,03:43:27.169079,03:43:27.174749,03:43:27.180292,03:43:26.788050,03:43:26.788205,03:43:26.729095
60,rejected,03:43:28.305990,03:43:28.305990,03:43:28.306347,03:43:28.306347,03:43:28.307610,03:43:28.307610,03:43:28.309144,03:43:28.309144,03:43:28.318366,03:43:28.318387,03:43:28.332916,03:43:28.336287,03:43:28.740167,03:43:28.740198,03:43:28.746470,03:43:28.752110,03:43:28.758014,03:43:28.366384,03:43:28.366535,03:43:28.307021
60,rejected,03:43:30.027530,03:43:30.027530,03:43:30.027930,03:43:30.027930,03:43:30.029186,03:43:30.029186,03:43:30.030668,03:43:30.030668,03:43:30.040850,03:43:30.040912,03:43:30.059805,03:43:30.063213,03:43:30.468771,03:43:30.468801,03:43:30.474602,03:43:30.480033,03:43:30.485684,03:43:30.088526,03:43:30.088703,03:43:30.028627
60,rejected,03:43:31.684712,03:43:31.684712,03:43:31.685071,03:43:31.685071,03:43:31.686304,03:43:31.686304,03:43:31.687742,03:43:31.687742,03:43:31.696871,03:43:31.696892,03:43:31.710906,03:43:31.713974,03:43:32.118554,03:43:32.118586,03:43:32.124753,03:43:32.130372,03:43:32.135900,03:43:31.745664,03:43:31.745814,03:43:31.685758
60,rejected,03:43:33.399514,03:43:33.399514,03:43:33.399970,03:43:33.399970,03:43:33.401525,03:43:33.401525,03:43:33.403156,03:43:33.403156,03:43:33.412925,03:43:33.412946,03:43:33.427737,03:43:33.431094,03:43:33.834796,03:43:33.834828,03:43:33.841201,03:43:33.847193,03:43:33.852980,03:43:33.460436,03:43:33.460610,03:43:33.400657
60,rejected,03:43:34.965050,03:43:34.965050,03:43:34.965610,03:43:34.965610,03:43:34.967077,03:43:34.967077,03:43:34.968795,03:43:34.968795,03:43:34.979154,03:43:34.979180,03:43:35.001854,03:43:35.006482,03:43:35.416575,03:43:35.416610,03:43:35.423959,03:43:35.432136,03:43:35.439108,03:43:35.026214,03:43:35.026499,03:43:34.966406
60,rejected,03:43:36.664672,03:43:36.664672,03:43:36.665085,03:43:36.665085,03:43:36.666306,03:43:36.666306,03:43:36.667937,03:43:36.667937,03:43:36.677293,03:43:36.677315,03:43:36.690899,03:43:36.693922,03:43:37.098893,03:43:37.098922,03:43:37.105361,03:43:37.111301,03:43:37.117106,03:43:36.725136,03:43:36.725317,03:43:36.665770
60,rejected,03:43:38.389805,03:43:38.389805,03:43:38.390359,03:43:38.390359,03:43:38.391801,03:43:38.391801,03:43:38.393285,03:43:38.393285,03:43:38.403166,03:43:38.403189,03:43:38.417825,03:43:38.421432,03:43:38.826078,03:43:38.826112,03:43:38.832768,03:43:38.840632,03:43:38.846370,03:43:38.450814,03:43:38.450984,03:43:38.391141
60,rejected,03:43:40.048539,03:43:40.048539,03:43:40.048885,03:43:40.048885,03:43:40.050211,03:43:40.050211,03:43:40.051700,03:43:40.051700,03:43:40.061682,03:43:40.061702,03:43:40.075570,03:43:40.078637,03:43:40.485378,03:43:40.485414,03:43:40.491781,03:43:40.497464,03:43:40.503306,03:43:40.109457,03:43:40.109640,03:43:40.049658
60,rejected,03:43:41.710385,03:43:41.710385,03:43:41.710846,03:43:41.710846,03:43:41.712425,03:43:41.712425,03:43:41.713949,03:43:41.713949,03:43:41.723776,03:43:41.723801,03:43:41.738188,03:43:41.741627,03:43:42.146274,03:43:42.146309,03:43:42.152289,03:43:42.157490,03:43:42.162845,03:43:41.771013,03:43:41.771206,03:43:41.711574
60,rejected,03:43:43.375456,03:43:43.375456,03:43:43.375847,03:43:43.375847,03:43:43.377143,03:43:43.377143,03:43:43.378670,03:43:43.378670,03:43:43.390846,03:43:43.390868,03:43:43.405526,03:43:43.408769,03:43:43.813423,03:43:43.813453,03:43:43.819592,03:43:43.825540,03:43:43.831420,03:43:43.436049,03:43:43.436264,03:43:43.376597
60,rejected,03:43:44.944694,03:43:44.944694,03:43:44.945103,03:43:44.945103,03:43:44.946659,03:43:44.946659,03:43:44.948353,03:43:44.948353,03:43:44.957658,03:43:44.957681,03:43:44.972303,03:43:44.975457,03:43:45.382349,03:43:45.382390,03:43:45.390759,03:43:45.397693,03:43:45.405794,03:43:45.005394,03:43:45.005550,03:43:44.945883
60,rejected,03:43:46.531687,03:43:46.531687,03:43:46.532097,03:43:46.532097,03:43:46.533325,03:43:46.533325,03:43:46.535048,03:43:46.535048,03:43:46.545350,03:43:46.545375,03:43:46.559287,03:43:46.562387,03:43:46.966796,03:43:46.966828,03:43:46.972824,03:43:46.978298,03:43:46.983950,03:43:46.592475,03:43:46.592627,03:43:46.532759
60,rejected,03:43:48.112115,03:43:48.112115,03:43:48.112557,03:43:48.112557,03:43:48.113852,03:43:48.113852,03:43:48.115268,03:43:48.115268,03:43:48.128651,03:43:48.128678,03:43:48.142682,03:43:48.145772,03:43:48.550629,03:43:48.550660,03:43:48.556871,03:43:48.562168,03:43:48.567707,03:43:48.172736,03:43:48.172899,03:43:48.113307
60,rejected,03:43:49.833734,03:43:49.833734,03:43:49.834114,03:43:49.834114,03:43:49.835623,03:43:49.835623,03:43:49.837163,03:43:49.837163,03:43:49.846595,03:43:49.846632,03:43:49.861610,03:43:49.864756,03:43:50.269625,03:43:50.269659,03:43:50.275749,03:43:50.281654,03:43:50.287122,03:43:49.894564,03:43:49.894719,03:43:49.834787
60,rejected,03:43:51.605331,03:43:51.605331,03:43:51.605722,03:43:51.605722,03:43:51.607211,03:43:51.607211,03:43:51.608695,03:43:51.608695,03:43:51.618291,03:43:51.618315,03:43:51.632507,03:43:51.636068,03:43:52.040474,03:43:52.040506,03:43:52.046672,03:43:52.052366,03:43:52.058103,03:43:51.666422,03:43:51.666573,03:43:51.606425
60,rejected,03:43:53.263083,03:43:53.263083,03:43:53.263482,03:43:53.263482,03:43:53.265025,03:43:53.265025,03:43:53.266664,03:43:53.266664,03:43:53.276488,03:43:53.276541,03:43:53.296172,03:43:53.299495,03:43:53.706693,03:43:53.706725,03:43:53.713617,03:43:53.719153,03:43:53.724890,03:43:53.323927,03:43:53.324114,03:43:53.264218
60,rejected,03:43:54.926280,03:43:54.926280,03:43:54.926834,03:43:54.926834,03:43:54.928328,03:43:54.928328,03:43:54.930049,03:43:54.930049,03:43:54.939803,03:43:54.939833,03:43:54.962820,03:43:54.966227,03:43:55.373909,03:43:55.373953,03:43:55.382598,03:43:55.392119,03:43:55.400818,03:43:54.987161,03:43:54.987326,03:43:54.927632
60,rejected,03:43:56.527446,03:43:56.527446,03:43:56.527927,03:43:56.527927,03:43:56.529448,03:43:56.529448,03:43:56.530911,03:43:56.530911,03:43:56.540333,03:43:56.540358,03:43:56.554575,03:43:56.557609,03:43:56.961707,03:43:56.961741,03:43:56.967445,03:43:56.972901,03:43:56.978719,03:43:56.588211,03:43:56.588359,03:43:56.528633
60,rejected,03:43:58.164619,03:43:58.164619,03:43:58.165007,03:43:58.165007,03:43:58.166207,03:43:58.166207,03:43:58.168058,03:43:58.168058,03:43:58.177572,03:43:58.177595,03:43:58.194230,03:43:58.199705,03:43:58.605408,03:43:58.605439,03:43:58.611729,03:43:58.616995,03:43:58.622750,03:43:58.225590,03:43:58.225800,03:43:58.165705
60,rejected,03:43:59.722705,03:43:59.722705,03:43:59.723056,03:43:59.723056,03:43:59.724545,03:43:59.724545,03:43:59.726081,03:43:59.726081,03:43:59.735323,03:43:59.735343,03:43:59.749431,03:43:59.752494,03:44:00.158024,03:44:00.158057,03:44:00.164292,03:44:00.169839,03:44:00.175819,03:43:59.783265,03:43:59.783429,03:43:59.723865
60,rejected,03:44:01.389649,03:44:01.389649,03:44:01.390062,03:44:01.390062,03:44:01.391583,03:44:01.391583,03:44:01.393368,03:44:01.393368,03:44:01.402964,03:44:01.402985,03:44:01.416922,03:44:01.420021,03:44:01.824436,03:44:01.824467,03:44:01.830561,03:44:01.836440,03:44:01.842774,03:44:01.450545,03:44:01.450713,03:44:01.390804
60,rejected,03:44:03.135689,03:44:03.135689,03:44:03.136129,03:44:03.136129,03:44:03.137482,03:44:03.137482,03:44:03.139287,03:44:03.139287,03:44:03.148882,03:44:03.148903,03:44:03.162997,03:44:03.166108,03:44:03.572359,03:44:03.572389,03:44:03.578415,03:44:03.583570,03:44:03.589535,03:44:03.196162,03:44:03.196316,03:44:03.136899
60,rejected,03:44:04.686755,03:44:04.686755,03:44:04.687150,03:44:04.687150,03:44:04.688687,03:44:04.688687,03:44:04.690219,03:44:04.690219,03:44:04.700344,03:44:04.700370,03:44:04.715513,03:44:04.718876,03:44:05.123360,03:44:05.123391,03:44:05.129404,03:44:05.135005,03:44:05.141088,03:44:04.747685,03:44:04.747842,03:44:04.687865
60,rejected,03:44:06.423278,03:44:06.423278,03:44:06.423897,03:44:06.423897,03:44:06.425883,03:44:06.425883,03:44:06.427857,03:44:06.427857,03:44:06.438107,03:44:06.438153,03:44:06.454815,03:44:06.457987,03:44:06.864336,03:44:06.864366,03:44:06.870726,03:44:06.876097,03:44:06.881697,03:44:06.483681,03:44:06.483845,03:44:06.424905
60,rejected,03:44:08.010556,03:44:08.010556,03:44:08.011037,03:44:08.011037,03:44:08.012640,03:44:08.012640,03:44:08.014102,03:44:08.014102,03:44:08.023641,03:44:08.023664,03:44:08.037965,03:44:08.041072,03:44:08.443933,03:44:08.443964,03:44:08.450309,03:44:08.455779,03:44:08.461339,03:44:08.070988,03:44:08.071154,03:44:08.011831
60,rejected,03:44:09.764223,03:44:09.764223,03:44:09.764561,03:44:09.764561,03:44:09.765718,03:44:09.765718,03:44:09.767506,03:44:09.767506,03:44:09.776784,03:44:09.776806,03:44:09.791259,03:44:09.794328,03:44:10.198605,03:44:10.198637,03:44:10.204525,03:44:10.209861,03:44:10.215598,03:44:09.825095,03:44:09.825250,03:44:09.765224
60,rejected,03:44:11.329846,03:44:11.329846,03:44:11.330266,03:44:11.330266,03:44:11.331490,03:44:11.331490,03:44:11.333165,03:44:11.333165,03:44:11.342815,03:44:11.342839,03:44:11.357910,03:44:11.362834,03:44:11.769987,03:44:11.770017,03:44:11.776400,03:44:11.782495,03:44:11.788385,03:44:11.391210,03:44:11.391394,03:44:11.330936
60,rejected,03:44:12.963774,03:44:12.963774,03:44:12.964249,03:44:12.964249,03:44:12.965810,03:44:12.965810,03:44:12.967441,03:44:12.967441,03:44:12.976927,03:44:12.976953,03:44:12.991166,03:44:12.994221,03:44:13.398617,03:44:13.398649,03:44:13.404595,03:44:13.410262,03:44:13.415870,03:44:13.024496,03:44:13.024668,03:44:12.965016
60,rejected,03:44:14.544219,03:44:14.544219,03:44:14.544656,03:44:14.544656,03:44:14.545995,03:44:14.545995,03:44:14.547497,03:44:14.547497,03:44:14.556791,03:44:14.556813,03:44:14.579446,03:44:14.582587,03:44:14.987688,03:44:14.987718,03:44:14.993835,03:44:14.999744,03:44:15.005601,03:44:14.605302,03:44:14.605470,03:44:14.545428
60,rejected,03:44:16.154218,03:44:16.154218,03:44:16.154677,03:44:16.154677,03:44:16.156242,03:44:16.156242,03:44:16.157951,03:44:16.157951,03:44:16.167996,03:44:16.168018,03:44:16.182521,03:44:16.185578,03:44:16.591338,03:44:16.591369,03:44:16.597625,03:44:16.602846,03:44:16.608412,03:44:16.215042,03:44:16.215237,03:44:16.155418
60,rejected,03:44:17.812587,03:44:17.812587,03:44:17.813020,03:44:17.813020,03:44:17.814553,03:44:17.814553,03:44:17.816140,03:44:17.816140,03:44:17.826135,03:44:17.826159,03:44:17.841506,03:44:17.844641,03:44:18.248634,03:44:18.248663,03:44:18.255117,03:44:18.260637,03:44:18.266197,03:44:17.873184,03:44:17.873344,03:44:17.813736
60,rejected,03:44:19.382303,03:44:19.382303,03:44:19.382884,03:44:19.382884,03:44:19.384188,03:44:19.384188,03:44:19.385997,03:44:19.385997,03:44:19.395446,03:44:19.395468,03:44:19.409628,03:44:19.412743,03:44:19.818697,03:44:19.818728,03:44:19.824711,03:44:19.830506,03:44:19.836339,03:44:19.443012,03:44:19.443165,03:44:19.383651
60,rejected,03:44:20.963869,03:44:20.963869,03:44:20.964436,03:44:20.964436,03:44:20.965885,03:44:20.965885,03:44:20.967526,03:44:20.967526,03:44:20.977209,03:44:20.977231,03:44:20.991716,03:44:20.994951,03:44:21.398148,03:44:21.398179,03:44:21.404251,03:44:21.409522,03:44:21.415156,03:44:21.024674,03:44:21.024847,03:44:20.965190
60,rejected,03:44:22.730090,03:44:22.730090,03:44:22.730489,03:44:22.730489,03:44:22.731656,03:44:22.731656,03:44:22.733068,03:44:22.733068,03:44:22.745584,03:44:22.745607,03:44:22.760078,03:44:22.763178,03:44:23.168415,03:44:23.168444,03:44:23.174687,03:44:23.180154,03:44:23.185937,03:44:22.790886,03:44:22.791044,03:44:22.731137
60,rejected,03:44:24.298012,03:44:24.298012,03:44:24.298461,03:44:24.298461,03:44:24.299669,03:44:24.299669,03:44:24.301126,03:44:24.301126,03:44:24.310345,03:44:24.310365,03:44:24.324227,03:44:24.327938,03:44:24.734414,03:44:24.734449,03:44:24.740630,03:44:24.746204,03:44:24.751744,03:44:24.359066,03:44:24.359244,03:44:24.299143
60,rejected,03:44:25.985991,03:44:25.985991,03:44:25.986466,03:44:25.986466,03:44:25.987700,03:44:25.987700,03:44:25.989247,03:44:25.989247,03:44:25.999173,03:44:25.999193,03:44:26.013066,03:44:26.016236,03:44:26.421644,03:44:26.421676,03:44:26.428173,03:44:26.433654,03:44:26.439599,03:44:26.046662,03:44:26.046832,03:44:25.987195
60,rejected,03:44:27.555392,03:44:27.555392,03:44:27.555911,03:44:27.555911,03:44:27.557223,03:44:27.557223,03:44:27.559060,03:44:27.559060,03:44:27.568419,03:44:27.568444,03:44:27.582444,03:44:27.585525,03:44:27.990984,03:44:27.991018,03:44:27.997325,03:44:28.002925,03:44:28.008570,03:44:27.616168,03:44:27.616332,03:44:27.556697
60,rejected,03:44:29.139101,03:44:29.139101,03:44:29.139560,03:44:29.139560,03:44:29.141214,03:44:29.141214,03:44:29.142961,03:44:29.142961,03:44:29.152558,03:44:29.152582,03:44:29.167954,03:44:29.171366,03:44:29.577970,03:44:29.578002,03:44:29.584050,03:44:29.589425,03:44:29.595131,03:44:29.199999,03:44:29.200181,03:44:29.140353
60,rejected,03:44:30.810845,03:44:30.810845,03:44:30.811386,03:44:30.811386,03:44:30.812667,03:44:30.812667,03:44:30.814171,03:44:30.814171,03:44:30.823468,03:44:30.823495,03:44:30.837021,03:44:30.840057,03:44:31.244862,03:44:31.244892,03:44:31.251312,03:44:31.258899,03:44:31.264749,03:44:30.871307,03:44:30.871464,03:44:30.812150
60,rejected,03:44:32.388132,03:44:32.388132,03:44:32.388524,03:44:32.388524,03:44:32.389821,03:44:32.389821,03:44:32.391293,03:44:32.391293,03:44:32.400589,03:44:32.400608,03:44:32.414959,03:44:32.418130,03:44:32.822780,03:44:32.822812,03:44:32.829092,03:44:32.834610,03:44:32.840878,03:44:32.448802,03:44:32.448975,03:44:32.389283
60,rejected,03:44:33.970924,03:44:33.970924,03:44:33.971458,03:44:33.971458,03:44:33.972744,03:44:33.972744,03:44:33.974230,03:44:33.974230,03:44:33.984472,03:44:33.984495,03:44:34.007281,03:44:34.010484,03:44:34.413548,03:44:34.413576,03:44:34.419662,03:44:34.425144,03:44:34.430867,03:44:34.031486,03:44:34.031697,03:44:33.972203
60,rejected,03:44:35.561579,03:44:35.561579,03:44:35.562081,03:44:35.562081,03:44:35.563887,03:44:35.563887,03:44:35.565787,03:44:35.565787,03:44:35.575681,03:44:35.575706,03:44:35.592096,03:44:35.595911,03:44:36.001437,03:44:36.001473,03:44:36.008250,03:44:36.013805,03:44:36.019684,03:44:35.622464,03:44:35.622641,03:44:35.563012
60,rejected,03:44:37.178125,03:44:37.178125,03:44:37.178704,03:44:37.178704,03:44:37.180177,03:44:37.180177,03:44:37.181741,03:44:37.181741,03:44:37.191605,03:44:37.191650,03:44:37.209358,03:44:37.212644,03:44:37.620829,03:44:37.620863,03:44:37.627258,03:44:37.632946,03:44:37.638788,03:44:37.238606,03:44:37.238764,03:44:37.179482
60,rejected,03:44:38.758593,03:44:38.758593,03:44:38.759003,03:44:38.759003,03:44:38.760221,03:44:38.760221,03:44:38.761672,03:44:38.761672,03:44:38.770949,03:44:38.770969,03:44:38.785197,03:44:38.788344,03:44:39.193637,03:44:39.193666,03:44:39.199821,03:44:39.205079,03:44:39.210931,03:44:38.819028,03:44:38.819183,03:44:38.759697
60,rejected,03:44:40.437432,03:44:40.437432,03:44:40.437777,03:44:40.437777,03:44:40.439244,03:44:40.439244,03:44:40.440798,03:44:40.440798,03:44:40.450122,03:44:40.450145,03:44:40.463430,03:44:40.466419,03:44:40.870468,03:44:40.870500,03:44:40.876285,03:44:40.881744,03:44:40.887524,03:44:40.498314,03:44:40.498463,03:44:40.438450
60,rejected,03:44:41.998497,03:44:41.998497,03:44:41.998895,03:44:41.998895,03:44:42.000179,03:44:42.000179,03:44:42.001793,03:44:42.001793,03:44:42.011743,03:44:42.011772,03:44:42.025992,03:44:42.029084,03:44:42.432339,03:44:42.432369,03:44:42.438750,03:44:42.444507,03:44:42.450477,03:44:42.059350,03:44:42.059522,03:44:41.999585
60,rejected,03:44:43.653124,03:44:43.653124,03:44:43.653596,03:44:43.653596,03:44:43.654862,03:44:43.654862,03:44:43.656237,03:44:43.656237,03:44:43.665593,03:44:43.665613,03:44:43.680313,03:44:43.683467,03:44:44.088122,03:44:44.088154,03:44:44.094533,03:44:44.100000,03:44:44.105758,03:44:43.714044,03:44:43.714196,03:44:43.654347
60,rejected,03:44:45.323308,03:44:45.323308,03:44:45.323891,03:44:45.323891,03:44:45.325852,03:44:45.325852,03:44:45.327755,03:44:45.327755,03:44:45.338224,03:44:45.338269,03:44:45.353501,03:44:45.356755,03:44:45.767405,03:44:45.767436,03:44:45.773800,03:44:45.780381,03:44:45.786426,03:44:45.384222,03:44:45.384379,03:44:45.324858
60,rejected,03:44:47.005978,03:44:47.005978,03:44:47.006532,03:44:47.006532,03:44:47.008152,03:44:47.008152,03:44:47.009690,03:44:47.009690,03:44:47.019276,03:44:47.019295,03:44:47.033960,03:44:47.037025,03:44:47.440008,03:44:47.440038,03:44:47.446498,03:44:47.452176,03:44:47.457866,03:44:47.066562,03:44:47.066915,03:44:47.007302
60,rejected,03:44:48.636384,03:44:48.636384,03:44:48.636973,03:44:48.636973,03:44:48.638442,03:44:48.638442,03:44:48.639924,03:44:48.639924,03:44:48.649407,03:44:48.649428,03:44:48.663073,03:44:48.666108,03:44:49.069266,03:44:49.069304,03:44:49.075298,03:44:49.080961,03:44:49.086323,03:44:48.697066,03:44:48.697217,03:44:48.637779
60,rejected,03:44:50.202611,03:44:50.202611,03:44:50.203201,03:44:50.203201,03:44:50.204672,03:44:50.204672,03:44:50.206514,03:44:50.206514,03:44:50.216461,03:44:50.216515,03:44:50.234781,03:44:50.238234,03:44:50.644355,03:44:50.644387,03:44:50.650494,03:44:50.656319,03:44:50.661939,03:44:50.263208,03:44:50.263367,03:44:50.204073
60,rejected,03:44:51.780391,03:44:51.780391,03:44:51.780922,03:44:51.780922,03:44:51.782300,03:44:51.782300,03:44:51.783953,03:44:51.783953,03:44:51.793183,03:44:51.793206,03:44:51.807763,03:44:51.811242,03:44:52.216003,03:44:52.216034,03:44:52.222413,03:44:52.227743,03:44:52.233202,03:44:51.840811,03:44:51.840974,03:44:51.781727
60,rejected,03:44:53.439434,03:44:53.439434,03:44:53.439777,03:44:53.439777,03:44:53.441060,03:44:53.441060,03:44:53.442876,03:44:53.442876,03:44:53.453340,03:44:53.453363,03:44:53.475086,03:44:53.478378,03:44:53.883675,03:44:53.883705,03:44:53.889800,03:44:53.895333,03:44:53.901075,03:44:53.499990,03:44:53.500143,03:44:53.440476
60,rejected,03:44:55.018127,03:44:55.018127,03:44:55.018543,03:44:55.018543,03:44:55.020020,03:44:55.020020,03:44:55.022155,03:44:55.022155,03:44:55.032862,03:44:55.032901,03:44:55.048211,03:44:55.051584,03:44:55.458853,03:44:55.458885,03:44:55.467614,03:44:55.476637,03:44:55.483815,03:44:55.078810,03:44:55.078983,03:44:55.019259
60,rejected,03:44:56.610109,03:44:56.610109,03:44:56.610537,03:44:56.610537,03:44:56.612043,03:44:56.612043,03:44:56.613634,03:44:56.613634,03:44:56.623028,03:44:56.623050,03:44:56.637496,03:44:56.641174,03:44:57.050499,03:44:57.050531,03:44:57.056782,03:44:57.062796,03:44:57.068010,03:44:56.670592,03:44:56.670758,03:44:56.611198
60,rejected,03:44:58.279141,03:44:58.279141,03:44:58.279576,03:44:58.279576,03:44:58.280843,03:44:58.280843,03:44:58.282307,03:44:58.282307,03:44:58.291674,03:44:58.291696,03:44:58.306210,03:44:58.309714,03:44:58.714623,03:44:58.714658,03:44:58.720855,03:44:58.726497,03:44:58.732304,03:44:58.340034,03:44:58.340202,03:44:58.280332
60,rejected,03:44:59.910741,03:44:59.910741,03:44:59.911103,03:44:59.911103,03:44:59.912394,03:44:59.912394,03:44:59.913999,03:44:59.913999,03:44:59.923296,03:44:59.923316,03:44:59.938196,03:44:59.941406,03:45:00.345922,03:45:00.345953,03:45:00.352185,03:45:00.357916,03:45:00.363809,03:44:59.971462,03:44:59.971617,03:44:59.911834
60,rejected,03:45:01.580536,03:45:01.580536,03:45:01.580930,03:45:01.580930,03:45:01.582166,03:45:01.582166,03:45:01.583634,03:45:01.583634,03:45:01.595421,03:45:01.595442,03:45:01.609676,03:45:01.612661,03:45:02.017473,03:45:02.017504,03:45:02.023531,03:45:02.029231,03:45:02.034888,03:45:01.641103,03:45:01.641270,03:45:01.581623
60,rejected,03:45:03.302935,03:45:03.302935,03:45:03.303445,03:45:03.303445,03:45:03.304783,03:45:03.304783,03:45:03.306218,03:45:03.306218,03:45:03.315388,03:45:03.315410,03:45:03.329236,03:45:03.334030,03:45:03.734553,03:45:03.734584,03:45:03.740756,03:45:03.746181,03:45:03.751666,03:45:03.363476,03:45:03.363642,03:45:03.304232
60,rejected,03:45:04.933911,03:45:04.933911,03:45:04.934387,03:45:04.934387,03:45:04.935866,03:45:04.935866,03:45:04.937808,03:45:04.937808,03:45:04.947579,03:45:04.947601,03:45:04.961676,03:45:04.964869,03:45:05.370390,03:45:05.370425,03:45:05.378267,03:45:05.386770,03:45:05.395348,03:45:04.994785,03:45:04.994939,03:45:04.935207
60,rejected,03:45:06.521114,03:45:06.521114,03:45:06.521519,03:45:06.521519,03:45:06.522818,03:45:06.522818,03:45:06.524351,03:45:06.524351,03:45:06.534451,03:45:06.534474,03:45:06.549150,03:45:06.552231,03:45:06.956889,03:45:06.956924,03:45:06.963322,03:45:06.968953,03:45:06.974646,03:45:06.581837,03:45:06.582005,03:45:06.522203
60,rejected,03:45:08.097081,03:45:08.097081,03:45:08.097497,03:45:08.097497,03:45:08.098781,03:45:08.098781,03:45:08.100346,03:45:08.100346,03:45:08.109888,03:45:08.109911,03:45:08.125339,03:45:08.128790,03:45:08.535093,03:45:08.535125,03:45:08.541440,03:45:08.547222,03:45:08.552814,03:45:08.158134,03:45:08.158296,03:45:08.098210
60,rejected,03:45:09.809042,03:45:09.809042,03:45:09.809459,03:45:09.809459,03:45:09.810736,03:45:09.810736,03:45:09.812660,03:45:09.812660,03:45:09.822938,03:45:09.822972,03:45:09.837374,03:45:09.840436,03:45:10.245806,03:45:10.245837,03:45:10.251917,03:45:10.257302,03:45:10.262674,03:45:09.869603,03:45:09.869787,03:45:09.810151
60,rejected,03:45:11.536564,03:45:11.536564,03:45:11.537086,03:45:11.537086,03:45:11.538508,03:45:11.538508,03:45:11.540130,03:45:11.540130,03:45:11.550348,03:45:11.550373,03:45:11.565135,03:45:11.568217,03:45:11.972269,03:45:11.972298,03:45:11.978366,03:45:11.983899,03:45:11.989465,03:45:11.597353,03:45:11.597519,03:45:11.537863
60,rejected,03:45:13.105589,03:45:13.105589,03:45:13.105957,03:45:13.105957,03:45:13.107294,03:45:13.107294,03:45:13.108915,03:45:13.108915,03:45:13.118832,03:45:13.118852,03:45:13.141009,03:45:13.144154,03:45:13.548476,03:45:13.548506,03:45:13.555169,03:45:13.560476,03:45:13.566173,03:45:13.166446,03:45:13.166604,03:45:13.106685
60,rejected,03:45:14.683996,03:45:14.683996,03:45:14.684426,03:45:14.684426,03:45:14.686005,03:45:14.686005,03:45:14.687712,03:45:14.687712,03:45:14.697667,03:45:14.697687,03:45:14.712470,03:45:14.715730,03:45:15.119838,03:45:15.119870,03:45:15.126003,03:45:15.131650,03:45:15.137305,03:45:14.744336,03:45:14.744485,03:45:14.685217
60,rejected,03:45:16.410107,03:45:16.410107,03:45:16.410813,03:45:16.410813,03:45:16.412558,03:45:16.412558,03:45:16.414267,03:45:16.414267,03:45:16.424619,03:45:16.424657,03:45:16.441676,03:45:16.445121,03:45:16.851481,03:45:16.851512,03:45:16.857813,03:45:16.863262,03:45:16.869189,03:45:16.470418,03:45:16.470590,03:45:16.411841
80,rejected,03:45:17.992137,03:45:17.992137,03:45:17.992535,03:45:17.992535,03:45:17.993889,03:45:17.993889,03:45:17.995727,03:45:17.995727,03:45:18.005185,03:45:18.005210,03:45:18.019310,03:45:18.022772,03:45:18.425946,03:45:18.425998,03:45:18.432083,03:45:18.437498,03:45:18.443230,03:45:18.073103,03:45:18.073265,03:45:17.993363
80,rejected,03:45:19.566861,03:45:19.566861,03:45:19.567206,03:45:19.567206,03:45:19.568581,03:45:19.568581,03:45:19.570377,03:45:19.570377,03:45:19.580392,03:45:19.580414,03:45:19.594464,03:45:19.597547,03:45:20.002434,03:45:20.002467,03:45:20.008481,03:45:20.014333,03:45:20.020087,03:45:19.647719,03:45:19.647875,03:45:19.568000
80,rejected,03:45:21.139239,03:45:21.139239,03:45:21.139676,03:45:21.139676,03:45:21.140899,03:45:21.140899,03:45:21.142259,03:45:21.142259,03:45:21.151617,03:45:21.151655,03:45:21.165549,03:45:21.168603,03:45:21.573096,03:45:21.573127,03:45:21.579259,03:45:21.584786,03:45:21.590399,03:45:21.220374,03:45:21.220539,03:45:21.140387
80,rejected,03:45:22.844880,03:45:22.844880,03:45:22.845381,03:45:22.845381,03:45:22.846860,03:45:22.846860,03:45:22.848552,03:45:22.848552,03:45:22.858310,03:45:22.858333,03:45:22.872454,03:45:22.875499,03:45:23.278135,03:45:23.278167,03:45:23.284003,03:45:23.289658,03:45:23.295389,03:45:22.925465,03:45:22.925616,03:45:22.846086
80,rejected,03:45:24.501937,03:45:24.501937,03:45:24.502533,03:45:24.502533,03:45:24.503869,03:45:24.503869,03:45:24.505327,03:45:24.505327,03:45:24.516443,03:45:24.516507,03:45:24.534853,03:45:24.538194,03:45:24.943961,03:45:24.943994,03:45:24.950432,03:45:24.956008,03:45:24.961403,03:45:24.582433,03:45:24.582609,03:45:24.503322
80,rejected,03:45:26.185939,03:45:26.185939,03:45:26.186429,03:45:26.186429,03:45:26.188012,03:45:26.188012,03:45:26.189539,03:45:26.189539,03:45:26.199172,03:45:26.199193,03:45:26.213378,03:45:26.216450,03:45:26.621070,03:45:26.621102,03:45:26.627119,03:45:26.632494,03:45:26.638325,03:45:26.266432,03:45:26.266584,03:45:26.187170
80,rejected,03:45:27.911493,03:45:27.911493,03:45:27.911969,03:45:27.911969,03:45:27.913249,03:45:27.913249,03:45:27.915104,03:45:27.915104,03:45:27.925238,03:45:27.925266,03:45:27.939564,03:45:27.942679,03:45:28.346441,03:45:28.346474,03:45:28.352648,03:45:28.359249,03:45:28.365358,03:45:27.992158,03:45:27.992328,03:45:27.912685
80,rejected,03:45:29.685849,03:45:29.685849,03:45:29.686262,03:45:29.686262,03:45:29.687450,03:45:29.687450,03:45:29.688989,03:45:29.688989,03:45:29.698517,03:45:29.698538,03:45:29.713172,03:45:29.716186,03:45:30.121967,03:45:30.122001,03:45:30.128223,03:45:30.133732,03:45:30.139589,03:45:29.766890,03:45:29.767049,03:45:29.686939
80,rejected,03:45:31.348084,03:45:31.348084,03:45:31.348528,03:45:31.348528,03:45:31.349699,03:45:31.349699,03:45:31.351108,03:45:31.351108,03:45:31.360265,03:45:31.360289,03:45:31.373843,03:45:31.377395,03:45:31.782193,03:45:31.782224,03:45:31.788745,03:45:31.794344,03:45:31.799995,03:45:31.428677,03:45:31.428841,03:45:31.349198
80,rejected,03:45:32.940676,03:45:32.940676,03:45:32.941091,03:45:32.941091,03:45:32.942719,03:45:32.942719,03:45:32.944322,03:45:32.944322,03:45:32.956314,03:45:32.956338,03:45:32.979500,03:45:32.982624,03:45:33.386268,03:45:33.386301,03:45:33.392832,03:45:33.398819,03:45:33.404303,03:45:33.021212,03:45:33.021367,03:45:32.941820
80,rejected,03:45:34.519497,03:45:34.519497,03:45:34.519921,03:45:34.519921,03:45:34.521164,03:45:34.521164,03:45:34.522828,03:45:34.522828,03:45:34.532451,03:45:34.532473,03:45:34.547595,03:45:34.550663,03:45:34.955453,03:45:34.955487,03:45:34.961702,03:45:34.967281,03:45:34.973035,03:45:34.600233,03:45:34.600385,03:45:34.520619
80,rejected,03:45:36.131992,03:45:36.131992,03:45:36.132396,03:45:36.132396,03:45:36.133628,03:45:36.133628,03:45:36.135095,03:45:36.135095,03:45:36.146487,03:45:36.146511,03:45:36.161215,03:45:36.164290,03:45:36.569944,03:45:36.569973,03:45:36.576328,03:45:36.582134,03:45:36.587803,03:45:36.212773,03:45:36.212927,03:45:36.133096
80,rejected,03:45:37.877600,03:45:37.877600,03:45:37.878066,03:45:37.878066,03:45:37.879417,03:45:37.879417,03:45:37.881086,03:45:37.881086,03:45:37.890607,03:45:37.890630,03:45:37.905024,03:45:37.908252,03:45:38.312854,03:45:38.312889,03:45:38.319082,03:45:38.324826,03:45:38.330384,03:45:37.958257,03:45:37.958439,03:45:37.878858
80,rejected,03:45:39.538533,03:45:39.538533,03:45:39.538997,03:45:39.538997,03:45:39.540355,03:45:39.540355,03:45:39.541941,03:45:39.541941,03:45:39.551357,03:45:39.551378,03:45:39.565262,03:45:39.568257,03:45:39.972635,03:45:39.972669,03:45:39.979015,03:45:39.984749,03:45:39.990598,03:45:39.619358,03:45:39.619517,03:45:39.539772
80,rejected,03:45:41.108237,03:45:41.108237,03:45:41.108661,03:45:41.108661,03:45:41.110258,03:45:41.110258,03:45:41.111700,03:45:41.111700,03:45:41.123640,03:45:41.123662,03:45:41.137280,03:45:41.140618,03:45:41.544995,03:45:41.545034,03:45:41.551703,03:45:41.557778,03:45:41.563755,03:45:41.188758,03:45:41.188909,03:45:41.109406
80,rejected,03:45:42.774875,03:45:42.774875,03:45:42.775347,03:45:42.775347,03:45:42.776716,03:45:42.776716,03:45:42.778473,03:45:42.778473,03:45:42.788966,03:45:42.788990,03:45:42.802538,03:45:42.805626,03:45:43.213483,03:45:43.213518,03:45:43.219393,03:45:43.224908,03:45:43.230811,03:45:42.855277,03:45:42.855444,03:45:42.776162
80,rejected,03:45:44.437818,03:45:44.437818,03:45:44.438340,03:45:44.438340,03:45:44.439675,03:45:44.439675,03:45:44.441357,03:45:44.441357,03:45:44.450481,03:45:44.450503,03:45:44.464772,03:45:44.467910,03:45:44.872555,03:45:44.872586,03:45:44.879053,03:45:44.884555,03:45:44.890587,03:45:44.518620,03:45:44.518818,03:45:44.439043
80,rejected,03:45:46.076820,03:45:46.076820,03:45:46.077226,03:45:46.077226,03:45:46.078792,03:45:46.078792,03:45:46.080275,03:45:46.080275,03:45:46.090251,03:45:46.090276,03:45:46.104226,03:45:46.107430,03:45:46.512116,03:45:46.512147,03:45:46.518332,03:45:46.524061,03:45:46.529673,03:45:46.157605,03:45:46.157768,03:45:46.077943
80,rejected,03:45:47.717407,03:45:47.717407,03:45:47.717824,03:45:47.717824,03:45:47.719105,03:45:47.719105,03:45:47.720771,03:45:47.720771,03:45:47.730078,03:45:47.730099,03:45:47.744430,03:45:47.747863,03:45:48.154802,03:45:48.154859,03:45:48.160996,03:45:48.166848,03:45:48.172342,03:45:47.798089,03:45:47.798255,03:45:47.718562
80,rejected,03:45:49.382196,03:45:49.382196,03:45:49.382632,03:45:49.382632,03:45:49.384182,03:45:49.384182,03:45:49.385753,03:45:49.385753,03:45:49.395038,03:45:49.395062,03:45:49.409194,03:45:49.412275,03:45:49.816509,03:45:49.816540,03:45:49.822739,03:45:49.828409,03:45:49.834452,03:45:49.463152,03:45:49.463307,03:45:49.383365
80,rejected,03:45:51.056424,03:45:51.056424,03:45:51.056828,03:45:51.056828,03:45:51.058027,03:45:51.058027,03:45:51.059803,03:45:51.059803,03:45:51.069425,03:45:51.069448,03:45:51.083333,03:45:51.086389,03:45:51.489793,03:45:51.489824,03:45:51.496398,03:45:51.501763,03:45:51.507595,03:45:51.136575,03:45:51.136729,03:45:51.057532
80,rejected,03:45:52.626825,03:45:52.626825,03:45:52.627188,03:45:52.627188,03:45:52.628700,03:45:52.628700,03:45:52.630295,03:45:52.630295,03:45:52.639587,03:45:52.639609,03:45:52.660633,03:45:52.663780,03:45:53.067843,03:45:53.067876,03:45:53.073936,03:45:53.079792,03:45:53.085587,03:45:52.707654,03:45:52.707811,03:45:52.627902
80,rejected,03:45:54.208161,03:45:54.208161,03:45:54.208564,03:45:54.208564,03:45:54.209753,03:45:54.209753,03:45:54.211323,03:45:54.211323,03:45:54.220616,03:45:54.220649,03:45:54.235409,03:45:54.238875,03:45:54.642110,03:45:54.642141,03:45:54.648332,03:45:54.653919,03:45:54.659626,03:45:54.288860,03:45:54.289021,03:45:54.209249
80,rejected,03:45:56.021349,03:45:56.021349,03:45:56.021804,03:45:56.021804,03:45:56.023364,03:45:56.023364,03:45:56.024966,03:45:56.024966,03:45:56.034838,03:45:56.034864,03:45:56.049337,03:45:56.052426,03:45:56.454914,03:45:56.454947,03:45:56.461092,03:45:56.466592,03:45:56.472139,03:45:56.102529,03:45:56.102690,03:45:56.022576
80,rejected,03:45:57.757531,03:45:57.757531,03:45:57.757960,03:45:57.757960,03:45:57.759199,03:45:57.759199,03:45:57.760690,03:45:57.760690,03:45:57.770688,03:45:57.770707,03:45:57.784880,03:45:57.788409,03:45:58.193174,03:45:58.193204,03:45:58.199672,03:45:58.205728,03:45:58.211598,03:45:57.838112,03:45:57.838304,03:45:57.758671
80,rejected,03:45:59.481891,03:45:59.481891,03:45:59.482502,03:45:59.482502,03:45:59.483833,03:45:59.483833,03:45:59.485445,03:45:59.485445,03:45:59.495320,03:45:59.495344,03:45:59.509359,03:45:59.512479,03:45:59.918165,03:45:59.918199,03:45:59.924474,03:45:59.929893,03:45:59.935653,03:45:59.562535,03:45:59.562682,03:45:59.483284
80,rejected,03:46:01.119647,03:46:01.119647,03:46:01.119992,03:46:01.119992,03:46:01.121168,03:46:01.121168,03:46:01.122862,03:46:01.122862,03:46:01.132915,03:46:01.132970,03:46:01.150455,03:46:01.153828,03:46:01.560594,03:46:01.560627,03:46:01.566886,03:46:01.572499,03:46:01.578014,03:46:01.200710,03:46:01.200869,03:46:01.120635
80,rejected,03:46:02.685922,03:46:02.685922,03:46:02.686419,03:46:02.686419,03:46:02.687630,03:46:02.687630,03:46:02.689176,03:46:02.689176,03:46:02.698555,03:46:02.698579,03:46:02.712586,03:46:02.715626,03:46:03.120172,03:46:03.120204,03:46:03.126418,03:46:03.132147,03:46:03.138090,03:46:02.766751,03:46:02.766905,03:46:02.687095
80,rejected,03:46:04.331361,03:46:04.331361,03:46:04.331691,03:46:04.331691,03:46:04.332896,03:46:04.332896,03:46:04.334658,03:46:04.334658,03:46:04.344478,03:46:04.344502,03:46:04.358881,03:46:04.362131,03:46:04.767679,03:46:04.767712,03:46:04.774112,03:46:04.779553,03:46:04.785168,03:46:04.412190,03:46:04.412346,03:46:04.332350
80,rejected,03:46:05.959911,03:46:05.959911,03:46:05.960398,03:46:05.960398,03:46:05.962087,03:46:05.962087,03:46:05.963783,03:46:05.963783,03:46:05.973301,03:46:05.973322,03:46:05.987751,03:46:05.991245,03:46:06.396089,03:46:06.396124,03:46:06.402123,03:46:06.407398,03:46:06.413018,03:46:06.040488,03:46:06.040645,03:46:05.961205
80,rejected,03:46:07.626790,03:46:07.626790,03:46:07.627278,03:46:07.627278,03:46:07.629009,03:46:07.629009,03:46:07.630575,03:46:07.630575,03:46:07.640130,03:46:07.640157,03:46:07.654777,03:46:07.657993,03:46:08.062645,03:46:08.062676,03:46:08.068682,03:46:08.074546,03:46:08.080854,03:46:07.707423,03:46:07.707584,03:46:07.628140
80,rejected,03:46:09.202237,03:46:09.202237,03:46:09.202666,03:46:09.202666,03:46:09.204283,03:46:09.204283,03:46:09.206001,03:46:09.206001,03:46:09.215825,03:46:09.215880,03:46:09.234238,03:46:09.238060,03:46:09.643454,03:46:09.643492,03:46:09.649801,03:46:09.655228,03:46:09.660804,03:46:09.282825,03:46:09.283007,03:46:09.203640
80,rejected,03:46:10.767208,03:46:10.767208,03:46:10.767674,03:46:10.767674,03:46:10.769194,03:46:10.769194,03:46:10.770800,03:46:10.770800,03:46:10.780025,03:46:10.780045,03:46:10.794428,03:46:10.797764,03:46:11.201551,03:46:11.201583,03:46:11.207705,03:46:11.212909,03:46:11.219266,03:46:10.847986,03:46:10.848136,03:46:10.768365
80,rejected,03:46:12.405135,03:46:12.405135,03:46:12.405565,03:46:12.405565,03:46:12.407082,03:46:12.407082,03:46:12.408775,03:46:12.408775,03:46:12.418125,03:46:12.418146,03:46:12.442195,03:46:12.445315,03:46:12.847846,03:46:12.847880,03:46:12.854366,03:46:12.859578,03:46:12.865209,03:46:12.485981,03:46:12.486133,03:46:12.406282
80,rejected,03:46:14.075566,03:46:14.075566,03:46:14.076034,03:46:14.076034,03:46:14.077340,03:46:14.077340,03:46:14.078807,03:46:14.078807,03:46:14.088170,03:46:14.088202,03:46:14.109110,03:46:14.114834,03:46:14.519658,03:46:14.519691,03:46:14.526274,03:46:14.531778,03:46:14.537298,03:46:14.156539,03:46:14.156701,03:46:14.076822
80,rejected,03:46:15.748825,03:46:15.748825,03:46:15.749255,03:46:15.749255,03:46:15.750699,03:46:15.750699,03:46:15.752193,03:46:15.752193,03:46:15.761687,03:46:15.761711,03:46:15.775472,03:46:15.778513,03:46:16.182974,03:46:16.183009,03:46:16.189529,03:46:16.195183,03:46:16.200809,03:46:15.829447,03:46:15.829624,03:46:15.749949
80,rejected,03:46:17.335383,03:46:17.335383,03:46:17.335780,03:46:17.335780,03:46:17.337255,03:46:17.337255,03:46:17.338980,03:46:17.338980,03:46:17.348150,03:46:17.348172,03:46:17.361872,03:46:17.364992,03:46:17.770166,03:46:17.770199,03:46:17.776531,03:46:17.782500,03:46:17.788469,03:46:17.416212,03:46:17.416368,03:46:17.336442
80,rejected,03:46:18.923807,03:46:18.923807,03:46:18.924213,03:46:18.924213,03:46:18.925717,03:46:18.925717,03:46:18.927168,03:46:18.927168,03:46:18.936775,03:46:18.936800,03:46:18.951082,03:46:18.954372,03:46:19.358518,03:46:19.358552,03:46:19.364370,03:46:19.370024,03:46:19.377345,03:46:19.004692,03:46:19.004874,03:46:18.924923
80,rejected,03:46:20.504670,03:46:20.504670,03:46:20.505131,03:46:20.505131,03:46:20.506705,03:46:20.506705,03:46:20.508310,03:46:20.508310,03:46:20.521129,03:46:20.521174,03:46:20.535117,03:46:20.538365,03:46:20.942842,03:46:20.942875,03:46:20.948990,03:46:20.954672,03:46:20.960323,03:46:20.585278,03:46:20.585452,03:46:20.505859
80,rejected,03:46:22.232647,03:46:22.232647,03:46:22.233188,03:46:22.233188,03:46:22.234694,03:46:22.234694,03:46:22.236283,03:46:22.236283,03:46:22.246063,03:46:22.246084,03:46:22.260372,03:46:22.263394,03:46:22.667110,03:46:22.667147,03:46:22.673522,03:46:22.679213,03:46:22.685174,03:46:22.313305,03:46:22.313470,03:46:22.233915
80,rejected,03:46:23.969855,03:46:23.969855,03:46:23.970223,03:46:23.970223,03:46:23.971697,03:46:23.971697,03:46:23.973395,03:46:23.973395,03:46:23.987518,03:46:23.987548,03:46:24.001442,03:46:24.004506,03:46:24.409059,03:46:24.409089,03:46:24.415165,03:46:24.421134,03:46:24.426972,03:46:24.050833,03:46:24.050999,03:46:23.970893
80,rejected,03:46:25.550904,03:46:25.550904,03:46:25.551574,03:46:25.551574,03:46:25.553586,03:46:25.553586,03:46:25.555713,03:46:25.555713,03:46:25.565874,03:46:25.565918,03:46:25.585901,03:46:25.590152,03:46:25.999417,03:46:25.999451,03:46:26.005588,03:46:26.011241,03:46:26.017194,03:46:25.631990,03:46:25.632222,03:46:25.552655
80,rejected,03:46:27.229650,03:46:27.229650,03:46:27.230317,03:46:27.230317,03:46:27.232365,03:46:27.232365,03:46:27.234255,03:46:27.234255,03:46:27.244451,03:46:27.244500,03:46:27.262769,03:46:27.267529,03:46:27.673910,03:46:27.673941,03:46:27.680238,03:46:27.686307,03:46:27.692352,03:46:27.309515,03:46:27.309707,03:46:27.231386
80,rejected,03:46:28.908754,03:46:28.908754,03:46:28.909227,03:46:28.909227,03:46:28.910653,03:46:28.910653,03:46:28.912450,03:46:28.912450,03:46:28.921987,03:46:28.922012,03:46:28.936512,03:46:28.939961,03:46:29.343547,03:46:29.343578,03:46:29.349986,03:46:29.356019,03:46:29.362135,03:46:28.989466,03:46:28.989621,03:46:28.910064
80,rejected,03:46:30.587733,03:46:30.587733,03:46:30.588261,03:46:30.588261,03:46:30.589563,03:46:30.589563,03:46:30.591124,03:46:30.591124,03:46:30.600479,03:46:30.600506,03:46:30.613980,03:46:30.617089,03:46:31.021417,03:46:31.021448,03:46:31.027622,03:46:31.033412,03:46:31.039391,03:46:30.668318,03:46:30.668486,03:46:30.589008
80,rejected,03:46:32.253693,03:46:32.253693,03:46:32.254071,03:46:32.254071,03:46:32.255562,03:46:32.255562,03:46:32.257111,03:46:32.257111,03:46:32.267045,03:46:32.267119,03:46:32.298223,03:46:32.301634,03:46:32.705708,03:46:32.705739,03:46:32.712212,03:46:32.717789,03:46:32.723632,03:46:32.334125,03:46:32.334292,03:46:32.254729
80,rejected,03:46:34.024293,03:46:34.024293,03:46:34.024702,03:46:34.024702,03:46:34.025921,03:46:34.025921,03:46:34.027445,03:46:34.027445,03:46:34.037179,03:46:34.037201,03:46:34.051408,03:46:34.054691,03:46:34.458642,03:46:34.458675,03:46:34.464505,03:46:34.469782,03:46:34.475803,03:46:34.104939,03:46:34.105112,03:46:34.025415
80,rejected,03:46:35.598793,03:46:35.598793,03:46:35.599737,03:46:35.599737,03:46:35.602161,03:46:35.602161,03:46:35.604636,03:46:35.604636,03:46:35.616090,03:46:35.616148,03:46:35.637416,03:46:35.641151,03:46:36.048916,03:46:36.048948,03:46:36.055466,03:46:36.060884,03:46:36.066760,03:46:35.679325,03:46:35.679483,03:46:35.601291
80,rejected,03:46:37.284601,03:46:37.284601,03:46:37.285195,03:46:37.285195,03:46:37.286696,03:46:37.286696,03:46:37.288385,03:46:37.288385,03:46:37.298474,03:46:37.298519,03:46:37.313961,03:46:37.317530,03:46:37.723837,03:46:37.723868,03:46:37.729987,03:46:37.735679,03:46:37.741680,03:46:37.365397,03:46:37.365619,03:46:37.286085
80,rejected,03:46:39.020682,03:46:39.020682,03:46:39.021080,03:46:39.021080,03:46:39.022359,03:46:39.022359,03:46:39.023715,03:46:39.023715,03:46:39.033010,03:46:39.033031,03:46:39.047335,03:46:39.050319,03:46:39.454944,03:46:39.454979,03:46:39.460879,03:46:39.466767,03:46:39.472392,03:46:39.101527,03:46:39.101683,03:46:39.021814
80,rejected,03:46:40.593769,03:46:40.593769,03:46:40.594163,03:46:40.594163,03:46:40.595746,03:46:40.595746,03:46:40.597282,03:46:40.597282,03:46:40.606675,03:46:40.606701,03:46:40.620569,03:46:40.623570,03:46:41.027298,03:46:41.027329,03:46:41.033581,03:46:41.039402,03:46:41.044942,03:46:40.674641,03:46:40.674794,03:46:40.594880
80,rejected,03:46:42.257514,03:46:42.257514,03:46:42.257869,03:46:42.257869,03:46:42.259503,03:46:42.259503,03:46:42.261197,03:46:42.261197,03:46:42.270675,03:46:42.270739,03:46:42.288436,03:46:42.291778,03:46:42.698531,03:46:42.698564,03:46:42.704855,03:46:42.710429,03:46:42.715931,03:46:42.338375,03:46:42.338551,03:46:42.258675
80,rejected,03:46:43.834946,03:46:43.834946,03:46:43.835349,03:46:43.835349,03:46:43.836639,03:46:43.836639,03:46:43.838009,03:46:43.838009,03:46:43.848531,03:46:43.848556,03:46:43.862531,03:46:43.865710,03:46:44.270638,03:46:44.270669,03:46:44.277101,03:46:44.282487,03:46:44.288339,03:46:43.915858,03:46:43.916011,03:46:43.836101
80,rejected,03:46:45.408772,03:46:45.408772,03:46:45.409386,03:46:45.409386,03:46:45.410842,03:46:45.410842,03:46:45.412461,03:46:45.412461,03:46:45.423831,03:46:45.423892,03:46:45.439662,03:46:45.442935,03:46:45.852641,03:46:45.852674,03:46:45.858838,03:46:45.864515,03:46:45.870326,03:46:45.489731,03:46:45.489908,03:46:45.410252
80,rejected,03:46:46.995875,03:46:46.995875,03:46:46.996407,03:46:46.996407,03:46:46.997901,03:46:46.997901,03:46:46.999446,03:46:46.999446,03:46:47.009183,03:46:47.009206,03:46:47.027604,03:46:47.031478,03:46:47.436068,03:46:47.436099,03:46:47.442243,03:46:47.448168,03:46:47.454105,03:46:47.076663,03:46:47.076829,03:46:46.997091
80,rejected,03:46:48.735507,03:46:48.735507,03:46:48.735862,03:46:48.735862,03:46:48.737089,03:46:48.737089,03:46:48.738515,03:46:48.738515,03:46:48.748173,03:46:48.748194,03:46:48.761647,03:46:48.764774,03:46:49.169243,03:46:49.169273,03:46:49.175406,03:46:49.181625,03:46:49.187262,03:46:48.816058,03:46:48.816210,03:46:48.736585
80,rejected,03:46:50.318481,03:46:50.318481,03:46:50.318858,03:46:50.318858,03:46:50.320283,03:46:50.320283,03:46:50.321916,03:46:50.321916,03:46:50.331439,03:46:50.331470,03:46:50.345646,03:46:50.348769,03:46:50.753372,03:46:50.753404,03:46:50.759430,03:46:50.765055,03:46:50.770693,03:46:50.399259,03:46:50.399426,03:46:50.319525
80,rejected,03:46:52.044578,03:46:52.044578,03:46:52.044996,03:46:52.044996,03:46:52.046522,03:46:52.046522,03:46:52.048100,03:46:52.048100,03:46:52.057229,03:46:52.057249,03:46:52.079810,03:46:52.082946,03:46:52.487195,03:46:52.487226,03:46:52.493493,03:46:52.498704,03:46:52.504607,03:46:52.125364,03:46:52.125531,03:46:52.045687
80,rejected,03:46:53.735042,03:46:53.735042,03:46:53.735407,03:46:53.735407,03:46:53.736903,03:46:53.736903,03:46:53.738517,03:46:53.738517,03:46:53.747935,03:46:53.747961,03:46:53.762944,03:46:53.766033,03:46:54.169394,03:46:54.169426,03:46:54.175661,03:46:54.181383,03:46:54.187037,03:46:53.815762,03:46:53.815915,03:46:53.736111
80,rejected,03:46:55.301474,03:46:55.301474,03:46:55.301894,03:46:55.301894,03:46:55.303072,03:46:55.303072,03:46:55.304691,03:46:55.304691,03:46:55.314145,03:46:55.314165,03:46:55.328265,03:46:55.331335,03:46:55.744167,03:46:55.744197,03:46:55.750416,03:46:55.756495,03:46:55.762472,03:46:55.382265,03:46:55.382466,03:46:55.302570
80,rejected,03:46:56.883884,03:46:56.883884,03:46:56.884270,03:46:56.884270,03:46:56.885547,03:46:56.885547,03:46:56.887324,03:46:56.887324,03:46:56.896822,03:46:56.896848,03:46:56.910950,03:46:56.914093,03:46:57.318267,03:46:57.318296,03:46:57.324274,03:46:57.329750,03:46:57.335492,03:46:56.964672,03:46:56.964848,03:46:56.885029
80,rejected,03:46:58.565305,03:46:58.565305,03:46:58.565747,03:46:58.565747,03:46:58.566977,03:46:58.566977,03:46:58.568335,03:46:58.568335,03:46:58.577884,03:46:58.577904,03:46:58.591991,03:46:58.595415,03:46:59.000018,03:46:59.000051,03:46:59.006776,03:46:59.013643,03:46:59.019389,03:46:58.646170,03:46:58.646324,03:46:58.566466
80,rejected,03:47:00.162921,03:47:00.162921,03:47:00.163344,03:47:00.163344,03:47:00.164588,03:47:00.164588,03:47:00.166289,03:47:00.166289,03:47:00.179378,03:47:00.179433,03:47:00.195197,03:47:00.198880,03:47:00.605836,03:47:00.605866,03:47:00.612195,03:47:00.618108,03:47:00.624333,03:47:00.243629,03:47:00.243788,03:47:00.164045
80,rejected,03:47:01.913830,03:47:01.913830,03:47:01.914219,03:47:01.914219,03:47:01.915427,03:47:01.915427,03:47:01.917015,03:47:01.917015,03:47:01.926222,03:47:01.926243,03:47:01.940708,03:47:01.944057,03:47:02.348790,03:47:02.348820,03:47:02.354881,03:47:02.360461,03:47:02.366130,03:47:01.994516,03:47:01.994663,03:47:01.914894
80,rejected,03:47:03.528159,03:47:03.528159,03:47:03.528636,03:47:03.528636,03:47:03.529864,03:47:03.529864,03:47:03.531286,03:47:03.531286,03:47:03.540660,03:47:03.540683,03:47:03.554829,03:47:03.557911,03:47:03.962424,03:47:03.962457,03:47:03.968837,03:47:03.974456,03:47:03.980040,03:47:03.608494,03:47:03.608647,03:47:03.529354
80,rejected,03:47:05.120538,03:47:05.120538,03:47:05.121106,03:47:05.121106,03:47:05.122418,03:47:05.122418,03:47:05.123939,03:47:05.123939,03:47:05.133176,03:47:05.133206,03:47:05.150902,03:47:05.154221,03:47:05.564613,03:47:05.564655,03:47:05.574352,03:47:05.583290,03:47:05.591050,03:47:05.201249,03:47:05.201410,03:47:05.121878
80,rejected,03:47:06.720613,03:47:06.720613,03:47:06.721031,03:47:06.721031,03:47:06.722254,03:47:06.722254,03:47:06.723662,03:47:06.723662,03:47:06.733012,03:47:06.733050,03:47:06.746895,03:47:06.749943,03:47:07.154495,03:47:07.154526,03:47:07.160636,03:47:07.166141,03:47:07.171957,03:47:06.801614,03:47:06.801797,03:47:06.721706
80,rejected,03:47:08.395270,03:47:08.395270,03:47:08.395672,03:47:08.395672,03:47:08.396945,03:47:08.396945,03:47:08.398619,03:47:08.398619,03:47:08.407942,03:47:08.407974,03:47:08.422523,03:47:08.425597,03:47:08.831061,03:47:08.831093,03:47:08.837536,03:47:08.842863,03:47:08.848495,03:47:08.475824,03:47:08.475992,03:47:08.396375
80,rejected,03:47:10.059699,03:47:10.059699,03:47:10.060082,03:47:10.060082,03:47:10.061313,03:47:10.061313,03:47:10.062860,03:47:10.062860,03:47:10.072716,03:47:10.072736,03:47:10.086945,03:47:10.090568,03:47:10.498416,03:47:10.498450,03:47:10.504961,03:47:10.510594,03:47:10.516704,03:47:10.140372,03:47:10.140537,03:47:10.060773
80,rejected,03:47:11.640056,03:47:11.640056,03:47:11.640401,03:47:11.640401,03:47:11.641583,03:47:11.641583,03:47:11.643281,03:47:11.643281,03:47:11.652798,03:47:11.652821,03:47:11.676081,03:47:11.679129,03:47:12.083560,03:47:12.083592,03:47:12.089827,03:47:12.095476,03:47:12.101108,03:47:11.720747,03:47:11.720902,03:47:11.641073
80,rejected,03:47:13.239765,03:47:13.239765,03:47:13.240190,03:47:13.240190,03:47:13.241426,03:47:13.241426,03:47:13.243018,03:47:13.243018,03:47:13.252443,03:47:13.252462,03:47:13.267005,03:47:13.270089,03:47:13.674594,03:47:13.674625,03:47:13.681138,03:47:13.686719,03:47:13.692171,03:47:13.320479,03:47:13.320638,03:47:13.240885
80,rejected,03:47:14.968941,03:47:14.968941,03:47:14.969341,03:47:14.969341,03:47:14.970649,03:47:14.970649,03:47:14.972269,03:47:14.972269,03:47:14.981477,03:47:14.981498,03:47:14.996837,03:47:15.000030,03:47:15.404921,03:47:15.404951,03:47:15.410957,03:47:15.416394,03:47:15.421781,03:47:15.049939,03:47:15.050095,03:47:14.970105
80,rejected,03:47:16.564162,03:47:16.564162,03:47:16.564598,03:47:16.564598,03:47:16.566200,03:47:16.566200,03:47:16.567837,03:47:16.567837,03:47:16.577313,03:47:16.577334,03:47:16.591865,03:47:16.594936,03:47:16.998847,03:47:16.998877,03:47:17.005048,03:47:17.010822,03:47:17.016850,03:47:16.644883,03:47:16.645041,03:47:16.565355
80,rejected,03:47:18.176165,03:47:18.176165,03:47:18.176547,03:47:18.176547,03:47:18.177731,03:47:18.177731,03:47:18.179426,03:47:18.179426,03:47:18.189100,03:47:18.189120,03:47:18.203379,03:47:18.206419,03:47:18.611304,03:47:18.611334,03:47:18.617531,03:47:18.623128,03:47:18.628698,03:47:18.257135,03:47:18.257298,03:47:18.177211
80,rejected,03:47:19.852220,03:47:19.852220,03:47:19.852751,03:47:19.852751,03:47:19.854247,03:47:19.854247,03:47:19.855714,03:47:19.855714,03:47:19.865090,03:47:19.865119,03:47:19.879279,03:47:19.882424,03:47:20.287127,03:47:20.287157,03:47:20.293305,03:47:20.299256,03:47:20.304887,03:47:19.932713,03:47:19.932869,03:47:19.853547
80,rejected,03:47:21.519133,03:47:21.519133,03:47:21.519580,03:47:21.519580,03:47:21.521188,03:47:21.521188,03:47:21.522828,03:47:21.522828,03:47:21.532302,03:47:21.532325,03:47:21.546165,03:47:21.549353,03:47:21.953195,03:47:21.953225,03:47:21.959392,03:47:21.964874,03:47:21.970193,03:47:21.599971,03:47:21.600127,03:47:21.520363
80,rejected,03:47:23.104280,03:47:23.104280,03:47:23.104678,03:47:23.104678,03:47:23.106292,03:47:23.106292,03:47:23.108087,03:47:23.108087,03:47:23.117355,03:47:23.117377,03:47:23.132228,03:47:23.135454,03:47:23.540727,03:47:23.540759,03:47:23.546563,03:47:23.551841,03:47:23.557397,03:47:23.184975,03:47:23.185133,03:47:23.105413
80,rejected,03:47:24.722727,03:47:24.722727,03:47:24.723073,03:47:24.723073,03:47:24.724362,03:47:24.724362,03:47:24.725984,03:47:24.725984,03:47:24.735322,03:47:24.735356,03:47:24.749793,03:47:24.752965,03:47:25.157431,03:47:25.157462,03:47:25.163536,03:47:25.168983,03:47:25.174298,03:47:24.803356,03:47:24.803536,03:47:24.723760
80,rejected,03:47:26.399828,03:47:26.399828,03:47:26.400202,03:47:26.400202,03:47:26.401694,03:47:26.401694,03:47:26.403302,03:47:26.403302,03:47:26.413458,03:47:26.413482,03:47:26.427752,03:47:26.430859,03:47:26.836494,03:47:26.836525,03:47:26.842850,03:47:26.848445,03:47:26.853988,03:47:26.480564,03:47:26.480753,03:47:26.400904
80,rejected,03:47:28.082732,03:47:28.082732,03:47:28.083117,03:47:28.083117,03:47:28.084615,03:47:28.084615,03:47:28.086255,03:47:28.086255,03:47:28.097204,03:47:28.097263,03:47:28.113396,03:47:28.116747,03:47:28.520890,03:47:28.520922,03:47:28.527058,03:47:28.532672,03:47:28.538496,03:47:28.163693,03:47:28.163853,03:47:28.083833
80,rejected,03:47:29.751634,03:47:29.751634,03:47:29.752113,03:47:29.752113,03:47:29.753622,03:47:29.753622,03:47:29.755306,03:47:29.755306,03:47:29.764911,03:47:29.764933,03:47:29.779320,03:47:29.782771,03:47:30.187827,03:47:30.187859,03:47:30.194368,03:47:30.200011,03:47:30.205532,03:47:29.832390,03:47:29.832545,03:47:29.752802
80,rejected,03:47:31.428440,03:47:31.428440,03:47:31.428803,03:47:31.428803,03:47:31.430029,03:47:31.430029,03:47:31.431488,03:47:31.431488,03:47:31.440823,03:47:31.440843,03:47:31.463936,03:47:31.467003,03:47:31.871552,03:47:31.871584,03:47:31.877924,03:47:31.883358,03:47:31.888496,03:47:31.509069,03:47:31.509244,03:47:31.429478
80,rejected,03:47:33.101155,03:47:33.101155,03:47:33.101551,03:47:33.101551,03:47:33.102963,03:47:33.102963,03:47:33.104484,03:47:33.104484,03:47:33.114216,03:47:33.114235,03:47:33.129600,03:47:33.132622,03:47:33.536392,03:47:33.536424,03:47:33.542354,03:47:33.548085,03:47:33.553905,03:47:33.181851,03:47:33.182007,03:47:33.102200
80,rejected,03:47:34.745381,03:47:34.745381,03:47:34.745802,03:47:34.745802,03:47:34.747293,03:47:34.747293,03:47:34.748998,03:47:34.748998,03:47:34.758443,03:47:34.758463,03:47:34.772622,03:47:34.775709,03:47:35.180955,03:47:35.180987,03:47:35.187349,03:47:35.192770,03:47:35.198741,03:47:34.826261,03:47:34.826440,03:47:34.746521
80,rejected,03:47:36.441615,03:47:36.441615,03:47:36.442003,03:47:36.442003,03:47:36.443272,03:47:36.443272,03:47:36.444807,03:47:36.444807,03:47:36.454199,03:47:36.454258,03:47:36.469110,03:47:36.472196,03:47:36.876673,03:47:36.876707,03:47:36.883076,03:47:36.888529,03:47:36.893824,03:47:36.522648,03:47:36.522805,03:47:36.442720
80,rejected,03:47:38.087905,03:47:38.087905,03:47:38.088282,03:47:38.088282,03:47:38.089702,03:47:38.089702,03:47:38.091152,03:47:38.091152,03:47:38.100766,03:47:38.100791,03:47:38.115315,03:47:38.118713,03:47:38.523180,03:47:38.523210,03:47:38.529507,03:47:38.534912,03:47:38.540884,03:47:38.168668,03:47:38.168831,03:47:38.088925
80,rejected,03:47:39.818480,03:47:39.818480,03:47:39.819116,03:47:39.819116,03:47:39.820556,03:47:39.820556,03:47:39.822346,03:47:39.822346,03:47:39.834579,03:47:39.834654,03:47:39.849362,03:47:39.852471,03:47:40.257545,03:47:40.257577,03:47:40.264098,03:47:40.269722,03:47:40.275598,03:47:39.898752,03:47:39.898931,03:47:39.819902
80,rejected,03:47:41.402302,03:47:41.402302,03:47:41.402704,03:47:41.402704,03:47:41.404155,03:47:41.404155,03:47:41.405646,03:47:41.405646,03:47:41.415649,03:47:41.415667,03:47:41.430668,03:47:41.434024,03:47:41.838096,03:47:41.838130,03:47:41.844368,03:47:41.849588,03:47:41.855336,03:47:41.483125,03:47:41.483273,03:47:41.403382
80,rejected,03:47:42.983823,03:47:42.983823,03:47:42.984235,03:47:42.984235,03:47:42.985488,03:47:42.985488,03:47:42.987387,03:47:42.987387,03:47:42.996588,03:47:42.996608,03:47:43.010900,03:47:43.013941,03:47:43.416644,03:47:43.416676,03:47:43.422939,03:47:43.428454,03:47:43.434310,03:47:43.064780,03:47:43.064935,03:47:42.984955
80,rejected,03:47:44.646566,03:47:44.646566,03:47:44.646949,03:47:44.646949,03:47:44.648144,03:47:44.648144,03:47:44.649935,03:47:44.649935,03:47:44.659949,03:47:44.659968,03:47:44.673871,03:47:44.676894,03:47:45.081193,03:47:45.081225,03:47:45.088058,03:47:45.093694,03:47:45.099594,03:47:44.727364,03:47:44.727521,03:47:44.647629
80,rejected,03:47:46.310973,03:47:46.310973,03:47:46.311875,03:47:46.311875,03:47:46.313878,03:47:46.313878,03:47:46.315728,03:47:46.315728,03:47:46.326328,03:47:46.326409,03:47:46.342590,03:47:46.346294,03:47:46.750339,03:47:46.750371,03:47:46.756759,03:47:46.762078,03:47:46.767990,03:47:46.391696,03:47:46.391857,03:47:46.313030
80,rejected,03:47:47.908227,03:47:47.908227,03:47:47.908664,03:47:47.908664,03:47:47.910294,03:47:47.910294,03:47:47.911903,03:47:47.911903,03:47:47.922139,03:47:47.922208,03:47:47.936604,03:47:47.940053,03:47:48.343701,03:47:48.343733,03:47:48.349959,03:47:48.355062,03:47:48.360522,03:47:47.988931,03:47:47.989096,03:47:47.909509
80,rejected,03:47:49.546939,03:47:49.546939,03:47:49.547342,03:47:49.547342,03:47:49.548584,03:47:49.548584,03:47:49.550162,03:47:49.550162,03:47:49.560309,03:47:49.560341,03:47:49.575130,03:47:49.578225,03:47:49.982718,03:47:49.982748,03:47:49.988555,03:47:49.994436,03:47:50.000109,03:47:49.627619,03:47:49.627774,03:47:49.548042
80,rejected,03:47:51.192393,03:47:51.192393,03:47:51.192955,03:47:51.192955,03:47:51.194425,03:47:51.194425,03:47:51.195898,03:47:51.195898,03:47:51.205233,03:47:51.205281,03:47:51.233891,03:47:51.237681,03:47:51.644228,03:47:51.644259,03:47:51.650608,03:47:51.656561,03:47:51.662497,03:47:51.272819,03:47:51.272983,03:47:51.193788
80,rejected,03:47:52.886344,03:47:52.886344,03:47:52.886865,03:47:52.886865,03:47:52.888139,03:47:52.888139,03:47:52.889660,03:47:52.889660,03:47:52.899024,03:47:52.899049,03:47:52.914285,03:47:52.917395,03:47:53.322301,03:47:53.322356,03:47:53.329047,03:47:53.334907,03:47:53.340405,03:47:52.967098,03:47:52.967247,03:47:52.887580
80,rejected,03:47:54.557648,03:47:54.557648,03:47:54.558085,03:47:54.558085,03:47:54.559679,03:47:54.559679,03:47:54.561283,03:47:54.561283,03:47:54.570517,03:47:54.570539,03:47:54.584972,03:47:54.588332,03:47:54.992188,03:47:54.992221,03:47:54.998148,03:47:55.003896,03:47:55.009482,03:47:54.638383,03:47:54.638534,03:47:54.558875
80,rejected,03:47:56.187682,03:47:56.187682,03:47:56.188079,03:47:56.188079,03:47:56.189369,03:47:56.189369,03:47:56.190881,03:47:56.190881,03:47:56.200852,03:47:56.200892,03:47:56.217110,03:47:56.220433,03:47:56.626733,03:47:56.626766,03:47:56.633088,03:47:56.638860,03:47:56.644805,03:47:56.268740,03:47:56.268916,03:47:56.188822
80,rejected,03:47:57.952157,03:47:57.952157,03:47:57.952526,03:47:57.952526,03:47:57.954016,03:47:57.954016,03:47:57.955662,03:47:57.955662,03:47:57.965749,03:47:57.965771,03:47:57.985071,03:47:57.988420,03:47:58.392362,03:47:58.392393,03:47:58.398639,03:47:58.404358,03:47:58.410091,03:47:58.032712,03:47:58.032891,03:47:57.953232
80,rejected,03:47:59.700501,03:47:59.700501,03:47:59.701027,03:47:59.701027,03:47:59.702405,03:47:59.702405,03:47:59.704128,03:47:59.704128,03:47:59.713850,03:47:59.713880,03:47:59.728025,03:47:59.731069,03:48:00.135823,03:48:00.135862,03:48:00.141902,03:48:00.147343,03:48:00.152850,03:47:59.781450,03:47:59.781621,03:47:59.701830
80,rejected,03:48:01.383098,03:48:01.383098,03:48:01.383505,03:48:01.383505,03:48:01.385048,03:48:01.385048,03:48:01.386585,03:48:01.386585,03:48:01.395904,03:48:01.395936,03:48:01.410827,03:48:01.414052,03:48:01.819294,03:48:01.819324,03:48:01.825547,03:48:01.831088,03:48:01.836743,03:48:01.464000,03:48:01.464165,03:48:01.384213
100,rejected,03:48:03.117558,03:48:03.117558,03:48:03.118070,03:48:03.118070,03:48:03.119353,03:48:03.119353,03:48:03.120762,03:48:03.120762,03:48:03.129930,03:48:03.129951,03:48:03.144135,03:48:03.147155,03:48:03.551825,03:48:03.551865,03:48:03.558080,03:48:03.563876,03:48:03.569904,03:48:03.218233,03:48:03.218407,03:48:03.118836
100,rejected,03:48:04.705192,03:48:04.705192,03:48:04.705563,03:48:04.705563,03:48:04.707128,03:48:04.707128,03:48:04.708663,03:48:04.708663,03:48:04.718205,03:48:04.718228,03:48:04.732715,03:48:04.735855,03:48:05.140342,03:48:05.140373,03:48:05.146628,03:48:05.152432,03:48:05.158054,03:48:04.805933,03:48:04.806089,03:48:04.706266
100,rejected,03:48:06.305558,03:48:06.305558,03:48:06.306101,03:48:06.306101,03:48:06.307496,03:48:06.307496,03:48:06.308995,03:48:06.308995,03:48:06.318577,03:48:06.318602,03:48:06.332281,03:48:06.335376,03:48:06.739795,03:48:06.739827,03:48:06.745663,03:48:06.751036,03:48:06.756376,03:48:06.406051,03:48:06.406203,03:48:06.306860
100,rejected,03:48:07.985604,03:48:07.985604,03:48:07.986131,03:48:07.986131,03:48:07.987989,03:48:07.987989,03:48:07.989679,03:48:07.989679,03:48:07.999248,03:48:07.999268,03:48:08.013445,03:48:08.016851,03:48:08.419960,03:48:08.419994,03:48:08.426399,03:48:08.432078,03:48:08.438394,03:48:08.086376,03:48:08.086531,03:48:07.987171
100,rejected,03:48:09.729875,03:48:09.729875,03:48:09.730273,03:48:09.730273,03:48:09.731556,03:48:09.731556,03:48:09.733093,03:48:09.733093,03:48:09.742362,03:48:09.742382,03:48:09.758764,03:48:09.762135,03:48:10.170284,03:48:10.170317,03:48:10.176400,03:48:10.182356,03:48:10.188528,03:48:09.830922,03:48:09.831081,03:48:09.731035
100,rejected,03:48:11.479534,03:48:11.479534,03:48:11.479978,03:48:11.479978,03:48:11.481415,03:48:11.481415,03:48:11.482971,03:48:11.482971,03:48:11.492539,03:48:11.492581,03:48:11.515809,03:48:11.518948,03:48:11.922268,03:48:11.922299,03:48:11.928577,03:48:11.934304,03:48:11.939997,03:48:11.580216,03:48:11.580381,03:48:11.480657
100,rejected,03:48:13.218682,03:48:13.218682,03:48:13.219058,03:48:13.219058,03:48:13.220602,03:48:13.220602,03:48:13.222133,03:48:13.222133,03:48:13.231601,03:48:13.231622,03:48:13.246913,03:48:13.250207,03:48:13.654351,03:48:13.654383,03:48:13.660680,03:48:13.665812,03:48:13.671598,03:48:13.319406,03:48:13.319560,03:48:13.219765
100,rejected,03:48:14.794965,03:48:14.794965,03:48:14.795331,03:48:14.795331,03:48:14.796532,03:48:14.796532,03:48:14.798393,03:48:14.798393,03:48:14.808657,03:48:14.808679,03:48:14.827317,03:48:14.833140,03:48:15.239529,03:48:15.239560,03:48:15.246191,03:48:15.251960,03:48:15.257876,03:48:14.895874,03:48:14.896029,03:48:14.796015
100,rejected,03:48:16.562761,03:48:16.562761,03:48:16.563207,03:48:16.563207,03:48:16.564503,03:48:16.564503,03:48:16.566401,03:48:16.566401,03:48:16.575969,03:48:16.576000,03:48:16.590745,03:48:16.594228,03:48:16.996621,03:48:16.996651,03:48:17.002785,03:48:17.008106,03:48:17.013791,03:48:16.663107,03:48:16.663262,03:48:16.563929
100,rejected,03:48:18.157267,03:48:18.157267,03:48:18.157691,03:48:18.157691,03:48:18.158923,03:48:18.158923,03:48:18.160369,03:48:18.160369,03:48:18.169675,03:48:18.169696,03:48:18.183533,03:48:18.186569,03:48:18.590795,03:48:18.590828,03:48:18.597086,03:48:18.602294,03:48:18.608089,03:48:18.258066,03:48:18.258234,03:48:18.158386
100,rejected,03:48:19.827346,03:48:19.827346,03:48:19.827892,03:48:19.827892,03:48:19.829237,03:48:19.829237,03:48:19.830659,03:48:19.830659,03:48:19.842628,03:48:19.842697,03:48:19.857470,03:48:19.860539,03:48:20.264473,03:48:20.264505,03:48:20.270683,03:48:20.277854,03:48:20.286341,03:48:19.928193,03:48:19.928345,03:48:19.828661
100,rejected,03:48:21.417161,03:48:21.417161,03:48:21.417544,03:48:21.417544,03:48:21.418976,03:48:21.418976,03:48:21.420478,03:48:21.420478,03:48:21.429600,03:48:21.429620,03:48:21.443767,03:48:21.447161,03:48:21.851673,03:48:21.851705,03:48:21.858073,03:48:21.863753,03:48:21.869293,03:48:21.517795,03:48:21.517947,03:48:21.418362
100,rejected,03:48:23.006042,03:48:23.006042,03:48:23.006447,03:48:23.006447,03:48:23.007818,03:48:23.007818,03:48:23.009583,03:48:23.009583,03:48:23.019275,03:48:23.019300,03:48:23.034037,03:48:23.037525,03:48:23.440834,03:48:23.440865,03:48:23.447358,03:48:23.453266,03:48:23.459006,03:48:23.106868,03:48:23.107034,03:48:23.007221
100,rejected,03:48:24.588294,03:48:24.588294,03:48:24.588851,03:48:24.588851,03:48:24.590253,03:48:24.590253,03:48:24.591693,03:48:24.591693,03:48:24.601238,03:48:24.601268,03:48:24.616045,03:48:24.619361,03:48:25.023362,03:48:25.023398,03:48:25.031096,03:48:25.036925,03:48:25.042803,03:48:24.688818,03:48:24.688974,03:48:24.589623
100,rejected,03:48:26.278431,03:48:26.278431,03:48:26.278922,03:48:26.278922,03:48:26.280286,03:48:26.280286,03:48:26.281764,03:48:26.281764,03:48:26.291167,03:48:26.291187,03:48:26.305215,03:48:26.308254,03:48:26.715113,03:48:26.715144,03:48:26.721635,03:48:26.727585,03:48:26.733343,03:48:26.378919,03:48:26.379081,03:48:26.279701
100,rejected,03:48:27.956457,03:48:27.956457,03:48:27.956932,03:48:27.956932,03:48:27.958170,03:48:27.958170,03:48:27.959931,03:48:27.959931,03:48:27.969494,03:48:27.969547,03:48:27.985441,03:48:27.989040,03:48:28.394854,03:48:28.394884,03:48:28.401073,03:48:28.406833,03:48:28.412583,03:48:28.057225,03:48:28.057399,03:48:27.957644
100,rejected,03:48:29.643803,03:48:29.643803,03:48:29.644219,03:48:29.644219,03:48:29.645712,03:48:29.645712,03:48:29.647307,03:48:29.647307,03:48:29.656687,03:48:29.656707,03:48:29.671793,03:48:29.675085,03:48:30.078598,03:48:30.078632,03:48:30.085198,03:48:30.090655,03:48:30.096415,03:48:29.744531,03:48:29.744686,03:48:29.644903
100,rejected,03:48:31.227008,03:48:31.227008,03:48:31.227467,03:48:31.227467,03:48:31.228852,03:48:31.228852,03:48:31.230477,03:48:31.230477,03:48:31.239936,03:48:31.239960,03:48:31.264971,03:48:31.268328,03:48:31.673360,03:48:31.673395,03:48:31.680028,03:48:31.685828,03:48:31.691647,03:48:31.327704,03:48:31.327856,03:48:31.228306
100,rejected,03:48:32.821133,03:48:32.821133,03:48:32.821576,03:48:32.821576,03:48:32.823546,03:48:32.823546,03:48:32.825566,03:48:32.825566,03:48:32.835583,03:48:32.835637,03:48:32.855973,03:48:32.859327,03:48:33.264535,03:48:33.264564,03:48:33.270596,03:48:33.276092,03:48:33.281701,03:48:32.921758,03:48:32.921933,03:48:32.822555
100,rejected,03:48:34.414644,03:48:34.414644,03:48:34.415107,03:48:34.415107,03:48:34.416312,03:48:34.416312,03:48:34.418069,03:48:34.418069,03:48:34.427250,03:48:34.427277,03:48:34.441897,03:48:34.444979,03:48:34.849302,03:48:34.849335,03:48:34.855505,03:48:34.860956,03:48:34.866688,03:48:34.515044,03:48:34.515198,03:48:34.415786
100,rejected,03:48:36.195836,03:48:36.195836,03:48:36.196364,03:48:36.196364,03:48:36.197935,03:48:36.197935,03:48:36.199529,03:48:36.199529,03:48:36.209638,03:48:36.209659,03:48:36.223862,03:48:36.227009,03:48:36.631496,03:48:36.631526,03:48:36.637590,03:48:36.642994,03:48:36.648482,03:48:36.296528,03:48:36.296696,03:48:36.197114
100,rejected,03:48:37.868763,03:48:37.868763,03:48:37.869350,03:48:37.869350,03:48:37.871414,03:48:37.871414,03:48:37.873354,03:48:37.873354,03:48:37.883828,03:48:37.883911,03:48:37.902961,03:48:37.906256,03:48:38.313092,03:48:38.313124,03:48:38.319176,03:48:38.324879,03:48:38.330682,03:48:37.969250,03:48:37.969408,03:48:37.870542
100,rejected,03:48:39.561103,03:48:39.561103,03:48:39.561542,03:48:39.561542,03:48:39.562752,03:48:39.562752,03:48:39.564346,03:48:39.564346,03:48:39.573935,03:48:39.573956,03:48:39.588058,03:48:39.591090,03:48:39.995925,03:48:39.995958,03:48:40.002031,03:48:40.007775,03:48:40.013934,03:48:39.662013,03:48:39.662164,03:48:39.562243
100,rejected,03:48:41.152965,03:48:41.152965,03:48:41.153341,03:48:41.153341,03:48:41.154574,03:48:41.154574,03:48:41.156210,03:48:41.156210,03:48:41.165883,03:48:41.165904,03:48:41.181017,03:48:41.184207,03:48:41.588918,03:48:41.588947,03:48:41.595192,03:48:41.600929,03:48:41.606784,03:48:41.253869,03:48:41.254022,03:48:41.154059
100,rejected,03:48:42.835787,03:48:42.835787,03:48:42.836237,03:48:42.836237,03:48:42.837735,03:48:42.837735,03:48:42.839339,03:48:42.839339,03:48:42.848590,03:48:42.848612,03:48:42.862871,03:48:42.867520,03:48:43.274964,03:48:43.274998,03:48:43.281386,03:48:43.287063,03:48:43.292539,03:48:42.936373,03:48:42.936535,03:48:42.836932
100,rejected,03:48:44.425509,03:48:44.425509,03:48:44.425937,03:48:44.425937,03:48:44.427479,03:48:44.427479,03:48:44.429081,03:48:44.429081,03:48:44.439267,03:48:44.439298,03:48:44.453371,03:48:44.456352,03:48:44.860291,03:48:44.860323,03:48:44.866432,03:48:44.872074,03:48:44.877804,03:48:44.526245,03:48:44.526399,03:48:44.426620
100,rejected,03:48:46.169960,03:48:46.169960,03:48:46.170390,03:48:46.170390,03:48:46.171677,03:48:46.171677,03:48:46.173164,03:48:46.173164,03:48:46.186039,03:48:46.186062,03:48:46.200054,03:48:46.203105,03:48:46.607708,03:48:46.607740,03:48:46.613817,03:48:46.619422,03:48:46.625203,03:48:46.270948,03:48:46.271156,03:48:46.171107
100,rejected,03:48:47.933572,03:48:47.933572,03:48:47.934146,03:48:47.934146,03:48:47.935625,03:48:47.935625,03:48:47.937227,03:48:47.937227,03:48:47.946650,03:48:47.946671,03:48:47.961434,03:48:47.964644,03:48:48.370098,03:48:48.370132,03:48:48.376322,03:48:48.382377,03:48:48.388295,03:48:48.034307,03:48:48.034467,03:48:47.934974
100,rejected,03:48:49.622510,03:48:49.622510,03:48:49.622939,03:48:49.622939,03:48:49.624595,03:48:49.624595,03:48:49.626436,03:48:49.626436,03:48:49.635841,03:48:49.635863,03:48:49.650775,03:48:49.653968,03:48:50.058738,03:48:50.058769,03:48:50.064705,03:48:50.070346,03:48:50.075830,03:48:49.723410,03:48:49.723569,03:48:49.623754
100,rejected,03:48:51.307068,03:48:51.307068,03:48:51.307483,03:48:51.307483,03:48:51.309016,03:48:51.309016,03:48:51.310757,03:48:51.310757,03:48:51.320779,03:48:51.320802,03:48:51.344130,03:48:51.347176,03:48:51.751170,03:48:51.751200,03:48:51.757442,03:48:51.762660,03:48:51.768476,03:48:51.408184,03:48:51.408352,03:48:51.308249
100,rejected,03:48:53.052200,03:48:53.052200,03:48:53.052649,03:48:53.052649,03:48:53.054036,03:48:53.054036,03:48:53.055949,03:48:53.055949,03:48:53.065449,03:48:53.065473,03:48:53.080325,03:48:53.083332,03:48:53.489410,03:48:53.489439,03:48:53.495777,03:48:53.501255,03:48:53.506615,03:48:53.152161,03:48:53.152319,03:48:53.053421
100,rejected,03:48:54.639356,03:48:54.639356,03:48:54.639774,03:48:54.639774,03:48:54.641090,03:48:54.641090,03:48:54.642848,03:48:54.642848,03:48:54.652219,03:48:54.652240,03:48:54.666021,03:48:54.669115,03:48:55.074919,03:48:55.074951,03:48:55.080855,03:48:55.086546,03:48:55.092320,03:48:54.740093,03:48:54.740260,03:48:54.640516
100,rejected,03:48:56.278042,03:48:56.278042,03:48:56.278402,03:48:56.278402,03:48:56.279888,03:48:56.279888,03:48:56.281561,03:48:56.281561,03:48:56.290816,03:48:56.290836,03:48:56.306271,03:48:56.309535,03:48:56.713680,03:48:56.713711,03:48:56.720140,03:48:56.725751,03:48:56.731620,03:48:56.378674,03:48:56.378832,03:48:56.279076
100,rejected,03:48:57.969080,03:48:57.969080,03:48:57.969539,03:48:57.969539,03:48:57.970756,03:48:57.970756,03:48:57.972374,03:48:57.972374,03:48:57.981794,03:48:57.981817,03:48:57.997447,03:48:58.000768,03:48:58.406061,03:48:58.406093,03:48:58.412178,03:48:58.418318,03:48:58.424306,03:48:58.069846,03:48:58.070007,03:48:57.970216
100,rejected,03:48:59.655043,03:48:59.655043,03:48:59.655436,03:48:59.655436,03:48:59.656665,03:48:59.656665,03:48:59.658163,03:48:59.658163,03:48:59.669765,03:48:59.669790,03:48:59.684045,03:48:59.687339,03:49:00.093364,03:49:00.093398,03:49:00.099384,03:49:00.105159,03:49:00.110876,03:48:59.755851,03:48:59.756031,03:48:59.656158
100,rejected,03:49:01.332901,03:49:01.332901,03:49:01.333471,03:49:01.333471,03:49:01.335019,03:49:01.335019,03:49:01.336876,03:49:01.336876,03:49:01.346458,03:49:01.346484,03:49:01.361039,03:49:01.364572,03:49:01.769042,03:49:01.769071,03:49:01.775096,03:49:01.780563,03:49:01.786135,03:49:01.433444,03:49:01.433600,03:49:01.334378
100,rejected,03:49:02.931031,03:49:02.931031,03:49:02.931458,03:49:02.931458,03:49:02.933054,03:49:02.933054,03:49:02.934545,03:49:02.934545,03:49:02.944375,03:49:02.944395,03:49:02.958291,03:49:02.961522,03:49:03.364981,03:49:03.365010,03:49:03.370736,03:49:03.376119,03:49:03.381772,03:49:03.031681,03:49:03.031829,03:49:02.932208
100,rejected,03:49:04.520237,03:49:04.520237,03:49:04.520689,03:49:04.520689,03:49:04.521936,03:49:04.521936,03:49:04.523625,03:49:04.523625,03:49:04.533144,03:49:04.533175,03:49:04.547351,03:49:04.550446,03:49:04.954304,03:49:04.954346,03:49:04.960870,03:49:04.965943,03:49:04.971285,03:49:04.621276,03:49:04.621427,03:49:04.521386
100,rejected,03:49:06.153252,03:49:06.153252,03:49:06.153904,03:49:06.153904,03:49:06.155752,03:49:06.155752,03:49:06.157872,03:49:06.157872,03:49:06.168033,03:49:06.168087,03:49:06.185683,03:49:06.189003,03:49:06.595869,03:49:06.595902,03:49:06.602271,03:49:06.607631,03:49:06.613326,03:49:06.253785,03:49:06.253947,03:49:06.154822
100,rejected,03:49:07.844965,03:49:07.844965,03:49:07.845415,03:49:07.845415,03:49:07.846753,03:49:07.846753,03:49:07.848554,03:49:07.848554,03:49:07.858299,03:49:07.858320,03:49:07.872438,03:49:07.875585,03:49:08.281255,03:49:08.281289,03:49:08.287955,03:49:08.293369,03:49:08.298976,03:49:07.945751,03:49:07.945928,03:49:07.846141
100,rejected,03:49:09.439861,03:49:09.439861,03:49:09.440289,03:49:09.440289,03:49:09.441810,03:49:09.441810,03:49:09.443542,03:49:09.443542,03:49:09.453288,03:49:09.453310,03:49:09.467357,03:49:09.470533,03:49:09.874843,03:49:09.874876,03:49:09.881285,03:49:09.887117,03:49:09.892971,03:49:09.540635,03:49:09.540805,03:49:09.440988
100,rejected,03:49:11.038150,03:49:11.038150,03:49:11.038607,03:49:11.038607,03:49:11.040072,03:49:11.040072,03:49:11.041619,03:49:11.041619,03:49:11.051522,03:49:11.051544,03:49:11.075772,03:49:11.078988,03:49:11.482042,03:49:11.482072,03:49:11.488291,03:49:11.494340,03:49:11.500196,03:49:11.138735,03:49:11.138891,03:49:11.039304
100,rejected,03:49:12.785877,03:49:12.785877,03:49:12.786230,03:49:12.786230,03:49:12.787743,03:49:12.787743,03:49:12.789268,03:49:12.789268,03:49:12.799486,03:49:12.799506,03:49:12.815036,03:49:12.818191,03:49:13.222800,03:49:13.222836,03:49:13.229166,03:49:13.234806,03:49:13.240419,03:49:12.886545,03:49:12.886710,03:49:12.786987
100,rejected,03:49:14.537840,03:49:14.537840,03:49:14.538312,03:49:14.538312,03:49:14.540194,03:49:14.540194,03:49:14.542107,03:49:14.542107,03:49:14.553254,03:49:14.553307,03:49:14.572394,03:49:14.575657,03:49:14.982261,03:49:14.982293,03:49:14.988618,03:49:14.994190,03:49:14.999904,03:49:14.638872,03:49:14.639029,03:49:14.539335
100,rejected,03:49:16.270754,03:49:16.270754,03:49:16.271291,03:49:16.271291,03:49:16.272595,03:49:16.272595,03:49:16.274097,03:49:16.274097,03:49:16.284367,03:49:16.284389,03:49:16.298329,03:49:16.301475,03:49:16.706140,03:49:16.706171,03:49:16.712399,03:49:16.717864,03:49:16.724660,03:49:16.371577,03:49:16.371747,03:49:16.272043
100,rejected,03:49:17.946905,03:49:17.946905,03:49:17.947376,03:49:17.947376,03:49:17.949011,03:49:17.949011,03:49:17.950763,03:49:17.950763,03:49:17.965531,03:49:17.965554,03:49:17.980838,03:49:17.984265,03:49:18.389087,03:49:18.389119,03:49:18.395614,03:49:18.400949,03:49:18.406787,03:49:18.047707,03:49:18.047905,03:49:17.948146
100,rejected,03:49:19.582798,03:49:19.582798,03:49:19.583339,03:49:19.583339,03:49:19.584776,03:49:19.584776,03:49:19.586394,03:49:19.586394,03:49:19.596441,03:49:19.596478,03:49:19.613765,03:49:19.618677,03:49:20.024204,03:49:20.024237,03:49:20.030207,03:49:20.035763,03:49:20.041231,03:49:19.683592,03:49:19.683768,03:49:19.584138
100,rejected,03:49:21.174189,03:49:21.174189,03:49:21.174604,03:49:21.174604,03:49:21.176125,03:49:21.176125,03:49:21.177807,03:49:21.177807,03:49:21.186965,03:49:21.186987,03:49:21.201114,03:49:21.204380,03:49:21.607640,03:49:21.607671,03:49:21.614079,03:49:21.619916,03:49:21.625551,03:49:21.274954,03:49:21.275109,03:49:21.175298
100,rejected,03:49:22.935413,03:49:22.935413,03:49:22.935789,03:49:22.935789,03:49:22.937239,03:49:22.937239,03:49:22.938789,03:49:22.938789,03:49:22.948176,03:49:22.948199,03:49:22.962528,03:49:22.965730,03:49:23.369244,03:49:23.369276,03:49:23.375686,03:49:23.381564,03:49:23.387349,03:49:23.036190,03:49:23.036349,03:49:22.936493
100,rejected,03:49:24.558795,03:49:24.558795,03:49:24.559181,03:49:24.559181,03:49:24.560730,03:49:24.560730,03:49:24.562436,03:49:24.562436,03:49:24.571758,03:49:24.571783,03:49:24.585993,03:49:24.589261,03:49:24.993994,03:49:24.994025,03:49:25.000130,03:49:25.005867,03:49:25.012329,03:49:24.659553,03:49:24.659706,03:49:24.559970
100,rejected,03:49:26.325621,03:49:26.325621,03:49:26.326089,03:49:26.326089,03:49:26.327337,03:49:26.327337,03:49:26.329124,03:49:26.329124,03:49:26.339600,03:49:26.339623,03:49:26.354013,03:49:26.357420,03:49:26.762312,03:49:26.762344,03:49:26.768948,03:49:26.774712,03:49:26.780405,03:49:26.426251,03:49:26.426408,03:49:26.326816
100,rejected,03:49:28.009005,03:49:28.009005,03:49:28.009531,03:49:28.009531,03:49:28.011005,03:49:28.011005,03:49:28.012852,03:49:28.012852,03:49:28.024001,03:49:28.024051,03:49:28.039890,03:49:28.043122,03:49:28.446281,03:49:28.446318,03:49:28.452317,03:49:28.458347,03:49:28.464274,03:49:28.109613,03:49:28.109775,03:49:28.010381
100,rejected,03:49:29.686382,03:49:29.686382,03:49:29.686822,03:49:29.686822,03:49:29.688177,03:49:29.688177,03:49:29.689928,03:49:29.689928,03:49:29.699205,03:49:29.699226,03:49:29.713720,03:49:29.716845,03:49:30.121175,03:49:30.121206,03:49:30.127667,03:49:30.133217,03:49:30.139498,03:49:29.786464,03:49:29.786625,03:49:29.687545
100,rejected,03:49:31.268523,03:49:31.268523,03:49:31.268962,03:49:31.268962,03:49:31.270444,03:49:31.270444,03:49:31.272189,03:49:31.272189,03:49:31.282527,03:49:31.282548,03:49:31.306642,03:49:31.309642,03:49:31.713058,03:49:31.713090,03:49:31.719079,03:49:31.724599,03:49:31.730348,03:49:31.369185,03:49:31.369507,03:49:31.269688
100,rejected,03:49:32.861904,03:49:32.861904,03:49:32.862323,03:49:32.862323,03:49:32.863579,03:49:32.863579,03:49:32.865389,03:49:32.865389,03:49:32.875607,03:49:32.875636,03:49:32.890216,03:49:32.893295,03:49:33.297525,03:49:33.297555,03:49:33.303912,03:49:33.309265,03:49:33.315182,03:49:32.962552,03:49:32.962724,03:49:32.863017
100,rejected,03:49:34.542350,03:49:34.542350,03:49:34.542770,03:49:34.542770,03:49:34.543917,03:49:34.543917,03:49:34.545372,03:49:34.545372,03:49:34.554536,03:49:34.554558,03:49:34.569233,03:49:34.572296,03:49:34.976810,03:49:34.976843,03:49:34.982824,03:49:34.988386,03:49:34.994365,03:49:34.643276,03:49:34.643429,03:49:34.543422
100,rejected,03:49:36.314306,03:49:36.314306,03:49:36.314734,03:49:36.314734,03:49:36.316046,03:49:36.316046,03:49:36.317631,03:49:36.317631,03:49:36.326932,03:49:36.326952,03:49:36.340990,03:49:36.344098,03:49:36.747686,03:49:36.747716,03:49:36.754199,03:49:36.759361,03:49:36.764931,03:49:36.415152,03:49:36.415305,03:49:36.315462
100,rejected,03:49:37.998479,03:49:37.998479,03:49:37.998926,03:49:37.998926,03:49:38.000196,03:49:38.000196,03:49:38.002051,03:49:38.002051,03:49:38.012432,03:49:38.012462,03:49:38.026909,03:49:38.030519,03:49:38.433864,03:49:38.433895,03:49:38.440202,03:49:38.446276,03:49:38.451975,03:49:38.099249,03:49:38.099400,03:49:37.999664
100,rejected,03:49:39.575617,03:49:39.575617,03:49:39.576179,03:49:39.576179,03:49:39.577582,03:49:39.577582,03:49:39.579118,03:49:39.579118,03:49:39.590956,03:49:39.590994,03:49:39.605392,03:49:39.608727,03:49:40.012781,03:49:40.012813,03:49:40.019284,03:49:40.025310,03:49:40.031300,03:49:39.676062,03:49:39.676231,03:49:39.576931
100,rejected,03:49:41.172659,03:49:41.172659,03:49:41.173227,03:49:41.173227,03:49:41.174564,03:49:41.174564,03:49:41.176206,03:49:41.176206,03:49:41.185598,03:49:41.185623,03:49:41.200371,03:49:41.203590,03:49:41.607679,03:49:41.607710,03:49:41.613946,03:49:41.619824,03:49:41.625585,03:49:41.273174,03:49:41.273355,03:49:41.174048
100,rejected,03:49:42.908706,03:49:42.908706,03:49:42.909149,03:49:42.909149,03:49:42.910395,03:49:42.910395,03:49:42.911888,03:49:42.911888,03:49:42.921594,03:49:42.921614,03:49:42.936476,03:49:42.941785,03:49:43.349469,03:49:43.349501,03:49:43.355634,03:49:43.361249,03:49:43.367149,03:49:43.009671,03:49:43.009858,03:49:42.909886
100,rejected,03:49:44.586018,03:49:44.586018,03:49:44.586445,03:49:44.586445,03:49:44.587671,03:49:44.587671,03:49:44.589524,03:49:44.589524,03:49:44.599319,03:49:44.599340,03:49:44.613050,03:49:44.616103,03:49:45.021021,03:49:45.021050,03:49:45.027425,03:49:45.033267,03:49:45.039290,03:49:44.686756,03:49:44.686913,03:49:44.587163
100,rejected,03:49:46.231589,03:49:46.231589,03:49:46.232056,03:49:46.232056,03:49:46.233381,03:49:46.233381,03:49:46.235138,03:49:46.235138,03:49:46.245222,03:49:46.245244,03:49:46.259709,03:49:46.263013,03:49:46.666789,03:49:46.666821,03:49:46.672811,03:49:46.678419,03:49:46.684126,03:49:46.332403,03:49:46.332556,03:49:46.232814
100,rejected,03:49:47.921995,03:49:47.921995,03:49:47.922455,03:49:47.922455,03:49:47.924073,03:49:47.924073,03:49:47.925965,03:49:47.925965,03:49:47.935565,03:49:47.935584,03:49:47.950713,03:49:47.954052,03:49:48.360526,03:49:48.360556,03:49:48.366618,03:49:48.371951,03:49:48.377431,03:49:48.022813,03:49:48.022972,03:49:47.923239
100,rejected,03:49:49.512974,03:49:49.512974,03:49:49.513393,03:49:49.513393,03:49:49.514890,03:49:49.514890,03:49:49.516363,03:49:49.516363,03:49:49.526922,03:49:49.526945,03:49:49.540878,03:49:49.544027,03:49:49.948117,03:49:49.948145,03:49:49.954091,03:49:49.959645,03:49:49.965305,03:49:49.613560,03:49:49.613713,03:49:49.514133
100,rejected,03:49:51.269099,03:49:51.269099,03:49:51.269648,03:49:51.269648,03:49:51.271054,03:49:51.271054,03:49:51.272757,03:49:51.272757,03:49:51.282305,03:49:51.282329,03:49:51.305662,03:49:51.309080,03:49:51.713908,03:49:51.713940,03:49:51.720103,03:49:51.725702,03:49:51.731160,03:49:51.369560,03:49:51.369727,03:49:51.270363
100,rejected,03:49:53.013293,03:49:53.013293,03:49:53.013656,03:49:53.013656,03:49:53.014894,03:49:53.014894,03:49:53.016244,03:49:53.016244,03:49:53.025414,03:49:53.025433,03:49:53.040562,03:49:53.044007,03:49:53.448499,03:49:53.448534,03:49:53.454806,03:49:53.460917,03:49:53.466613,03:49:53.113950,03:49:53.114118,03:49:53.014343
100,rejected,03:49:54.729422,03:49:54.729422,03:49:54.729912,03:49:54.729912,03:49:54.731479,03:49:54.731479,03:49:54.733070,03:49:54.733070,03:49:54.742404,03:49:54.742435,03:49:54.757104,03:49:54.760229,03:49:55.165364,03:49:55.165397,03:49:55.171636,03:49:55.177478,03:49:55.183181,03:49:54.829944,03:49:54.830103,03:49:54.730638
100,rejected,03:49:56.342902,03:49:56.342902,03:49:56.343341,03:49:56.343341,03:49:56.345258,03:49:56.345258,03:49:56.347473,03:49:56.347473,03:49:56.358428,03:49:56.358470,03:49:56.375024,03:49:56.379136,03:49:56.784562,03:49:56.784593,03:49:56.790725,03:49:56.796198,03:49:56.801665,03:49:56.443785,03:49:56.443947,03:49:56.344215
100,rejected,03:49:58.143105,03:49:58.143105,03:49:58.143509,03:49:58.143509,03:49:58.144778,03:49:58.144778,03:49:58.146289,03:49:58.146289,03:49:58.155898,03:49:58.155919,03:49:58.169888,03:49:58.172999,03:49:58.577321,03:49:58.577369,03:49:58.583410,03:49:58.588858,03:49:58.594297,03:49:58.243821,03:49:58.243986,03:49:58.144264
100,rejected,03:49:59.881343,03:49:59.881343,03:49:59.881820,03:49:59.881820,03:49:59.883428,03:49:59.883428,03:49:59.885059,03:49:59.885059,03:49:59.894861,03:49:59.894881,03:49:59.908460,03:49:59.911555,03:50:00.315790,03:50:00.315825,03:50:00.322063,03:50:00.327540,03:50:00.333383,03:49:59.981894,03:49:59.982040,03:49:59.882582
100,rejected,03:50:01.467278,03:50:01.467278,03:50:01.467692,03:50:01.467692,03:50:01.468876,03:50:01.468876,03:50:01.470416,03:50:01.470416,03:50:01.480209,03:50:01.480229,03:50:01.493888,03:50:01.496856,03:50:01.902048,03:50:01.902078,03:50:01.908219,03:50:01.913906,03:50:01.919360,03:50:01.568057,03:50:01.568211,03:50:01.468360
100,rejected,03:50:03.156258,03:50:03.156258,03:50:03.156811,03:50:03.156811,03:50:03.158144,03:50:03.158144,03:50:03.159916,03:50:03.159916,03:50:03.170230,03:50:03.170257,03:50:03.184646,03:50:03.187816,03:50:03.593052,03:50:03.593081,03:50:03.599137,03:50:03.604565,03:50:03.610243,03:50:03.256635,03:50:03.256802,03:50:03.157598
100,rejected,03:50:04.914504,03:50:04.914504,03:50:04.914869,03:50:04.914869,03:50:04.916056,03:50:04.916056,03:50:04.917877,03:50:04.917877,03:50:04.928245,03:50:04.928266,03:50:04.942404,03:50:04.945446,03:50:05.350971,03:50:05.351002,03:50:05.357480,03:50:05.363196,03:50:05.368778,03:50:05.015377,03:50:05.015532,03:50:04.915549
100,rejected,03:50:06.534875,03:50:06.534875,03:50:06.535264,03:50:06.535264,03:50:06.537151,03:50:06.537151,03:50:06.538811,03:50:06.538811,03:50:06.548056,03:50:06.548077,03:50:06.562525,03:50:06.565917,03:50:06.970107,03:50:06.970140,03:50:06.976866,03:50:06.984870,03:50:06.992156,03:50:06.635178,03:50:06.635352,03:50:06.536239
100,rejected,03:50:08.224314,03:50:08.224314,03:50:08.224739,03:50:08.224739,03:50:08.226236,03:50:08.226236,03:50:08.228160,03:50:08.228160,03:50:08.237819,03:50:08.237843,03:50:08.252164,03:50:08.255513,03:50:08.660848,03:50:08.660881,03:50:08.667165,03:50:08.672823,03:50:08.678421,03:50:08.325202,03:50:08.325369,03:50:08.225564
100,rejected,03:50:09.884670,03:50:09.884670,03:50:09.885078,03:50:09.885078,03:50:09.886295,03:50:09.886295,03:50:09.887987,03:50:09.887987,03:50:09.897544,03:50:09.897567,03:50:09.911846,03:50:09.914862,03:50:10.319764,03:50:10.319797,03:50:10.326116,03:50:10.331762,03:50:10.337602,03:50:09.985468,03:50:09.985616,03:50:09.885799
100,rejected,03:50:11.622019,03:50:11.622019,03:50:11.622580,03:50:11.622580,03:50:11.623923,03:50:11.623923,03:50:11.625354,03:50:11.625354,03:50:11.634818,03:50:11.634846,03:50:11.658169,03:50:11.661233,03:50:12.065969,03:50:12.066000,03:50:12.072026,03:50:12.077635,03:50:12.083531,03:50:11.722606,03:50:11.722825,03:50:11.623363
100,rejected,03:50:13.318704,03:50:13.318704,03:50:13.319122,03:50:13.319122,03:50:13.320527,03:50:13.320527,03:50:13.321997,03:50:13.321997,03:50:13.332268,03:50:13.332291,03:50:13.347890,03:50:13.351125,03:50:13.755581,03:50:13.755613,03:50:13.761860,03:50:13.767479,03:50:13.773134,03:50:13.419462,03:50:13.419664,03:50:13.319923
100,rejected,03:50:14.970395,03:50:14.970395,03:50:14.970931,03:50:14.970931,03:50:14.972491,03:50:14.972491,03:50:14.974231,03:50:14.974231,03:50:14.984728,03:50:14.984777,03:50:15.001514,03:50:15.005189,03:50:15.411531,03:50:15.411564,03:50:15.417583,03:50:15.423313,03:50:15.430021,03:50:15.071379,03:50:15.071551,03:50:14.971705
100,rejected,03:50:16.729505,03:50:16.729505,03:50:16.730092,03:50:16.730092,03:50:16.731829,03:50:16.731829,03:50:16.733686,03:50:16.733686,03:50:16.744187,03:50:16.744210,03:50:16.758870,03:50:16.762061,03:50:17.168042,03:50:17.168070,03:50:17.173981,03:50:17.179147,03:50:17.184844,03:50:16.830324,03:50:16.830480,03:50:16.730962
100,rejected,03:50:18.332398,03:50:18.332398,03:50:18.332794,03:50:18.332794,03:50:18.334320,03:50:18.334320,03:50:18.335857,03:50:18.335857,03:50:18.345099,03:50:18.345119,03:50:18.359878,03:50:18.363110,03:50:18.768020,03:50:18.768053,03:50:18.774124,03:50:18.779827,03:50:18.785464,03:50:18.433252,03:50:18.433427,03:50:18.333489
100,rejected,03:50:20.082773,03:50:20.082773,03:50:20.083186,03:50:20.083186,03:50:20.084731,03:50:20.084731,03:50:20.086296,03:50:20.086296,03:50:20.098457,03:50:20.098478,03:50:20.112977,03:50:20.116325,03:50:20.521134,03:50:20.521166,03:50:20.527484,03:50:20.532931,03:50:20.540980,03:50:20.183512,03:50:20.183682,03:50:20.083877
100,rejected,03:50:21.674260,03:50:21.674260,03:50:21.674610,03:50:21.674610,03:50:21.675818,03:50:21.675818,03:50:21.677621,03:50:21.677621,03:50:21.687004,03:50:21.687024,03:50:21.701644,03:50:21.704783,03:50:22.109617,03:50:22.109651,03:50:22.115725,03:50:22.121288,03:50:22.126953,03:50:21.775020,03:50:21.775192,03:50:21.675304
100,rejected,03:50:23.363872,03:50:23.363872,03:50:23.364368,03:50:23.364368,03:50:23.366053,03:50:23.366053,03:50:23.368189,03:50:23.368189,03:50:23.378922,03:50:23.378966,03:50:23.395267,03:50:23.398847,03:50:23.805944,03:50:23.805977,03:50:23.812474,03:50:23.818231,03:50:23.823806,03:50:23.464523,03:50:23.464702,03:50:23.365385
100,rejected,03:50:24.957613,03:50:24.957613,03:50:24.957977,03:50:24.957977,03:50:24.959212,03:50:24.959212,03:50:24.960735,03:50:24.960735,03:50:24.970001,03:50:24.970021,03:50:24.984433,03:50:24.987494,03:50:25.393402,03:50:25.393439,03:50:25.399820,03:50:25.405480,03:50:25.411004,03:50:25.058354,03:50:25.058511,03:50:24.958647
100,rejected,03:50:26.622567,03:50:26.622567,03:50:26.623112,03:50:26.623112,03:50:26.624630,03:50:26.624630,03:50:26.626126,03:50:26.626126,03:50:26.636286,03:50:26.636307,03:50:26.650037,03:50:26.653134,03:50:27.058428,03:50:27.058459,03:50:27.064378,03:50:27.069706,03:50:27.074969,03:50:26.722944,03:50:26.723102,03:50:26.623875
100,rejected,03:50:28.212163,03:50:28.212163,03:50:28.212558,03:50:28.212558,03:50:28.213795,03:50:28.213795,03:50:28.215140,03:50:28.215140,03:50:28.225189,03:50:28.225210,03:50:28.238822,03:50:28.241834,03:50:28.649970,03:50:28.650001,03:50:28.656318,03:50:28.661757,03:50:28.667601,03:50:28.313162,03:50:28.313338,03:50:28.213284
100,rejected,03:50:29.905339,03:50:29.905339,03:50:29.905737,03:50:29.905737,03:50:29.907189,03:50:29.907189,03:50:29.908777,03:50:29.908777,03:50:29.918525,03:50:29.918546,03:50:29.932468,03:50:29.935797,03:50:30.339195,03:50:30.339227,03:50:30.345463,03:50:30.351153,03:50:30.356698,03:50:30.006069,03:50:30.006233,03:50:29.906430
100,rejected,03:50:31.657159,03:50:31.657159,03:50:31.657626,03:50:31.657626,03:50:31.659278,03:50:31.659278,03:50:31.660892,03:50:31.660892,03:50:31.670064,03:50:31.670084,03:50:31.694033,03:50:31.697054,03:50:32.101191,03:50:32.101225,03:50:32.107458,03:50:32.113356,03:50:32.119308,03:50:31.757722,03:50:31.757887,03:50:31.658397
100,rejected,03:50:33.349295,03:50:33.349295,03:50:33.349697,03:50:33.349697,03:50:33.351188,03:50:33.351188,03:50:33.352745,03:50:33.352745,03:50:33.362092,03:50:33.362112,03:50:33.377081,03:50:33.381316,03:50:33.787196,03:50:33.787228,03:50:33.793550,03:50:33.799434,03:50:33.805193,03:50:33.450176,03:50:33.450356,03:50:33.350361
100,rejected,03:50:35.043783,03:50:35.043783,03:50:35.044355,03:50:35.044355,03:50:35.045735,03:50:35.045735,03:50:35.047281,03:50:35.047281,03:50:35.056550,03:50:35.056578,03:50:35.070909,03:50:35.073909,03:50:35.479208,03:50:35.479239,03:50:35.485493,03:50:35.491005,03:50:35.496427,03:50:35.144462,03:50:35.144618,03:50:35.045184
100,rejected,03:50:36.816248,03:50:36.816248,03:50:36.816675,03:50:36.816675,03:50:36.818233,03:50:36.818233,03:50:36.819899,03:50:36.819899,03:50:36.830321,03:50:36.830344,03:50:36.845567,03:50:36.848725,03:50:37.253217,03:50:37.253250,03:50:37.259655,03:50:37.265324,03:50:37.271125,03:50:36.917024,03:50:36.917178,03:50:36.817388
100,rejected,03:50:38.571827,03:50:38.571827,03:50:38.572409,03:50:38.572409,03:50:38.573869,03:50:38.573869,03:50:38.575440,03:50:38.575440,03:50:38.584898,03:50:38.584921,03:50:38.599261,03:50:38.602411,03:50:39.007366,03:50:39.007401,03:50:39.013568,03:50:39.019194,03:50:39.025209,03:50:38.672705,03:50:38.672869,03:50:38.573200
100,rejected,03:50:40.325725,03:50:40.325725,03:50:40.326138,03:50:40.326138,03:50:40.327716,03:50:40.327716,03:50:40.329440,03:50:40.329440,03:50:40.340725,03:50:40.340752,03:50:40.380775,03:50:40.383777,03:50:40.788582,03:50:40.788615,03:50:40.794774,03:50:40.800308,03:50:40.805831,03:50:40.426764,03:50:40.426919,03:50:40.326835
100,rejected,03:50:41.957717,03:50:41.957717,03:50:41.958093,03:50:41.958093,03:50:41.959305,03:50:41.959305,03:50:41.960848,03:50:41.960848,03:50:41.970072,03:50:41.970100,03:50:41.984826,03:50:41.988578,03:50:42.394396,03:50:42.394426,03:50:42.400678,03:50:42.406408,03:50:42.412015,03:50:42.058629,03:50:42.058784,03:50:41.958779
100,rejected,03:50:43.698265,03:50:43.698265,03:50:43.698609,03:50:43.698609,03:50:43.699946,03:50:43.699946,03:50:43.701547,03:50:43.701547,03:50:43.711211,03:50:43.711234,03:50:43.725950,03:50:43.729116,03:50:44.133372,03:50:44.133404,03:50:44.139906,03:50:44.145444,03:50:44.151093,03:50:43.798507,03:50:43.798662,03:50:43.699403
100,rejected,03:50:45.448672,03:50:45.448672,03:50:45.449174,03:50:45.449174,03:50:45.450748,03:50:45.450748,03:50:45.452553,03:50:45.452553,03:50:45.461842,03:50:45.461863,03:50:45.476024,03:50:45.479264,03:50:45.892255,03:50:45.892286,03:50:45.899283,03:50:45.905111,03:50:45.910894,03:50:45.549573,03:50:45.549740,03:50:45.450001
100,rejected,03:50:47.136608,03:50:47.136608,03:50:47.136994,03:50:47.136994,03:50:47.138258,03:50:47.138258,03:50:47.139863,03:50:47.139863,03:50:47.149205,03:50:47.149225,03:50:47.163134,03:50:47.166481,03:50:47.571210,03:50:47.571240,03:50:47.577345,03:50:47.583007,03:50:47.588853,03:50:47.237619,03:50:47.237777,03:50:47.137717
100,rejected,03:50:48.714802,03:50:48.714802,03:50:48.715234,03:50:48.715234,03:50:48.716776,03:50:48.716776,03:50:48.718359,03:50:48.718359,03:50:48.728878,03:50:48.728901,03:50:48.743093,03:50:48.746118,03:50:49.151015,03:50:49.151046,03:50:49.156985,03:50:49.162681,03:50:49.168291,03:50:48.815625,03:50:48.815779,03:50:48.715935
150,rejected,03:50:50.454320,03:50:50.454320,03:50:50.454800,03:50:50.454800,03:50:50.457074,03:50:50.457074,03:50:50.459201,03:50:50.459201,03:50:50.470574,03:50:50.470624,03:50:50.489684,03:50:50.493019,03:50:50.898755,03:50:50.898788,03:50:50.905101,03:50:50.910202,03:50:50.916028,03:50:50.605288,03:50:50.605462,03:50:50.455985
150,rejected,03:50:52.137437,03:50:52.137437,03:50:52.137828,03:50:52.137828,03:50:52.139079,03:50:52.139079,03:50:52.140898,03:50:52.140898,03:50:52.151251,03:50:52.151275,03:50:52.175589,03:50:52.178688,03:50:52.582631,03:50:52.582663,03:50:52.588581,03:50:52.593485,03:50:52.598937,03:50:52.288238,03:50:52.288412,03:50:52.138563
150,rejected,03:50:53.927941,03:50:53.927941,03:50:53.928368,03:50:53.928368,03:50:53.929877,03:50:53.929877,03:50:53.931511,03:50:53.931511,03:50:53.940877,03:50:53.940900,03:50:53.956286,03:50:53.959405,03:50:54.364218,03:50:54.364249,03:50:54.370347,03:50:54.376039,03:50:54.381879,03:50:54.078704,03:50:54.078894,03:50:53.929122
150,rejected,03:50:55.586044,03:50:55.586044,03:50:55.586480,03:50:55.586480,03:50:55.588213,03:50:55.588213,03:50:55.589955,03:50:55.589955,03:50:55.606053,03:50:55.606111,03:50:55.626310,03:50:55.630807,03:50:56.045741,03:50:56.045774,03:50:56.051904,03:50:56.058060,03:50:56.063773,03:50:55.736913,03:50:55.737075,03:50:55.587406
150,rejected,03:50:57.204143,03:50:57.204143,03:50:57.204507,03:50:57.204507,03:50:57.206050,03:50:57.206050,03:50:57.207828,03:50:57.207828,03:50:57.217886,03:50:57.217909,03:50:57.231923,03:50:57.234957,03:50:57.639006,03:50:57.639040,03:50:57.645287,03:50:57.650875,03:50:57.656453,03:50:57.354830,03:50:57.354989,03:50:57.205223
150,rejected,03:50:58.885974,03:50:58.885974,03:50:58.886364,03:50:58.886364,03:50:58.887600,03:50:58.887600,03:50:58.889162,03:50:58.889162,03:50:58.899017,03:50:58.899036,03:50:58.913648,03:50:58.916771,03:50:59.321510,03:50:59.321543,03:50:59.327659,03:50:59.333322,03:50:59.339165,03:50:59.036782,03:50:59.036941,03:50:58.887049
150,rejected,03:51:00.490646,03:51:00.490646,03:51:00.491205,03:51:00.491205,03:51:00.492496,03:51:00.492496,03:51:00.493970,03:51:00.493970,03:51:00.506349,03:51:00.506376,03:51:00.520974,03:51:00.524309,03:51:00.929418,03:51:00.929450,03:51:00.935481,03:51:00.941030,03:51:00.946924,03:51:00.641337,03:51:00.641496,03:51:00.491981
150,rejected,03:51:02.183616,03:51:02.183616,03:51:02.184032,03:51:02.184032,03:51:02.185255,03:51:02.185255,03:51:02.186805,03:51:02.186805,03:51:02.195947,03:51:02.195969,03:51:02.209746,03:51:02.212794,03:51:02.618322,03:51:02.618356,03:51:02.624488,03:51:02.629800,03:51:02.635337,03:51:02.334106,03:51:02.334278,03:51:02.184751
150,rejected,03:51:03.769035,03:51:03.769035,03:51:03.769457,03:51:03.769457,03:51:03.770900,03:51:03.770900,03:51:03.772475,03:51:03.772475,03:51:03.782071,03:51:03.782096,03:51:03.796292,03:51:03.799421,03:51:04.204729,03:51:04.204767,03:51:04.210824,03:51:04.216492,03:51:04.222420,03:51:03.919826,03:51:03.920009,03:51:03.770139
150,rejected,03:51:05.358956,03:51:05.358956,03:51:05.359511,03:51:05.359511,03:51:05.361069,03:51:05.361069,03:51:05.362649,03:51:05.362649,03:51:05.372692,03:51:05.372713,03:51:05.386759,03:51:05.389898,03:51:05.801841,03:51:05.801907,03:51:05.813949,03:51:05.824833,03:51:05.842650,03:51:05.509561,03:51:05.509723,03:51:05.360333
150,rejected,03:51:06.989783,03:51:06.989783,03:51:06.990152,03:51:06.990152,03:51:06.991306,03:51:06.991306,03:51:06.993025,03:51:06.993025,03:51:07.003145,03:51:07.003169,03:51:07.018015,03:51:07.021118,03:51:07.425391,03:51:07.425421,03:51:07.431457,03:51:07.437193,03:51:07.442820,03:51:07.140720,03:51:07.140880,03:51:06.990813
150,rejected,03:51:08.679921,03:51:08.679921,03:51:08.680524,03:51:08.680524,03:51:08.681878,03:51:08.681878,03:51:08.683738,03:51:08.683738,03:51:08.693167,03:51:08.693189,03:51:08.707240,03:51:08.710322,03:51:09.114925,03:51:09.114956,03:51:09.121128,03:51:09.126549,03:51:09.132341,03:51:08.830489,03:51:08.830653,03:51:08.681328
150,rejected,03:51:10.272287,03:51:10.272287,03:51:10.272741,03:51:10.272741,03:51:10.274250,03:51:10.274250,03:51:10.275874,03:51:10.275874,03:51:10.285202,03:51:10.285223,03:51:10.300008,03:51:10.303198,03:51:10.707751,03:51:10.707783,03:51:10.713748,03:51:10.719566,03:51:10.724950,03:51:10.422815,03:51:10.422980,03:51:10.273476
150,rejected,03:51:11.866796,03:51:11.866796,03:51:11.867219,03:51:11.867219,03:51:11.868543,03:51:11.868543,03:51:11.870379,03:51:11.870379,03:51:11.880011,03:51:11.880035,03:51:11.903588,03:51:11.906657,03:51:12.310683,03:51:12.310716,03:51:12.317104,03:51:12.322617,03:51:12.328224,03:51:12.017780,03:51:12.017938,03:51:11.867944
150,rejected,03:51:13.600465,03:51:13.600465,03:51:13.600946,03:51:13.600946,03:51:13.602178,03:51:13.602178,03:51:13.603953,03:51:13.603953,03:51:13.613258,03:51:13.613283,03:51:13.628404,03:51:13.631476,03:51:14.036806,03:51:14.036837,03:51:14.043123,03:51:14.048503,03:51:14.054246,03:51:13.751021,03:51:13.751168,03:51:13.601645
150,rejected,03:51:15.345945,03:51:15.345945,03:51:15.346331,03:51:15.346331,03:51:15.347873,03:51:15.347873,03:51:15.349436,03:51:15.349436,03:51:15.358652,03:51:15.358681,03:51:15.373208,03:51:15.376228,03:51:15.786610,03:51:15.786641,03:51:15.795762,03:51:15.804648,03:51:15.815755,03:51:15.496633,03:51:15.496785,03:51:15.347046
150,rejected,03:51:16.970079,03:51:16.970079,03:51:16.970543,03:51:16.970543,03:51:16.971786,03:51:16.971786,03:51:16.973534,03:51:16.973534,03:51:16.983832,03:51:16.983855,03:51:16.997856,03:51:17.001094,03:51:17.404681,03:51:17.404711,03:51:17.410698,03:51:17.415939,03:51:17.421646,03:51:17.120676,03:51:17.120837,03:51:16.971251
150,rejected,03:51:18.569186,03:51:18.569186,03:51:18.569572,03:51:18.569572,03:51:18.571081,03:51:18.571081,03:51:18.572798,03:51:18.572798,03:51:18.583057,03:51:18.583077,03:51:18.597741,03:51:18.601144,03:51:19.005486,03:51:19.005518,03:51:19.012132,03:51:19.018042,03:51:19.023716,03:51:18.719878,03:51:18.720062,03:51:18.570291
150,rejected,03:51:20.341147,03:51:20.341147,03:51:20.341582,03:51:20.341582,03:51:20.343031,03:51:20.343031,03:51:20.344597,03:51:20.344597,03:51:20.354710,03:51:20.354734,03:51:20.368730,03:51:20.372122,03:51:20.776918,03:51:20.776950,03:51:20.783071,03:51:20.788417,03:51:20.794058,03:51:20.491460,03:51:20.491637,03:51:20.342258
150,rejected,03:51:21.938450,03:51:21.938450,03:51:21.938990,03:51:21.938990,03:51:21.940400,03:51:21.940400,03:51:21.942010,03:51:21.942010,03:51:21.952423,03:51:21.952445,03:51:21.966988,03:51:21.970248,03:51:22.374675,03:51:22.374706,03:51:22.380960,03:51:22.386475,03:51:22.391961,03:51:22.088978,03:51:22.089133,03:51:21.939704
150,rejected,03:51:23.632369,03:51:23.632369,03:51:23.632850,03:51:23.632850,03:51:23.634445,03:51:23.634445,03:51:23.635959,03:51:23.635959,03:51:23.646152,03:51:23.646174,03:51:23.660529,03:51:23.663606,03:51:24.069098,03:51:24.069130,03:51:24.075388,03:51:24.080940,03:51:24.086581,03:51:23.783269,03:51:23.783446,03:51:23.633589
150,rejected,03:51:25.316822,03:51:25.316822,03:51:25.317322,03:51:25.317322,03:51:25.318880,03:51:25.318880,03:51:25.320460,03:51:25.320460,03:51:25.329895,03:51:25.329918,03:51:25.343545,03:51:25.346698,03:51:25.756886,03:51:25.756916,03:51:25.764407,03:51:25.773534,03:51:25.781193,03:51:25.467483,03:51:25.467636,03:51:25.318026
150,rejected,03:51:27.017084,03:51:27.017084,03:51:27.017539,03:51:27.017539,03:51:27.018764,03:51:27.018764,03:51:27.020162,03:51:27.020162,03:51:27.029640,03:51:27.029663,03:51:27.042791,03:51:27.045943,03:51:27.450261,03:51:27.450294,03:51:27.456452,03:51:27.462167,03:51:27.467876,03:51:27.167672,03:51:27.167820,03:51:27.018222
150,rejected,03:51:28.770603,03:51:28.770603,03:51:28.771156,03:51:28.771156,03:51:28.772508,03:51:28.772508,03:51:28.773997,03:51:28.773997,03:51:28.783548,03:51:28.783574,03:51:28.797310,03:51:28.800414,03:51:29.204920,03:51:29.204952,03:51:29.211124,03:51:29.216705,03:51:29.222100,03:51:28.921059,03:51:28.921254,03:51:28.771935
150,rejected,03:51:30.453046,03:51:30.453046,03:51:30.453404,03:51:30.453404,03:51:30.454767,03:51:30.454767,03:51:30.456335,03:51:30.456335,03:51:30.466230,03:51:30.466264,03:51:30.481170,03:51:30.484327,03:51:30.889113,03:51:30.889146,03:51:30.895499,03:51:30.900990,03:51:30.906779,03:51:30.603792,03:51:30.603954,03:51:30.454153
150,rejected,03:51:32.040140,03:51:32.040140,03:51:32.040525,03:51:32.040525,03:51:32.041725,03:51:32.041725,03:51:32.043229,03:51:32.043229,03:51:32.052391,03:51:32.052412,03:51:32.076611,03:51:32.080101,03:51:32.485337,03:51:32.485366,03:51:32.492292,03:51:32.497686,03:51:32.503841,03:51:32.190567,03:51:32.190736,03:51:32.041207
150,rejected,03:51:33.820954,03:51:33.820954,03:51:33.821301,03:51:33.821301,03:51:33.822819,03:51:33.822819,03:51:33.824369,03:51:33.824369,03:51:33.834235,03:51:33.834285,03:51:33.855728,03:51:33.859661,03:51:34.265860,03:51:34.265889,03:51:34.272154,03:51:34.277739,03:51:34.283486,03:51:33.971746,03:51:33.971903,03:51:33.821969
150,rejected,03:51:35.422460,03:51:35.422460,03:51:35.422851,03:51:35.422851,03:51:35.424274,03:51:35.424274,03:51:35.425877,03:51:35.425877,03:51:35.435167,03:51:35.435188,03:51:35.449730,03:51:35.452779,03:51:35.865202,03:51:35.865235,03:51:35.872274,03:51:35.880266,03:51:35.888225,03:51:35.573199,03:51:35.573384,03:51:35.423512
150,rejected,03:51:37.132863,03:51:37.132863,03:51:37.133409,03:51:37.133409,03:51:37.134908,03:51:37.134908,03:51:37.136426,03:51:37.136426,03:51:37.145992,03:51:37.146013,03:51:37.160408,03:51:37.163827,03:51:37.569144,03:51:37.569177,03:51:37.575337,03:51:37.581010,03:51:37.586844,03:51:37.283675,03:51:37.283830,03:51:37.134226
150,rejected,03:51:38.741569,03:51:38.741569,03:51:38.741996,03:51:38.741996,03:51:38.743519,03:51:38.743519,03:51:38.745096,03:51:38.745096,03:51:38.754325,03:51:38.754346,03:51:38.767801,03:51:38.770945,03:51:39.177637,03:51:39.177671,03:51:39.183965,03:51:39.189377,03:51:39.195090,03:51:38.892344,03:51:38.892519,03:51:38.742685
150,rejected,03:51:40.345053,03:51:40.345053,03:51:40.345421,03:51:40.345421,03:51:40.346677,03:51:40.346677,03:51:40.348539,03:51:40.348539,03:51:40.360375,03:51:40.360399,03:51:40.374705,03:51:40.377826,03:51:40.782417,03:51:40.782448,03:51:40.788683,03:51:40.794126,03:51:40.799549,03:51:40.495794,03:51:40.495953,03:51:40.346140
150,rejected,03:51:41.960196,03:51:41.960196,03:51:41.960590,03:51:41.960590,03:51:41.962209,03:51:41.962209,03:51:41.963727,03:51:41.963727,03:51:41.972917,03:51:41.972940,03:51:41.986614,03:51:41.989663,03:51:42.393658,03:51:42.393684,03:51:42.399501,03:51:42.404757,03:51:42.410986,03:51:42.110936,03:51:42.111116,03:51:41.961347
150,rejected,03:51:43.553624,03:51:43.553624,03:51:43.553992,03:51:43.553992,03:51:43.555524,03:51:43.555524,03:51:43.557218,03:51:43.557218,03:51:43.566586,03:51:43.566608,03:51:43.580595,03:51:43.584019,03:51:43.987999,03:51:43.988027,03:51:43.993920,03:51:43.999406,03:51:44.008371,03:51:43.704404,03:51:43.704570,03:51:43.554733
150,rejected,03:51:45.325493,03:51:45.325493,03:51:45.325883,03:51:45.325883,03:51:45.327382,03:51:45.327382,03:51:45.328988,03:51:45.328988,03:51:45.338355,03:51:45.338375,03:51:45.352446,03:51:45.355813,03:51:45.764717,03:51:45.764770,03:51:45.773428,03:51:45.781899,03:51:45.789569,03:51:45.476382,03:51:45.476537,03:51:45.326594
150,rejected,03:51:47.104801,03:51:47.104801,03:51:47.105187,03:51:47.105187,03:51:47.106407,03:51:47.106407,03:51:47.108274,03:51:47.108274,03:51:47.118122,03:51:47.118144,03:51:47.132256,03:51:47.135324,03:51:47.539907,03:51:47.539938,03:51:47.546542,03:51:47.552017,03:51:47.557924,03:51:47.255624,03:51:47.255784,03:51:47.105867
150,rejected,03:51:48.711406,03:51:48.711406,03:51:48.711902,03:51:48.711902,03:51:48.713352,03:51:48.713352,03:51:48.714977,03:51:48.714977,03:51:48.725078,03:51:48.725099,03:51:48.739535,03:51:48.742803,03:51:49.147341,03:51:49.147373,03:51:49.153830,03:51:49.159203,03:51:49.164647,03:51:48.861971,03:51:48.862296,03:51:48.712634
150,rejected,03:51:50.458481,03:51:50.458481,03:51:50.459046,03:51:50.459046,03:51:50.460275,03:51:50.460275,03:51:50.461786,03:51:50.461786,03:51:50.474940,03:51:50.474961,03:51:50.489038,03:51:50.492093,03:51:50.897291,03:51:50.897323,03:51:50.903465,03:51:50.909469,03:51:50.915139,03:51:50.609319,03:51:50.609476,03:51:50.459744
150,rejected,03:51:52.214103,03:51:52.214103,03:51:52.214533,03:51:52.214533,03:51:52.215783,03:51:52.215783,03:51:52.217680,03:51:52.217680,03:51:52.227587,03:51:52.227636,03:51:52.256951,03:51:52.261454,03:51:52.666519,03:51:52.666548,03:51:52.672702,03:51:52.678027,03:51:52.683779,03:51:52.364844,03:51:52.365005,03:51:52.215223
150,rejected,03:51:53.828038,03:51:53.828038,03:51:53.828486,03:51:53.828486,03:51:53.829895,03:51:53.829895,03:51:53.831522,03:51:53.831522,03:51:53.840846,03:51:53.840865,03:51:53.855405,03:51:53.858600,03:51:54.263361,03:51:54.263389,03:51:54.269410,03:51:54.275119,03:51:54.281333,03:51:53.978669,03:51:53.978827,03:51:53.829279
150,rejected,03:51:55.642767,03:51:55.642767,03:51:55.643507,03:51:55.643507,03:51:55.645112,03:51:55.645112,03:51:55.646961,03:51:55.646961,03:51:55.656845,03:51:55.656888,03:51:55.675040,03:51:55.679425,03:51:56.092319,03:51:56.092354,03:51:56.098470,03:51:56.104056,03:51:56.109727,03:51:55.793463,03:51:55.793626,03:51:55.644421
150,rejected,03:51:57.347512,03:51:57.347512,03:51:57.347897,03:51:57.347897,03:51:57.349082,03:51:57.349082,03:51:57.350583,03:51:57.350583,03:51:57.360391,03:51:57.360409,03:51:57.378185,03:51:57.383314,03:51:57.790251,03:51:57.790282,03:51:57.796404,03:51:57.801937,03:51:57.807681,03:51:57.497840,03:51:57.498020,03:51:57.348550
150,rejected,03:51:58.961659,03:51:58.961659,03:51:58.962098,03:51:58.962098,03:51:58.963325,03:51:58.963325,03:51:58.965251,03:51:58.965251,03:51:58.974581,03:51:58.974601,03:51:58.988624,03:51:58.991770,03:51:59.397067,03:51:59.397100,03:51:59.403167,03:51:59.408758,03:51:59.414838,03:51:59.112355,03:51:59.112515,03:51:58.962795
150,rejected,03:52:00.714627,03:52:00.714627,03:52:00.715028,03:52:00.715028,03:52:00.716312,03:52:00.716312,03:52:00.717825,03:52:00.717825,03:52:00.727178,03:52:00.727200,03:52:00.741609,03:52:00.744849,03:52:01.150375,03:52:01.150405,03:52:01.156358,03:52:01.161895,03:52:01.167556,03:52:00.865456,03:52:00.865616,03:52:00.715752
150,rejected,03:52:02.317019,03:52:02.317019,03:52:02.317534,03:52:02.317534,03:52:02.318780,03:52:02.318780,03:52:02.320232,03:52:02.320232,03:52:02.329900,03:52:02.329921,03:52:02.344160,03:52:02.347575,03:52:02.753204,03:52:02.753234,03:52:02.759581,03:52:02.765122,03:52:02.770738,03:52:02.467601,03:52:02.467757,03:52:02.318245
150,rejected,03:52:04.001330,03:52:04.001330,03:52:04.001852,03:52:04.001852,03:52:04.003269,03:52:04.003269,03:52:04.004937,03:52:04.004937,03:52:04.014543,03:52:04.014568,03:52:04.029606,03:52:04.033063,03:52:04.436463,03:52:04.436492,03:52:04.443124,03:52:04.448425,03:52:04.453833,03:52:04.152127,03:52:04.152287,03:52:04.002642
150,rejected,03:52:05.581344,03:52:05.581344,03:52:05.581779,03:52:05.581779,03:52:05.583277,03:52:05.583277,03:52:05.584843,03:52:05.584843,03:52:05.595304,03:52:05.595330,03:52:05.613580,03:52:05.618704,03:52:06.032644,03:52:06.032675,03:52:06.038714,03:52:06.044787,03:52:06.050495,03:52:05.732326,03:52:05.732551,03:52:05.582514
150,rejected,03:52:07.281143,03:52:07.281143,03:52:07.281502,03:52:07.281502,03:52:07.282741,03:52:07.282741,03:52:07.284459,03:52:07.284459,03:52:07.293886,03:52:07.293910,03:52:07.307968,03:52:07.311345,03:52:07.715840,03:52:07.715870,03:52:07.722040,03:52:07.727641,03:52:07.733448,03:52:07.431881,03:52:07.432033,03:52:07.282210
150,rejected,03:52:08.983646,03:52:08.983646,03:52:08.984020,03:52:08.984020,03:52:08.985509,03:52:08.985509,03:52:08.987091,03:52:08.987091,03:52:08.997508,03:52:08.997530,03:52:09.012159,03:52:09.015707,03:52:09.418526,03:52:09.418556,03:52:09.425059,03:52:09.430844,03:52:09.436659,03:52:09.134490,03:52:09.134645,03:52:08.984686
150,rejected,03:52:10.663845,03:52:10.663845,03:52:10.664389,03:52:10.664389,03:52:10.665612,03:52:10.665612,03:52:10.667288,03:52:10.667288,03:52:10.676766,03:52:10.676789,03:52:10.691051,03:52:10.694139,03:52:11.098286,03:52:11.098316,03:52:11.104646,03:52:11.109999,03:52:11.117753,03:52:10.814274,03:52:10.814436,03:52:10.665095
150,rejected,03:52:12.426657,03:52:12.426657,03:52:12.427088,03:52:12.427088,03:52:12.428614,03:52:12.428614,03:52:12.430268,03:52:12.430268,03:52:12.439993,03:52:12.440015,03:52:12.463819,03:52:12.466912,03:52:12.871378,03:52:12.871409,03:52:12.877734,03:52:12.883520,03:52:12.889241,03:52:12.577553,03:52:12.577707,03:52:12.427808
150,rejected,03:52:14.034897,03:52:14.034897,03:52:14.035316,03:52:14.035316,03:52:14.036577,03:52:14.036577,03:52:14.038313,03:52:14.038313,03:52:14.047867,03:52:14.047891,03:52:14.063039,03:52:14.066089,03:52:14.470747,03:52:14.470781,03:52:14.476885,03:52:14.482474,03:52:14.488398,03:52:14.185983,03:52:14.186170,03:52:14.036041
150,rejected,03:52:15.734357,03:52:15.734357,03:52:15.734855,03:52:15.734855,03:52:15.736635,03:52:15.736635,03:52:15.738853,03:52:15.738853,03:52:15.749489,03:52:15.749539,03:52:15.770746,03:52:15.774741,03:52:16.185359,03:52:16.185391,03:52:16.191549,03:52:16.197123,03:52:16.202814,03:52:15.885215,03:52:15.885376,03:52:15.735794
150,rejected,03:52:17.437994,03:52:17.437994,03:52:17.438389,03:52:17.438389,03:52:17.439859,03:52:17.439859,03:52:17.441626,03:52:17.441626,03:52:17.452076,03:52:17.452098,03:52:17.466687,03:52:17.470129,03:52:17.874351,03:52:17.874382,03:52:17.881374,03:52:17.887160,03:52:17.893180,03:52:17.588764,03:52:17.588933,03:52:17.439063
150,rejected,03:52:19.184247,03:52:19.184247,03:52:19.184803,03:52:19.184803,03:52:19.186938,03:52:19.186938,03:52:19.189081,03:52:19.189081,03:52:19.199017,03:52:19.199061,03:52:19.216093,03:52:19.219921,03:52:19.626601,03:52:19.626630,03:52:19.632792,03:52:19.638570,03:52:19.644250,03:52:19.335162,03:52:19.335333,03:52:19.185817
150,rejected,03:52:20.783217,03:52:20.783217,03:52:20.783816,03:52:20.783816,03:52:20.785267,03:52:20.785267,03:52:20.786912,03:52:20.786912,03:52:20.798628,03:52:20.798657,03:52:20.812560,03:52:20.815594,03:52:21.220307,03:52:21.220338,03:52:21.226650,03:52:21.232297,03:52:21.237949,03:52:20.933893,03:52:20.934046,03:52:20.784622
150,rejected,03:52:22.473263,03:52:22.473263,03:52:22.473697,03:52:22.473697,03:52:22.474957,03:52:22.474957,03:52:22.476699,03:52:22.476699,03:52:22.486281,03:52:22.486303,03:52:22.501088,03:52:22.504710,03:52:22.910600,03:52:22.910631,03:52:22.917160,03:52:22.922625,03:52:22.928480,03:52:22.624162,03:52:22.624314,03:52:22.474436
150,rejected,03:52:24.224739,03:52:24.224739,03:52:24.225234,03:52:24.225234,03:52:24.226623,03:52:24.226623,03:52:24.228226,03:52:24.228226,03:52:24.237680,03:52:24.237701,03:52:24.251329,03:52:24.254331,03:52:24.660095,03:52:24.660126,03:52:24.666513,03:52:24.672131,03:52:24.678014,03:52:24.375828,03:52:24.375997,03:52:24.225928
150,rejected,03:52:25.972251,03:52:25.972251,03:52:25.972649,03:52:25.972649,03:52:25.973987,03:52:25.973987,03:52:25.975757,03:52:25.975757,03:52:25.985105,03:52:25.985127,03:52:25.999007,03:52:26.002019,03:52:26.406890,03:52:26.406921,03:52:26.413307,03:52:26.419342,03:52:26.425033,03:52:26.123185,03:52:26.123360,03:52:25.973384
150,rejected,03:52:27.569891,03:52:27.569891,03:52:27.570246,03:52:27.570246,03:52:27.571732,03:52:27.571732,03:52:27.573336,03:52:27.573336,03:52:27.582738,03:52:27.582763,03:52:27.596893,03:52:27.599989,03:52:28.005555,03:52:28.005587,03:52:28.012013,03:52:28.019868,03:52:28.025944,03:52:27.720596,03:52:27.720753,03:52:27.570927
150,rejected,03:52:29.321269,03:52:29.321269,03:52:29.321847,03:52:29.321847,03:52:29.323240,03:52:29.323240,03:52:29.324867,03:52:29.324867,03:52:29.334066,03:52:29.334093,03:52:29.348423,03:52:29.351803,03:52:29.756720,03:52:29.756753,03:52:29.763108,03:52:29.770011,03:52:29.775788,03:52:29.471935,03:52:29.472100,03:52:29.322613
150,rejected,03:52:30.988084,03:52:30.988084,03:52:30.988643,03:52:30.988643,03:52:30.990000,03:52:30.990000,03:52:30.991474,03:52:30.991474,03:52:31.000717,03:52:31.000739,03:52:31.015540,03:52:31.018875,03:52:31.423213,03:52:31.423243,03:52:31.429718,03:52:31.435360,03:52:31.441176,03:52:31.138624,03:52:31.138779,03:52:30.989415
150,rejected,03:52:32.685723,03:52:32.685723,03:52:32.686175,03:52:32.686175,03:52:32.687662,03:52:32.687662,03:52:32.689269,03:52:32.689269,03:52:32.698718,03:52:32.698740,03:52:32.723495,03:52:32.727950,03:52:33.135304,03:52:33.135336,03:52:33.141417,03:52:33.147197,03:52:33.152881,03:52:32.836582,03:52:32.836756,03:52:32.686857
150,rejected,03:52:34.443131,03:52:34.443131,03:52:34.443562,03:52:34.443562,03:52:34.444821,03:52:34.444821,03:52:34.446694,03:52:34.446694,03:52:34.456465,03:52:34.456485,03:52:34.471407,03:52:34.474781,03:52:34.879553,03:52:34.879585,03:52:34.886076,03:52:34.891868,03:52:34.897567,03:52:34.593272,03:52:34.593430,03:52:34.444251
150,rejected,03:52:36.173970,03:52:36.173970,03:52:36.174412,03:52:36.174412,03:52:36.175657,03:52:36.175657,03:52:36.177548,03:52:36.177548,03:52:36.187287,03:52:36.187308,03:52:36.201736,03:52:36.204804,03:52:36.609817,03:52:36.609851,03:52:36.615988,03:52:36.621731,03:52:36.627253,03:52:36.324692,03:52:36.324868,03:52:36.175107
150,rejected,03:52:37.982358,03:52:37.982358,03:52:37.982734,03:52:37.982734,03:52:37.984231,03:52:37.984231,03:52:37.985796,03:52:37.985796,03:52:37.995019,03:52:37.995045,03:52:38.010098,03:52:38.013293,03:52:38.418977,03:52:38.419009,03:52:38.425314,03:52:38.431078,03:52:38.436905,03:52:38.132908,03:52:38.133070,03:52:37.983448
150,rejected,03:52:39.755821,03:52:39.755821,03:52:39.756480,03:52:39.756480,03:52:39.757763,03:52:39.757763,03:52:39.759324,03:52:39.759324,03:52:39.768540,03:52:39.768558,03:52:39.782592,03:52:39.785631,03:52:40.190269,03:52:40.190302,03:52:40.196426,03:52:40.202317,03:52:40.207936,03:52:39.906409,03:52:39.906563,03:52:39.757233
150,rejected,03:52:41.350488,03:52:41.350488,03:52:41.350856,03:52:41.350856,03:52:41.352083,03:52:41.352083,03:52:41.353900,03:52:41.353900,03:52:41.363125,03:52:41.363144,03:52:41.378193,03:52:41.381224,03:52:41.785755,03:52:41.785785,03:52:41.792308,03:52:41.797953,03:52:41.803266,03:52:41.501467,03:52:41.501626,03:52:41.351540
150,rejected,03:52:43.144790,03:52:43.144790,03:52:43.145232,03:52:43.145232,03:52:43.146520,03:52:43.146520,03:52:43.148184,03:52:43.148184,03:52:43.157612,03:52:43.157635,03:52:43.171952,03:52:43.175031,03:52:43.580024,03:52:43.580055,03:52:43.586090,03:52:43.591820,03:52:43.599395,03:52:43.295490,03:52:43.295657,03:52:43.145999
150,rejected,03:52:44.807871,03:52:44.807871,03:52:44.808352,03:52:44.808352,03:52:44.809605,03:52:44.809605,03:52:44.811026,03:52:44.811026,03:52:44.820408,03:52:44.820431,03:52:44.835707,03:52:44.838843,03:52:45.243148,03:52:45.243179,03:52:45.249189,03:52:45.254377,03:52:45.260501,03:52:44.958601,03:52:44.958754,03:52:44.809099
150,rejected,03:52:46.515213,03:52:46.515213,03:52:46.515762,03:52:46.515762,03:52:46.517223,03:52:46.517223,03:52:46.518781,03:52:46.518781,03:52:46.528231,03:52:46.528254,03:52:46.542709,03:52:46.545767,03:52:46.951168,03:52:46.951197,03:52:46.957205,03:52:46.962733,03:52:46.968122,03:52:46.666242,03:52:46.666446,03:52:46.516530
150,rejected,03:52:48.214056,03:52:48.214056,03:52:48.214512,03:52:48.214512,03:52:48.215828,03:52:48.215828,03:52:48.217515,03:52:48.217515,03:52:48.226998,03:52:48.227020,03:52:48.241223,03:52:48.244349,03:52:48.648343,03:52:48.648374,03:52:48.654992,03:52:48.662230,03:52:48.667712,03:52:48.364743,03:52:48.364901,03:52:48.215163
150,rejected,03:52:49.909451,03:52:49.909451,03:52:49.909930,03:52:49.909930,03:52:49.911261,03:52:49.911261,03:52:49.912641,03:52:49.912641,03:52:49.921852,03:52:49.921872,03:52:49.935569,03:52:49.938678,03:52:50.342814,03:52:50.342846,03:52:50.349069,03:52:50.355107,03:52:50.360996,03:52:50.060513,03:52:50.060675,03:52:49.910702
150,rejected,03:52:51.503369,03:52:51.503369,03:52:51.503818,03:52:51.503818,03:52:51.505021,03:52:51.505021,03:52:51.506963,03:52:51.506963,03:52:51.516612,03:52:51.516655,03:52:51.532499,03:52:51.535774,03:52:51.942773,03:52:51.942806,03:52:51.948890,03:52:51.954359,03:52:51.959875,03:52:51.653995,03:52:51.654159,03:52:51.504517
150,rejected,03:52:53.139613,03:52:53.139613,03:52:53.140152,03:52:53.140152,03:52:53.141615,03:52:53.141615,03:52:53.143021,03:52:53.143021,03:52:53.152655,03:52:53.152676,03:52:53.176540,03:52:53.179629,03:52:53.583693,03:52:53.583723,03:52:53.589836,03:52:53.595803,03:52:53.601449,03:52:53.290259,03:52:53.290440,03:52:53.140957
150,rejected,03:52:54.833694,03:52:54.833694,03:52:54.834119,03:52:54.834119,03:52:54.835451,03:52:54.835451,03:52:54.836907,03:52:54.836907,03:52:54.846576,03:52:54.846596,03:52:54.861577,03:52:54.864640,03:52:55.269337,03:52:55.269369,03:52:55.275392,03:52:55.280932,03:52:55.286450,03:52:54.984430,03:52:54.984591,03:52:54.834901
150,rejected,03:52:56.644652,03:52:56.644652,03:52:56.645057,03:52:56.645057,03:52:56.646389,03:52:56.646389,03:52:56.648009,03:52:56.648009,03:52:56.657659,03:52:56.657707,03:52:56.677653,03:52:56.682613,03:52:57.088250,03:52:57.088280,03:52:57.094584,03:52:57.100000,03:52:57.105603,03:52:56.795600,03:52:56.795776,03:52:56.645816
150,rejected,03:52:58.403078,03:52:58.403078,03:52:58.403521,03:52:58.403521,03:52:58.404986,03:52:58.404986,03:52:58.406580,03:52:58.406580,03:52:58.416043,03:52:58.416067,03:52:58.429654,03:52:58.432756,03:52:58.837696,03:52:58.837728,03:52:58.843886,03:52:58.849295,03:52:58.854750,03:52:58.554044,03:52:58.554260,03:52:58.404237
150,rejected,03:53:00.096284,03:53:00.096284,03:53:00.096675,03:53:00.096675,03:53:00.097882,03:53:00.097882,03:53:00.099431,03:53:00.099431,03:53:00.108705,03:53:00.108725,03:53:00.122652,03:53:00.125689,03:53:00.529688,03:53:00.529722,03:53:00.536086,03:53:00.541705,03:53:00.547439,03:53:00.247271,03:53:00.247427,03:53:00.097376
150,rejected,03:53:01.836673,03:53:01.836673,03:53:01.837048,03:53:01.837048,03:53:01.838210,03:53:01.838210,03:53:01.839766,03:53:01.839766,03:53:01.852559,03:53:01.852581,03:53:01.867319,03:53:01.870627,03:53:02.277787,03:53:02.277818,03:53:02.284062,03:53:02.289957,03:53:02.295889,03:53:01.987516,03:53:01.987692,03:53:01.837691
150,rejected,03:53:03.448445,03:53:03.448445,03:53:03.448997,03:53:03.448997,03:53:03.450505,03:53:03.450505,03:53:03.452075,03:53:03.452075,03:53:03.462374,03:53:03.462398,03:53:03.476147,03:53:03.479220,03:53:03.882072,03:53:03.882109,03:53:03.888192,03:53:03.893502,03:53:03.899160,03:53:03.599105,03:53:03.599261,03:53:03.449732
150,rejected,03:53:05.223714,03:53:05.223714,03:53:05.224148,03:53:05.224148,03:53:05.225361,03:53:05.225361,03:53:05.226700,03:53:05.226700,03:53:05.235980,03:53:05.236002,03:53:05.250226,03:53:05.253235,03:53:05.658574,03:53:05.658606,03:53:05.664904,03:53:05.671110,03:53:05.677982,03:53:05.374382,03:53:05.374534,03:53:05.224829
150,rejected,03:53:06.994015,03:53:06.994015,03:53:06.994360,03:53:06.994360,03:53:06.996023,03:53:06.996023,03:53:06.997750,03:53:06.997750,03:53:07.007682,03:53:07.007703,03:53:07.021465,03:53:07.024455,03:53:07.430791,03:53:07.430823,03:53:07.436926,03:53:07.442542,03:53:07.448117,03:53:07.145011,03:53:07.145198,03:53:06.995102
150,rejected,03:53:08.698059,03:53:08.698059,03:53:08.698426,03:53:08.698426,03:53:08.699735,03:53:08.699735,03:53:08.701279,03:53:08.701279,03:53:08.710674,03:53:08.710695,03:53:08.725278,03:53:08.728481,03:53:09.134729,03:53:09.134760,03:53:09.140913,03:53:09.146468,03:53:09.152233,03:53:08.848994,03:53:08.849179,03:53:08.699144
150,rejected,03:53:10.305882,03:53:10.305882,03:53:10.306285,03:53:10.306285,03:53:10.307667,03:53:10.307667,03:53:10.309403,03:53:10.309403,03:53:10.319494,03:53:10.319516,03:53:10.333301,03:53:10.336394,03:53:10.740655,03:53:10.740687,03:53:10.746849,03:53:10.752544,03:53:10.758066,03:53:10.456231,03:53:10.456405,03:53:10.307052
150,rejected,03:53:11.987717,03:53:11.987717,03:53:11.988132,03:53:11.988132,03:53:11.989427,03:53:11.989427,03:53:11.990935,03:53:11.990935,03:53:12.000834,03:53:12.000853,03:53:12.015501,03:53:12.018574,03:53:12.423098,03:53:12.423128,03:53:12.429021,03:53:12.434695,03:53:12.440576,03:53:12.138238,03:53:12.138394,03:53:11.988881
150,rejected,03:53:13.587891,03:53:13.587891,03:53:13.588360,03:53:13.588360,03:53:13.589831,03:53:13.589831,03:53:13.591451,03:53:13.591451,03:53:13.601197,03:53:13.601220,03:53:13.625462,03:53:13.628490,03:53:14.033418,03:53:14.033451,03:53:14.039256,03:53:14.045467,03:53:14.051045,03:53:13.738495,03:53:13.738663,03:53:13.589081
150,rejected,03:53:15.283487,03:53:15.283487,03:53:15.284124,03:53:15.284124,03:53:15.286068,03:53:15.286068,03:53:15.288170,03:53:15.288170,03:53:15.299120,03:53:15.299173,03:53:15.317818,03:53:15.321084,03:53:15.727701,03:53:15.727731,03:53:15.735038,03:53:15.743934,03:53:15.751143,03:53:15.434004,03:53:15.434161,03:53:15.285059
150,rejected,03:53:16.969741,03:53:16.969741,03:53:16.970174,03:53:16.970174,03:53:16.971853,03:53:16.971853,03:53:16.973477,03:53:16.973477,03:53:16.982936,03:53:16.982957,03:53:16.997595,03:53:17.000956,03:53:17.404223,03:53:17.404253,03:53:17.410506,03:53:17.416527,03:53:17.422330,03:53:17.120573,03:53:17.120741,03:53:16.970972
150,rejected,03:53:18.677704,03:53:18.677704,03:53:18.678083,03:53:18.678083,03:53:18.679321,03:53:18.679321,03:53:18.681049,03:53:18.681049,03:53:18.691142,03:53:18.691165,03:53:18.705695,03:53:18.709242,03:53:19.113946,03:53:19.113980,03:53:19.120207,03:53:19.125667,03:53:19.131355,03:53:18.828352,03:53:18.828510,03:53:18.678769
150,rejected,03:53:20.378714,03:53:20.378714,03:53:20.379081,03:53:20.379081,03:53:20.380420,03:53:20.380420,03:53:20.382072,03:53:20.382072,03:53:20.392498,03:53:20.392545,03:53:20.409390,03:53:20.412645,03:53:20.817591,03:53:20.817622,03:53:20.824221,03:53:20.829628,03:53:20.835027,03:53:20.529549,03:53:20.529707,03:53:20.379853
150,rejected,03:53:22.129334,03:53:22.129334,03:53:22.129773,03:53:22.129773,03:53:22.131022,03:53:22.131022,03:53:22.132573,03:53:22.132573,03:53:22.143942,03:53:22.143967,03:53:22.157845,03:53:22.161007,03:53:22.566115,03:53:22.566150,03:53:22.572718,03:53:22.578075,03:53:22.583938,03:53:22.280155,03:53:22.280311,03:53:22.130490
150,rejected,03:53:23.733577,03:53:23.733577,03:53:23.734012,03:53:23.734012,03:53:23.735287,03:53:23.735287,03:53:23.736870,03:53:23.736870,03:53:23.746832,03:53:23.746853,03:53:23.761594,03:53:23.764825,03:53:24.169948,03:53:24.169982,03:53:24.175922,03:53:24.181320,03:53:24.186901,03:53:23.884373,03:53:23.884532,03:53:23.734731
150,rejected,03:53:25.419626,03:53:25.419626,03:53:25.420166,03:53:25.420166,03:53:25.421610,03:53:25.421610,03:53:25.423151,03:53:25.423151,03:53:25.432659,03:53:25.432686,03:53:25.448481,03:53:25.453029,03:53:25.864572,03:53:25.864604,03:53:25.873974,03:53:25.886747,03:53:25.896332,03:53:25.570504,03:53:25.570686,03:53:25.420891
150,rejected,03:53:27.154340,03:53:27.154340,03:53:27.154773,03:53:27.154773,03:53:27.156023,03:53:27.156023,03:53:27.157831,03:53:27.157831,03:53:27.168517,03:53:27.168537,03:53:27.183164,03:53:27.186747,03:53:27.591139,03:53:27.591171,03:53:27.597478,03:53:27.603221,03:53:27.608932,03:53:27.304949,03:53:27.305105,03:53:27.155505
150,rejected,03:53:28.905194,03:53:28.905194,03:53:28.905604,03:53:28.905604,03:53:28.907031,03:53:28.907031,03:53:28.908508,03:53:28.908508,03:53:28.917645,03:53:28.917667,03:53:28.931889,03:53:28.934962,03:53:29.339376,03:53:29.339408,03:53:29.345651,03:53:29.351385,03:53:29.357356,03:53:29.055882,03:53:29.056035,03:53:28.906525
150,rejected,03:53:30.654746,03:53:30.654746,03:53:30.655175,03:53:30.655175,03:53:30.656506,03:53:30.656506,03:53:30.658121,03:53:30.658121,03:53:30.667601,03:53:30.667624,03:53:30.686364,03:53:30.691004,03:53:31.097753,03:53:31.097780,03:53:31.103919,03:53:31.109428,03:53:31.115077,03:53:30.805494,03:53:30.805660,03:53:30.655884
150,rejected,03:53:32.415436,03:53:32.415436,03:53:32.415998,03:53:32.415998,03:53:32.417382,03:53:32.417382,03:53:32.418922,03:53:32.418922,03:53:32.429143,03:53:32.429161,03:53:32.443526,03:53:32.446551,03:53:32.851172,03:53:32.851202,03:53:32.857289,03:53:32.862743,03:53:32.868541,03:53:32.565985,03:53:32.566144,03:53:32.416798
150,rejected,03:53:34.204521,03:53:34.204521,03:53:34.205036,03:53:34.205036,03:53:34.206304,03:53:34.206304,03:53:34.207898,03:53:34.207898,03:53:34.217711,03:53:34.217739,03:53:34.242192,03:53:34.245434,03:53:34.650598,03:53:34.650626,03:53:34.656606,03:53:34.662078,03:53:34.667509,03:53:34.355154,03:53:34.355313,03:53:34.205781
150,rejected,03:53:35.912477,03:53:35.912477,03:53:35.913195,03:53:35.913195,03:53:35.915627,03:53:35.915627,03:53:35.917820,03:53:35.917820,03:53:35.928673,03:53:35.928729,03:53:35.964071,03:53:35.969488,03:53:36.376517,03:53:36.376547,03:53:36.382597,03:53:36.388536,03:53:36.394396,03:53:36.062806,03:53:36.062967,03:53:35.914437
150,rejected,03:53:37.695713,03:53:37.695713,03:53:37.696151,03:53:37.696151,03:53:37.697357,03:53:37.697357,03:53:37.698810,03:53:37.698810,03:53:37.707953,03:53:37.707975,03:53:37.722600,03:53:37.725841,03:53:38.131044,03:53:38.131076,03:53:38.137126,03:53:38.142841,03:53:38.149142,03:53:37.846441,03:53:37.846609,03:53:37.696859
200,rejected,03:53:39.367758,03:53:39.367758,03:53:39.368318,03:53:39.368318,03:53:39.369762,03:53:39.369762,03:53:39.371140,03:53:39.371140,03:53:39.380648,03:53:39.380670,03:53:39.394619,03:53:39.397770,03:53:39.802546,03:53:39.802578,03:53:39.808910,03:53:39.814421,03:53:39.820273,03:53:39.568477,03:53:39.568694,03:53:39.369112
200,rejected,03:53:41.049462,03:53:41.049462,03:53:41.049844,03:53:41.049844,03:53:41.051172,03:53:41.051172,03:53:41.052756,03:53:41.052756,03:53:41.062213,03:53:41.062233,03:53:41.076724,03:53:41.079839,03:53:41.484182,03:53:41.484213,03:53:41.490170,03:53:41.495672,03:53:41.503362,03:53:41.250186,03:53:41.250353,03:53:41.050591
200,rejected,03:53:42.742583,03:53:42.742583,03:53:42.742948,03:53:42.742948,03:53:42.744199,03:53:42.744199,03:53:42.745588,03:53:42.745588,03:53:42.757362,03:53:42.757386,03:53:42.771156,03:53:42.774267,03:53:43.177384,03:53:43.177415,03:53:43.183451,03:53:43.188868,03:53:43.194126,03:53:42.943448,03:53:42.943604,03:53:42.743628
200,rejected,03:53:44.431387,03:53:44.431387,03:53:44.431807,03:53:44.431807,03:53:44.433065,03:53:44.433065,03:53:44.434675,03:53:44.434675,03:53:44.444082,03:53:44.444104,03:53:44.458536,03:53:44.461675,03:53:44.867379,03:53:44.867412,03:53:44.873391,03:53:44.878329,03:53:44.884252,03:53:44.631918,03:53:44.632063,03:53:44.432549
200,rejected,03:53:46.225497,03:53:46.225497,03:53:46.225940,03:53:46.225940,03:53:46.227213,03:53:46.227213,03:53:46.228770,03:53:46.228770,03:53:46.238052,03:53:46.238075,03:53:46.252357,03:53:46.255439,03:53:46.660747,03:53:46.660782,03:53:46.667133,03:53:46.673159,03:53:46.679006,03:53:46.426224,03:53:46.426770,03:53:46.226702
200,rejected,03:53:47.973877,03:53:47.973877,03:53:47.974471,03:53:47.974471,03:53:47.976102,03:53:47.976102,03:53:47.977817,03:53:47.977817,03:53:47.987348,03:53:47.987376,03:53:48.001835,03:53:48.004988,03:53:48.410474,03:53:48.410504,03:53:48.416916,03:53:48.422428,03:53:48.427825,03:53:48.174263,03:53:48.174482,03:53:47.975334
200,rejected,03:53:49.671915,03:53:49.671915,03:53:49.672374,03:53:49.672374,03:53:49.674090,03:53:49.674090,03:53:49.675832,03:53:49.675832,03:53:49.685409,03:53:49.685432,03:53:49.701466,03:53:49.706297,03:53:50.113082,03:53:50.113113,03:53:50.119242,03:53:50.124640,03:53:50.130479,03:53:49.872458,03:53:49.872631,03:53:49.673211
200,rejected,03:53:51.480541,03:53:51.480541,03:53:51.480926,03:53:51.480926,03:53:51.482120,03:53:51.482120,03:53:51.483960,03:53:51.483960,03:53:51.494440,03:53:51.494461,03:53:51.509512,03:53:51.512960,03:53:51.916724,03:53:51.916754,03:53:51.922808,03:53:51.928444,03:53:51.934050,03:53:51.681411,03:53:51.681577,03:53:51.481590
200,rejected,03:53:53.157461,03:53:53.157461,03:53:53.158002,03:53:53.158002,03:53:53.159314,03:53:53.159314,03:53:53.160966,03:53:53.160966,03:53:53.170524,03:53:53.170547,03:53:53.184566,03:53:53.187581,03:53:53.592199,03:53:53.592230,03:53:53.598205,03:53:53.603589,03:53:53.609324,03:53:53.357974,03:53:53.358138,03:53:53.158762
200,rejected,03:53:54.921119,03:53:54.921119,03:53:54.921684,03:53:54.921684,03:53:54.923200,03:53:54.923200,03:53:54.924783,03:53:54.924783,03:53:54.935122,03:53:54.935143,03:53:54.959269,03:53:54.962318,03:53:55.367507,03:53:55.367537,03:53:55.373812,03:53:55.380213,03:53:55.388324,03:53:55.121711,03:53:55.122089,03:53:54.922524
200,rejected,03:53:56.555861,03:53:56.555861,03:53:56.556440,03:53:56.556440,03:53:56.557927,03:53:56.557927,03:53:56.559587,03:53:56.559587,03:53:56.568997,03:53:56.569025,03:53:56.583851,03:53:56.586907,03:53:56.991695,03:53:56.991727,03:53:56.997900,03:53:57.003157,03:53:57.008455,03:53:56.756323,03:53:56.756486,03:53:56.557268
200,rejected,03:53:58.370873,03:53:58.370873,03:53:58.371281,03:53:58.371281,03:53:58.372862,03:53:58.372862,03:53:58.374524,03:53:58.374524,03:53:58.383864,03:53:58.383887,03:53:58.398773,03:53:58.401800,03:53:58.806493,03:53:58.806525,03:53:58.812860,03:53:58.818486,03:53:58.824070,03:53:58.571719,03:53:58.571865,03:53:58.372056
200,rejected,03:54:00.125998,03:54:00.125998,03:54:00.126454,03:54:00.126454,03:54:00.127735,03:54:00.127735,03:54:00.129506,03:54:00.129506,03:54:00.139495,03:54:00.139518,03:54:00.153582,03:54:00.156614,03:54:00.560631,03:54:00.560662,03:54:00.567233,03:54:00.573209,03:54:00.579144,03:54:00.326823,03:54:00.326979,03:54:00.127213
200,rejected,03:54:01.903703,03:54:01.903703,03:54:01.904111,03:54:01.904111,03:54:01.905673,03:54:01.905673,03:54:01.907353,03:54:01.907353,03:54:01.917034,03:54:01.917056,03:54:01.931817,03:54:01.934824,03:54:02.339281,03:54:02.339314,03:54:02.345389,03:54:02.350988,03:54:02.357171,03:54:02.104445,03:54:02.104595,03:54:01.904869
200,rejected,03:54:03.655162,03:54:03.655162,03:54:03.655555,03:54:03.655555,03:54:03.656822,03:54:03.656822,03:54:03.658627,03:54:03.658627,03:54:03.668942,03:54:03.668992,03:54:03.687552,03:54:03.692236,03:54:04.097559,03:54:04.097587,03:54:04.103886,03:54:04.109242,03:54:04.114967,03:54:03.855791,03:54:03.855947,03:54:03.656268
200,rejected,03:54:05.274107,03:54:05.274107,03:54:05.274513,03:54:05.274513,03:54:05.275847,03:54:05.275847,03:54:05.277224,03:54:05.277224,03:54:05.286787,03:54:05.286807,03:54:05.300961,03:54:05.304177,03:54:05.709004,03:54:05.709034,03:54:05.715944,03:54:05.722289,03:54:05.728892,03:54:05.474767,03:54:05.474941,03:54:05.275328
200,rejected,03:54:06.890861,03:54:06.890861,03:54:06.891423,03:54:06.891423,03:54:06.892900,03:54:06.892900,03:54:06.894493,03:54:06.894493,03:54:06.904447,03:54:06.904471,03:54:06.918913,03:54:06.921906,03:54:07.325540,03:54:07.325574,03:54:07.331771,03:54:07.337497,03:54:07.343256,03:54:07.091410,03:54:07.091579,03:54:06.892206
200,rejected,03:54:08.584893,03:54:08.584893,03:54:08.585276,03:54:08.585276,03:54:08.586492,03:54:08.586492,03:54:08.588310,03:54:08.588310,03:54:08.599207,03:54:08.599262,03:54:08.616290,03:54:08.619720,03:54:09.027849,03:54:09.027882,03:54:09.033913,03:54:09.039483,03:54:09.045023,03:54:08.785806,03:54:08.785987,03:54:08.585951
200,rejected,03:54:10.190306,03:54:10.190306,03:54:10.190675,03:54:10.190675,03:54:10.191995,03:54:10.191995,03:54:10.193374,03:54:10.193374,03:54:10.202638,03:54:10.202657,03:54:10.216724,03:54:10.219878,03:54:10.624374,03:54:10.624407,03:54:10.630755,03:54:10.636429,03:54:10.642179,03:54:10.390846,03:54:10.391022,03:54:10.191446
200,rejected,03:54:11.890271,03:54:11.890271,03:54:11.890750,03:54:11.890750,03:54:11.892180,03:54:11.892180,03:54:11.893801,03:54:11.893801,03:54:11.903352,03:54:11.903380,03:54:11.917718,03:54:11.920897,03:54:12.326764,03:54:12.326796,03:54:12.333115,03:54:12.338517,03:54:12.344006,03:54:12.090964,03:54:12.091283,03:54:11.891576
200,rejected,03:54:13.643561,03:54:13.643561,03:54:13.643974,03:54:13.643974,03:54:13.645248,03:54:13.645248,03:54:13.647041,03:54:13.647041,03:54:13.656413,03:54:13.656432,03:54:13.669885,03:54:13.674129,03:54:14.081906,03:54:14.081941,03:54:14.088262,03:54:14.093670,03:54:14.099709,03:54:13.844057,03:54:13.844223,03:54:13.644737
200,rejected,03:54:15.247656,03:54:15.247656,03:54:15.248100,03:54:15.248100,03:54:15.249354,03:54:15.249354,03:54:15.251075,03:54:15.251075,03:54:15.260548,03:54:15.260570,03:54:15.283641,03:54:15.286670,03:54:15.691224,03:54:15.691252,03:54:15.697462,03:54:15.703540,03:54:15.709329,03:54:15.448595,03:54:15.448741,03:54:15.248836
200,rejected,03:54:17.016102,03:54:17.016102,03:54:17.016511,03:54:17.016511,03:54:17.017772,03:54:17.017772,03:54:17.019265,03:54:17.019265,03:54:17.029109,03:54:17.029128,03:54:17.045120,03:54:17.048302,03:54:17.451892,03:54:17.451921,03:54:17.458082,03:54:17.463738,03:54:17.469389,03:54:17.216933,03:54:17.217092,03:54:17.017218
200,rejected,03:54:18.826794,03:54:18.826794,03:54:18.827319,03:54:18.827319,03:54:18.828759,03:54:18.828759,03:54:18.830458,03:54:18.830458,03:54:18.840873,03:54:18.840899,03:54:18.860117,03:54:18.863372,03:54:19.270127,03:54:19.270161,03:54:19.276317,03:54:19.281909,03:54:19.287727,03:54:19.027624,03:54:19.027787,03:54:18.828061
200,rejected,03:54:20.590799,03:54:20.590799,03:54:20.591496,03:54:20.591496,03:54:20.592776,03:54:20.592776,03:54:20.594467,03:54:20.594467,03:54:20.604519,03:54:20.604543,03:54:20.619475,03:54:20.622559,03:54:21.027075,03:54:21.027106,03:54:21.033168,03:54:21.038879,03:54:21.044765,03:54:20.791618,03:54:20.791773,03:54:20.592249
200,rejected,03:54:22.293289,03:54:22.293289,03:54:22.293690,03:54:22.293690,03:54:22.294943,03:54:22.294943,03:54:22.296467,03:54:22.296467,03:54:22.305642,03:54:22.305662,03:54:22.319865,03:54:22.322840,03:54:22.727199,03:54:22.727231,03:54:22.733058,03:54:22.738690,03:54:22.744423,03:54:22.493869,03:54:22.494028,03:54:22.294375
200,rejected,03:54:23.879668,03:54:23.879668,03:54:23.880043,03:54:23.880043,03:54:23.881252,03:54:23.881252,03:54:23.883076,03:54:23.883076,03:54:23.895012,03:54:23.895035,03:54:23.909007,03:54:23.912415,03:54:24.319768,03:54:24.319799,03:54:24.326413,03:54:24.331884,03:54:24.337620,03:54:24.080348,03:54:24.080609,03:54:23.880744
200,rejected,03:54:25.549094,03:54:25.549094,03:54:25.549578,03:54:25.549578,03:54:25.550768,03:54:25.550768,03:54:25.552637,03:54:25.552637,03:54:25.561874,03:54:25.561898,03:54:25.575977,03:54:25.578980,03:54:25.991691,03:54:25.991730,03:54:25.998550,03:54:26.006796,03:54:26.015417,03:54:25.750154,03:54:25.750405,03:54:25.550270
200,rejected,03:54:27.318179,03:54:27.318179,03:54:27.318831,03:54:27.318831,03:54:27.320685,03:54:27.320685,03:54:27.322264,03:54:27.322264,03:54:27.332433,03:54:27.332456,03:54:27.346634,03:54:27.349782,03:54:27.754795,03:54:27.754829,03:54:27.760933,03:54:27.766585,03:54:27.772316,03:54:27.518017,03:54:27.518174,03:54:27.319732
200,rejected,03:54:29.071572,03:54:29.071572,03:54:29.071995,03:54:29.071995,03:54:29.073204,03:54:29.073204,03:54:29.075035,03:54:29.075035,03:54:29.084478,03:54:29.084500,03:54:29.101457,03:54:29.104830,03:54:29.511721,03:54:29.511752,03:54:29.517885,03:54:29.523591,03:54:29.529868,03:54:29.272667,03:54:29.272841,03:54:29.072702
200,rejected,03:54:30.864255,03:54:30.864255,03:54:30.864746,03:54:30.864746,03:54:30.865977,03:54:30.865977,03:54:30.867516,03:54:30.867516,03:54:30.876825,03:54:30.876843,03:54:30.891020,03:54:30.894007,03:54:31.298707,03:54:31.298738,03:54:31.304826,03:54:31.310520,03:54:31.316509,03:54:31.064854,03:54:31.065026,03:54:30.865462
200,rejected,03:54:32.476932,03:54:32.476932,03:54:32.477396,03:54:32.477396,03:54:32.478639,03:54:32.478639,03:54:32.480445,03:54:32.480445,03:54:32.489707,03:54:32.489729,03:54:32.504024,03:54:32.507075,03:54:32.911817,03:54:32.911848,03:54:32.918057,03:54:32.923552,03:54:32.929437,03:54:32.677555,03:54:32.677736,03:54:32.478099
200,rejected,03:54:34.225053,03:54:34.225053,03:54:34.225640,03:54:34.225640,03:54:34.226945,03:54:34.226945,03:54:34.228621,03:54:34.228621,03:54:34.238400,03:54:34.238423,03:54:34.252397,03:54:34.256061,03:54:34.663240,03:54:34.663272,03:54:34.669391,03:54:34.675210,03:54:34.681086,03:54:34.425690,03:54:34.425847,03:54:34.226406
200,rejected,03:54:35.979061,03:54:35.979061,03:54:35.979629,03:54:35.979629,03:54:35.981309,03:54:35.981309,03:54:35.983288,03:54:35.983288,03:54:35.993171,03:54:35.993200,03:54:36.023006,03:54:36.026389,03:54:36.430760,03:54:36.430789,03:54:36.436864,03:54:36.442807,03:54:36.448774,03:54:36.179550,03:54:36.179738,03:54:35.980530
200,rejected,03:54:37.585545,03:54:37.585545,03:54:37.585946,03:54:37.585946,03:54:37.587179,03:54:37.587179,03:54:37.588961,03:54:37.588961,03:54:37.599143,03:54:37.599166,03:54:37.614339,03:54:37.617428,03:54:38.023311,03:54:38.023344,03:54:38.029764,03:54:38.035296,03:54:38.040917,03:54:37.786118,03:54:37.786318,03:54:37.586630
200,rejected,03:54:39.190294,03:54:39.190294,03:54:39.190713,03:54:39.190713,03:54:39.191951,03:54:39.191951,03:54:39.193379,03:54:39.193379,03:54:39.203126,03:54:39.203147,03:54:39.219503,03:54:39.224345,03:54:39.630707,03:54:39.630738,03:54:39.637056,03:54:39.642710,03:54:39.648325,03:54:39.391004,03:54:39.391188,03:54:39.191417
200,rejected,03:54:40.893799,03:54:40.893799,03:54:40.894221,03:54:40.894221,03:54:40.895501,03:54:40.895501,03:54:40.897313,03:54:40.897313,03:54:40.907328,03:54:40.907348,03:54:40.921649,03:54:40.924680,03:54:41.330293,03:54:41.330325,03:54:41.336425,03:54:41.342078,03:54:41.347688,03:54:41.094585,03:54:41.094741,03:54:40.894980
200,rejected,03:54:42.484839,03:54:42.484839,03:54:42.485344,03:54:42.485344,03:54:42.486811,03:54:42.486811,03:54:42.488509,03:54:42.488509,03:54:42.498810,03:54:42.498829,03:54:42.512697,03:54:42.515703,03:54:42.920080,03:54:42.920115,03:54:42.926040,03:54:42.932018,03:54:42.937704,03:54:42.685605,03:54:42.685769,03:54:42.486110
200,rejected,03:54:44.236858,03:54:44.236858,03:54:44.237422,03:54:44.237422,03:54:44.238854,03:54:44.238854,03:54:44.240520,03:54:44.240520,03:54:44.250007,03:54:44.250035,03:54:44.268056,03:54:44.271451,03:54:44.677998,03:54:44.678031,03:54:44.683893,03:54:44.689300,03:54:44.694980,03:54:44.437852,03:54:44.438033,03:54:44.238212
200,rejected,03:54:45.998796,03:54:45.998796,03:54:45.999312,03:54:45.999312,03:54:46.000807,03:54:46.000807,03:54:46.002636,03:54:46.002636,03:54:46.013966,03:54:46.014009,03:54:46.031155,03:54:46.034338,03:54:46.439648,03:54:46.439684,03:54:46.445681,03:54:46.451256,03:54:46.456966,03:54:46.199187,03:54:46.199377,03:54:46.000139
200,rejected,03:54:47.763807,03:54:47.763807,03:54:47.764239,03:54:47.764239,03:54:47.765485,03:54:47.765485,03:54:47.767170,03:54:47.767170,03:54:47.776876,03:54:47.776900,03:54:47.791918,03:54:47.795211,03:54:48.200636,03:54:48.200667,03:54:48.207471,03:54:48.213504,03:54:48.219612,03:54:47.964507,03:54:47.964685,03:54:47.764965
200,rejected,03:54:49.522054,03:54:49.522054,03:54:49.522454,03:54:49.522454,03:54:49.523725,03:54:49.523725,03:54:49.525138,03:54:49.525138,03:54:49.534488,03:54:49.534508,03:54:49.553091,03:54:49.556620,03:54:49.963462,03:54:49.963495,03:54:49.969714,03:54:49.975671,03:54:49.981708,03:54:49.722802,03:54:49.722967,03:54:49.523162
200,rejected,03:54:51.284290,03:54:51.284290,03:54:51.284646,03:54:51.284646,03:54:51.285857,03:54:51.285857,03:54:51.287549,03:54:51.287549,03:54:51.297098,03:54:51.297117,03:54:51.312052,03:54:51.315379,03:54:51.720937,03:54:51.720970,03:54:51.726951,03:54:51.732619,03:54:51.738394,03:54:51.485213,03:54:51.485370,03:54:51.285318
200,rejected,03:54:53.088210,03:54:53.088210,03:54:53.088626,03:54:53.088626,03:54:53.089887,03:54:53.089887,03:54:53.091587,03:54:53.091587,03:54:53.101157,03:54:53.101180,03:54:53.116034,03:54:53.119111,03:54:53.524153,03:54:53.524185,03:54:53.530468,03:54:53.536042,03:54:53.541146,03:54:53.288869,03:54:53.289041,03:54:53.089317
200,rejected,03:54:54.778116,03:54:54.778116,03:54:54.778667,03:54:54.778667,03:54:54.779999,03:54:54.779999,03:54:54.781590,03:54:54.781590,03:54:54.790903,03:54:54.790926,03:54:54.809969,03:54:54.814456,03:54:55.220897,03:54:55.220929,03:54:55.227089,03:54:55.232462,03:54:55.237969,03:54:54.978585,03:54:54.978757,03:54:54.779437
200,rejected,03:54:56.448706,03:54:56.448706,03:54:56.449108,03:54:56.449108,03:54:56.450374,03:54:56.450374,03:54:56.451785,03:54:56.451785,03:54:56.461025,03:54:56.461047,03:54:56.485792,03:54:56.488807,03:54:56.893538,03:54:56.893579,03:54:56.899624,03:54:56.904906,03:54:56.910874,03:54:56.649363,03:54:56.649524,03:54:56.449860
200,rejected,03:54:58.147150,03:54:58.147150,03:54:58.147640,03:54:58.147640,03:54:58.148921,03:54:58.148921,03:54:58.150717,03:54:58.150717,03:54:58.160688,03:54:58.160711,03:54:58.175941,03:54:58.179076,03:54:58.583930,03:54:58.583961,03:54:58.590529,03:54:58.597912,03:54:58.603679,03:54:58.347874,03:54:58.348059,03:54:58.148403
200,rejected,03:54:59.838920,03:54:59.838920,03:54:59.839365,03:54:59.839365,03:54:59.840762,03:54:59.840762,03:54:59.842585,03:54:59.842585,03:54:59.853093,03:54:59.853144,03:54:59.873967,03:54:59.877785,03:55:00.283852,03:55:00.283883,03:55:00.290208,03:55:00.295745,03:55:00.301789,03:55:00.039624,03:55:00.039810,03:54:59.840227
200,rejected,03:55:01.602101,03:55:01.602101,03:55:01.602529,03:55:01.602529,03:55:01.604069,03:55:01.604069,03:55:01.605785,03:55:01.605785,03:55:01.615702,03:55:01.615725,03:55:01.629760,03:55:01.632858,03:55:02.038106,03:55:02.038136,03:55:02.044437,03:55:02.050320,03:55:02.055971,03:55:01.802614,03:55:01.802778,03:55:01.603260
200,rejected,03:55:03.360912,03:55:03.360912,03:55:03.361269,03:55:03.361269,03:55:03.362522,03:55:03.362522,03:55:03.364105,03:55:03.364105,03:55:03.373512,03:55:03.373532,03:55:03.387960,03:55:03.391061,03:55:03.793696,03:55:03.793728,03:55:03.800284,03:55:03.805821,03:55:03.811252,03:55:03.561763,03:55:03.561913,03:55:03.361976
200,rejected,03:55:04.947013,03:55:04.947013,03:55:04.947434,03:55:04.947434,03:55:04.948932,03:55:04.948932,03:55:04.950496,03:55:04.950496,03:55:04.965108,03:55:04.965136,03:55:04.979598,03:55:04.982796,03:55:05.387000,03:55:05.387029,03:55:05.393238,03:55:05.399015,03:55:05.405023,03:55:05.147484,03:55:05.147646,03:55:04.948142
200,rejected,03:55:06.735169,03:55:06.735169,03:55:06.735712,03:55:06.735712,03:55:06.737119,03:55:06.737119,03:55:06.738696,03:55:06.738696,03:55:06.747934,03:55:06.747959,03:55:06.762322,03:55:06.765771,03:55:07.170728,03:55:07.170761,03:55:07.177008,03:55:07.182633,03:55:07.188505,03:55:06.935760,03:55:06.935915,03:55:06.736487
200,rejected,03:55:08.439477,03:55:08.439477,03:55:08.439859,03:55:08.439859,03:55:08.441335,03:55:08.441335,03:55:08.442844,03:55:08.442844,03:55:08.452345,03:55:08.452369,03:55:08.466210,03:55:08.469421,03:55:08.875632,03:55:08.875667,03:55:08.882011,03:55:08.887635,03:55:08.893428,03:55:08.640010,03:55:08.640156,03:55:08.440546
200,rejected,03:55:10.134889,03:55:10.134889,03:55:10.135280,03:55:10.135280,03:55:10.136541,03:55:10.136541,03:55:10.138326,03:55:10.138326,03:55:10.148539,03:55:10.148562,03:55:10.162538,03:55:10.165887,03:55:10.570195,03:55:10.570225,03:55:10.576233,03:55:10.581698,03:55:10.587455,03:55:10.335589,03:55:10.335738,03:55:10.136006
200,rejected,03:55:11.840339,03:55:11.840339,03:55:11.840769,03:55:11.840769,03:55:11.842215,03:55:11.842215,03:55:11.843692,03:55:11.843692,03:55:11.853294,03:55:11.853322,03:55:11.867897,03:55:11.870957,03:55:12.276156,03:55:12.276188,03:55:12.282144,03:55:12.287947,03:55:12.293724,03:55:12.041135,03:55:12.041293,03:55:11.841463
200,rejected,03:55:13.502477,03:55:13.502477,03:55:13.502955,03:55:13.502955,03:55:13.504392,03:55:13.504392,03:55:13.506019,03:55:13.506019,03:55:13.516300,03:55:13.516350,03:55:13.534602,03:55:13.538277,03:55:13.944183,03:55:13.944214,03:55:13.951533,03:55:13.957532,03:55:13.963380,03:55:13.703205,03:55:13.703370,03:55:13.503647
200,rejected,03:55:15.261018,03:55:15.261018,03:55:15.261440,03:55:15.261440,03:55:15.262650,03:55:15.262650,03:55:15.264385,03:55:15.264385,03:55:15.273551,03:55:15.273573,03:55:15.286866,03:55:15.290105,03:55:15.694413,03:55:15.694444,03:55:15.700909,03:55:15.706466,03:55:15.712481,03:55:15.461617,03:55:15.461772,03:55:15.262129
200,rejected,03:55:17.026897,03:55:17.026897,03:55:17.027355,03:55:17.027355,03:55:17.028525,03:55:17.028525,03:55:17.030054,03:55:17.030054,03:55:17.039731,03:55:17.039750,03:55:17.064091,03:55:17.067122,03:55:17.473194,03:55:17.473226,03:55:17.479519,03:55:17.485146,03:55:17.490840,03:55:17.227628,03:55:17.227783,03:55:17.028016
200,rejected,03:55:18.649284,03:55:18.649284,03:55:18.649713,03:55:18.649713,03:55:18.650906,03:55:18.650906,03:55:18.652802,03:55:18.652802,03:55:18.664453,03:55:18.664478,03:55:18.751092,03:55:18.756472,03:55:19.162854,03:55:19.162885,03:55:19.169302,03:55:19.174926,03:55:19.180665,03:55:18.850027,03:55:18.850202,03:55:18.650361
200,rejected,03:55:20.422311,03:55:20.422311,03:55:20.422768,03:55:20.422768,03:55:20.424319,03:55:20.424319,03:55:20.426004,03:55:20.426004,03:55:20.435715,03:55:20.435735,03:55:20.450947,03:55:20.454382,03:55:20.858858,03:55:20.858888,03:55:20.865107,03:55:20.870742,03:55:20.876398,03:55:20.623076,03:55:20.623243,03:55:20.423520
200,rejected,03:55:22.184692,03:55:22.184692,03:55:22.185258,03:55:22.185258,03:55:22.186790,03:55:22.186790,03:55:22.188559,03:55:22.188559,03:55:22.198549,03:55:22.198570,03:55:22.212370,03:55:22.215779,03:55:22.620680,03:55:22.620711,03:55:22.627082,03:55:22.632891,03:55:22.638484,03:55:22.385329,03:55:22.385500,03:55:22.186082
200,rejected,03:55:23.941337,03:55:23.941337,03:55:23.941906,03:55:23.941906,03:55:23.943326,03:55:23.943326,03:55:23.944973,03:55:23.944973,03:55:23.954957,03:55:23.954982,03:55:23.968553,03:55:23.971582,03:55:24.375988,03:55:24.376017,03:55:24.382177,03:55:24.387965,03:55:24.393730,03:55:24.141824,03:55:24.141992,03:55:23.942678
200,rejected,03:55:25.628523,03:55:25.628523,03:55:25.628881,03:55:25.628881,03:55:25.630054,03:55:25.630054,03:55:25.631601,03:55:25.631601,03:55:25.640886,03:55:25.640908,03:55:25.655825,03:55:25.659026,03:55:26.072756,03:55:26.072792,03:55:26.080595,03:55:26.087459,03:55:26.094082,03:55:25.829244,03:55:25.829419,03:55:25.629544
200,rejected,03:55:27.349000,03:55:27.349000,03:55:27.349439,03:55:27.349439,03:55:27.350735,03:55:27.350735,03:55:27.352551,03:55:27.352551,03:55:27.362071,03:55:27.362094,03:55:27.376386,03:55:27.379508,03:55:27.785006,03:55:27.785037,03:55:27.791179,03:55:27.796658,03:55:27.802188,03:55:27.549573,03:55:27.549734,03:55:27.350230
200,rejected,03:55:29.014886,03:55:29.014886,03:55:29.015323,03:55:29.015323,03:55:29.016614,03:55:29.016614,03:55:29.018101,03:55:29.018101,03:55:29.028335,03:55:29.028359,03:55:29.042653,03:55:29.045780,03:55:29.449140,03:55:29.449172,03:55:29.455301,03:55:29.460661,03:55:29.466185,03:55:29.215784,03:55:29.215956,03:55:29.016069
200,rejected,03:55:30.708604,03:55:30.708604,03:55:30.709045,03:55:30.709045,03:55:30.710567,03:55:30.710567,03:55:30.712205,03:55:30.712205,03:55:30.721735,03:55:30.721757,03:55:30.736323,03:55:30.739501,03:55:31.142212,03:55:31.142241,03:55:31.148407,03:55:31.154211,03:55:31.159759,03:55:30.909327,03:55:30.909494,03:55:30.709733
200,rejected,03:55:32.324140,03:55:32.324140,03:55:32.324616,03:55:32.324616,03:55:32.325843,03:55:32.325843,03:55:32.327307,03:55:32.327307,03:55:32.336950,03:55:32.336998,03:55:32.353744,03:55:32.357889,03:55:32.764467,03:55:32.764499,03:55:32.770775,03:55:32.776254,03:55:32.781584,03:55:32.524793,03:55:32.524952,03:55:32.325340
200,rejected,03:55:33.947513,03:55:33.947513,03:55:33.947862,03:55:33.947862,03:55:33.949014,03:55:33.949014,03:55:33.950441,03:55:33.950441,03:55:33.959569,03:55:33.959592,03:55:33.974324,03:55:33.977397,03:55:34.382193,03:55:34.382222,03:55:34.388545,03:55:34.393800,03:55:34.399364,03:55:34.148253,03:55:34.148423,03:55:33.948507
200,rejected,03:55:35.565649,03:55:35.565649,03:55:35.566049,03:55:35.566049,03:55:35.567299,03:55:35.567299,03:55:35.569202,03:55:35.569202,03:55:35.578921,03:55:35.578944,03:55:35.592962,03:55:35.596212,03:55:36.007812,03:55:36.007844,03:55:36.016426,03:55:36.026971,03:55:36.034823,03:55:35.766585,03:55:35.766737,03:55:35.566741
200,rejected,03:55:37.178490,03:55:37.178490,03:55:37.178966,03:55:37.178966,03:55:37.180233,03:55:37.180233,03:55:37.181671,03:55:37.181671,03:55:37.192481,03:55:37.192532,03:55:37.210543,03:55:37.214827,03:55:37.622021,03:55:37.622053,03:55:37.628235,03:55:37.633748,03:55:37.639601,03:55:37.379308,03:55:37.379490,03:55:37.179728
200,rejected,03:55:38.793493,03:55:38.793493,03:55:38.793924,03:55:38.793924,03:55:38.795429,03:55:38.795429,03:55:38.797033,03:55:38.797033,03:55:38.806876,03:55:38.806900,03:55:38.828959,03:55:38.832028,03:55:39.237021,03:55:39.237054,03:55:39.243087,03:55:39.248744,03:55:39.254606,03:55:38.994518,03:55:38.994684,03:55:38.794651
200,rejected,03:55:40.407141,03:55:40.407141,03:55:40.407570,03:55:40.407570,03:55:40.409076,03:55:40.409076,03:55:40.410676,03:55:40.410676,03:55:40.420992,03:55:40.421016,03:55:40.435512,03:55:40.438708,03:55:40.843751,03:55:40.843784,03:55:40.850001,03:55:40.855648,03:55:40.861300,03:55:40.607508,03:55:40.607665,03:55:40.408255
200,rejected,03:55:42.013807,03:55:42.013807,03:55:42.014201,03:55:42.014201,03:55:42.015418,03:55:42.015418,03:55:42.016943,03:55:42.016943,03:55:42.026085,03:55:42.026105,03:55:42.042095,03:55:42.046204,03:55:42.454055,03:55:42.454086,03:55:42.460329,03:55:42.465812,03:55:42.471677,03:55:42.214072,03:55:42.214239,03:55:42.014875
200,rejected,03:55:43.636436,03:55:43.636436,03:55:43.637009,03:55:43.637009,03:55:43.638301,03:55:43.638301,03:55:43.639760,03:55:43.639760,03:55:43.649094,03:55:43.649114,03:55:43.663360,03:55:43.666743,03:55:44.070867,03:55:44.070899,03:55:44.077075,03:55:44.083012,03:55:44.088873,03:55:43.837118,03:55:43.837288,03:55:43.637749
200,rejected,03:55:45.247213,03:55:45.247213,03:55:45.247628,03:55:45.247628,03:55:45.248836,03:55:45.248836,03:55:45.250348,03:55:45.250348,03:55:45.262055,03:55:45.262078,03:55:45.276292,03:55:45.279331,03:55:45.684498,03:55:45.684530,03:55:45.690719,03:55:45.696290,03:55:45.701560,03:55:45.447841,03:55:45.448010,03:55:45.248303
200,rejected,03:55:47.018010,03:55:47.018010,03:55:47.018421,03:55:47.018421,03:55:47.019736,03:55:47.019736,03:55:47.021113,03:55:47.021113,03:55:47.031013,03:55:47.031034,03:55:47.045053,03:55:47.048802,03:55:47.453538,03:55:47.453569,03:55:47.459562,03:55:47.465037,03:55:47.473096,03:55:47.218660,03:55:47.218818,03:55:47.019162
200,rejected,03:55:48.801242,03:55:48.801242,03:55:48.801746,03:55:48.801746,03:55:48.802963,03:55:48.802963,03:55:48.804636,03:55:48.804636,03:55:48.814361,03:55:48.814382,03:55:48.828768,03:55:48.832634,03:55:49.235347,03:55:49.235378,03:55:49.241781,03:55:49.247639,03:55:49.253396,03:55:49.001859,03:55:49.002087,03:55:48.802458
200,rejected,03:55:50.568128,03:55:50.568128,03:55:50.568486,03:55:50.568486,03:55:50.569751,03:55:50.569751,03:55:50.571337,03:55:50.571337,03:55:50.580725,03:55:50.580745,03:55:50.594205,03:55:50.597273,03:55:51.001702,03:55:51.001733,03:55:51.007795,03:55:51.013607,03:55:51.019537,03:55:50.768933,03:55:50.769161,03:55:50.569186
200,rejected,03:55:52.322190,03:55:52.322190,03:55:52.322588,03:55:52.322588,03:55:52.323910,03:55:52.323910,03:55:52.325590,03:55:52.325590,03:55:52.335244,03:55:52.335268,03:55:52.349391,03:55:52.352540,03:55:52.757461,03:55:52.757494,03:55:52.763353,03:55:52.768373,03:55:52.773974,03:55:52.522872,03:55:52.523028,03:55:52.323306
200,rejected,03:55:54.016816,03:55:54.016816,03:55:54.017249,03:55:54.017249,03:55:54.018492,03:55:54.018492,03:55:54.019872,03:55:54.019872,03:55:54.030067,03:55:54.030089,03:55:54.044287,03:55:54.047387,03:55:54.449929,03:55:54.449957,03:55:54.456527,03:55:54.462126,03:55:54.467750,03:55:54.217460,03:55:54.217628,03:55:54.017963
200,rejected,03:55:55.708834,03:55:55.708834,03:55:55.709246,03:55:55.709246,03:55:55.710563,03:55:55.710563,03:55:55.712143,03:55:55.712143,03:55:55.721442,03:55:55.721464,03:55:55.738270,03:55:55.742675,03:55:56.156041,03:55:56.156069,03:55:56.161939,03:55:56.167713,03:55:56.173624,03:55:55.909812,03:55:55.909975,03:55:55.709978
200,rejected,03:55:57.392019,03:55:57.392019,03:55:57.392510,03:55:57.392510,03:55:57.394126,03:55:57.394126,03:55:57.395761,03:55:57.395761,03:55:57.404983,03:55:57.405006,03:55:57.418650,03:55:57.421772,03:55:57.826641,03:55:57.826675,03:55:57.832858,03:55:57.838694,03:55:57.844009,03:55:57.592591,03:55:57.592761,03:55:57.393300
200,rejected,03:55:59.008140,03:55:59.008140,03:55:59.008562,03:55:59.008562,03:55:59.009796,03:55:59.009796,03:55:59.011407,03:55:59.011407,03:55:59.021393,03:55:59.021412,03:55:59.044320,03:55:59.047452,03:55:59.451680,03:55:59.451712,03:55:59.457984,03:55:59.463794,03:55:59.469725,03:55:59.208798,03:55:59.208972,03:55:59.009277
200,rejected,03:56:00.710263,03:56:00.710263,03:56:00.710681,03:56:00.710681,03:56:00.712188,03:56:00.712188,03:56:00.713759,03:56:00.713759,03:56:00.723235,03:56:00.723257,03:56:00.737380,03:56:00.740474,03:56:01.145470,03:56:01.145502,03:56:01.151803,03:56:01.157821,03:56:01.164149,03:56:00.911366,03:56:00.911526,03:56:00.711409
200,rejected,03:56:02.406341,03:56:02.406341,03:56:02.406723,03:56:02.406723,03:56:02.407910,03:56:02.407910,03:56:02.409578,03:56:02.409578,03:56:02.419129,03:56:02.419153,03:56:02.432868,03:56:02.435891,03:56:02.840752,03:56:02.840785,03:56:02.846957,03:56:02.852846,03:56:02.858660,03:56:02.607087,03:56:02.607238,03:56:02.407389
200,rejected,03:56:04.156183,03:56:04.156183,03:56:04.156638,03:56:04.156638,03:56:04.158884,03:56:04.158884,03:56:04.161227,03:56:04.161227,03:56:04.172684,03:56:04.172737,03:56:04.189049,03:56:04.192661,03:56:04.598484,03:56:04.598515,03:56:04.604522,03:56:04.609995,03:56:04.615674,03:56:04.356800,03:56:04.356960,03:56:04.157808
200,rejected,03:56:05.779501,03:56:05.779501,03:56:05.780003,03:56:05.780003,03:56:05.781291,03:56:05.781291,03:56:05.782753,03:56:05.782753,03:56:05.792750,03:56:05.792772,03:56:05.807616,03:56:05.811271,03:56:06.223060,03:56:06.223092,03:56:06.229336,03:56:06.234999,03:56:06.240581,03:56:05.980640,03:56:05.980808,03:56:05.780770
200,rejected,03:56:07.483912,03:56:07.483912,03:56:07.484323,03:56:07.484323,03:56:07.485855,03:56:07.485855,03:56:07.487439,03:56:07.487439,03:56:07.496999,03:56:07.497024,03:56:07.511304,03:56:07.514394,03:56:07.919176,03:56:07.919208,03:56:07.925261,03:56:07.930908,03:56:07.936359,03:56:07.684587,03:56:07.684742,03:56:07.485012
200,rejected,03:56:09.193238,03:56:09.193238,03:56:09.193591,03:56:09.193591,03:56:09.195168,03:56:09.195168,03:56:09.196688,03:56:09.196688,03:56:09.205864,03:56:09.205883,03:56:09.220664,03:56:09.224191,03:56:09.631467,03:56:09.631503,03:56:09.637697,03:56:09.643423,03:56:09.649496,03:56:09.394047,03:56:09.394204,03:56:09.194283
200,rejected,03:56:10.890041,03:56:10.890041,03:56:10.890457,03:56:10.890457,03:56:10.891942,03:56:10.891942,03:56:10.893530,03:56:10.893530,03:56:10.903216,03:56:10.903242,03:56:10.917904,03:56:10.921519,03:56:11.326516,03:56:11.326547,03:56:11.332702,03:56:11.338116,03:56:11.343824,03:56:11.090530,03:56:11.090689,03:56:10.891159
200,rejected,03:56:12.660541,03:56:12.660541,03:56:12.660909,03:56:12.660909,03:56:12.662272,03:56:12.662272,03:56:12.663821,03:56:12.663821,03:56:12.673144,03:56:12.673170,03:56:12.687813,03:56:12.690965,03:56:13.095535,03:56:13.095567,03:56:13.101440,03:56:13.107516,03:56:13.113209,03:56:12.861039,03:56:12.861205,03:56:12.661641
200,rejected,03:56:14.435377,03:56:14.435377,03:56:14.435762,03:56:14.435762,03:56:14.437029,03:56:14.437029,03:56:14.438589,03:56:14.438589,03:56:14.447741,03:56:14.447761,03:56:14.462339,03:56:14.466099,03:56:14.870961,03:56:14.870994,03:56:14.876884,03:56:14.882674,03:56:14.889255,03:56:14.635963,03:56:14.636122,03:56:14.436420
200,rejected,03:56:16.140138,03:56:16.140138,03:56:16.140611,03:56:16.140611,03:56:16.141937,03:56:16.141937,03:56:16.143466,03:56:16.143466,03:56:16.153521,03:56:16.153546,03:56:16.168106,03:56:16.171634,03:56:16.575670,03:56:16.575701,03:56:16.581773,03:56:16.587799,03:56:16.594023,03:56:16.340866,03:56:16.341039,03:56:16.141381
200,rejected,03:56:17.849719,03:56:17.849719,03:56:17.850206,03:56:17.850206,03:56:17.851675,03:56:17.851675,03:56:17.853215,03:56:17.853215,03:56:17.863216,03:56:17.863239,03:56:17.877153,03:56:17.880543,03:56:18.287158,03:56:18.287191,03:56:18.293526,03:56:18.299380,03:56:18.305060,03:56:18.050249,03:56:18.050406,03:56:17.850910
200,rejected,03:56:19.548881,03:56:19.548881,03:56:19.549312,03:56:19.549312,03:56:19.550900,03:56:19.550900,03:56:19.552517,03:56:19.552517,03:56:19.561851,03:56:19.561873,03:56:19.583734,03:56:19.586809,03:56:19.991641,03:56:19.991679,03:56:19.997898,03:56:20.003964,03:56:20.009751,03:56:19.750312,03:56:19.750482,03:56:19.550033
200,rejected,03:56:21.313381,03:56:21.313381,03:56:21.313829,03:56:21.313829,03:56:21.315028,03:56:21.315028,03:56:21.316763,03:56:21.316763,03:56:21.326166,03:56:21.326190,03:56:21.340620,03:56:21.343697,03:56:21.749481,03:56:21.749515,03:56:21.755573,03:56:21.761400,03:56:21.766847,03:56:21.514539,03:56:21.514701,03:56:21.314526
200,rejected,03:56:23.010754,03:56:23.010754,03:56:23.011152,03:56:23.011152,03:56:23.012375,03:56:23.012375,03:56:23.013945,03:56:23.013945,03:56:23.024102,03:56:23.024148,03:56:23.042973,03:56:23.048147,03:56:23.453174,03:56:23.453208,03:56:23.459628,03:56:23.465117,03:56:23.470484,03:56:23.211270,03:56:23.211427,03:56:23.011852
200,rejected,03:56:24.626344,03:56:24.626344,03:56:24.626784,03:56:24.626784,03:56:24.628300,03:56:24.628300,03:56:24.629821,03:56:24.629821,03:56:24.639771,03:56:24.639796,03:56:24.653523,03:56:24.656648,03:56:25.062710,03:56:25.062742,03:56:25.068926,03:56:25.075017,03:56:25.080667,03:56:24.826997,03:56:24.827175,03:56:24.627538
200,rejected,03:56:26.256835,03:56:26.256835,03:56:26.257298,03:56:26.257298,03:56:26.258634,03:56:26.258634,03:56:26.260393,03:56:26.260393,03:56:26.272293,03:56:26.272319,03:56:26.286157,03:56:26.289217,03:56:26.693770,03:56:26.693801,03:56:26.699675,03:56:26.705193,03:56:26.711168,03:56:26.457532,03:56:26.457762,03:56:26.258035
200,rejected,03:56:28.049359,03:56:28.049359,03:56:28.050003,03:56:28.050003,03:56:28.051538,03:56:28.051538,03:56:28.053091,03:56:28.053091,03:56:28.062705,03:56:28.062732,03:56:28.076775,03:56:28.080024,03:56:28.485437,03:56:28.485471,03:56:28.491560,03:56:28.497115,03:56:28.502822,03:56:28.250023,03:56:28.250197,03:56:28.050837
250,rejected,03:56:29.744495,03:56:29.744495,03:56:29.745086,03:56:29.745086,03:56:29.746414,03:56:29.746414,03:56:29.747948,03:56:29.747948,03:56:29.757766,03:56:29.757791,03:56:29.772048,03:56:29.775109,03:56:30.180861,03:56:30.180891,03:56:30.187102,03:56:30.192692,03:56:30.198798,03:56:29.994981,03:56:29.995151,03:56:29.745858
250,rejected,03:56:31.464783,03:56:31.464783,03:56:31.465269,03:56:31.465269,03:56:31.466790,03:56:31.466790,03:56:31.468440,03:56:31.468440,03:56:31.478276,03:56:31.478299,03:56:31.493037,03:56:31.496663,03:56:31.905903,03:56:31.905935,03:56:31.912014,03:56:31.918330,03:56:31.923617,03:56:31.715533,03:56:31.715729,03:56:31.466164
250,rejected,03:56:33.076034,03:56:33.076034,03:56:33.076592,03:56:33.076592,03:56:33.077883,03:56:33.077883,03:56:33.079407,03:56:33.079407,03:56:33.088778,03:56:33.088798,03:56:33.102938,03:56:33.106059,03:56:33.510499,03:56:33.510530,03:56:33.516507,03:56:33.522429,03:56:33.528463,03:56:33.326802,03:56:33.326997,03:56:33.077368
250,rejected,03:56:34.847971,03:56:34.847971,03:56:34.848448,03:56:34.848448,03:56:34.850124,03:56:34.850124,03:56:34.851847,03:56:34.851847,03:56:34.861167,03:56:34.861189,03:56:34.874985,03:56:34.878239,03:56:35.283562,03:56:35.283593,03:56:35.290301,03:56:35.296014,03:56:35.301586,03:56:35.098563,03:56:35.098718,03:56:34.849274
250,rejected,03:56:36.624357,03:56:36.624357,03:56:36.624868,03:56:36.624868,03:56:36.626196,03:56:36.626196,03:56:36.627711,03:56:36.627711,03:56:36.636957,03:56:36.636977,03:56:36.651117,03:56:36.654545,03:56:37.060684,03:56:37.060717,03:56:37.066739,03:56:37.072339,03:56:37.077980,03:56:36.875214,03:56:36.875366,03:56:36.625658
250,rejected,03:56:38.234823,03:56:38.234823,03:56:38.235403,03:56:38.235403,03:56:38.236839,03:56:38.236839,03:56:38.238362,03:56:38.238362,03:56:38.247695,03:56:38.247721,03:56:38.261857,03:56:38.265091,03:56:38.670621,03:56:38.670651,03:56:38.676964,03:56:38.682430,03:56:38.688052,03:56:38.485231,03:56:38.485392,03:56:38.236198
250,rejected,03:56:39.848241,03:56:39.848241,03:56:39.848591,03:56:39.848591,03:56:39.849951,03:56:39.849951,03:56:39.851433,03:56:39.851433,03:56:39.860817,03:56:39.860840,03:56:39.884468,03:56:39.887621,03:56:40.293009,03:56:40.293042,03:56:40.299388,03:56:40.305124,03:56:40.310906,03:56:40.098910,03:56:40.099079,03:56:39.849396
250,rejected,03:56:41.477140,03:56:41.477140,03:56:41.477554,03:56:41.477554,03:56:41.478749,03:56:41.478749,03:56:41.480252,03:56:41.480252,03:56:41.489483,03:56:41.489504,03:56:41.504285,03:56:41.507411,03:56:41.910016,03:56:41.910048,03:56:41.916149,03:56:41.921517,03:56:41.927343,03:56:41.727815,03:56:41.727988,03:56:41.478250
250,rejected,03:56:43.144208,03:56:43.144208,03:56:43.144629,03:56:43.144629,03:56:43.145863,03:56:43.145863,03:56:43.147612,03:56:43.147612,03:56:43.157051,03:56:43.157074,03:56:43.171615,03:56:43.174779,03:56:43.580236,03:56:43.580268,03:56:43.586591,03:56:43.592191,03:56:43.597952,03:56:43.394690,03:56:43.394851,03:56:43.145355
250,rejected,03:56:44.925363,03:56:44.925363,03:56:44.925719,03:56:44.925719,03:56:44.927283,03:56:44.927283,03:56:44.928815,03:56:44.928815,03:56:44.938312,03:56:44.938346,03:56:44.954657,03:56:44.958016,03:56:45.364893,03:56:45.364922,03:56:45.371062,03:56:45.376778,03:56:45.383007,03:56:45.176056,03:56:45.176215,03:56:44.926424
250,rejected,03:56:46.686387,03:56:46.686387,03:56:46.686751,03:56:46.686751,03:56:46.688271,03:56:46.688271,03:56:46.689902,03:56:46.689902,03:56:46.700088,03:56:46.700113,03:56:46.714283,03:56:46.717427,03:56:47.121797,03:56:47.121829,03:56:47.127744,03:56:47.133019,03:56:47.138256,03:56:46.937164,03:56:46.937318,03:56:46.687435
250,rejected,03:56:48.397636,03:56:48.397636,03:56:48.398193,03:56:48.398193,03:56:48.399592,03:56:48.399592,03:56:48.401230,03:56:48.401230,03:56:48.411332,03:56:48.411359,03:56:48.425104,03:56:48.428548,03:56:48.832746,03:56:48.832773,03:56:48.838977,03:56:48.844750,03:56:48.850453,03:56:48.648069,03:56:48.648242,03:56:48.398956
250,rejected,03:56:50.114198,03:56:50.114198,03:56:50.114637,03:56:50.114637,03:56:50.116169,03:56:50.116169,03:56:50.117715,03:56:50.117715,03:56:50.126892,03:56:50.126914,03:56:50.141943,03:56:50.145249,03:56:50.551235,03:56:50.551266,03:56:50.557364,03:56:50.562727,03:56:50.568639,03:56:50.364720,03:56:50.364874,03:56:50.115361
250,rejected,03:56:51.877415,03:56:51.877415,03:56:51.877826,03:56:51.877826,03:56:51.879330,03:56:51.879330,03:56:51.880906,03:56:51.880906,03:56:51.890338,03:56:51.890363,03:56:51.903938,03:56:51.906963,03:56:52.312074,03:56:52.312105,03:56:52.318347,03:56:52.323909,03:56:52.329605,03:56:52.128159,03:56:52.128327,03:56:51.878585
250,rejected,03:56:53.583215,03:56:53.583215,03:56:53.583581,03:56:53.583581,03:56:53.585107,03:56:53.585107,03:56:53.586810,03:56:53.586810,03:56:53.595966,03:56:53.595987,03:56:53.609607,03:56:53.612719,03:56:54.017357,03:56:54.017391,03:56:54.023949,03:56:54.029591,03:56:54.035312,03:56:53.833843,03:56:53.833996,03:56:53.584284
250,rejected,03:56:55.342792,03:56:55.342792,03:56:55.343257,03:56:55.343257,03:56:55.344554,03:56:55.344554,03:56:55.346221,03:56:55.346221,03:56:55.355857,03:56:55.355884,03:56:55.372431,03:56:55.375768,03:56:55.783375,03:56:55.783406,03:56:55.789677,03:56:55.795177,03:56:55.800849,03:56:55.593574,03:56:55.593749,03:56:55.344013
250,rejected,03:56:56.970253,03:56:56.970253,03:56:56.970705,03:56:56.970705,03:56:56.971925,03:56:56.971925,03:56:56.973459,03:56:56.973459,03:56:56.983052,03:56:56.983074,03:56:56.998489,03:56:57.001604,03:56:57.405337,03:56:57.405369,03:56:57.411519,03:56:57.416908,03:56:57.422295,03:56:57.220255,03:56:57.220411,03:56:56.971389
250,rejected,03:56:58.577601,03:56:58.577601,03:56:58.578064,03:56:58.578064,03:56:58.579271,03:56:58.579271,03:56:58.580835,03:56:58.580835,03:56:58.590049,03:56:58.590076,03:56:58.604589,03:56:58.607867,03:56:59.010786,03:56:59.010816,03:56:59.017034,03:56:59.022980,03:56:59.028568,03:56:58.828567,03:56:58.828744,03:56:58.578753
250,rejected,03:57:00.349900,03:57:00.349900,03:57:00.350272,03:57:00.350272,03:57:00.351493,03:57:00.351493,03:57:00.353297,03:57:00.353297,03:57:00.363135,03:57:00.363160,03:57:00.385384,03:57:00.388497,03:57:00.794131,03:57:00.794165,03:57:00.800044,03:57:00.805565,03:57:00.811341,03:57:00.601043,03:57:00.601217,03:57:00.350950
250,rejected,03:57:02.066024,03:57:02.066024,03:57:02.066409,03:57:02.066409,03:57:02.067647,03:57:02.067647,03:57:02.069179,03:57:02.069179,03:57:02.078566,03:57:02.078587,03:57:02.093487,03:57:02.096966,03:57:02.501893,03:57:02.501926,03:57:02.508496,03:57:02.514169,03:57:02.519533,03:57:02.317013,03:57:02.317204,03:57:02.067104
250,rejected,03:57:03.777788,03:57:03.777788,03:57:03.778226,03:57:03.778226,03:57:03.779397,03:57:03.779397,03:57:03.780966,03:57:03.780966,03:57:03.790155,03:57:03.790177,03:57:03.804035,03:57:03.807045,03:57:04.211423,03:57:04.211456,03:57:04.217929,03:57:04.223441,03:57:04.229183,03:57:04.028462,03:57:04.028666,03:57:03.778882
250,rejected,03:57:05.475114,03:57:05.475114,03:57:05.475550,03:57:05.475550,03:57:05.476782,03:57:05.476782,03:57:05.478219,03:57:05.478219,03:57:05.487439,03:57:05.487460,03:57:05.501327,03:57:05.504752,03:57:05.911043,03:57:05.911109,03:57:05.919730,03:57:05.928239,03:57:05.934702,03:57:05.725896,03:57:05.726095,03:57:05.476264
250,rejected,03:57:07.256988,03:57:07.256988,03:57:07.257343,03:57:07.257343,03:57:07.258577,03:57:07.258577,03:57:07.260108,03:57:07.260108,03:57:07.272304,03:57:07.272328,03:57:07.286291,03:57:07.289330,03:57:07.693239,03:57:07.693269,03:57:07.699440,03:57:07.705002,03:57:07.710643,03:57:07.507775,03:57:07.507938,03:57:07.258045
250,rejected,03:57:09.060143,03:57:09.060143,03:57:09.060618,03:57:09.060618,03:57:09.061883,03:57:09.061883,03:57:09.063402,03:57:09.063402,03:57:09.073173,03:57:09.073205,03:57:09.087793,03:57:09.090868,03:57:09.494885,03:57:09.494918,03:57:09.500927,03:57:09.507268,03:57:09.513196,03:57:09.310954,03:57:09.311103,03:57:09.061309
250,rejected,03:57:10.729096,03:57:10.729096,03:57:10.729651,03:57:10.729651,03:57:10.731140,03:57:10.731140,03:57:10.732759,03:57:10.732759,03:57:10.742378,03:57:10.742401,03:57:10.755975,03:57:10.759006,03:57:11.164021,03:57:11.164051,03:57:11.170466,03:57:11.175712,03:57:11.181294,03:57:10.979717,03:57:10.979886,03:57:10.730457
250,rejected,03:57:12.676063,03:57:12.676063,03:57:12.676463,03:57:12.676463,03:57:12.677694,03:57:12.677694,03:57:12.679369,03:57:12.679369,03:57:12.689584,03:57:12.689610,03:57:12.704100,03:57:12.707103,03:57:13.110105,03:57:13.110139,03:57:13.116006,03:57:13.121353,03:57:13.127197,03:57:12.926735,03:57:12.926892,03:57:12.677192
250,rejected,03:57:14.382070,03:57:14.382070,03:57:14.382789,03:57:14.382789,03:57:14.384586,03:57:14.384586,03:57:14.386784,03:57:14.386784,03:57:14.397479,03:57:14.397523,03:57:14.414011,03:57:14.417602,03:57:14.823307,03:57:14.823351,03:57:14.829702,03:57:14.835036,03:57:14.840471,03:57:14.632146,03:57:14.632309,03:57:14.383864
250,rejected,03:57:16.166270,03:57:16.166270,03:57:16.166682,03:57:16.166682,03:57:16.168103,03:57:16.168103,03:57:16.169682,03:57:16.169682,03:57:16.179245,03:57:16.179264,03:57:16.194084,03:57:16.197403,03:57:16.602874,03:57:16.602906,03:57:16.609029,03:57:16.614728,03:57:16.620504,03:57:16.423615,03:57:16.423795,03:57:16.167465
250,rejected,03:57:17.785298,03:57:17.785298,03:57:17.785733,03:57:17.785733,03:57:17.787058,03:57:17.787058,03:57:17.788521,03:57:17.788521,03:57:17.797863,03:57:17.797883,03:57:17.811709,03:57:17.814743,03:57:18.219445,03:57:18.219478,03:57:18.225465,03:57:18.231143,03:57:18.237173,03:57:18.036051,03:57:18.036214,03:57:17.786481
250,rejected,03:57:19.599659,03:57:19.599659,03:57:19.600092,03:57:19.600092,03:57:19.601323,03:57:19.601323,03:57:19.602925,03:57:19.602925,03:57:19.612410,03:57:19.612467,03:57:19.632858,03:57:19.636476,03:57:20.041562,03:57:20.041593,03:57:20.047833,03:57:20.053247,03:57:20.058966,03:57:19.850440,03:57:19.850646,03:57:19.600768
250,rejected,03:57:21.383189,03:57:21.383189,03:57:21.383656,03:57:21.383656,03:57:21.385239,03:57:21.385239,03:57:21.386751,03:57:21.386751,03:57:21.395946,03:57:21.395966,03:57:21.418833,03:57:21.422063,03:57:21.826748,03:57:21.826780,03:57:21.833094,03:57:21.838653,03:57:21.844675,03:57:21.634189,03:57:21.634352,03:57:21.384406
250,rejected,03:57:23.101970,03:57:23.101970,03:57:23.102382,03:57:23.102382,03:57:23.103944,03:57:23.103944,03:57:23.105511,03:57:23.105511,03:57:23.114619,03:57:23.114638,03:57:23.128976,03:57:23.132879,03:57:23.537676,03:57:23.537706,03:57:23.544073,03:57:23.549723,03:57:23.555258,03:57:23.352582,03:57:23.352757,03:57:23.103087
250,rejected,03:57:24.863063,03:57:24.863063,03:57:24.863561,03:57:24.863561,03:57:24.865022,03:57:24.865022,03:57:24.866609,03:57:24.866609,03:57:24.875970,03:57:24.875993,03:57:24.890269,03:57:24.893369,03:57:25.298783,03:57:25.298813,03:57:25.304783,03:57:25.310262,03:57:25.315828,03:57:25.113763,03:57:25.113920,03:57:24.864266
250,rejected,03:57:26.521699,03:57:26.521699,03:57:26.522140,03:57:26.522140,03:57:26.523677,03:57:26.523677,03:57:26.525202,03:57:26.525202,03:57:26.535216,03:57:26.535237,03:57:26.549115,03:57:26.552257,03:57:26.957299,03:57:26.957330,03:57:26.963447,03:57:26.969151,03:57:26.974630,03:57:26.772680,03:57:26.772839,03:57:26.523078
250,rejected,03:57:28.134871,03:57:28.134871,03:57:28.135274,03:57:28.135274,03:57:28.136561,03:57:28.136561,03:57:28.138366,03:57:28.138366,03:57:28.148108,03:57:28.148134,03:57:28.162061,03:57:28.165272,03:57:28.571265,03:57:28.571299,03:57:28.577341,03:57:28.582949,03:57:28.588602,03:57:28.385571,03:57:28.385741,03:57:28.136016
250,rejected,03:57:29.843233,03:57:29.843233,03:57:29.843631,03:57:29.843631,03:57:29.844899,03:57:29.844899,03:57:29.846385,03:57:29.846385,03:57:29.855748,03:57:29.855787,03:57:29.870128,03:57:29.873542,03:57:30.277637,03:57:30.277670,03:57:30.283823,03:57:30.289816,03:57:30.295734,03:57:30.094103,03:57:30.094288,03:57:29.844350
250,rejected,03:57:31.632909,03:57:31.632909,03:57:31.633478,03:57:31.633478,03:57:31.634914,03:57:31.634914,03:57:31.636635,03:57:31.636635,03:57:31.645995,03:57:31.646022,03:57:31.661138,03:57:31.664554,03:57:32.069435,03:57:32.069467,03:57:32.075557,03:57:32.080910,03:57:32.086836,03:57:31.883514,03:57:31.883682,03:57:31.634262
250,rejected,03:57:33.259340,03:57:33.259340,03:57:33.259745,03:57:33.259745,03:57:33.261024,03:57:33.261024,03:57:33.262513,03:57:33.262513,03:57:33.271821,03:57:33.271855,03:57:33.286475,03:57:33.289647,03:57:33.692638,03:57:33.692671,03:57:33.699079,03:57:33.704527,03:57:33.710122,03:57:33.510089,03:57:33.510238,03:57:33.260472
250,rejected,03:57:34.969911,03:57:34.969911,03:57:34.970336,03:57:34.970336,03:57:34.971648,03:57:34.971648,03:57:34.973442,03:57:34.973442,03:57:34.982741,03:57:34.982760,03:57:34.997674,03:57:35.001011,03:57:35.403846,03:57:35.403878,03:57:35.410235,03:57:35.416011,03:57:35.421830,03:57:35.220082,03:57:35.220238,03:57:34.971058
250,rejected,03:57:36.651765,03:57:36.651765,03:57:36.652185,03:57:36.652185,03:57:36.653519,03:57:36.653519,03:57:36.655063,03:57:36.655063,03:57:36.665446,03:57:36.665468,03:57:36.679371,03:57:36.682409,03:57:37.086938,03:57:37.086970,03:57:37.093810,03:57:37.099719,03:57:37.105780,03:57:36.902452,03:57:36.902614,03:57:36.652973
250,rejected,03:57:38.420282,03:57:38.420282,03:57:38.420737,03:57:38.420737,03:57:38.422075,03:57:38.422075,03:57:38.423661,03:57:38.423661,03:57:38.433514,03:57:38.433534,03:57:38.448346,03:57:38.451682,03:57:38.856882,03:57:38.856915,03:57:38.863278,03:57:38.869101,03:57:38.874998,03:57:38.671169,03:57:38.671320,03:57:38.421481
250,rejected,03:57:40.072199,03:57:40.072199,03:57:40.072616,03:57:40.072616,03:57:40.073830,03:57:40.073830,03:57:40.075523,03:57:40.075523,03:57:40.085156,03:57:40.085180,03:57:40.099478,03:57:40.102579,03:57:40.507723,03:57:40.507756,03:57:40.513819,03:57:40.518928,03:57:40.524650,03:57:40.323057,03:57:40.323212,03:57:40.073294
250,rejected,03:57:41.686840,03:57:41.686840,03:57:41.687400,03:57:41.687400,03:57:41.688786,03:57:41.688786,03:57:41.690207,03:57:41.690207,03:57:41.699561,03:57:41.699589,03:57:41.722387,03:57:41.726231,03:57:42.133322,03:57:42.133355,03:57:42.139255,03:57:42.144924,03:57:42.151155,03:57:41.937780,03:57:41.937949,03:57:41.688198
250,rejected,03:57:43.460666,03:57:43.460666,03:57:43.461097,03:57:43.461097,03:57:43.462788,03:57:43.462788,03:57:43.464317,03:57:43.464317,03:57:43.473818,03:57:43.473843,03:57:43.488596,03:57:43.491629,03:57:43.896497,03:57:43.896527,03:57:43.902686,03:57:43.908229,03:57:43.913897,03:57:43.711285,03:57:43.711459,03:57:43.461986
250,rejected,03:57:45.059013,03:57:45.059013,03:57:45.059458,03:57:45.059458,03:57:45.061093,03:57:45.061093,03:57:45.062697,03:57:45.062697,03:57:45.072277,03:57:45.072298,03:57:45.086124,03:57:45.089289,03:57:45.494677,03:57:45.494709,03:57:45.500641,03:57:45.505737,03:57:45.511518,03:57:45.309768,03:57:45.309921,03:57:45.060254
250,rejected,03:57:46.718148,03:57:46.718148,03:57:46.718562,03:57:46.718562,03:57:46.719887,03:57:46.719887,03:57:46.721688,03:57:46.721688,03:57:46.731277,03:57:46.731298,03:57:46.745471,03:57:46.748762,03:57:47.154386,03:57:47.154417,03:57:47.160612,03:57:47.166216,03:57:47.171630,03:57:46.968954,03:57:46.969124,03:57:46.719313
250,rejected,03:57:48.487118,03:57:48.487118,03:57:48.487530,03:57:48.487530,03:57:48.488813,03:57:48.488813,03:57:48.490413,03:57:48.490413,03:57:48.502979,03:57:48.503002,03:57:48.516716,03:57:48.519819,03:57:48.923805,03:57:48.923836,03:57:48.929855,03:57:48.935573,03:57:48.940812,03:57:48.737593,03:57:48.737750,03:57:48.488257
250,rejected,03:57:50.195168,03:57:50.195168,03:57:50.195545,03:57:50.195545,03:57:50.196795,03:57:50.196795,03:57:50.198178,03:57:50.198178,03:57:50.207439,03:57:50.207461,03:57:50.221569,03:57:50.224680,03:57:50.629036,03:57:50.629067,03:57:50.634934,03:57:50.640564,03:57:50.646462,03:57:50.445820,03:57:50.445989,03:57:50.196262
250,rejected,03:57:51.894942,03:57:51.894942,03:57:51.895300,03:57:51.895300,03:57:51.896502,03:57:51.896502,03:57:51.898033,03:57:51.898033,03:57:51.907424,03:57:51.907445,03:57:51.921498,03:57:51.924568,03:57:52.329117,03:57:52.329146,03:57:52.335294,03:57:52.341175,03:57:52.346758,03:57:52.145933,03:57:52.146087,03:57:51.895972
250,rejected,03:57:53.601677,03:57:53.601677,03:57:53.602069,03:57:53.602069,03:57:53.603528,03:57:53.603528,03:57:53.605139,03:57:53.605139,03:57:53.614341,03:57:53.614360,03:57:53.628160,03:57:53.631282,03:57:54.035608,03:57:54.035641,03:57:54.041805,03:57:54.047587,03:57:54.053059,03:57:53.852203,03:57:53.852392,03:57:53.602786
250,rejected,03:57:55.298443,03:57:55.298443,03:57:55.298799,03:57:55.298799,03:57:55.300123,03:57:55.300123,03:57:55.301761,03:57:55.301761,03:57:55.311193,03:57:55.311214,03:57:55.325570,03:57:55.329189,03:57:55.734110,03:57:55.734139,03:57:55.740380,03:57:55.745887,03:57:55.751357,03:57:55.549146,03:57:55.549316,03:57:55.299552
250,rejected,03:57:57.022326,03:57:57.022326,03:57:57.022685,03:57:57.022685,03:57:57.024138,03:57:57.024138,03:57:57.025704,03:57:57.025704,03:57:57.035185,03:57:57.035213,03:57:57.049140,03:57:57.052186,03:57:57.456290,03:57:57.456321,03:57:57.463154,03:57:57.468794,03:57:57.474391,03:57:57.273314,03:57:57.273477,03:57:57.023380
250,rejected,03:57:58.832982,03:57:58.832982,03:57:58.833459,03:57:58.833459,03:57:58.834757,03:57:58.834757,03:57:58.836277,03:57:58.836277,03:57:58.846060,03:57:58.846080,03:57:58.860332,03:57:58.863782,03:57:59.267960,03:57:59.267993,03:57:59.274148,03:57:59.279547,03:57:59.285120,03:57:59.083605,03:57:59.083764,03:57:58.834212
250,rejected,03:58:00.601022,03:58:00.601022,03:58:00.601396,03:58:00.601396,03:58:00.602886,03:58:00.602886,03:58:00.604551,03:58:00.604551,03:58:00.613844,03:58:00.613866,03:58:00.628268,03:58:00.631540,03:58:01.037083,03:58:01.037114,03:58:01.043736,03:58:01.049678,03:58:01.055389,03:58:00.851760,03:58:00.851917,03:58:00.602100
250,rejected,03:58:02.229150,03:58:02.229150,03:58:02.229550,03:58:02.229550,03:58:02.230908,03:58:02.230908,03:58:02.232624,03:58:02.232624,03:58:02.242119,03:58:02.242145,03:58:02.264368,03:58:02.268877,03:58:02.674813,03:58:02.674845,03:58:02.681112,03:58:02.686423,03:58:02.692509,03:58:02.479868,03:58:02.480023,03:58:02.230341
250,rejected,03:58:03.861037,03:58:03.861037,03:58:03.861461,03:58:03.861461,03:58:03.862901,03:58:03.862901,03:58:03.864739,03:58:03.864739,03:58:03.874286,03:58:03.874312,03:58:03.888323,03:58:03.891414,03:58:04.295995,03:58:04.296027,03:58:04.302327,03:58:04.308136,03:58:04.314054,03:58:04.111814,03:58:04.111986,03:58:03.862154
250,rejected,03:58:05.584119,03:58:05.584119,03:58:05.584587,03:58:05.584587,03:58:05.585882,03:58:05.585882,03:58:05.587597,03:58:05.587597,03:58:05.597092,03:58:05.597145,03:58:05.611189,03:58:05.614310,03:58:06.022733,03:58:06.022764,03:58:06.030839,03:58:06.037871,03:58:06.044184,03:58:05.834561,03:58:05.834718,03:58:05.585363
250,rejected,03:58:07.313662,03:58:07.313662,03:58:07.314153,03:58:07.314153,03:58:07.315351,03:58:07.315351,03:58:07.317052,03:58:07.317052,03:58:07.326633,03:58:07.326657,03:58:07.340663,03:58:07.345485,03:58:07.750984,03:58:07.751015,03:58:07.757230,03:58:07.762725,03:58:07.768416,03:58:07.564319,03:58:07.564492,03:58:07.314849
250,rejected,03:58:09.019366,03:58:09.019366,03:58:09.019767,03:58:09.019767,03:58:09.021085,03:58:09.021085,03:58:09.022607,03:58:09.022607,03:58:09.031724,03:58:09.031744,03:58:09.046154,03:58:09.049321,03:58:09.452691,03:58:09.452723,03:58:09.459052,03:58:09.464332,03:58:09.470087,03:58:09.270323,03:58:09.270484,03:58:09.020540
250,rejected,03:58:10.737480,03:58:10.737480,03:58:10.737897,03:58:10.737897,03:58:10.739157,03:58:10.739157,03:58:10.740708,03:58:10.740708,03:58:10.750012,03:58:10.750034,03:58:10.764015,03:58:10.767388,03:58:11.172542,03:58:11.172580,03:58:11.178905,03:58:11.184182,03:58:11.189558,03:58:10.988429,03:58:10.988626,03:58:10.738594
250,rejected,03:58:12.347373,03:58:12.347373,03:58:12.347757,03:58:12.347757,03:58:12.349010,03:58:12.349010,03:58:12.350951,03:58:12.350951,03:58:12.360427,03:58:12.360452,03:58:12.374472,03:58:12.377662,03:58:12.781685,03:58:12.781719,03:58:12.787992,03:58:12.793379,03:58:12.799876,03:58:12.597322,03:58:12.597474,03:58:12.348453
250,rejected,03:58:14.113591,03:58:14.113591,03:58:14.114155,03:58:14.114155,03:58:14.115593,03:58:14.115593,03:58:14.117274,03:58:14.117274,03:58:14.127098,03:58:14.127127,03:58:14.140721,03:58:14.143800,03:58:14.548510,03:58:14.548539,03:58:14.554631,03:58:14.560375,03:58:14.565949,03:58:14.364341,03:58:14.364508,03:58:14.114926
250,rejected,03:58:15.831487,03:58:15.831487,03:58:15.832044,03:58:15.832044,03:58:15.833378,03:58:15.833378,03:58:15.835128,03:58:15.835128,03:58:15.844963,03:58:15.844989,03:58:15.858668,03:58:15.861795,03:58:16.273455,03:58:16.273488,03:58:16.279620,03:58:16.285292,03:58:16.291536,03:58:16.082190,03:58:16.082354,03:58:15.832808
250,rejected,03:58:17.456394,03:58:17.456394,03:58:17.456776,03:58:17.456776,03:58:17.458108,03:58:17.458108,03:58:17.459668,03:58:17.459668,03:58:17.469056,03:58:17.469091,03:58:17.485067,03:58:17.488430,03:58:17.893185,03:58:17.893218,03:58:17.899175,03:58:17.904711,03:58:17.913666,03:58:17.706899,03:58:17.707073,03:58:17.457467
250,rejected,03:58:19.229504,03:58:19.229504,03:58:19.229859,03:58:19.229859,03:58:19.231277,03:58:19.231277,03:58:19.232871,03:58:19.232871,03:58:19.241976,03:58:19.241995,03:58:19.255765,03:58:19.258809,03:58:19.664285,03:58:19.664317,03:58:19.670516,03:58:19.676515,03:58:19.682103,03:58:19.480200,03:58:19.480354,03:58:19.230624
250,rejected,03:58:20.941758,03:58:20.941758,03:58:20.942188,03:58:20.942188,03:58:20.943727,03:58:20.943727,03:58:20.945175,03:58:20.945175,03:58:20.955394,03:58:20.955416,03:58:20.970275,03:58:20.973492,03:58:21.378264,03:58:21.378294,03:58:21.384399,03:58:21.389802,03:58:21.395414,03:58:21.192204,03:58:21.192368,03:58:20.942892
250,rejected,03:58:22.645173,03:58:22.645173,03:58:22.645529,03:58:22.645529,03:58:22.647049,03:58:22.647049,03:58:22.648660,03:58:22.648660,03:58:22.658209,03:58:22.658238,03:58:22.682025,03:58:22.685883,03:58:23.091672,03:58:23.091704,03:58:23.098181,03:58:23.105745,03:58:23.111247,03:58:22.895996,03:58:22.896150,03:58:22.646232
250,rejected,03:58:24.363328,03:58:24.363328,03:58:24.363715,03:58:24.363715,03:58:24.365035,03:58:24.365035,03:58:24.366629,03:58:24.366629,03:58:24.376637,03:58:24.376658,03:58:24.390570,03:58:24.393559,03:58:24.798608,03:58:24.798639,03:58:24.804783,03:58:24.810515,03:58:24.816451,03:58:24.614006,03:58:24.614160,03:58:24.364456
250,rejected,03:58:26.159327,03:58:26.159327,03:58:26.159954,03:58:26.159954,03:58:26.161877,03:58:26.161877,03:58:26.164495,03:58:26.164495,03:58:26.175895,03:58:26.175932,03:58:26.197952,03:58:26.201713,03:58:26.609772,03:58:26.609804,03:58:26.615932,03:58:26.621514,03:58:26.627073,03:58:26.410113,03:58:26.410276,03:58:26.160937
250,rejected,03:58:27.852532,03:58:27.852532,03:58:27.853069,03:58:27.853069,03:58:27.854406,03:58:27.854406,03:58:27.856329,03:58:27.856329,03:58:27.865961,03:58:27.865984,03:58:27.880461,03:58:27.883808,03:58:28.290134,03:58:28.290166,03:58:28.296284,03:58:28.301645,03:58:28.307382,03:58:28.103362,03:58:28.103541,03:58:27.853878
250,rejected,03:58:29.579642,03:58:29.579642,03:58:29.580099,03:58:29.580099,03:58:29.581286,03:58:29.581286,03:58:29.582751,03:58:29.582751,03:58:29.594931,03:58:29.594952,03:58:29.609453,03:58:29.612557,03:58:30.015965,03:58:30.015996,03:58:30.022610,03:58:30.028373,03:58:30.034342,03:58:29.830144,03:58:29.830316,03:58:29.580759
250,rejected,03:58:31.352993,03:58:31.352993,03:58:31.353484,03:58:31.353484,03:58:31.354793,03:58:31.354793,03:58:31.356630,03:58:31.356630,03:58:31.366019,03:58:31.366041,03:58:31.379817,03:58:31.383274,03:58:31.788044,03:58:31.788077,03:58:31.794673,03:58:31.800704,03:58:31.808538,03:58:31.603818,03:58:31.603993,03:58:31.354210
250,rejected,03:58:33.121929,03:58:33.121929,03:58:33.122480,03:58:33.122480,03:58:33.123847,03:58:33.123847,03:58:33.125367,03:58:33.125367,03:58:33.135211,03:58:33.135233,03:58:33.149087,03:58:33.152131,03:58:33.556597,03:58:33.556627,03:58:33.562717,03:58:33.568138,03:58:33.573701,03:58:33.372803,03:58:33.372975,03:58:33.123207
250,rejected,03:58:34.897089,03:58:34.897089,03:58:34.897469,03:58:34.897469,03:58:34.899171,03:58:34.899171,03:58:34.900776,03:58:34.900776,03:58:34.910066,03:58:34.910085,03:58:34.923915,03:58:34.926966,03:58:35.331911,03:58:35.331942,03:58:35.338383,03:58:35.345813,03:58:35.351418,03:58:35.147614,03:58:35.147795,03:58:34.898251
250,rejected,03:58:36.576669,03:58:36.576669,03:58:36.577096,03:58:36.577096,03:58:36.578644,03:58:36.578644,03:58:36.580192,03:58:36.580192,03:58:36.589408,03:58:36.589429,03:58:36.603591,03:58:36.607138,03:58:37.011828,03:58:37.011859,03:58:37.018155,03:58:37.023929,03:58:37.030039,03:58:36.827306,03:58:36.827482,03:58:36.577804
250,rejected,03:58:38.295432,03:58:38.295432,03:58:38.295947,03:58:38.295947,03:58:38.297618,03:58:38.297618,03:58:38.299238,03:58:38.299238,03:58:38.308889,03:58:38.308912,03:58:38.323452,03:58:38.326683,03:58:38.732703,03:58:38.732733,03:58:38.738694,03:58:38.744166,03:58:38.749637,03:58:38.546031,03:58:38.546194,03:58:38.296799
250,rejected,03:58:40.070364,03:58:40.070364,03:58:40.071014,03:58:40.071014,03:58:40.072485,03:58:40.072485,03:58:40.074228,03:58:40.074228,03:58:40.084971,03:58:40.085006,03:58:40.101426,03:58:40.105927,03:58:40.516286,03:58:40.516316,03:58:40.522462,03:58:40.528341,03:58:40.534191,03:58:40.320992,03:58:40.321170,03:58:40.071892
250,rejected,03:58:41.786481,03:58:41.786481,03:58:41.786917,03:58:41.786917,03:58:41.788553,03:58:41.788553,03:58:41.790252,03:58:41.790252,03:58:41.800065,03:58:41.800087,03:58:41.814638,03:58:41.818123,03:58:42.222717,03:58:42.222747,03:58:42.229159,03:58:42.234822,03:58:42.240566,03:58:42.037445,03:58:42.037621,03:58:41.787644
250,rejected,03:58:43.498141,03:58:43.498141,03:58:43.498540,03:58:43.498540,03:58:43.500034,03:58:43.500034,03:58:43.501645,03:58:43.501645,03:58:43.512066,03:58:43.512092,03:58:43.535681,03:58:43.538808,03:58:43.944392,03:58:43.944421,03:58:43.950669,03:58:43.956083,03:58:43.961903,03:58:43.748943,03:58:43.749098,03:58:43.499230
250,rejected,03:58:45.220442,03:58:45.220442,03:58:45.220872,03:58:45.220872,03:58:45.222189,03:58:45.222189,03:58:45.223549,03:58:45.223549,03:58:45.232767,03:58:45.232787,03:58:45.246896,03:58:45.249992,03:58:45.655173,03:58:45.655205,03:58:45.661484,03:58:45.667156,03:58:45.672946,03:58:45.471355,03:58:45.471524,03:58:45.221647
250,rejected,03:58:46.949957,03:58:46.949957,03:58:46.950439,03:58:46.950439,03:58:46.951697,03:58:46.951697,03:58:46.953395,03:58:46.953395,03:58:46.963042,03:58:46.963063,03:58:46.977971,03:58:46.981201,03:58:47.385740,03:58:47.385775,03:58:47.391737,03:58:47.397460,03:58:47.403340,03:58:47.200931,03:58:47.201082,03:58:46.951116
250,rejected,03:58:48.575749,03:58:48.575749,03:58:48.576182,03:58:48.576182,03:58:48.577394,03:58:48.577394,03:58:48.578905,03:58:48.578905,03:58:48.588848,03:58:48.588868,03:58:48.602762,03:58:48.606006,03:58:49.010994,03:58:49.011024,03:58:49.017545,03:58:49.023605,03:58:49.029438,03:58:48.826385,03:58:48.826543,03:58:48.576881
250,rejected,03:58:50.355165,03:58:50.355165,03:58:50.355576,03:58:50.355576,03:58:50.357123,03:58:50.357123,03:58:50.358849,03:58:50.358849,03:58:50.368205,03:58:50.368228,03:58:50.381955,03:58:50.384993,03:58:50.789350,03:58:50.789382,03:58:50.795267,03:58:50.801147,03:58:50.806867,03:58:50.605638,03:58:50.605820,03:58:50.356265
250,rejected,03:58:52.057838,03:58:52.057838,03:58:52.058225,03:58:52.058225,03:58:52.059652,03:58:52.059652,03:58:52.061487,03:58:52.061487,03:58:52.072991,03:58:52.073019,03:58:52.087312,03:58:52.090394,03:58:52.495146,03:58:52.495179,03:58:52.501408,03:58:52.507037,03:58:52.513049,03:58:52.308481,03:58:52.308642,03:58:52.059023
250,rejected,03:58:53.763356,03:58:53.763356,03:58:53.764333,03:58:53.764333,03:58:53.766337,03:58:53.766337,03:58:53.768461,03:58:53.768461,03:58:53.778733,03:58:53.778783,03:58:53.797448,03:58:53.802643,03:58:54.208625,03:58:54.208657,03:58:54.215039,03:58:54.220610,03:58:54.226219,03:58:54.013912,03:58:54.014073,03:58:53.765444
250,rejected,03:58:55.568646,03:58:55.568646,03:58:55.569059,03:58:55.569059,03:58:55.570585,03:58:55.570585,03:58:55.572034,03:58:55.572034,03:58:55.581859,03:58:55.581880,03:58:55.596349,03:58:55.599860,03:58:56.006037,03:58:56.006069,03:58:56.013871,03:58:56.024352,03:58:56.032132,03:58:55.819620,03:58:55.819802,03:58:55.569728
250,rejected,03:58:57.269879,03:58:57.269879,03:58:57.270289,03:58:57.270289,03:58:57.271575,03:58:57.271575,03:58:57.273450,03:58:57.273450,03:58:57.282830,03:58:57.282850,03:58:57.297300,03:58:57.300464,03:58:57.705544,03:58:57.705577,03:58:57.712139,03:58:57.717265,03:58:57.722953,03:58:57.520695,03:58:57.520861,03:58:57.270985
250,rejected,03:58:58.892079,03:58:58.892079,03:58:58.892499,03:58:58.892499,03:58:58.893750,03:58:58.893750,03:58:58.895296,03:58:58.895296,03:58:58.905039,03:58:58.905096,03:58:58.921109,03:58:58.924352,03:58:59.329658,03:58:59.329691,03:58:59.335707,03:58:59.341144,03:58:59.347027,03:58:59.142786,03:58:59.142942,03:58:58.893197
250,rejected,03:59:00.683323,03:59:00.683323,03:59:00.683921,03:59:00.683921,03:59:00.685362,03:59:00.685362,03:59:00.686950,03:59:00.686950,03:59:00.696246,03:59:00.696267,03:59:00.710074,03:59:00.713305,03:59:01.118571,03:59:01.118603,03:59:01.124763,03:59:01.130486,03:59:01.135848,03:59:00.933954,03:59:00.934123,03:59:00.684711
250,rejected,03:59:02.416392,03:59:02.416392,03:59:02.416753,03:59:02.416753,03:59:02.418010,03:59:02.418010,03:59:02.419863,03:59:02.419863,03:59:02.429636,03:59:02.429659,03:59:02.443331,03:59:02.446395,03:59:02.851346,03:59:02.851376,03:59:02.857120,03:59:02.862331,03:59:02.868054,03:59:02.667139,03:59:02.667303,03:59:02.417471
250,rejected,03:59:04.029877,03:59:04.029877,03:59:04.030369,03:59:04.030369,03:59:04.031995,03:59:04.031995,03:59:04.033537,03:59:04.033537,03:59:04.043027,03:59:04.043050,03:59:04.065805,03:59:04.069007,03:59:04.474358,03:59:04.474390,03:59:04.480611,03:59:04.488574,03:59:04.496962,03:59:04.280538,03:59:04.280696,03:59:04.031166
250,rejected,03:59:05.751932,03:59:05.751932,03:59:05.752357,03:59:05.752357,03:59:05.753655,03:59:05.753655,03:59:05.755166,03:59:05.755166,03:59:05.764498,03:59:05.764526,03:59:05.778640,03:59:05.781711,03:59:06.194732,03:59:06.194766,03:59:06.204512,03:59:06.211970,03:59:06.218754,03:59:06.002683,03:59:06.002856,03:59:05.753084
250,rejected,03:59:07.404186,03:59:07.404186,03:59:07.404571,03:59:07.404571,03:59:07.405786,03:59:07.405786,03:59:07.407410,03:59:07.407410,03:59:07.416660,03:59:07.416680,03:59:07.430731,03:59:07.433821,03:59:07.838664,03:59:07.838697,03:59:07.844729,03:59:07.850175,03:59:07.856099,03:59:07.655131,03:59:07.655301,03:59:07.405242
250,rejected,03:59:09.020659,03:59:09.020659,03:59:09.021064,03:59:09.021064,03:59:09.022303,03:59:09.022303,03:59:09.023835,03:59:09.023835,03:59:09.033205,03:59:09.033227,03:59:09.047673,03:59:09.050779,03:59:09.454652,03:59:09.454682,03:59:09.461019,03:59:09.466387,03:59:09.472019,03:59:09.271572,03:59:09.271737,03:59:09.021755
250,rejected,03:59:10.639009,03:59:10.639009,03:59:10.639401,03:59:10.639401,03:59:10.640641,03:59:10.640641,03:59:10.642111,03:59:10.642111,03:59:10.654259,03:59:10.654281,03:59:10.668339,03:59:10.671552,03:59:11.076394,03:59:11.076428,03:59:11.082673,03:59:11.088329,03:59:11.093797,03:59:10.890130,03:59:10.890289,03:59:10.640136
250,rejected,03:59:12.345590,03:59:12.345590,03:59:12.346120,03:59:12.346120,03:59:12.348341,03:59:12.348341,03:59:12.350053,03:59:12.350053,03:59:12.361224,03:59:12.361277,03:59:12.378902,03:59:12.382482,03:59:12.789566,03:59:12.789596,03:59:12.795587,03:59:12.801018,03:59:12.806516,03:59:12.596226,03:59:12.596385,03:59:12.347310
250,rejected,03:59:14.059570,03:59:14.059570,03:59:14.059985,03:59:14.059985,03:59:14.061492,03:59:14.061492,03:59:14.063114,03:59:14.063114,03:59:14.072274,03:59:14.072297,03:59:14.086499,03:59:14.089726,03:59:14.494445,03:59:14.494475,03:59:14.500592,03:59:14.506434,03:59:14.512133,03:59:14.310427,03:59:14.310618,03:59:14.060672
250,rejected,03:59:15.679123,03:59:15.679123,03:59:15.679485,03:59:15.679485,03:59:15.680674,03:59:15.680674,03:59:15.682519,03:59:15.682519,03:59:15.692024,03:59:15.692046,03:59:15.706300,03:59:15.709386,03:59:16.120382,03:59:16.120433,03:59:16.128908,03:59:16.137467,03:59:16.146525,03:59:15.929924,03:59:15.930081,03:59:15.680149
250,rejected,03:59:17.321165,03:59:17.321165,03:59:17.321880,03:59:17.321880,03:59:17.323676,03:59:17.323676,03:59:17.325888,03:59:17.325888,03:59:17.335958,03:59:17.335999,03:59:17.352890,03:59:17.356222,03:59:17.761502,03:59:17.761533,03:59:17.767632,03:59:17.773113,03:59:17.778924,03:59:17.571472,03:59:17.571641,03:59:17.322916
250,rejected,03:59:19.096455,03:59:19.096455,03:59:19.097011,03:59:19.097011,03:59:19.098414,03:59:19.098414,03:59:19.099939,03:59:19.099939,03:59:19.109564,03:59:19.109586,03:59:19.124032,03:59:19.127074,03:59:19.532482,03:59:19.532512,03:59:19.538937,03:59:19.544688,03:59:19.550267,03:59:19.347177,03:59:19.347375,03:59:19.097772
300,rejected,03:59:20.867172,03:59:20.867172,03:59:20.867740,03:59:20.867740,03:59:20.869152,03:59:20.869152,03:59:20.870811,03:59:20.870811,03:59:20.880106,03:59:20.880127,03:59:20.894066,03:59:20.897143,03:59:21.301841,03:59:21.301872,03:59:21.308301,03:59:21.313922,03:59:21.319642,03:59:21.167781,03:59:21.167950,03:59:20.868510
300,rejected,03:59:22.494718,03:59:22.494718,03:59:22.495119,03:59:22.495119,03:59:22.496311,03:59:22.496311,03:59:22.497786,03:59:22.497786,03:59:22.507048,03:59:22.507069,03:59:22.521690,03:59:22.524955,03:59:22.929528,03:59:22.929557,03:59:22.935857,03:59:22.941763,03:59:22.947763,03:59:22.795609,03:59:22.795789,03:59:22.495800
300,rejected,03:59:24.110917,03:59:24.110917,03:59:24.111316,03:59:24.111316,03:59:24.112565,03:59:24.112565,03:59:24.114109,03:59:24.114109,03:59:24.123354,03:59:24.123374,03:59:24.146443,03:59:24.149535,03:59:24.553044,03:59:24.553075,03:59:24.559299,03:59:24.564891,03:59:24.570343,03:59:24.411584,03:59:24.411738,03:59:24.112020
300,rejected,03:59:25.917313,03:59:25.917313,03:59:25.917779,03:59:25.917779,03:59:25.919023,03:59:25.919023,03:59:25.920765,03:59:25.920765,03:59:25.929973,03:59:25.929996,03:59:25.944042,03:59:25.947218,03:59:26.359578,03:59:26.359608,03:59:26.365368,03:59:26.371133,03:59:26.376585,03:59:26.217659,03:59:26.217810,03:59:25.918478
300,rejected,03:59:27.630606,03:59:27.630606,03:59:27.631002,03:59:27.631002,03:59:27.632222,03:59:27.632222,03:59:27.633956,03:59:27.633956,03:59:27.644017,03:59:27.644039,03:59:27.658426,03:59:27.661646,03:59:28.068411,03:59:28.068442,03:59:28.074609,03:59:28.079959,03:59:28.085716,03:59:27.930606,03:59:27.930765,03:59:27.631692
300,rejected,03:59:29.252850,03:59:29.252850,03:59:29.253437,03:59:29.253437,03:59:29.254879,03:59:29.254879,03:59:29.256477,03:59:29.256477,03:59:29.266335,03:59:29.266357,03:59:29.280337,03:59:29.283383,03:59:29.689042,03:59:29.689074,03:59:29.695131,03:59:29.700814,03:59:29.706028,03:59:29.553503,03:59:29.553656,03:59:29.254217
300,rejected,03:59:31.024507,03:59:31.024507,03:59:31.024938,03:59:31.024938,03:59:31.026114,03:59:31.026114,03:59:31.027720,03:59:31.027720,03:59:31.038181,03:59:31.038204,03:59:31.052617,03:59:31.055652,03:59:31.461356,03:59:31.461387,03:59:31.467495,03:59:31.473202,03:59:31.478853,03:59:31.325196,03:59:31.325371,03:59:31.025611
300,rejected,03:59:32.648247,03:59:32.648247,03:59:32.648683,03:59:32.648683,03:59:32.649893,03:59:32.649893,03:59:32.651241,03:59:32.651241,03:59:32.660923,03:59:32.660943,03:59:32.674630,03:59:32.677714,03:59:33.082199,03:59:33.082231,03:59:33.088270,03:59:33.093583,03:59:33.099474,03:59:32.948996,03:59:32.949156,03:59:32.649367
300,rejected,03:59:34.416317,03:59:34.416317,03:59:34.416715,03:59:34.416715,03:59:34.418264,03:59:34.418264,03:59:34.419838,03:59:34.419838,03:59:34.429365,03:59:34.429390,03:59:34.444197,03:59:34.447330,03:59:34.852130,03:59:34.852162,03:59:34.858549,03:59:34.864001,03:59:34.869799,03:59:34.716811,03:59:34.716971,03:59:34.417489
300,rejected,03:59:36.070641,03:59:36.070641,03:59:36.071577,03:59:36.071577,03:59:36.073595,03:59:36.073595,03:59:36.075838,03:59:36.075838,03:59:36.085854,03:59:36.085905,03:59:36.104631,03:59:36.108701,03:59:36.517157,03:59:36.517188,03:59:36.523509,03:59:36.529094,03:59:36.535342,03:59:36.370570,03:59:36.370729,03:59:36.072755
300,rejected,03:59:37.713802,03:59:37.713802,03:59:37.714240,03:59:37.714240,03:59:37.715509,03:59:37.715509,03:59:37.717183,03:59:37.717183,03:59:37.726770,03:59:37.726795,03:59:37.742258,03:59:37.745631,03:59:38.153081,03:59:38.153112,03:59:38.159700,03:59:38.166185,03:59:38.173679,03:59:38.014547,03:59:38.014722,03:59:37.714979
300,rejected,03:59:39.424571,03:59:39.424571,03:59:39.424987,03:59:39.424987,03:59:39.426267,03:59:39.426267,03:59:39.427649,03:59:39.427649,03:59:39.436841,03:59:39.436862,03:59:39.451618,03:59:39.455122,03:59:39.859722,03:59:39.859755,03:59:39.866011,03:59:39.871884,03:59:39.877715,03:59:39.725222,03:59:39.725378,03:59:39.425671
300,rejected,03:59:41.132309,03:59:41.132309,03:59:41.132747,03:59:41.132747,03:59:41.134087,03:59:41.134087,03:59:41.135804,03:59:41.135804,03:59:41.144991,03:59:41.145013,03:59:41.159174,03:59:41.162207,03:59:41.567555,03:59:41.567585,03:59:41.573855,03:59:41.579100,03:59:41.584591,03:59:41.433480,03:59:41.433636,03:59:41.133525
300,rejected,03:59:42.762926,03:59:42.762926,03:59:42.763297,03:59:42.763297,03:59:42.764504,03:59:42.764504,03:59:42.766153,03:59:42.766153,03:59:42.775709,03:59:42.775728,03:59:42.789706,03:59:42.792847,03:59:43.198939,03:59:43.198970,03:59:43.205051,03:59:43.210468,03:59:43.215918,03:59:43.063623,03:59:43.063787,03:59:42.763965
300,rejected,03:59:44.541562,03:59:44.541562,03:59:44.541970,03:59:44.541970,03:59:44.543139,03:59:44.543139,03:59:44.544838,03:59:44.544838,03:59:44.554461,03:59:44.554484,03:59:44.577604,03:59:44.580625,03:59:44.985414,03:59:44.985447,03:59:44.991670,03:59:44.997289,03:59:45.002823,03:59:44.842360,03:59:44.842517,03:59:44.542633
300,rejected,03:59:46.372135,03:59:46.372135,03:59:46.372701,03:59:46.372701,03:59:46.374261,03:59:46.374261,03:59:46.375983,03:59:46.375983,03:59:46.385873,03:59:46.385893,03:59:46.400381,03:59:46.403501,03:59:46.806436,03:59:46.806468,03:59:46.812570,03:59:46.818075,03:59:46.823724,03:59:46.672737,03:59:46.672905,03:59:46.373528
300,rejected,03:59:47.989201,03:59:47.989201,03:59:47.989581,03:59:47.989581,03:59:47.990763,03:59:47.990763,03:59:47.992240,03:59:47.992240,03:59:48.001388,03:59:48.001409,03:59:48.015446,03:59:48.018929,03:59:48.422690,03:59:48.422726,03:59:48.429165,03:59:48.437412,03:59:48.446192,03:59:48.289952,03:59:48.290116,03:59:47.990241
300,rejected,03:59:49.764938,03:59:49.764938,03:59:49.765329,03:59:49.765329,03:59:49.766637,03:59:49.766637,03:59:49.768416,03:59:49.768416,03:59:49.777680,03:59:49.777700,03:59:49.791411,03:59:49.794505,03:59:50.199795,03:59:50.199828,03:59:50.206181,03:59:50.211387,03:59:50.217520,03:59:50.065658,03:59:50.065882,03:59:49.766069
300,rejected,03:59:51.470789,03:59:51.470789,03:59:51.471209,03:59:51.471209,03:59:51.472777,03:59:51.472777,03:59:51.474292,03:59:51.474292,03:59:51.486024,03:59:51.486045,03:59:51.500524,03:59:51.503632,03:59:51.907515,03:59:51.907549,03:59:51.913539,03:59:51.919320,03:59:51.925189,03:59:51.771790,03:59:51.771944,03:59:51.471931
300,rejected,03:59:53.241902,03:59:53.241902,03:59:53.242356,03:59:53.242356,03:59:53.243554,03:59:53.243554,03:59:53.245477,03:59:53.245477,03:59:53.254906,03:59:53.254930,03:59:53.268393,03:59:53.271530,03:59:53.676719,03:59:53.676750,03:59:53.683167,03:59:53.689122,03:59:53.695032,03:59:53.542575,03:59:53.542744,03:59:53.243045
300,rejected,03:59:54.948538,03:59:54.948538,03:59:54.949011,03:59:54.949011,03:59:54.950251,03:59:54.950251,03:59:54.951647,03:59:54.951647,03:59:54.960988,03:59:54.961011,03:59:54.975227,03:59:54.978391,03:59:55.383290,03:59:55.383319,03:59:55.389356,03:59:55.394981,03:59:55.400591,03:59:55.249238,03:59:55.249411,03:59:54.949711
300,rejected,03:59:56.616075,03:59:56.616075,03:59:56.616509,03:59:56.616509,03:59:56.617969,03:59:56.617969,03:59:56.619444,03:59:56.619444,03:59:56.629472,03:59:56.629512,03:59:56.646257,03:59:56.650638,03:59:57.056964,03:59:57.056995,03:59:57.063634,03:59:57.071102,03:59:57.077057,03:59:56.916974,03:59:56.917145,03:59:56.617377
300,rejected,03:59:58.396555,03:59:58.396555,03:59:58.396917,03:59:58.396917,03:59:58.398421,03:59:58.398421,03:59:58.399931,03:59:58.399931,03:59:58.409853,03:59:58.409878,03:59:58.424281,03:59:58.427699,03:59:58.833112,03:59:58.833143,03:59:58.839309,03:59:58.844806,03:59:58.850581,03:59:58.697066,03:59:58.697229,03:59:58.397620
300,rejected,04:00:00.088289,04:00:00.088289,04:00:00.088784,04:00:00.088784,04:00:00.090348,04:00:00.090348,04:00:00.092017,04:00:00.092017,04:00:00.101488,04:00:00.101510,04:00:00.115688,04:00:00.118699,04:00:00.522911,04:00:00.522943,04:00:00.528917,04:00:00.534629,04:00:00.540434,04:00:00.388827,04:00:00.388991,04:00:00.089554
300,rejected,04:00:01.797617,04:00:01.797617,04:00:01.798009,04:00:01.798009,04:00:01.799213,04:00:01.799213,04:00:01.800766,04:00:01.800766,04:00:01.810234,04:00:01.810254,04:00:01.823846,04:00:01.826895,04:00:02.232166,04:00:02.232203,04:00:02.238383,04:00:02.244060,04:00:02.251461,04:00:02.098274,04:00:02.098425,04:00:01.798665
300,rejected,04:00:03.570628,04:00:03.570628,04:00:03.571140,04:00:03.571140,04:00:03.572414,04:00:03.572414,04:00:03.573941,04:00:03.573941,04:00:03.583342,04:00:03.583367,04:00:03.597816,04:00:03.601050,04:00:04.004342,04:00:04.004372,04:00:04.010291,04:00:04.015936,04:00:04.021556,04:00:03.869872,04:00:03.870024,04:00:03.571881
300,rejected,04:00:05.295273,04:00:05.295273,04:00:05.295664,04:00:05.295664,04:00:05.296898,04:00:05.296898,04:00:05.298564,04:00:05.298564,04:00:05.308299,04:00:05.308324,04:00:05.332157,04:00:05.335227,04:00:05.739643,04:00:05.739675,04:00:05.745694,04:00:05.751289,04:00:05.757157,04:00:05.595459,04:00:05.595614,04:00:05.296366
300,rejected,04:00:06.941084,04:00:06.941084,04:00:06.941434,04:00:06.941434,04:00:06.942675,04:00:06.942675,04:00:06.944608,04:00:06.944608,04:00:06.953934,04:00:06.953954,04:00:06.968184,04:00:06.971252,04:00:07.376775,04:00:07.376807,04:00:07.383215,04:00:07.388705,04:00:07.394156,04:00:07.241631,04:00:07.241780,04:00:06.942107
300,rejected,04:00:08.716005,04:00:08.716005,04:00:08.716370,04:00:08.716370,04:00:08.717614,04:00:08.717614,04:00:08.719051,04:00:08.719051,04:00:08.728325,04:00:08.728347,04:00:08.742981,04:00:08.746139,04:00:09.151357,04:00:09.151389,04:00:09.157604,04:00:09.163327,04:00:09.168985,04:00:09.016543,04:00:09.016698,04:00:08.717054
300,rejected,04:00:10.433544,04:00:10.433544,04:00:10.433952,04:00:10.433952,04:00:10.435218,04:00:10.435218,04:00:10.437064,04:00:10.437064,04:00:10.447212,04:00:10.447260,04:00:10.463240,04:00:10.467033,04:00:10.873058,04:00:10.873089,04:00:10.879328,04:00:10.885273,04:00:10.891181,04:00:10.738651,04:00:10.738813,04:00:10.434681
300,rejected,04:00:12.224256,04:00:12.224256,04:00:12.224693,04:00:12.224693,04:00:12.225950,04:00:12.225950,04:00:12.227471,04:00:12.227471,04:00:12.236972,04:00:12.236994,04:00:12.251083,04:00:12.254211,04:00:12.658958,04:00:12.658989,04:00:12.665155,04:00:12.670630,04:00:12.676611,04:00:12.525197,04:00:12.525376,04:00:12.225399
300,rejected,04:00:14.003387,04:00:14.003387,04:00:14.003961,04:00:14.003961,04:00:14.005460,04:00:14.005460,04:00:14.007099,04:00:14.007099,04:00:14.016628,04:00:14.016653,04:00:14.030718,04:00:14.033707,04:00:14.436697,04:00:14.436730,04:00:14.442559,04:00:14.448127,04:00:14.453673,04:00:14.304440,04:00:14.304600,04:00:14.004795
300,rejected,04:00:15.796745,04:00:15.796745,04:00:15.797223,04:00:15.797223,04:00:15.798435,04:00:15.798435,04:00:15.799831,04:00:15.799831,04:00:15.809374,04:00:15.809394,04:00:15.823266,04:00:15.826339,04:00:16.238387,04:00:16.238420,04:00:16.246305,04:00:16.258165,04:00:16.267747,04:00:16.097471,04:00:16.097653,04:00:15.797915
300,rejected,04:00:17.670347,04:00:17.670347,04:00:17.670693,04:00:17.670693,04:00:17.671966,04:00:17.671966,04:00:17.673485,04:00:17.673485,04:00:17.683388,04:00:17.683409,04:00:17.697278,04:00:17.700368,04:00:18.104196,04:00:18.104228,04:00:18.110804,04:00:18.115906,04:00:18.121770,04:00:17.971035,04:00:17.971201,04:00:17.671398
300,rejected,04:00:19.387567,04:00:19.387567,04:00:19.387953,04:00:19.387953,04:00:19.389255,04:00:19.389255,04:00:19.390898,04:00:19.390898,04:00:19.400728,04:00:19.400747,04:00:19.414783,04:00:19.417874,04:00:19.822442,04:00:19.822474,04:00:19.828592,04:00:19.834261,04:00:19.840317,04:00:19.688383,04:00:19.688553,04:00:19.388696
300,rejected,04:00:21.006774,04:00:21.006774,04:00:21.007278,04:00:21.007278,04:00:21.008555,04:00:21.008555,04:00:21.009878,04:00:21.009878,04:00:21.019845,04:00:21.019873,04:00:21.034236,04:00:21.037293,04:00:21.440379,04:00:21.440420,04:00:21.446542,04:00:21.452517,04:00:21.458212,04:00:21.307413,04:00:21.307571,04:00:21.008035
300,rejected,04:00:22.777911,04:00:22.777911,04:00:22.778344,04:00:22.778344,04:00:22.779887,04:00:22.779887,04:00:22.781679,04:00:22.781679,04:00:22.791969,04:00:22.791990,04:00:22.805776,04:00:22.808829,04:00:23.213249,04:00:23.213278,04:00:23.219426,04:00:23.225223,04:00:23.230811,04:00:23.078500,04:00:23.078673,04:00:22.779057
300,rejected,04:00:24.482408,04:00:24.482408,04:00:24.483144,04:00:24.483144,04:00:24.485082,04:00:24.485082,04:00:24.487020,04:00:24.487020,04:00:24.498009,04:00:24.498077,04:00:24.515690,04:00:24.519620,04:00:24.923483,04:00:24.923513,04:00:24.929567,04:00:24.935185,04:00:24.941183,04:00:24.782880,04:00:24.783041,04:00:24.484310
300,rejected,04:00:26.254885,04:00:26.254885,04:00:26.255581,04:00:26.255581,04:00:26.257280,04:00:26.257280,04:00:26.259163,04:00:26.259163,04:00:26.269446,04:00:26.269478,04:00:26.296209,04:00:26.299573,04:00:26.704317,04:00:26.704349,04:00:26.710606,04:00:26.716488,04:00:26.721964,04:00:26.555649,04:00:26.555818,04:00:26.256600
300,rejected,04:00:28.044998,04:00:28.044998,04:00:28.045372,04:00:28.045372,04:00:28.046946,04:00:28.046946,04:00:28.048682,04:00:28.048682,04:00:28.058256,04:00:28.058279,04:00:28.072615,04:00:28.075722,04:00:28.481228,04:00:28.481260,04:00:28.489158,04:00:28.496333,04:00:28.502301,04:00:28.345717,04:00:28.345893,04:00:28.046102
300,rejected,04:00:29.882033,04:00:29.882033,04:00:29.882415,04:00:29.882415,04:00:29.884044,04:00:29.884044,04:00:29.885622,04:00:29.885622,04:00:29.894840,04:00:29.894860,04:00:29.910219,04:00:29.913609,04:00:30.321363,04:00:30.321395,04:00:30.327710,04:00:30.334021,04:00:30.339621,04:00:30.182880,04:00:30.183037,04:00:29.883219
300,rejected,04:00:31.666596,04:00:31.666596,04:00:31.667029,04:00:31.667029,04:00:31.668375,04:00:31.668375,04:00:31.669963,04:00:31.669963,04:00:31.679627,04:00:31.679647,04:00:31.693633,04:00:31.696772,04:00:32.100706,04:00:32.100738,04:00:32.107213,04:00:32.112834,04:00:32.118357,04:00:31.967177,04:00:31.967334,04:00:31.667797
300,rejected,04:00:33.302777,04:00:33.302777,04:00:33.303220,04:00:33.303220,04:00:33.304718,04:00:33.304718,04:00:33.306461,04:00:33.306461,04:00:33.318561,04:00:33.318584,04:00:33.332740,04:00:33.335831,04:00:33.738945,04:00:33.738975,04:00:33.745103,04:00:33.750845,04:00:33.756802,04:00:33.603300,04:00:33.603455,04:00:33.303944
300,rejected,04:00:35.077394,04:00:35.077394,04:00:35.077933,04:00:35.077933,04:00:35.079344,04:00:35.079344,04:00:35.080875,04:00:35.080875,04:00:35.090751,04:00:35.090777,04:00:35.104653,04:00:35.107703,04:00:35.512450,04:00:35.512483,04:00:35.518789,04:00:35.524387,04:00:35.530375,04:00:35.377853,04:00:35.378009,04:00:35.078685
300,rejected,04:00:36.751372,04:00:36.751372,04:00:36.751723,04:00:36.751723,04:00:36.753173,04:00:36.753173,04:00:36.754849,04:00:36.754849,04:00:36.764236,04:00:36.764256,04:00:36.778380,04:00:36.781476,04:00:37.186001,04:00:37.186037,04:00:37.191992,04:00:37.197740,04:00:37.203439,04:00:37.052271,04:00:37.052429,04:00:36.752425
300,rejected,04:00:38.565680,04:00:38.565680,04:00:38.566111,04:00:38.566111,04:00:38.567407,04:00:38.567407,04:00:38.568871,04:00:38.568871,04:00:38.578054,04:00:38.578074,04:00:38.592286,04:00:38.595397,04:00:38.999384,04:00:38.999414,04:00:39.005604,04:00:39.011167,04:00:39.016907,04:00:38.866299,04:00:38.866473,04:00:38.566871
300,rejected,04:00:40.194517,04:00:40.194517,04:00:40.194944,04:00:40.194944,04:00:40.196242,04:00:40.196242,04:00:40.197596,04:00:40.197596,04:00:40.206763,04:00:40.206783,04:00:40.220828,04:00:40.223993,04:00:40.629295,04:00:40.629330,04:00:40.635514,04:00:40.641101,04:00:40.646671,04:00:40.495326,04:00:40.495498,04:00:40.195717
300,rejected,04:00:41.966770,04:00:41.966770,04:00:41.967209,04:00:41.967209,04:00:41.968394,04:00:41.968394,04:00:41.969725,04:00:41.969725,04:00:41.978839,04:00:41.978858,04:00:41.992542,04:00:41.995641,04:00:42.400143,04:00:42.400176,04:00:42.406255,04:00:42.411857,04:00:42.418142,04:00:42.267707,04:00:42.267872,04:00:41.967888
300,rejected,04:00:43.738678,04:00:43.738678,04:00:43.739263,04:00:43.739263,04:00:43.740536,04:00:43.740536,04:00:43.741998,04:00:43.741998,04:00:43.751816,04:00:43.751846,04:00:43.770447,04:00:43.774187,04:00:44.179455,04:00:44.179487,04:00:44.185830,04:00:44.191358,04:00:44.196906,04:00:44.038778,04:00:44.038949,04:00:43.740031
300,rejected,04:00:45.375502,04:00:45.375502,04:00:45.375903,04:00:45.375903,04:00:45.377575,04:00:45.377575,04:00:45.379208,04:00:45.379208,04:00:45.389274,04:00:45.389301,04:00:45.402566,04:00:45.405685,04:00:45.809974,04:00:45.810004,04:00:45.816148,04:00:45.821981,04:00:45.827868,04:00:45.676191,04:00:45.676348,04:00:45.376692
300,rejected,04:00:47.175354,04:00:47.175354,04:00:47.175813,04:00:47.175813,04:00:47.177402,04:00:47.177402,04:00:47.178879,04:00:47.178879,04:00:47.188081,04:00:47.188102,04:00:47.211193,04:00:47.214388,04:00:47.618627,04:00:47.618658,04:00:47.624814,04:00:47.630370,04:00:47.636062,04:00:47.475963,04:00:47.476141,04:00:47.176551
300,rejected,04:00:48.960145,04:00:48.960145,04:00:48.960588,04:00:48.960588,04:00:48.961809,04:00:48.961809,04:00:48.963299,04:00:48.963299,04:00:48.972613,04:00:48.972633,04:00:48.987610,04:00:48.991108,04:00:49.396969,04:00:49.397006,04:00:49.403015,04:00:49.408096,04:00:49.413685,04:00:49.260629,04:00:49.260786,04:00:48.961307
300,rejected,04:00:50.597437,04:00:50.597437,04:00:50.597996,04:00:50.597996,04:00:50.599353,04:00:50.599353,04:00:50.601040,04:00:50.601040,04:00:50.610462,04:00:50.610489,04:00:50.625376,04:00:50.628447,04:00:51.032948,04:00:51.032979,04:00:51.039116,04:00:51.044770,04:00:51.050426,04:00:50.898322,04:00:50.898816,04:00:50.598775
300,rejected,04:00:52.323084,04:00:52.323084,04:00:52.323485,04:00:52.323485,04:00:52.324765,04:00:52.324765,04:00:52.326206,04:00:52.326206,04:00:52.335628,04:00:52.335666,04:00:52.350819,04:00:52.354172,04:00:52.759249,04:00:52.759280,04:00:52.765600,04:00:52.771452,04:00:52.777393,04:00:52.623905,04:00:52.624077,04:00:52.324179
300,rejected,04:00:54.095101,04:00:54.095101,04:00:54.095509,04:00:54.095509,04:00:54.096783,04:00:54.096783,04:00:54.098407,04:00:54.098407,04:00:54.107876,04:00:54.107901,04:00:54.124340,04:00:54.127693,04:00:54.534529,04:00:54.534561,04:00:54.540541,04:00:54.545766,04:00:54.551141,04:00:54.395808,04:00:54.395968,04:00:54.096242
300,rejected,04:00:55.886208,04:00:55.886208,04:00:55.886570,04:00:55.886570,04:00:55.887790,04:00:55.887790,04:00:55.889557,04:00:55.889557,04:00:55.899005,04:00:55.899028,04:00:55.913348,04:00:55.916731,04:00:56.330261,04:00:56.330294,04:00:56.336449,04:00:56.342818,04:00:56.348713,04:00:56.187095,04:00:56.187256,04:00:55.887287
300,rejected,04:00:57.609171,04:00:57.609171,04:00:57.609524,04:00:57.609524,04:00:57.610697,04:00:57.610697,04:00:57.612083,04:00:57.612083,04:00:57.622076,04:00:57.622097,04:00:57.635947,04:00:57.639109,04:00:58.043477,04:00:58.043507,04:00:58.049831,04:00:58.055686,04:00:58.061422,04:00:57.910006,04:00:57.910204,04:00:57.610189
300,rejected,04:00:59.380359,04:00:59.380359,04:00:59.380848,04:00:59.380848,04:00:59.382179,04:00:59.382179,04:00:59.383709,04:00:59.383709,04:00:59.392800,04:00:59.392823,04:00:59.408149,04:00:59.412844,04:00:59.820685,04:00:59.820719,04:00:59.826870,04:00:59.832533,04:00:59.838515,04:00:59.680983,04:00:59.681193,04:00:59.381610
300,rejected,04:01:01.093850,04:01:01.093850,04:01:01.094263,04:01:01.094263,04:01:01.095754,04:01:01.095754,04:01:01.097363,04:01:01.097363,04:01:01.106599,04:01:01.106619,04:01:01.120337,04:01:01.123409,04:01:01.526196,04:01:01.526228,04:01:01.532301,04:01:01.537942,04:01:01.543548,04:01:01.394726,04:01:01.394898,04:01:01.094961
300,rejected,04:01:02.702453,04:01:02.702453,04:01:02.702871,04:01:02.702871,04:01:02.704151,04:01:02.704151,04:01:02.705967,04:01:02.705967,04:01:02.715386,04:01:02.715409,04:01:02.729669,04:01:02.732923,04:01:03.137769,04:01:03.137798,04:01:03.143885,04:01:03.149599,04:01:03.155603,04:01:03.003128,04:01:03.003281,04:01:02.703605
300,rejected,04:01:04.418732,04:01:04.418732,04:01:04.419103,04:01:04.419103,04:01:04.420646,04:01:04.420646,04:01:04.422343,04:01:04.422343,04:01:04.431861,04:01:04.431885,04:01:04.445770,04:01:04.449226,04:01:04.854434,04:01:04.854466,04:01:04.860684,04:01:04.866152,04:01:04.871547,04:01:04.719513,04:01:04.719670,04:01:04.419791
300,rejected,04:01:06.219464,04:01:06.219464,04:01:06.220231,04:01:06.220231,04:01:06.221870,04:01:06.221870,04:01:06.223839,04:01:06.223839,04:01:06.234735,04:01:06.234798,04:01:06.256800,04:01:06.261936,04:01:06.668513,04:01:06.668542,04:01:06.674517,04:01:06.679651,04:01:06.685485,04:01:06.519943,04:01:06.520099,04:01:06.221199
300,rejected,04:01:07.955472,04:01:07.955472,04:01:07.956235,04:01:07.956235,04:01:07.958239,04:01:07.958239,04:01:07.960182,04:01:07.960182,04:01:07.970696,04:01:07.970756,04:01:07.998788,04:01:08.002019,04:01:08.405785,04:01:08.405817,04:01:08.412367,04:01:08.418363,04:01:08.424373,04:01:08.255932,04:01:08.256110,04:01:07.957315
300,rejected,04:01:09.795937,04:01:09.795937,04:01:09.796279,04:01:09.796279,04:01:09.797470,04:01:09.797470,04:01:09.798968,04:01:09.798968,04:01:09.808457,04:01:09.808482,04:01:09.823465,04:01:09.826551,04:01:10.231628,04:01:10.231657,04:01:10.237705,04:01:10.243117,04:01:10.248543,04:01:10.096733,04:01:10.096903,04:01:09.796964
300,rejected,04:01:11.629663,04:01:11.629663,04:01:11.630110,04:01:11.630110,04:01:11.631430,04:01:11.631430,04:01:11.633336,04:01:11.633336,04:01:11.643079,04:01:11.643102,04:01:11.657902,04:01:11.661038,04:01:12.065754,04:01:12.065784,04:01:12.072054,04:01:12.077345,04:01:12.082939,04:01:11.930402,04:01:11.930559,04:01:11.630845
300,rejected,04:01:13.400292,04:01:13.400292,04:01:13.400712,04:01:13.400712,04:01:13.402088,04:01:13.402088,04:01:13.403859,04:01:13.403859,04:01:13.413319,04:01:13.413342,04:01:13.428196,04:01:13.431530,04:01:13.837124,04:01:13.837154,04:01:13.843484,04:01:13.848770,04:01:13.854247,04:01:13.701197,04:01:13.701357,04:01:13.401465
300,rejected,04:01:15.173688,04:01:15.173688,04:01:15.174176,04:01:15.174176,04:01:15.175401,04:01:15.175401,04:01:15.177091,04:01:15.177091,04:01:15.188770,04:01:15.188791,04:01:15.203619,04:01:15.206715,04:01:15.611624,04:01:15.611656,04:01:15.617552,04:01:15.622786,04:01:15.628164,04:01:15.474480,04:01:15.474638,04:01:15.174905
300,rejected,04:01:16.975394,04:01:16.975394,04:01:16.975835,04:01:16.975835,04:01:16.977080,04:01:16.977080,04:01:16.978619,04:01:16.978619,04:01:16.987999,04:01:16.988020,04:01:17.001949,04:01:17.005007,04:01:17.408388,04:01:17.408420,04:01:17.414691,04:01:17.420576,04:01:17.426392,04:01:17.275920,04:01:17.276067,04:01:16.976569
300,rejected,04:01:18.756170,04:01:18.756170,04:01:18.756527,04:01:18.756527,04:01:18.757806,04:01:18.757806,04:01:18.759744,04:01:18.759744,04:01:18.769393,04:01:18.769417,04:01:18.783064,04:01:18.786242,04:01:19.191957,04:01:19.191988,04:01:19.198814,04:01:19.204740,04:01:19.210754,04:01:19.057210,04:01:19.057368,04:01:18.757200
300,rejected,04:01:20.531625,04:01:20.531625,04:01:20.532054,04:01:20.532054,04:01:20.533566,04:01:20.533566,04:01:20.535153,04:01:20.535153,04:01:20.545529,04:01:20.545553,04:01:20.559456,04:01:20.563030,04:01:20.967673,04:01:20.967710,04:01:20.973811,04:01:20.978972,04:01:20.984429,04:01:20.832240,04:01:20.832384,04:01:20.532727
300,rejected,04:01:22.155397,04:01:22.155397,04:01:22.155760,04:01:22.155760,04:01:22.156952,04:01:22.156952,04:01:22.158517,04:01:22.158517,04:01:22.168126,04:01:22.168149,04:01:22.181828,04:01:22.185027,04:01:22.589751,04:01:22.589778,04:01:22.595758,04:01:22.600925,04:01:22.606226,04:01:22.455051,04:01:22.455201,04:01:22.156432
300,rejected,04:01:23.778083,04:01:23.778083,04:01:23.778446,04:01:23.778446,04:01:23.779866,04:01:23.779866,04:01:23.781373,04:01:23.781373,04:01:23.790772,04:01:23.790796,04:01:23.804804,04:01:23.808425,04:01:24.215114,04:01:24.215143,04:01:24.221319,04:01:24.227196,04:01:24.232853,04:01:24.078932,04:01:24.079133,04:01:23.779101
300,rejected,04:01:25.404984,04:01:25.404984,04:01:25.405376,04:01:25.405376,04:01:25.406651,04:01:25.406651,04:01:25.408199,04:01:25.408199,04:01:25.417310,04:01:25.417331,04:01:25.431441,04:01:25.434496,04:01:25.839736,04:01:25.839766,04:01:25.846062,04:01:25.851250,04:01:25.856941,04:01:25.705754,04:01:25.705933,04:01:25.406139
300,rejected,04:01:27.233903,04:01:27.233903,04:01:27.234385,04:01:27.234385,04:01:27.235649,04:01:27.235649,04:01:27.237534,04:01:27.237534,04:01:27.247129,04:01:27.247156,04:01:27.261339,04:01:27.264388,04:01:27.669787,04:01:27.669818,04:01:27.675962,04:01:27.681860,04:01:27.687672,04:01:27.534494,04:01:27.534670,04:01:27.235109
300,rejected,04:01:28.952670,04:01:28.952670,04:01:28.953226,04:01:28.953226,04:01:28.954677,04:01:28.954677,04:01:28.956171,04:01:28.956171,04:01:28.965420,04:01:28.965442,04:01:28.988462,04:01:28.991816,04:01:29.397604,04:01:29.397634,04:01:29.403891,04:01:29.409667,04:01:29.415761,04:01:29.253229,04:01:29.253385,04:01:28.954043
300,rejected,04:01:30.589429,04:01:30.589429,04:01:30.589777,04:01:30.589777,04:01:30.590967,04:01:30.590967,04:01:30.592757,04:01:30.592757,04:01:30.602015,04:01:30.602035,04:01:30.616714,04:01:30.619742,04:01:31.024453,04:01:31.024486,04:01:31.030731,04:01:31.036184,04:01:31.041996,04:01:30.890322,04:01:30.890492,04:01:30.590480
300,rejected,04:01:32.207170,04:01:32.207170,04:01:32.207643,04:01:32.207643,04:01:32.209196,04:01:32.209196,04:01:32.210872,04:01:32.210872,04:01:32.221158,04:01:32.221181,04:01:32.235984,04:01:32.239067,04:01:32.645594,04:01:32.645626,04:01:32.651959,04:01:32.657620,04:01:32.663251,04:01:32.507920,04:01:32.508077,04:01:32.208392
300,rejected,04:01:33.984809,04:01:33.984809,04:01:33.985165,04:01:33.985165,04:01:33.986379,04:01:33.986379,04:01:33.988154,04:01:33.988154,04:01:33.997730,04:01:33.997752,04:01:34.013583,04:01:34.016918,04:01:34.420453,04:01:34.420485,04:01:34.426583,04:01:34.431743,04:01:34.437015,04:01:34.285453,04:01:34.285634,04:01:33.985819
300,rejected,04:01:35.694529,04:01:35.694529,04:01:35.694937,04:01:35.694937,04:01:35.696358,04:01:35.696358,04:01:35.697768,04:01:35.697768,04:01:35.707326,04:01:35.707346,04:01:35.747369,04:01:35.750454,04:01:36.160019,04:01:36.160052,04:01:36.168957,04:01:36.176960,04:01:36.185700,04:01:35.995329,04:01:35.995522,04:01:35.695748
300,rejected,04:01:37.377218,04:01:37.377218,04:01:37.377659,04:01:37.377659,04:01:37.379230,04:01:37.379230,04:01:37.380915,04:01:37.380915,04:01:37.390777,04:01:37.390797,04:01:37.402201,04:01:37.405213,04:01:37.810078,04:01:37.810108,04:01:37.816164,04:01:37.822044,04:01:37.827785,04:01:37.678133,04:01:37.678296,04:01:37.378428
300,rejected,04:01:39.202993,04:01:39.202993,04:01:39.203339,04:01:39.203339,04:01:39.204562,04:01:39.204562,04:01:39.206109,04:01:39.206109,04:01:39.215404,04:01:39.215425,04:01:39.229349,04:01:39.232281,04:01:39.636631,04:01:39.636662,04:01:39.642906,04:01:39.648504,04:01:39.654032,04:01:39.503709,04:01:39.503864,04:01:39.204025
300,rejected,04:01:40.912332,04:01:40.912332,04:01:40.912722,04:01:40.912722,04:01:40.914197,04:01:40.914197,04:01:40.915774,04:01:40.915774,04:01:40.925375,04:01:40.925399,04:01:40.939560,04:01:40.942586,04:01:41.347470,04:01:41.347501,04:01:41.353801,04:01:41.359479,04:01:41.365462,04:01:41.213234,04:01:41.213396,04:01:40.913417
300,rejected,04:01:42.633954,04:01:42.633954,04:01:42.634382,04:01:42.634382,04:01:42.635561,04:01:42.635561,04:01:42.637058,04:01:42.637058,04:01:42.646129,04:01:42.646150,04:01:42.661576,04:01:42.665178,04:01:43.073984,04:01:43.074018,04:01:43.080204,04:01:43.086429,04:01:43.092298,04:01:42.934746,04:01:42.934909,04:01:42.635067
300,rejected,04:01:44.378919,04:01:44.378919,04:01:44.379334,04:01:44.379334,04:01:44.380862,04:01:44.380862,04:01:44.382491,04:01:44.382491,04:01:44.392050,04:01:44.392073,04:01:44.406160,04:01:44.409351,04:01:44.814749,04:01:44.814780,04:01:44.821122,04:01:44.826582,04:01:44.832201,04:01:44.679719,04:01:44.680042,04:01:44.380030
300,rejected,04:01:46.108412,04:01:46.108412,04:01:46.109218,04:01:46.109218,04:01:46.110917,04:01:46.110917,04:01:46.113381,04:01:46.113381,04:01:46.123978,04:01:46.124027,04:01:46.140709,04:01:46.145479,04:01:46.557416,04:01:46.557449,04:01:46.563414,04:01:46.569009,04:01:46.574870,04:01:46.408710,04:01:46.408885,04:01:46.110211
300,rejected,04:01:47.850831,04:01:47.850831,04:01:47.851263,04:01:47.851263,04:01:47.852524,04:01:47.852524,04:01:47.854451,04:01:47.854451,04:01:47.864840,04:01:47.864862,04:01:47.878938,04:01:47.881978,04:01:48.288428,04:01:48.288460,04:01:48.294753,04:01:48.300579,04:01:48.306439,04:01:48.151730,04:01:48.151883,04:01:47.852017
300,rejected,04:01:49.570455,04:01:49.570455,04:01:49.570896,04:01:49.570896,04:01:49.572059,04:01:49.572059,04:01:49.573492,04:01:49.573492,04:01:49.583161,04:01:49.583182,04:01:49.606003,04:01:49.609038,04:01:50.013706,04:01:50.013738,04:01:50.020261,04:01:50.026069,04:01:50.032220,04:01:49.871197,04:01:49.871379,04:01:49.571559
300,rejected,04:01:51.271838,04:01:51.271838,04:01:51.272251,04:01:51.272251,04:01:51.273626,04:01:51.273626,04:01:51.275242,04:01:51.275242,04:01:51.285505,04:01:51.285525,04:01:51.300221,04:01:51.303223,04:01:51.707647,04:01:51.707679,04:01:51.713869,04:01:51.719534,04:01:51.725019,04:01:51.572769,04:01:51.572925,04:01:51.273040
300,rejected,04:01:53.046568,04:01:53.046568,04:01:53.047012,04:01:53.047012,04:01:53.048289,04:01:53.048289,04:01:53.050071,04:01:53.050071,04:01:53.059715,04:01:53.059739,04:01:53.073798,04:01:53.076791,04:01:53.481778,04:01:53.481810,04:01:53.487799,04:01:53.493476,04:01:53.499572,04:01:53.347319,04:01:53.347505,04:01:53.047743
300,rejected,04:01:54.773475,04:01:54.773475,04:01:54.773854,04:01:54.773854,04:01:54.775075,04:01:54.775075,04:01:54.776975,04:01:54.776975,04:01:54.786559,04:01:54.786583,04:01:54.801803,04:01:54.805244,04:01:55.210762,04:01:55.210795,04:01:55.216632,04:01:55.221878,04:01:55.227850,04:01:55.074395,04:01:55.074574,04:01:54.774566
300,rejected,04:01:56.645958,04:01:56.645958,04:01:56.646358,04:01:56.646358,04:01:56.647573,04:01:56.647573,04:01:56.649382,04:01:56.649382,04:01:56.662120,04:01:56.662168,04:01:56.679048,04:01:56.682363,04:01:57.089160,04:01:57.089191,04:01:57.095000,04:01:57.100499,04:01:57.105982,04:01:56.946993,04:01:56.947167,04:01:56.647036
300,rejected,04:01:58.371400,04:01:58.371400,04:01:58.371812,04:01:58.371812,04:01:58.373366,04:01:58.373366,04:01:58.375095,04:01:58.375095,04:01:58.384890,04:01:58.384924,04:01:58.400343,04:01:58.403626,04:01:58.808498,04:01:58.808530,04:01:58.814922,04:01:58.820668,04:01:58.826162,04:01:58.672248,04:01:58.672415,04:01:58.372544
300,rejected,04:02:00.005902,04:02:00.005902,04:02:00.006322,04:02:00.006322,04:02:00.007536,04:02:00.007536,04:02:00.009319,04:02:00.009319,04:02:00.019414,04:02:00.019464,04:02:00.035166,04:02:00.038365,04:02:00.442943,04:02:00.442973,04:02:00.449389,04:02:00.455156,04:02:00.460996,04:02:00.307456,04:02:00.307626,04:02:00.007021
300,rejected,04:02:01.720787,04:02:01.720787,04:02:01.721220,04:02:01.721220,04:02:01.722726,04:02:01.722726,04:02:01.724483,04:02:01.724483,04:02:01.735690,04:02:01.735719,04:02:01.750276,04:02:01.753643,04:02:02.158394,04:02:02.158433,04:02:02.164261,04:02:02.169753,04:02:02.177787,04:02:02.021470,04:02:02.021636,04:02:01.721964
300,rejected,04:02:03.362904,04:02:03.362904,04:02:03.363365,04:02:03.363365,04:02:03.364651,04:02:03.364651,04:02:03.366042,04:02:03.366042,04:02:03.375372,04:02:03.375400,04:02:03.389477,04:02:03.392617,04:02:03.796724,04:02:03.796755,04:02:03.802878,04:02:03.808635,04:02:03.813899,04:02:03.662647,04:02:03.662803,04:02:03.364135
300,rejected,04:02:05.081583,04:02:05.081583,04:02:05.081936,04:02:05.081936,04:02:05.083493,04:02:05.083493,04:02:05.085195,04:02:05.085195,04:02:05.094477,04:02:05.094500,04:02:05.108598,04:02:05.111744,04:02:05.515371,04:02:05.515402,04:02:05.521293,04:02:05.526849,04:02:05.532542,04:02:05.382276,04:02:05.382426,04:02:05.082700
300,rejected,04:02:06.923305,04:02:06.923305,04:02:06.923694,04:02:06.923694,04:02:06.924868,04:02:06.924868,04:02:06.926356,04:02:06.926356,04:02:06.935373,04:02:06.935398,04:02:06.949132,04:02:06.952274,04:02:07.356308,04:02:07.356339,04:02:07.362355,04:02:07.368168,04:02:07.374049,04:02:07.224200,04:02:07.224358,04:02:06.924367
300,rejected,04:02:08.703153,04:02:08.703153,04:02:08.703699,04:02:08.703699,04:02:08.705009,04:02:08.705009,04:02:08.706561,04:02:08.706561,04:02:08.716700,04:02:08.716728,04:02:08.730086,04:02:08.733112,04:02:09.136282,04:02:09.136313,04:02:09.142444,04:02:09.148412,04:02:09.153972,04:02:09.003871,04:02:09.004031,04:02:08.704475
300,rejected,04:02:10.338306,04:02:10.338306,04:02:10.338729,04:02:10.338729,04:02:10.340582,04:02:10.340582,04:02:10.342725,04:02:10.342725,04:02:10.353300,04:02:10.353347,04:02:10.381688,04:02:10.384874,04:02:10.789533,04:02:10.789566,04:02:10.795570,04:02:10.801154,04:02:10.807050,04:02:10.638968,04:02:10.639127,04:02:10.339729
300,rejected,04:02:12.181586,04:02:12.181586,04:02:12.182147,04:02:12.182147,04:02:12.183409,04:02:12.183409,04:02:12.184894,04:02:12.184894,04:02:12.194781,04:02:12.194804,04:02:12.209049,04:02:12.212065,04:02:12.616194,04:02:12.616230,04:02:12.622434,04:02:12.628746,04:02:12.634741,04:02:12.487875,04:02:12.488065,04:02:12.182913
350,rejected,04:02:13.806934,04:02:13.806934,04:02:13.807377,04:02:13.807377,04:02:13.808913,04:02:13.808913,04:02:13.810493,04:02:13.810493,04:02:13.820215,04:02:13.820239,04:02:13.834738,04:02:13.837980,04:02:14.242778,04:02:14.242811,04:02:14.248590,04:02:14.254036,04:02:14.259516,04:02:14.157511,04:02:14.157680,04:02:13.808156
350,rejected,04:02:15.598848,04:02:15.598848,04:02:15.599268,04:02:15.599268,04:02:15.600682,04:02:15.600682,04:02:15.602350,04:02:15.602350,04:02:15.611923,04:02:15.611946,04:02:15.629775,04:02:15.633150,04:02:16.039701,04:02:16.039733,04:02:16.045652,04:02:16.051179,04:02:16.056676,04:02:15.949786,04:02:15.949966,04:02:15.600073
350,rejected,04:02:17.304591,04:02:17.304591,04:02:17.305045,04:02:17.305045,04:02:17.306312,04:02:17.306312,04:02:17.308167,04:02:17.308167,04:02:17.317290,04:02:17.317310,04:02:17.331203,04:02:17.334189,04:02:17.737978,04:02:17.738009,04:02:17.744189,04:02:17.749527,04:02:17.755699,04:02:17.655230,04:02:17.655388,04:02:17.305784
350,rejected,04:02:18.935641,04:02:18.935641,04:02:18.936039,04:02:18.936039,04:02:18.937469,04:02:18.937469,04:02:18.939241,04:02:18.939241,04:02:18.948840,04:02:18.948860,04:02:18.963370,04:02:18.966428,04:02:19.371351,04:02:19.371382,04:02:19.377698,04:02:19.383045,04:02:19.388727,04:02:19.286532,04:02:19.286689,04:02:18.936876
350,rejected,04:02:20.648789,04:02:20.648789,04:02:20.649263,04:02:20.649263,04:02:20.651139,04:02:20.651139,04:02:20.653196,04:02:20.653196,04:02:20.663468,04:02:20.663515,04:02:20.682370,04:02:20.685788,04:02:21.091243,04:02:21.091275,04:02:21.097386,04:02:21.102916,04:02:21.108435,04:02:20.999873,04:02:21.000049,04:02:20.650340
350,rejected,04:02:22.432854,04:02:22.432854,04:02:22.433247,04:02:22.433247,04:02:22.434491,04:02:22.434491,04:02:22.436059,04:02:22.436059,04:02:22.445293,04:02:22.445314,04:02:22.459571,04:02:22.462680,04:02:22.866873,04:02:22.866902,04:02:22.873287,04:02:22.878465,04:02:22.883959,04:02:22.783428,04:02:22.783603,04:02:22.433943
350,rejected,04:02:24.128597,04:02:24.128597,04:02:24.128950,04:02:24.128950,04:02:24.130462,04:02:24.130462,04:02:24.131983,04:02:24.131983,04:02:24.141173,04:02:24.141193,04:02:24.155193,04:02:24.158244,04:02:24.562977,04:02:24.563009,04:02:24.569044,04:02:24.574686,04:02:24.580634,04:02:24.479305,04:02:24.479466,04:02:24.129634
350,rejected,04:02:25.841632,04:02:25.841632,04:02:25.842072,04:02:25.842072,04:02:25.843685,04:02:25.843685,04:02:25.845238,04:02:25.845238,04:02:25.854834,04:02:25.854855,04:02:25.868946,04:02:25.872029,04:02:26.283052,04:02:26.283104,04:02:26.297402,04:02:26.308940,04:02:26.324001,04:02:26.192804,04:02:26.192960,04:02:25.842823
350,rejected,04:02:27.591516,04:02:27.591516,04:02:27.591971,04:02:27.591971,04:02:27.593571,04:02:27.593571,04:02:27.595109,04:02:27.595109,04:02:27.604523,04:02:27.604546,04:02:27.618405,04:02:27.621466,04:02:28.026069,04:02:28.026101,04:02:28.032135,04:02:28.037638,04:02:28.043227,04:02:27.942264,04:02:27.942444,04:02:27.592720
350,rejected,04:02:29.379263,04:02:29.379263,04:02:29.379649,04:02:29.379649,04:02:29.381000,04:02:29.381000,04:02:29.382734,04:02:29.382734,04:02:29.392139,04:02:29.392161,04:02:29.405921,04:02:29.408941,04:02:29.814175,04:02:29.814205,04:02:29.820407,04:02:29.825904,04:02:29.831869,04:02:29.729954,04:02:29.730110,04:02:29.380411
350,rejected,04:02:31.160449,04:02:31.160449,04:02:31.160896,04:02:31.160896,04:02:31.162068,04:02:31.162068,04:02:31.163692,04:02:31.163692,04:02:31.172987,04:02:31.173009,04:02:31.196935,04:02:31.199967,04:02:31.603756,04:02:31.603788,04:02:31.610067,04:02:31.615699,04:02:31.621370,04:02:31.511064,04:02:31.511216,04:02:31.161568
350,rejected,04:02:32.961925,04:02:32.961925,04:02:32.962274,04:02:32.962274,04:02:32.963543,04:02:32.963543,04:02:32.965433,04:02:32.965433,04:02:32.974753,04:02:32.974775,04:02:32.989425,04:02:32.992511,04:02:33.394813,04:02:33.394843,04:02:33.400829,04:02:33.406488,04:02:33.412173,04:02:33.312537,04:02:33.312696,04:02:32.962991
350,rejected,04:02:34.796796,04:02:34.796796,04:02:34.797470,04:02:34.797470,04:02:34.799497,04:02:34.799497,04:02:34.801305,04:02:34.801305,04:02:34.811849,04:02:34.811903,04:02:34.831318,04:02:34.834583,04:02:35.240472,04:02:35.240508,04:02:35.246673,04:02:35.252286,04:02:35.258362,04:02:35.147562,04:02:35.147726,04:02:34.798695
350,rejected,04:02:36.435023,04:02:36.435023,04:02:36.435456,04:02:36.435456,04:02:36.436732,04:02:36.436732,04:02:36.438310,04:02:36.438310,04:02:36.448424,04:02:36.448446,04:02:36.464103,04:02:36.467511,04:02:36.872188,04:02:36.872220,04:02:36.878296,04:02:36.883688,04:02:36.889045,04:02:36.785878,04:02:36.786046,04:02:36.436177
350,rejected,04:02:38.070529,04:02:38.070529,04:02:38.070900,04:02:38.070900,04:02:38.072428,04:02:38.072428,04:02:38.073908,04:02:38.073908,04:02:38.085768,04:02:38.085791,04:02:38.099310,04:02:38.102296,04:02:38.507718,04:02:38.507747,04:02:38.514112,04:02:38.520031,04:02:38.525853,04:02:38.420153,04:02:38.420312,04:02:38.071596
350,rejected,04:02:39.853928,04:02:39.853928,04:02:39.854404,04:02:39.854404,04:02:39.856008,04:02:39.856008,04:02:39.857639,04:02:39.857639,04:02:39.866977,04:02:39.866998,04:02:39.881453,04:02:39.885129,04:02:40.291925,04:02:40.291956,04:02:40.298297,04:02:40.303991,04:02:40.309843,04:02:40.204578,04:02:40.204742,04:02:39.855151
350,rejected,04:02:41.636837,04:02:41.636837,04:02:41.637415,04:02:41.637415,04:02:41.638692,04:02:41.638692,04:02:41.640239,04:02:41.640239,04:02:41.649527,04:02:41.649551,04:02:41.663844,04:02:41.666920,04:02:42.072372,04:02:42.072406,04:02:42.078351,04:02:42.083905,04:02:42.089369,04:02:41.989478,04:02:41.989636,04:02:41.638167
350,rejected,04:02:43.360673,04:02:43.360673,04:02:43.361068,04:02:43.361068,04:02:43.362404,04:02:43.362404,04:02:43.363953,04:02:43.363953,04:02:43.373380,04:02:43.373399,04:02:43.387238,04:02:43.390295,04:02:43.795786,04:02:43.795815,04:02:43.801913,04:02:43.807569,04:02:43.813523,04:02:43.711397,04:02:43.711543,04:02:43.361773
350,rejected,04:02:45.054185,04:02:45.054185,04:02:45.054614,04:02:45.054614,04:02:45.055893,04:02:45.055893,04:02:45.057570,04:02:45.057570,04:02:45.067015,04:02:45.067039,04:02:45.081247,04:02:45.084811,04:02:45.490020,04:02:45.490068,04:02:45.498929,04:02:45.506057,04:02:45.512882,04:02:45.404664,04:02:45.404817,04:02:45.055376
350,rejected,04:02:46.891745,04:02:46.891745,04:02:46.892145,04:02:46.892145,04:02:46.893723,04:02:46.893723,04:02:46.895426,04:02:46.895426,04:02:46.904628,04:02:46.904648,04:02:46.918748,04:02:46.921782,04:02:47.325930,04:02:47.325960,04:02:47.332440,04:02:47.338131,04:02:47.344197,04:02:47.242492,04:02:47.242665,04:02:46.892909
350,rejected,04:02:48.612318,04:02:48.612318,04:02:48.613081,04:02:48.613081,04:02:48.615292,04:02:48.615292,04:02:48.617719,04:02:48.617719,04:02:48.628124,04:02:48.628150,04:02:48.642734,04:02:48.645915,04:02:49.050552,04:02:49.050585,04:02:49.056640,04:02:49.062147,04:02:49.067777,04:02:48.962628,04:02:48.962782,04:02:48.614253
350,rejected,04:02:50.253168,04:02:50.253168,04:02:50.253652,04:02:50.253652,04:02:50.255218,04:02:50.255218,04:02:50.256790,04:02:50.256790,04:02:50.267206,04:02:50.267227,04:02:50.280714,04:02:50.283769,04:02:50.688632,04:02:50.688659,04:02:50.694703,04:02:50.699911,04:02:50.705361,04:02:50.603881,04:02:50.604042,04:02:50.254432
350,rejected,04:02:51.969398,04:02:51.969398,04:02:51.969787,04:02:51.969787,04:02:51.971164,04:02:51.971164,04:02:51.972700,04:02:51.972700,04:02:51.982188,04:02:51.982208,04:02:52.005344,04:02:52.008823,04:02:52.411545,04:02:52.411578,04:02:52.417778,04:02:52.423171,04:02:52.428686,04:02:52.320194,04:02:52.320364,04:02:51.970628
350,rejected,04:02:53.758828,04:02:53.758828,04:02:53.759224,04:02:53.759224,04:02:53.760507,04:02:53.760507,04:02:53.762249,04:02:53.762249,04:02:53.772731,04:02:53.772756,04:02:53.787118,04:02:53.790194,04:02:54.195632,04:02:54.195670,04:02:54.201619,04:02:54.207370,04:02:54.213356,04:02:54.109492,04:02:54.109647,04:02:53.759950
350,rejected,04:02:55.488975,04:02:55.488975,04:02:55.489358,04:02:55.489358,04:02:55.490608,04:02:55.490608,04:02:55.492105,04:02:55.492105,04:02:55.501611,04:02:55.501631,04:02:55.516254,04:02:55.519664,04:02:55.924377,04:02:55.924407,04:02:55.930930,04:02:55.936491,04:02:55.942067,04:02:55.839628,04:02:55.839780,04:02:55.490060
350,rejected,04:02:57.305606,04:02:57.305606,04:02:57.306026,04:02:57.306026,04:02:57.307561,04:02:57.307561,04:02:57.309449,04:02:57.309449,04:02:57.319323,04:02:57.319345,04:02:57.333445,04:02:57.336512,04:02:57.741244,04:02:57.741296,04:02:57.747485,04:02:57.752627,04:02:57.757825,04:02:57.656357,04:02:57.656546,04:02:57.306877
350,rejected,04:02:59.095395,04:02:59.095395,04:02:59.095811,04:02:59.095811,04:02:59.097087,04:02:59.097087,04:02:59.098556,04:02:59.098556,04:02:59.108644,04:02:59.108692,04:02:59.125387,04:02:59.130000,04:02:59.537606,04:02:59.537640,04:02:59.543885,04:02:59.549624,04:02:59.555547,04:02:59.446055,04:02:59.446213,04:02:59.096572
350,rejected,04:03:00.884512,04:03:00.884512,04:03:00.884862,04:03:00.884862,04:03:00.886106,04:03:00.886106,04:03:00.887872,04:03:00.887872,04:03:00.897470,04:03:00.897496,04:03:00.911406,04:03:00.914980,04:03:01.320604,04:03:01.320635,04:03:01.327039,04:03:01.334339,04:03:01.340286,04:03:01.234968,04:03:01.235139,04:03:00.885569
350,rejected,04:03:02.536808,04:03:02.536808,04:03:02.537195,04:03:02.537195,04:03:02.538483,04:03:02.538483,04:03:02.539940,04:03:02.539940,04:03:02.549732,04:03:02.549756,04:03:02.564288,04:03:02.567623,04:03:02.972493,04:03:02.972525,04:03:02.978593,04:03:02.983725,04:03:02.989313,04:03:02.887522,04:03:02.887863,04:03:02.537903
350,rejected,04:03:04.337007,04:03:04.337007,04:03:04.337424,04:03:04.337424,04:03:04.339010,04:03:04.339010,04:03:04.340576,04:03:04.340576,04:03:04.351135,04:03:04.351160,04:03:04.364703,04:03:04.367733,04:03:04.773910,04:03:04.773941,04:03:04.780059,04:03:04.786102,04:03:04.792623,04:03:04.689366,04:03:04.689540,04:03:04.338142
350,rejected,04:03:05.972466,04:03:05.972466,04:03:05.972867,04:03:05.972867,04:03:05.974229,04:03:05.974229,04:03:05.975765,04:03:05.975765,04:03:05.985561,04:03:05.985584,04:03:05.999899,04:03:06.002956,04:03:06.417096,04:03:06.417133,04:03:06.424925,04:03:06.430982,04:03:06.437226,04:03:06.323593,04:03:06.323835,04:03:05.973638
350,rejected,04:03:07.681948,04:03:07.681948,04:03:07.682380,04:03:07.682380,04:03:07.683984,04:03:07.683984,04:03:07.685697,04:03:07.685697,04:03:07.695212,04:03:07.695235,04:03:07.709004,04:03:07.712018,04:03:08.116822,04:03:08.116852,04:03:08.122969,04:03:08.128812,04:03:08.134374,04:03:08.032536,04:03:08.032720,04:03:07.683178
350,rejected,04:03:09.401515,04:03:09.401515,04:03:09.401895,04:03:09.401895,04:03:09.403279,04:03:09.403279,04:03:09.404842,04:03:09.404842,04:03:09.414605,04:03:09.414626,04:03:09.429054,04:03:09.432338,04:03:09.837058,04:03:09.837090,04:03:09.843527,04:03:09.849140,04:03:09.854733,04:03:09.752018,04:03:09.752178,04:03:09.402678
350,rejected,04:03:11.126869,04:03:11.126869,04:03:11.127267,04:03:11.127267,04:03:11.128556,04:03:11.128556,04:03:11.130340,04:03:11.130340,04:03:11.140508,04:03:11.140533,04:03:11.154667,04:03:11.157915,04:03:11.562866,04:03:11.562902,04:03:11.569172,04:03:11.574967,04:03:11.580322,04:03:11.477374,04:03:11.477526,04:03:11.127965
350,rejected,04:03:12.772092,04:03:12.772092,04:03:12.772487,04:03:12.772487,04:03:12.773954,04:03:12.773954,04:03:12.775721,04:03:12.775721,04:03:12.785831,04:03:12.785859,04:03:12.814528,04:03:12.818606,04:03:13.224005,04:03:13.224036,04:03:13.230288,04:03:13.235723,04:03:13.241526,04:03:13.122654,04:03:13.122829,04:03:12.773319
350,rejected,04:03:14.609270,04:03:14.609270,04:03:14.609675,04:03:14.609675,04:03:14.610951,04:03:14.610951,04:03:14.612677,04:03:14.612677,04:03:14.622305,04:03:14.622331,04:03:14.637267,04:03:14.640278,04:03:15.044642,04:03:15.044674,04:03:15.050735,04:03:15.056268,04:03:15.061683,04:03:14.959984,04:03:14.960141,04:03:14.610359
350,rejected,04:03:16.390915,04:03:16.390915,04:03:16.391442,04:03:16.391442,04:03:16.393171,04:03:16.393171,04:03:16.395120,04:03:16.395120,04:03:16.405606,04:03:16.405641,04:03:16.422202,04:03:16.425500,04:03:16.829373,04:03:16.829407,04:03:16.835372,04:03:16.840677,04:03:16.846514,04:03:16.741347,04:03:16.741519,04:03:16.392306
350,rejected,04:03:18.231977,04:03:18.231977,04:03:18.232379,04:03:18.232379,04:03:18.234584,04:03:18.234584,04:03:18.236826,04:03:18.236826,04:03:18.248131,04:03:18.248187,04:03:18.266745,04:03:18.270093,04:03:18.677473,04:03:18.677508,04:03:18.683473,04:03:18.688960,04:03:18.694793,04:03:18.582579,04:03:18.582754,04:03:18.233427
350,rejected,04:03:20.051813,04:03:20.051813,04:03:20.052177,04:03:20.052177,04:03:20.053497,04:03:20.053497,04:03:20.055096,04:03:20.055096,04:03:20.067272,04:03:20.067295,04:03:20.081235,04:03:20.084359,04:03:20.488237,04:03:20.488270,04:03:20.494522,04:03:20.500410,04:03:20.506300,04:03:20.402837,04:03:20.403008,04:03:20.052885
350,rejected,04:03:21.684531,04:03:21.684531,04:03:21.684880,04:03:21.684880,04:03:21.686149,04:03:21.686149,04:03:21.687994,04:03:21.687994,04:03:21.698192,04:03:21.698215,04:03:21.712651,04:03:21.715804,04:03:22.119942,04:03:22.119972,04:03:22.126155,04:03:22.131897,04:03:22.137908,04:03:22.035256,04:03:22.035425,04:03:21.685616
350,rejected,04:03:23.492372,04:03:23.492372,04:03:23.492839,04:03:23.492839,04:03:23.494165,04:03:23.494165,04:03:23.495864,04:03:23.495864,04:03:23.505659,04:03:23.505680,04:03:23.522762,04:03:23.526373,04:03:23.932350,04:03:23.932380,04:03:23.938466,04:03:23.944243,04:03:23.949894,04:03:23.843226,04:03:23.843454,04:03:23.493653
350,rejected,04:03:25.278683,04:03:25.278683,04:03:25.279104,04:03:25.279104,04:03:25.280638,04:03:25.280638,04:03:25.282351,04:03:25.282351,04:03:25.292822,04:03:25.292848,04:03:25.307233,04:03:25.310379,04:03:25.714329,04:03:25.714361,04:03:25.720385,04:03:25.725926,04:03:25.731508,04:03:25.629394,04:03:25.629629,04:03:25.279883
350,rejected,04:03:27.081190,04:03:27.081190,04:03:27.081606,04:03:27.081606,04:03:27.083085,04:03:27.083085,04:03:27.084633,04:03:27.084633,04:03:27.095479,04:03:27.095506,04:03:27.110214,04:03:27.113346,04:03:27.517477,04:03:27.517511,04:03:27.523589,04:03:27.529045,04:03:27.534632,04:03:27.432124,04:03:27.432294,04:03:27.082309
350,rejected,04:03:28.754594,04:03:28.754594,04:03:28.754996,04:03:28.754996,04:03:28.756234,04:03:28.756234,04:03:28.757816,04:03:28.757816,04:03:28.767424,04:03:28.767462,04:03:28.785942,04:03:28.790792,04:03:29.195841,04:03:29.195876,04:03:29.201988,04:03:29.207826,04:03:29.213349,04:03:29.105381,04:03:29.105543,04:03:28.755687
350,rejected,04:03:30.389613,04:03:30.389613,04:03:30.390007,04:03:30.390007,04:03:30.391312,04:03:30.391312,04:03:30.393194,04:03:30.393194,04:03:30.402799,04:03:30.402824,04:03:30.417399,04:03:30.420428,04:03:30.825315,04:03:30.825350,04:03:30.831199,04:03:30.836748,04:03:30.842009,04:03:30.740300,04:03:30.740463,04:03:30.390745
350,rejected,04:03:32.181817,04:03:32.181817,04:03:32.182216,04:03:32.182216,04:03:32.183562,04:03:32.183562,04:03:32.185092,04:03:32.185092,04:03:32.195176,04:03:32.195196,04:03:32.209250,04:03:32.212312,04:03:32.617075,04:03:32.617108,04:03:32.623156,04:03:32.628661,04:03:32.634596,04:03:32.532621,04:03:32.532776,04:03:32.182993
350,rejected,04:03:33.935883,04:03:33.935883,04:03:33.936334,04:03:33.936334,04:03:33.937621,04:03:33.937621,04:03:33.939373,04:03:33.939373,04:03:33.948911,04:03:33.948931,04:03:33.977360,04:03:33.980837,04:03:34.386403,04:03:34.386432,04:03:34.392451,04:03:34.397733,04:03:34.403246,04:03:34.286368,04:03:34.286526,04:03:33.937095
350,rejected,04:03:35.692325,04:03:35.692325,04:03:35.692685,04:03:35.692685,04:03:35.693855,04:03:35.693855,04:03:35.695260,04:03:35.695260,04:03:35.704566,04:03:35.704590,04:03:35.719155,04:03:35.722255,04:03:36.127023,04:03:36.127054,04:03:36.133114,04:03:36.138595,04:03:36.144423,04:03:36.042998,04:03:36.043167,04:03:35.693348
350,rejected,04:03:37.433646,04:03:37.433646,04:03:37.434006,04:03:37.434006,04:03:37.435218,04:03:37.435218,04:03:37.436895,04:03:37.436895,04:03:37.446956,04:03:37.446977,04:03:37.461039,04:03:37.464164,04:03:37.868473,04:03:37.868504,04:03:37.874541,04:03:37.880359,04:03:37.886230,04:03:37.784103,04:03:37.784263,04:03:37.434693
350,rejected,04:03:39.221202,04:03:39.221202,04:03:39.221862,04:03:39.221862,04:03:39.223641,04:03:39.223641,04:03:39.225666,04:03:39.225666,04:03:39.242287,04:03:39.242331,04:03:39.258710,04:03:39.261821,04:03:39.666762,04:03:39.666794,04:03:39.672696,04:03:39.677680,04:03:39.683244,04:03:39.571589,04:03:39.571790,04:03:39.222797
350,rejected,04:03:40.861174,04:03:40.861174,04:03:40.861638,04:03:40.861638,04:03:40.862918,04:03:40.862918,04:03:40.864737,04:03:40.864737,04:03:40.874228,04:03:40.874250,04:03:40.887995,04:03:40.890991,04:03:41.295252,04:03:41.295285,04:03:41.301401,04:03:41.306715,04:03:41.312249,04:03:41.211849,04:03:41.212005,04:03:40.862402
350,rejected,04:03:42.505788,04:03:42.505788,04:03:42.506368,04:03:42.506368,04:03:42.507743,04:03:42.507743,04:03:42.509612,04:03:42.509612,04:03:42.519134,04:03:42.519155,04:03:42.533321,04:03:42.536473,04:03:42.940577,04:03:42.940607,04:03:42.946873,04:03:42.952469,04:03:42.957754,04:03:42.856423,04:03:42.856591,04:03:42.507073
350,rejected,04:03:44.137895,04:03:44.137895,04:03:44.138403,04:03:44.138403,04:03:44.140345,04:03:44.140345,04:03:44.142352,04:03:44.142352,04:03:44.154618,04:03:44.154715,04:03:44.172497,04:03:44.176909,04:03:44.583536,04:03:44.583566,04:03:44.590042,04:03:44.595882,04:03:44.601666,04:03:44.488746,04:03:44.488921,04:03:44.139214
350,rejected,04:03:45.869384,04:03:45.869384,04:03:45.869812,04:03:45.869812,04:03:45.871211,04:03:45.871211,04:03:45.873015,04:03:45.873015,04:03:45.882508,04:03:45.882533,04:03:45.897174,04:03:45.900405,04:03:46.310561,04:03:46.310601,04:03:46.319162,04:03:46.326444,04:03:46.334145,04:03:46.220383,04:03:46.220543,04:03:45.870608
350,rejected,04:03:47.725411,04:03:47.725411,04:03:47.725795,04:03:47.725795,04:03:47.727011,04:03:47.727011,04:03:47.728518,04:03:47.728518,04:03:47.737767,04:03:47.737787,04:03:47.751626,04:03:47.755068,04:03:48.161047,04:03:48.161082,04:03:48.167385,04:03:48.173057,04:03:48.178888,04:03:48.076107,04:03:48.076286,04:03:47.726465
350,rejected,04:03:49.462097,04:03:49.462097,04:03:49.462639,04:03:49.462639,04:03:49.464451,04:03:49.464451,04:03:49.466178,04:03:49.466178,04:03:49.476849,04:03:49.476889,04:03:49.491932,04:03:49.495067,04:03:49.901781,04:03:49.901813,04:03:49.908054,04:03:49.913786,04:03:49.919319,04:03:49.812725,04:03:49.812888,04:03:49.463728
350,rejected,04:03:51.179945,04:03:51.179945,04:03:51.180490,04:03:51.180490,04:03:51.182117,04:03:51.182117,04:03:51.183652,04:03:51.183652,04:03:51.197569,04:03:51.197643,04:03:51.212568,04:03:51.215805,04:03:51.627192,04:03:51.627224,04:03:51.634602,04:03:51.641910,04:03:51.648544,04:03:51.531025,04:03:51.531258,04:03:51.181322
350,rejected,04:03:52.835238,04:03:52.835238,04:03:52.835678,04:03:52.835678,04:03:52.836983,04:03:52.836983,04:03:52.838618,04:03:52.838618,04:03:52.847968,04:03:52.847990,04:03:52.863002,04:03:52.866292,04:03:53.271273,04:03:53.271305,04:03:53.278270,04:03:53.284041,04:03:53.290029,04:03:53.185878,04:03:53.186034,04:03:52.836455
350,rejected,04:03:54.636129,04:03:54.636129,04:03:54.636598,04:03:54.636598,04:03:54.638011,04:03:54.638011,04:03:54.639704,04:03:54.639704,04:03:54.649554,04:03:54.649590,04:03:54.677125,04:03:54.680367,04:03:55.088391,04:03:55.088424,04:03:55.094711,04:03:55.100822,04:03:55.107157,04:03:54.986374,04:03:54.986538,04:03:54.637385
350,rejected,04:03:56.301949,04:03:56.301949,04:03:56.302610,04:03:56.302610,04:03:56.304587,04:03:56.304587,04:03:56.306994,04:03:56.306994,04:03:56.318702,04:03:56.318750,04:03:56.339115,04:03:56.343805,04:03:56.753012,04:03:56.753044,04:03:56.759384,04:03:56.765376,04:03:56.771156,04:03:56.652718,04:03:56.652886,04:03:56.303649
350,rejected,04:03:58.117444,04:03:58.117444,04:03:58.117902,04:03:58.117902,04:03:58.119276,04:03:58.119276,04:03:58.120802,04:03:58.120802,04:03:58.131376,04:03:58.131407,04:03:58.147271,04:03:58.150490,04:03:58.559072,04:03:58.559109,04:03:58.565969,04:03:58.572594,04:03:58.579878,04:03:58.468250,04:03:58.468437,04:03:58.118715
350,rejected,04:03:59.922294,04:03:59.922294,04:03:59.922737,04:03:59.922737,04:03:59.924300,04:03:59.924300,04:03:59.925886,04:03:59.925886,04:03:59.935796,04:03:59.935825,04:03:59.951292,04:03:59.954528,04:04:00.360290,04:04:00.360322,04:04:00.366680,04:04:00.372682,04:04:00.378843,04:04:00.272920,04:04:00.273091,04:03:59.923480
350,rejected,04:04:01.572865,04:04:01.572865,04:04:01.573310,04:04:01.573310,04:04:01.574711,04:04:01.574711,04:04:01.576616,04:04:01.576616,04:04:01.588921,04:04:01.588946,04:04:01.604398,04:04:01.607631,04:04:02.012738,04:04:02.012769,04:04:02.019008,04:04:02.024920,04:04:02.030654,04:04:01.923510,04:04:01.923672,04:04:01.574113
350,rejected,04:04:03.306913,04:04:03.306913,04:04:03.307480,04:04:03.307480,04:04:03.309014,04:04:03.309014,04:04:03.310887,04:04:03.310887,04:04:03.320343,04:04:03.320371,04:04:03.336192,04:04:03.340819,04:04:03.747938,04:04:03.747965,04:04:03.754211,04:04:03.760194,04:04:03.765738,04:04:03.657437,04:04:03.657607,04:04:03.308292
350,rejected,04:04:05.020605,04:04:05.020605,04:04:05.021034,04:04:05.021034,04:04:05.022338,04:04:05.022338,04:04:05.023734,04:04:05.023734,04:04:05.033160,04:04:05.033183,04:04:05.047731,04:04:05.050916,04:04:05.455371,04:04:05.455402,04:04:05.461832,04:04:05.467826,04:04:05.473591,04:04:05.370988,04:04:05.371146,04:04:05.021767
350,rejected,04:04:06.709323,04:04:06.709323,04:04:06.709838,04:04:06.709838,04:04:06.711139,04:04:06.711139,04:04:06.712912,04:04:06.712912,04:04:06.723865,04:04:06.723905,04:04:06.738239,04:04:06.741313,04:04:07.145704,04:04:07.145734,04:04:07.151966,04:04:07.157511,04:04:07.163548,04:04:07.059946,04:04:07.060107,04:04:06.710579
350,rejected,04:04:08.506266,04:04:08.506266,04:04:08.506865,04:04:08.506865,04:04:08.509194,04:04:08.509194,04:04:08.511484,04:04:08.511484,04:04:08.521960,04:04:08.522045,04:04:08.540641,04:04:08.544091,04:04:08.950715,04:04:08.950747,04:04:08.957020,04:04:08.962394,04:04:08.968429,04:04:08.856752,04:04:08.856926,04:04:08.508045
350,rejected,04:04:10.170759,04:04:10.170759,04:04:10.171161,04:04:10.171161,04:04:10.172394,04:04:10.172394,04:04:10.174393,04:04:10.174393,04:04:10.184071,04:04:10.184095,04:04:10.198091,04:04:10.201398,04:04:10.605988,04:04:10.606023,04:04:10.612868,04:04:10.619013,04:04:10.624760,04:04:10.521544,04:04:10.521718,04:04:10.171843
350,rejected,04:04:11.820399,04:04:11.820399,04:04:11.820913,04:04:11.820913,04:04:11.822530,04:04:11.822530,04:04:11.824467,04:04:11.824467,04:04:11.834044,04:04:11.834096,04:04:11.849497,04:04:11.852731,04:04:12.258083,04:04:12.258115,04:04:12.264624,04:04:12.270369,04:04:12.276282,04:04:12.171208,04:04:12.171427,04:04:11.821753
350,rejected,04:04:13.456559,04:04:13.456559,04:04:13.456973,04:04:13.456973,04:04:13.458423,04:04:13.458423,04:04:13.460061,04:04:13.460061,04:04:13.469904,04:04:13.469937,04:04:13.483524,04:04:13.486626,04:04:13.892222,04:04:13.892252,04:04:13.898588,04:04:13.904411,04:04:13.910372,04:04:13.807201,04:04:13.807393,04:04:13.457653
350,rejected,04:04:15.181688,04:04:15.181688,04:04:15.182204,04:04:15.182204,04:04:15.183730,04:04:15.183730,04:04:15.185756,04:04:15.185756,04:04:15.197855,04:04:15.197894,04:04:15.221368,04:04:15.224604,04:04:15.629133,04:04:15.629163,04:04:15.635541,04:04:15.641186,04:04:15.646857,04:04:15.532414,04:04:15.532574,04:04:15.182945
350,rejected,04:04:17.057058,04:04:17.057058,04:04:17.057417,04:04:17.057417,04:04:17.058601,04:04:17.058601,04:04:17.060191,04:04:17.060191,04:04:17.069344,04:04:17.069363,04:04:17.083971,04:04:17.087207,04:04:17.491339,04:04:17.491374,04:04:17.497404,04:04:17.502786,04:04:17.508862,04:04:17.407679,04:04:17.407826,04:04:17.058094
350,rejected,04:04:18.693729,04:04:18.693729,04:04:18.694106,04:04:18.694106,04:04:18.695396,04:04:18.695396,04:04:18.697048,04:04:18.697048,04:04:18.706810,04:04:18.706832,04:04:18.721143,04:04:18.724244,04:04:19.129039,04:04:19.129073,04:04:19.135410,04:04:19.140555,04:04:19.149705,04:04:19.044739,04:04:19.044911,04:04:18.694820
350,rejected,04:04:20.321336,04:04:20.321336,04:04:20.321818,04:04:20.321818,04:04:20.323061,04:04:20.323061,04:04:20.324760,04:04:20.324760,04:04:20.334210,04:04:20.334233,04:04:20.348878,04:04:20.351968,04:04:20.756927,04:04:20.756957,04:04:20.763414,04:04:20.769032,04:04:20.774783,04:04:20.671829,04:04:20.672025,04:04:20.322529
350,rejected,04:04:21.965387,04:04:21.965387,04:04:21.966025,04:04:21.966025,04:04:21.967660,04:04:21.967660,04:04:21.969466,04:04:21.969466,04:04:21.979162,04:04:21.979188,04:04:21.993744,04:04:21.996817,04:04:22.400289,04:04:22.400320,04:04:22.406229,04:04:22.411892,04:04:22.418057,04:04:22.316062,04:04:22.316235,04:04:21.966908
350,rejected,04:04:23.840738,04:04:23.840738,04:04:23.841139,04:04:23.841139,04:04:23.842452,04:04:23.842452,04:04:23.844445,04:04:23.844445,04:04:23.853675,04:04:23.853697,04:04:23.869346,04:04:23.872608,04:04:24.278145,04:04:24.278181,04:04:24.284630,04:04:24.290340,04:04:24.297385,04:04:24.191465,04:04:24.191626,04:04:23.841876
350,rejected,04:04:25.639550,04:04:25.639550,04:04:25.640057,04:04:25.640057,04:04:25.641782,04:04:25.641782,04:04:25.643271,04:04:25.643271,04:04:25.653075,04:04:25.653104,04:04:25.667693,04:04:25.670812,04:04:26.076321,04:04:26.076355,04:04:26.082800,04:04:26.088537,04:04:26.094202,04:04:25.990418,04:04:25.990596,04:04:25.640878
350,rejected,04:04:27.473723,04:04:27.473723,04:04:27.474132,04:04:27.474132,04:04:27.475608,04:04:27.475608,04:04:27.477324,04:04:27.477324,04:04:27.486692,04:04:27.486711,04:04:27.501385,04:04:27.504898,04:04:27.910113,04:04:27.910145,04:04:27.916742,04:04:27.922459,04:04:27.928395,04:04:27.824274,04:04:27.824451,04:04:27.474825
350,rejected,04:04:29.203952,04:04:29.203952,04:04:29.204352,04:04:29.204352,04:04:29.205794,04:04:29.205794,04:04:29.207528,04:04:29.207528,04:04:29.216819,04:04:29.216839,04:04:29.230917,04:04:29.234043,04:04:29.639698,04:04:29.639731,04:04:29.645684,04:04:29.651496,04:04:29.660036,04:04:29.554683,04:04:29.554851,04:04:29.205145
350,rejected,04:04:30.999983,04:04:30.999983,04:04:31.000429,04:04:31.000429,04:04:31.001635,04:04:31.001635,04:04:31.003179,04:04:31.003179,04:04:31.012585,04:04:31.012610,04:04:31.028863,04:04:31.032206,04:04:31.436007,04:04:31.436040,04:04:31.442162,04:04:31.448287,04:04:31.454184,04:04:31.351010,04:04:31.351170,04:04:31.001130
350,rejected,04:04:32.657406,04:04:32.657406,04:04:32.657832,04:04:32.657832,04:04:32.659134,04:04:32.659134,04:04:32.660866,04:04:32.660866,04:04:32.670140,04:04:32.670160,04:04:32.684273,04:04:32.687411,04:04:33.093180,04:04:33.093207,04:04:33.099362,04:04:33.106837,04:04:33.112915,04:04:33.007559,04:04:33.007729,04:04:32.658517
350,rejected,04:04:34.446479,04:04:34.446479,04:04:34.446861,04:04:34.446861,04:04:34.448354,04:04:34.448354,04:04:34.450040,04:04:34.450040,04:04:34.459463,04:04:34.459484,04:04:34.474389,04:04:34.477500,04:04:34.884573,04:04:34.884606,04:04:34.890969,04:04:34.897698,04:04:34.904963,04:04:34.797508,04:04:34.797672,04:04:34.447572
350,rejected,04:04:36.248993,04:04:36.248993,04:04:36.249699,04:04:36.249699,04:04:36.251749,04:04:36.251749,04:04:36.253750,04:04:36.253750,04:04:36.263640,04:04:36.263693,04:04:36.297537,04:04:36.303551,04:04:36.714057,04:04:36.714090,04:04:36.720474,04:04:36.726172,04:04:36.732051,04:04:36.599714,04:04:36.599874,04:04:36.250730
350,rejected,04:04:38.077028,04:04:38.077028,04:04:38.077469,04:04:38.077469,04:04:38.078687,04:04:38.078687,04:04:38.080178,04:04:38.080178,04:04:38.089578,04:04:38.089611,04:04:38.104605,04:04:38.107732,04:04:38.514529,04:04:38.514564,04:04:38.520985,04:04:38.527105,04:04:38.533038,04:04:38.427619,04:04:38.427776,04:04:38.078169
350,rejected,04:04:39.717129,04:04:39.717129,04:04:39.717724,04:04:39.717724,04:04:39.719245,04:04:39.719245,04:04:39.720890,04:04:39.720890,04:04:39.730238,04:04:39.730259,04:04:39.744806,04:04:39.748118,04:04:40.152904,04:04:40.152935,04:04:40.159711,04:04:40.165206,04:04:40.170683,04:04:40.067760,04:04:40.067927,04:04:39.718526
350,rejected,04:04:41.512713,04:04:41.512713,04:04:41.513149,04:04:41.513149,04:04:41.514770,04:04:41.514770,04:04:41.516493,04:04:41.516493,04:04:41.526718,04:04:41.526746,04:04:41.541965,04:04:41.545500,04:04:41.951028,04:04:41.951067,04:04:41.957253,04:04:41.962859,04:04:41.968424,04:04:41.863677,04:04:41.863846,04:04:41.513987
350,rejected,04:04:43.155021,04:04:43.155021,04:04:43.155399,04:04:43.155399,04:04:43.156875,04:04:43.156875,04:04:43.158608,04:04:43.158608,04:04:43.171319,04:04:43.171342,04:04:43.185398,04:04:43.188484,04:04:43.593450,04:04:43.593482,04:04:43.599678,04:04:43.605151,04:04:43.610644,04:04:43.506043,04:04:43.506203,04:04:43.156112
350,rejected,04:04:44.859152,04:04:44.859152,04:04:44.859576,04:04:44.859576,04:04:44.860759,04:04:44.860759,04:04:44.862143,04:04:44.862143,04:04:44.871489,04:04:44.871528,04:04:44.887681,04:04:44.890842,04:04:45.295449,04:04:45.295483,04:04:45.301748,04:04:45.307526,04:04:45.313373,04:04:45.209963,04:04:45.210130,04:04:44.860246
350,rejected,04:04:46.599583,04:04:46.599583,04:04:46.600032,04:04:46.600032,04:04:46.601443,04:04:46.601443,04:04:46.602967,04:04:46.602967,04:04:46.612463,04:04:46.612490,04:04:46.627197,04:04:46.630375,04:04:47.035674,04:04:47.035715,04:04:47.042029,04:04:47.047938,04:04:47.054044,04:04:46.950358,04:04:46.950549,04:04:46.600770
350,rejected,04:04:48.326863,04:04:48.326863,04:04:48.327297,04:04:48.327297,04:04:48.328764,04:04:48.328764,04:04:48.330289,04:04:48.330289,04:04:48.339796,04:04:48.339821,04:04:48.354896,04:04:48.358093,04:04:48.763087,04:04:48.763118,04:04:48.769483,04:04:48.775437,04:04:48.781488,04:04:48.677763,04:04:48.677950,04:04:48.327965
350,rejected,04:04:50.235129,04:04:50.235129,04:04:50.235718,04:04:50.235718,04:04:50.237169,04:04:50.237169,04:04:50.238941,04:04:50.238941,04:04:50.248317,04:04:50.248366,04:04:50.262669,04:04:50.266002,04:04:50.670446,04:04:50.670477,04:04:50.676660,04:04:50.682384,04:04:50.688080,04:04:50.585969,04:04:50.586132,04:04:50.236486
350,rejected,04:04:51.974143,04:04:51.974143,04:04:51.974589,04:04:51.974589,04:04:51.975829,04:04:51.975829,04:04:51.977714,04:04:51.977714,04:04:51.987041,04:04:51.987062,04:04:52.001969,04:04:52.005253,04:04:52.412154,04:04:52.412192,04:04:52.418633,04:04:52.424462,04:04:52.430284,04:04:52.324702,04:04:52.324871,04:04:51.975280
350,rejected,04:04:53.785874,04:04:53.785874,04:04:53.786336,04:04:53.786336,04:04:53.787555,04:04:53.787555,04:04:53.789459,04:04:53.789459,04:04:53.801917,04:04:53.801943,04:04:53.816527,04:04:53.819748,04:04:54.225901,04:04:54.225936,04:04:54.232814,04:04:54.238593,04:04:54.244687,04:04:54.136570,04:04:54.136729,04:04:53.787030
350,rejected,04:04:55.516151,04:04:55.516151,04:04:55.516590,04:04:55.516590,04:04:55.518218,04:04:55.518218,04:04:55.520045,04:04:55.520045,04:04:55.531556,04:04:55.531580,04:04:55.546059,04:04:55.549428,04:04:55.960088,04:04:55.960122,04:04:55.966389,04:04:55.971898,04:04:55.977556,04:04:55.866855,04:04:55.867022,04:04:55.517367
350,rejected,04:04:57.251729,04:04:57.251729,04:04:57.252218,04:04:57.252218,04:04:57.253509,04:04:57.253509,04:04:57.255348,04:04:57.255348,04:04:57.264774,04:04:57.264800,04:04:57.289448,04:04:57.292710,04:04:57.697314,04:04:57.697342,04:04:57.703357,04:04:57.709010,04:04:57.714974,04:04:57.602560,04:04:57.602737,04:04:57.252945
350,rejected,04:04:59.059974,04:04:59.059974,04:04:59.060535,04:04:59.060535,04:04:59.062032,04:04:59.062032,04:04:59.063554,04:04:59.063554,04:04:59.073154,04:04:59.073176,04:04:59.088053,04:04:59.091261,04:04:59.496612,04:04:59.496646,04:04:59.503436,04:04:59.509102,04:04:59.514898,04:04:59.410831,04:04:59.411033,04:04:59.061325
350,rejected,04:05:00.802109,04:05:00.802109,04:05:00.802588,04:05:00.802588,04:05:00.804040,04:05:00.804040,04:05:00.805857,04:05:00.805857,04:05:00.823616,04:05:00.823659,04:05:00.842106,04:05:00.845595,04:05:01.251362,04:05:01.251397,04:05:01.257773,04:05:01.263402,04:05:01.269189,04:05:01.152619,04:05:01.152793,04:05:00.803374
350,rejected,04:05:02.625540,04:05:02.625540,04:05:02.626128,04:05:02.626128,04:05:02.627662,04:05:02.627662,04:05:02.629499,04:05:02.629499,04:05:02.645142,04:05:02.645178,04:05:02.659693,04:05:02.662842,04:05:03.068096,04:05:03.068132,04:05:03.074296,04:05:03.079775,04:05:03.085633,04:05:02.975912,04:05:02.976079,04:05:02.627020
350,rejected,04:05:04.357482,04:05:04.357482,04:05:04.358065,04:05:04.358065,04:05:04.359488,04:05:04.359488,04:05:04.361218,04:05:04.361218,04:05:04.370700,04:05:04.370724,04:05:04.385314,04:05:04.388768,04:05:04.793648,04:05:04.793679,04:05:04.799751,04:05:04.805400,04:05:04.811502,04:05:04.708132,04:05:04.708331,04:05:04.358835
350,rejected,04:05:06.150797,04:05:06.150797,04:05:06.151206,04:05:06.151206,04:05:06.152466,04:05:06.152466,04:05:06.154144,04:05:06.154144,04:05:06.163377,04:05:06.163398,04:05:06.177978,04:05:06.181545,04:05:06.598101,04:05:06.598132,04:05:06.604530,04:05:06.610767,04:05:06.616624,04:05:06.501249,04:05:06.501400,04:05:06.151900
400,rejected,04:05:07.884450,04:05:07.884450,04:05:07.884854,04:05:07.884854,04:05:07.886386,04:05:07.886386,04:05:07.887955,04:05:07.887955,04:05:07.897283,04:05:07.897302,04:05:07.910824,04:05:07.913940,04:05:08.320453,04:05:08.320489,04:05:08.326787,04:05:08.332367,04:05:08.337995,04:05:08.285126,04:05:08.285284,04:05:07.885538
400,rejected,04:05:09.682514,04:05:09.682514,04:05:09.682881,04:05:09.682881,04:05:09.684127,04:05:09.684127,04:05:09.685652,04:05:09.685652,04:05:09.694813,04:05:09.694834,04:05:09.709367,04:05:09.712617,04:05:10.117053,04:05:10.117085,04:05:10.123335,04:05:10.129209,04:05:10.134783,04:05:10.083048,04:05:10.083210,04:05:09.683570
400,rejected,04:05:11.476991,04:05:11.476991,04:05:11.477535,04:05:11.477535,04:05:11.479021,04:05:11.479021,04:05:11.480960,04:05:11.480960,04:05:11.490760,04:05:11.490781,04:05:11.505391,04:05:11.508647,04:05:11.913136,04:05:11.913170,04:05:11.919340,04:05:11.924664,04:05:11.930203,04:05:11.867830,04:05:11.867990,04:05:11.478350
400,rejected,04:05:13.205688,04:05:13.205688,04:05:13.206094,04:05:13.206094,04:05:13.207670,04:05:13.207670,04:05:13.209273,04:05:13.209273,04:05:13.219620,04:05:13.219644,04:05:13.233650,04:05:13.236831,04:05:13.640838,04:05:13.640869,04:05:13.646825,04:05:13.652433,04:05:13.658335,04:05:13.606313,04:05:13.606471,04:05:13.206820
400,rejected,04:05:14.947733,04:05:14.947733,04:05:14.948305,04:05:14.948305,04:05:14.949613,04:05:14.949613,04:05:14.951268,04:05:14.951268,04:05:14.960514,04:05:14.960537,04:05:14.974712,04:05:14.978000,04:05:15.383648,04:05:15.383678,04:05:15.389770,04:05:15.394969,04:05:15.400654,04:05:15.348407,04:05:15.348576,04:05:14.949075
400,rejected,04:05:16.610005,04:05:16.610005,04:05:16.610582,04:05:16.610582,04:05:16.611916,04:05:16.611916,04:05:16.613735,04:05:16.613735,04:05:16.624206,04:05:16.624244,04:05:16.638877,04:05:16.642270,04:05:17.048072,04:05:17.048104,04:05:17.055786,04:05:17.062856,04:05:17.069441,04:05:17.010839,04:05:17.011026,04:05:16.611329
400,rejected,04:05:18.348835,04:05:18.348835,04:05:18.349386,04:05:18.349386,04:05:18.350816,04:05:18.350816,04:05:18.352669,04:05:18.352669,04:05:18.362429,04:05:18.362447,04:05:18.386361,04:05:18.389536,04:05:18.795220,04:05:18.795250,04:05:18.801616,04:05:18.806769,04:05:18.812188,04:05:18.749556,04:05:18.749730,04:05:18.350255
400,rejected,04:05:20.093916,04:05:20.093916,04:05:20.094278,04:05:20.094278,04:05:20.095464,04:05:20.095464,04:05:20.096833,04:05:20.096833,04:05:20.106061,04:05:20.106081,04:05:20.121303,04:05:20.124563,04:05:20.531292,04:05:20.531323,04:05:20.537448,04:05:20.543140,04:05:20.549036,04:05:20.494588,04:05:20.494761,04:05:20.094960
400,rejected,04:05:21.731371,04:05:21.731371,04:05:21.731915,04:05:21.731915,04:05:21.733272,04:05:21.733272,04:05:21.734681,04:05:21.734681,04:05:21.745205,04:05:21.745233,04:05:21.760112,04:05:21.763531,04:05:22.168866,04:05:22.168897,04:05:22.174914,04:05:22.180475,04:05:22.185883,04:05:22.131726,04:05:22.131885,04:05:21.732737
400,rejected,04:05:23.484222,04:05:23.484222,04:05:23.484706,04:05:23.484706,04:05:23.486000,04:05:23.486000,04:05:23.487536,04:05:23.487536,04:05:23.497284,04:05:23.497306,04:05:23.511505,04:05:23.514676,04:05:23.920280,04:05:23.920312,04:05:23.926259,04:05:23.931963,04:05:23.937734,04:05:23.885123,04:05:23.885310,04:05:23.485448
400,rejected,04:05:25.224399,04:05:25.224399,04:05:25.224965,04:05:25.224965,04:05:25.226285,04:05:25.226285,04:05:25.227852,04:05:25.227852,04:05:25.239543,04:05:25.239568,04:05:25.254487,04:05:25.257556,04:05:25.661644,04:05:25.661673,04:05:25.667704,04:05:25.673526,04:05:25.679192,04:05:25.624672,04:05:25.624826,04:05:25.225753
400,rejected,04:05:27.072717,04:05:27.072717,04:05:27.073139,04:05:27.073139,04:05:27.074563,04:05:27.074563,04:05:27.076285,04:05:27.076285,04:05:27.085639,04:05:27.085676,04:05:27.100459,04:05:27.103455,04:05:27.507853,04:05:27.507886,04:05:27.514111,04:05:27.519649,04:05:27.525437,04:05:27.473709,04:05:27.473853,04:05:27.073803
400,rejected,04:05:28.708864,04:05:28.708864,04:05:28.709274,04:05:28.709274,04:05:28.710749,04:05:28.710749,04:05:28.712400,04:05:28.712400,04:05:28.721743,04:05:28.721768,04:05:28.736844,04:05:28.740308,04:05:29.144684,04:05:29.144716,04:05:29.150952,04:05:29.156827,04:05:29.162820,04:05:29.109357,04:05:29.109514,04:05:28.709963
400,rejected,04:05:30.446549,04:05:30.446549,04:05:30.447080,04:05:30.447080,04:05:30.448538,04:05:30.448538,04:05:30.450105,04:05:30.450105,04:05:30.459605,04:05:30.459631,04:05:30.473671,04:05:30.476693,04:05:30.882129,04:05:30.882159,04:05:30.888536,04:05:30.894032,04:05:30.900072,04:05:30.847135,04:05:30.847300,04:05:30.447799
400,rejected,04:05:32.076901,04:05:32.076901,04:05:32.077278,04:05:32.077278,04:05:32.078480,04:05:32.078480,04:05:32.079938,04:05:32.079938,04:05:32.089943,04:05:32.089963,04:05:32.104158,04:05:32.107180,04:05:32.512323,04:05:32.512354,04:05:32.518520,04:05:32.524103,04:05:32.530083,04:05:32.477737,04:05:32.477890,04:05:32.077973
400,rejected,04:05:33.713596,04:05:33.713596,04:05:33.714048,04:05:33.714048,04:05:33.715400,04:05:33.715400,04:05:33.717184,04:05:33.717184,04:05:33.726753,04:05:33.726775,04:05:33.740708,04:05:33.743805,04:05:34.150909,04:05:34.150939,04:05:34.157041,04:05:34.162425,04:05:34.168016,04:05:34.114120,04:05:34.114278,04:05:33.714845
400,rejected,04:05:35.469008,04:05:35.469008,04:05:35.469357,04:05:35.469357,04:05:35.470524,04:05:35.470524,04:05:35.472032,04:05:35.472032,04:05:35.481642,04:05:35.481668,04:05:35.495440,04:05:35.498821,04:05:35.903941,04:05:35.903971,04:05:35.910052,04:05:35.915337,04:05:35.921218,04:05:35.869720,04:05:35.869881,04:05:35.470030
400,rejected,04:05:37.389877,04:05:37.389877,04:05:37.390377,04:05:37.390377,04:05:37.391836,04:05:37.391836,04:05:37.393425,04:05:37.393425,04:05:37.403244,04:05:37.403272,04:05:37.417834,04:05:37.421090,04:05:37.826077,04:05:37.826111,04:05:37.832413,04:05:37.837959,04:05:37.843805,04:05:37.790843,04:05:37.791016,04:05:37.391127
400,rejected,04:05:39.030200,04:05:39.030200,04:05:39.030599,04:05:39.030599,04:05:39.031826,04:05:39.031826,04:05:39.033522,04:05:39.033522,04:05:39.043329,04:05:39.043353,04:05:39.067470,04:05:39.070994,04:05:39.475941,04:05:39.475971,04:05:39.482205,04:05:39.488213,04:05:39.493819,04:05:39.430787,04:05:39.430961,04:05:39.031301
400,rejected,04:05:40.769550,04:05:40.769550,04:05:40.769907,04:05:40.769907,04:05:40.771422,04:05:40.771422,04:05:40.773022,04:05:40.773022,04:05:40.782556,04:05:40.782584,04:05:40.796797,04:05:40.799809,04:05:41.203012,04:05:41.203043,04:05:41.209333,04:05:41.214895,04:05:41.220333,04:05:41.170387,04:05:41.170542,04:05:40.770627
400,rejected,04:05:42.388139,04:05:42.388139,04:05:42.388534,04:05:42.388534,04:05:42.389781,04:05:42.389781,04:05:42.391680,04:05:42.391680,04:05:42.401014,04:05:42.401043,04:05:42.415806,04:05:42.419039,04:05:42.824111,04:05:42.824142,04:05:42.830527,04:05:42.836358,04:05:42.842042,04:05:42.788751,04:05:42.788921,04:05:42.389268
400,rejected,04:05:44.179634,04:05:44.179634,04:05:44.180145,04:05:44.180145,04:05:44.181429,04:05:44.181429,04:05:44.182935,04:05:44.182935,04:05:44.192152,04:05:44.192171,04:05:44.206421,04:05:44.209478,04:05:44.614246,04:05:44.614275,04:05:44.620713,04:05:44.626812,04:05:44.632701,04:05:44.580116,04:05:44.580292,04:05:44.180861
400,rejected,04:05:45.814743,04:05:45.814743,04:05:45.815176,04:05:45.815176,04:05:45.816436,04:05:45.816436,04:05:45.817778,04:05:45.817778,04:05:45.827138,04:05:45.827157,04:05:45.841581,04:05:45.844645,04:05:46.248172,04:05:46.248203,04:05:46.254835,04:05:46.261531,04:05:46.268082,04:05:46.215326,04:05:46.215494,04:05:45.815932
400,rejected,04:05:47.708441,04:05:47.708441,04:05:47.708907,04:05:47.708907,04:05:47.710181,04:05:47.710181,04:05:47.711690,04:05:47.711690,04:05:47.721162,04:05:47.721183,04:05:47.735049,04:05:47.738127,04:05:48.142750,04:05:48.142778,04:05:48.148867,04:05:48.154869,04:05:48.160608,04:05:48.108887,04:05:48.109051,04:05:47.709668
400,rejected,04:05:49.349208,04:05:49.349208,04:05:49.349648,04:05:49.349648,04:05:49.351128,04:05:49.351128,04:05:49.352983,04:05:49.352983,04:05:49.362225,04:05:49.362246,04:05:49.376517,04:05:49.379648,04:05:49.783897,04:05:49.783926,04:05:49.789982,04:05:49.796756,04:05:49.802559,04:05:49.749997,04:05:49.750150,04:05:49.350414
400,rejected,04:05:51.073747,04:05:51.073747,04:05:51.074230,04:05:51.074230,04:05:51.075449,04:05:51.075449,04:05:51.076851,04:05:51.076851,04:05:51.086201,04:05:51.086222,04:05:51.100569,04:05:51.103608,04:05:51.508037,04:05:51.508068,04:05:51.514357,04:05:51.520072,04:05:51.526220,04:05:51.474382,04:05:51.474538,04:05:51.074924
400,rejected,04:05:52.862747,04:05:52.862747,04:05:52.863210,04:05:52.863210,04:05:52.864440,04:05:52.864440,04:05:52.865818,04:05:52.865818,04:05:52.875141,04:05:52.875162,04:05:52.889261,04:05:52.892328,04:05:53.297796,04:05:53.297827,04:05:53.303953,04:05:53.309480,04:05:53.314998,04:05:53.263767,04:05:53.263928,04:05:52.863923
400,rejected,04:05:54.483614,04:05:54.483614,04:05:54.484029,04:05:54.484029,04:05:54.485252,04:05:54.485252,04:05:54.486822,04:05:54.486822,04:05:54.497024,04:05:54.497044,04:05:54.511178,04:05:54.514273,04:05:54.919597,04:05:54.919629,04:05:54.925665,04:05:54.931142,04:05:54.936825,04:05:54.884347,04:05:54.884501,04:05:54.484733
400,rejected,04:05:56.192559,04:05:56.192559,04:05:56.192986,04:05:56.192986,04:05:56.194236,04:05:56.194236,04:05:56.195885,04:05:56.195885,04:05:56.205764,04:05:56.205787,04:05:56.219782,04:05:56.223188,04:05:56.634424,04:05:56.634452,04:05:56.640539,04:05:56.645906,04:05:56.651337,04:05:56.593287,04:05:56.593444,04:05:56.193723
400,rejected,04:05:57.989749,04:05:57.989749,04:05:57.990303,04:05:57.990303,04:05:57.991737,04:05:57.991737,04:05:57.993345,04:05:57.993345,04:05:58.003474,04:05:58.003502,04:05:58.017642,04:05:58.020666,04:05:58.425811,04:05:58.425841,04:05:58.432125,04:05:58.437601,04:05:58.443067,04:05:58.390435,04:05:58.390631,04:05:57.991060
400,rejected,04:05:59.716456,04:05:59.716456,04:05:59.716943,04:05:59.716943,04:05:59.718229,04:05:59.718229,04:05:59.719954,04:05:59.719954,04:05:59.730102,04:05:59.730126,04:05:59.753739,04:05:59.756905,04:06:00.161585,04:06:00.161615,04:06:00.167712,04:06:00.173116,04:06:00.178648,04:06:00.116853,04:06:00.117028,04:05:59.717671
400,rejected,04:06:01.511628,04:06:01.511628,04:06:01.512002,04:06:01.512002,04:06:01.513292,04:06:01.513292,04:06:01.514846,04:06:01.514846,04:06:01.524602,04:06:01.524622,04:06:01.543555,04:06:01.548430,04:06:01.956263,04:06:01.956294,04:06:01.963205,04:06:01.968728,04:06:01.974463,04:06:01.912561,04:06:01.912729,04:06:01.512767
400,rejected,04:06:03.161256,04:06:03.161256,04:06:03.161675,04:06:03.161675,04:06:03.163212,04:06:03.163212,04:06:03.164861,04:06:03.164861,04:06:03.174257,04:06:03.174276,04:06:03.189113,04:06:03.192549,04:06:03.597620,04:06:03.597650,04:06:03.604009,04:06:03.609269,04:06:03.615197,04:06:03.562121,04:06:03.562282,04:06:03.162360
400,rejected,04:06:04.950558,04:06:04.950558,04:06:04.951115,04:06:04.951115,04:06:04.952402,04:06:04.952402,04:06:04.954147,04:06:04.954147,04:06:04.963685,04:06:04.963707,04:06:04.979009,04:06:04.982402,04:06:05.386030,04:06:05.386060,04:06:05.392112,04:06:05.397530,04:06:05.403205,04:06:05.351401,04:06:05.351570,04:06:04.951894
400,rejected,04:06:06.769989,04:06:06.769989,04:06:06.770408,04:06:06.770408,04:06:06.771745,04:06:06.771745,04:06:06.773431,04:06:06.773431,04:06:06.785465,04:06:06.785491,04:06:06.802379,04:06:06.805856,04:06:07.212368,04:06:07.212397,04:06:07.218379,04:06:07.224153,04:06:07.229666,04:06:07.170744,04:06:07.170921,04:06:06.771209
400,rejected,04:06:08.457984,04:06:08.457984,04:06:08.458381,04:06:08.458381,04:06:08.459886,04:06:08.459886,04:06:08.461428,04:06:08.461428,04:06:08.470527,04:06:08.470547,04:06:08.486487,04:06:08.490013,04:06:08.896410,04:06:08.896441,04:06:08.902606,04:06:08.908114,04:06:08.914256,04:06:08.858794,04:06:08.858952,04:06:08.459055
400,rejected,04:06:10.251418,04:06:10.251418,04:06:10.251805,04:06:10.251805,04:06:10.253190,04:06:10.253190,04:06:10.254965,04:06:10.254965,04:06:10.265294,04:06:10.265315,04:06:10.279508,04:06:10.282656,04:06:10.687549,04:06:10.687580,04:06:10.693441,04:06:10.699019,04:06:10.704676,04:06:10.651947,04:06:10.652113,04:06:10.252580
400,rejected,04:06:12.042506,04:06:12.042506,04:06:12.042870,04:06:12.042870,04:06:12.044091,04:06:12.044091,04:06:12.045726,04:06:12.045726,04:06:12.055269,04:06:12.055288,04:06:12.071897,04:06:12.076990,04:06:12.482979,04:06:12.483013,04:06:12.489249,04:06:12.494911,04:06:12.500476,04:06:12.443156,04:06:12.443334,04:06:12.043575
400,rejected,04:06:13.888766,04:06:13.888766,04:06:13.889135,04:06:13.889135,04:06:13.890418,04:06:13.890418,04:06:13.892054,04:06:13.892054,04:06:13.901686,04:06:13.901707,04:06:13.915926,04:06:13.918959,04:06:14.323387,04:06:14.323417,04:06:14.329457,04:06:14.334905,04:06:14.340716,04:06:14.289412,04:06:14.289569,04:06:13.889848
400,rejected,04:06:15.636268,04:06:15.636268,04:06:15.636626,04:06:15.636626,04:06:15.638248,04:06:15.638248,04:06:15.639885,04:06:15.639885,04:06:15.649572,04:06:15.649595,04:06:15.664124,04:06:15.667214,04:06:16.070924,04:06:16.070956,04:06:16.077311,04:06:16.083236,04:06:16.088851,04:06:16.037310,04:06:16.037469,04:06:15.637356
400,rejected,04:06:17.377739,04:06:17.377739,04:06:17.378156,04:06:17.378156,04:06:17.379646,04:06:17.379646,04:06:17.381124,04:06:17.381124,04:06:17.391056,04:06:17.391078,04:06:17.405702,04:06:17.408800,04:06:17.813859,04:06:17.813889,04:06:17.820110,04:06:17.825422,04:06:17.831166,04:06:17.778626,04:06:17.778786,04:06:17.378813
400,rejected,04:06:19.120139,04:06:19.120139,04:06:19.120598,04:06:19.120598,04:06:19.122066,04:06:19.122066,04:06:19.123497,04:06:19.123497,04:06:19.132945,04:06:19.132966,04:06:19.147558,04:06:19.150698,04:06:19.555276,04:06:19.555308,04:06:19.561400,04:06:19.566880,04:06:19.572511,04:06:19.520726,04:06:19.520894,04:06:19.121374
400,rejected,04:06:20.912644,04:06:20.912644,04:06:20.913012,04:06:20.913012,04:06:20.914709,04:06:20.914709,04:06:20.916328,04:06:20.916328,04:06:20.925890,04:06:20.925915,04:06:20.939864,04:06:20.942940,04:06:21.347837,04:06:21.347868,04:06:21.365082,04:06:21.371476,04:06:21.377474,04:06:21.312982,04:06:21.313140,04:06:20.913845
400,rejected,04:06:22.564678,04:06:22.564678,04:06:22.565061,04:06:22.565061,04:06:22.566658,04:06:22.566658,04:06:22.568262,04:06:22.568262,04:06:22.578492,04:06:22.578510,04:06:22.593725,04:06:22.596827,04:06:23.000912,04:06:23.000943,04:06:23.006923,04:06:23.012338,04:06:23.017955,04:06:22.965364,04:06:22.965559,04:06:22.565829
400,rejected,04:06:24.291907,04:06:24.291907,04:06:24.292321,04:06:24.292321,04:06:24.293887,04:06:24.293887,04:06:24.295480,04:06:24.295480,04:06:24.305166,04:06:24.305185,04:06:24.319894,04:06:24.323146,04:06:24.726923,04:06:24.726953,04:06:24.733044,04:06:24.738400,04:06:24.744012,04:06:24.692602,04:06:24.692755,04:06:24.293008
400,rejected,04:06:26.028033,04:06:26.028033,04:06:26.028487,04:06:26.028487,04:06:26.029817,04:06:26.029817,04:06:26.031685,04:06:26.031685,04:06:26.040891,04:06:26.040912,04:06:26.057218,04:06:26.060729,04:06:26.471934,04:06:26.471984,04:06:26.482020,04:06:26.491446,04:06:26.499542,04:06:26.428960,04:06:26.429133,04:06:26.029256
400,rejected,04:06:27.841793,04:06:27.841793,04:06:27.842142,04:06:27.842142,04:06:27.843375,04:06:27.843375,04:06:27.845227,04:06:27.845227,04:06:27.854438,04:06:27.854457,04:06:27.868110,04:06:27.871105,04:06:28.276867,04:06:28.276896,04:06:28.282927,04:06:28.288499,04:06:28.294058,04:06:28.242687,04:06:28.242855,04:06:27.842832
400,rejected,04:06:29.637745,04:06:29.637745,04:06:29.638174,04:06:29.638174,04:06:29.639457,04:06:29.639457,04:06:29.641408,04:06:29.641408,04:06:29.650698,04:06:29.650719,04:06:29.664726,04:06:29.667831,04:06:30.073568,04:06:30.073599,04:06:30.080008,04:06:30.085704,04:06:30.091560,04:06:30.038602,04:06:30.038777,04:06:29.638892
400,rejected,04:06:31.433709,04:06:31.433709,04:06:31.434059,04:06:31.434059,04:06:31.435300,04:06:31.435300,04:06:31.437175,04:06:31.437175,04:06:31.446422,04:06:31.446443,04:06:31.460328,04:06:31.463359,04:06:31.869962,04:06:31.869991,04:06:31.875865,04:06:31.881438,04:06:31.887054,04:06:31.834593,04:06:31.834754,04:06:31.434740
400,rejected,04:06:33.160427,04:06:33.160427,04:06:33.161024,04:06:33.161024,04:06:33.162427,04:06:33.162427,04:06:33.164061,04:06:33.164061,04:06:33.173372,04:06:33.173416,04:06:33.187405,04:06:33.190541,04:06:33.595682,04:06:33.595712,04:06:33.601864,04:06:33.607210,04:06:33.613001,04:06:33.561182,04:06:33.561352,04:06:33.161803
400,rejected,04:06:34.891976,04:06:34.891976,04:06:34.892334,04:06:34.892334,04:06:34.893573,04:06:34.893573,04:06:34.895045,04:06:34.895045,04:06:34.904181,04:06:34.904201,04:06:34.917917,04:06:34.921824,04:06:35.327227,04:06:35.327258,04:06:35.333567,04:06:35.339287,04:06:35.345140,04:06:35.292916,04:06:35.293083,04:06:34.893063
400,rejected,04:06:36.620449,04:06:36.620449,04:06:36.620948,04:06:36.620948,04:06:36.622449,04:06:36.622449,04:06:36.624140,04:06:36.624140,04:06:36.633459,04:06:36.633481,04:06:36.647755,04:06:36.651251,04:06:37.056340,04:06:37.056370,04:06:37.062693,04:06:37.068643,04:06:37.074396,04:06:37.021206,04:06:37.021379,04:06:36.621704
400,rejected,04:06:38.364023,04:06:38.364023,04:06:38.364441,04:06:38.364441,04:06:38.366028,04:06:38.366028,04:06:38.367729,04:06:38.367729,04:06:38.378210,04:06:38.378232,04:06:38.392703,04:06:38.396161,04:06:38.800900,04:06:38.800931,04:06:38.807168,04:06:38.812809,04:06:38.818559,04:06:38.764731,04:06:38.764888,04:06:38.365196
400,rejected,04:06:40.099779,04:06:40.099779,04:06:40.100209,04:06:40.100209,04:06:40.101514,04:06:40.101514,04:06:40.103290,04:06:40.103290,04:06:40.112784,04:06:40.112812,04:06:40.131329,04:06:40.135405,04:06:40.541264,04:06:40.541296,04:06:40.547592,04:06:40.552906,04:06:40.558753,04:06:40.500307,04:06:40.500494,04:06:40.100949
400,rejected,04:06:41.830869,04:06:41.830869,04:06:41.831239,04:06:41.831239,04:06:41.832573,04:06:41.832573,04:06:41.834451,04:06:41.834451,04:06:41.843764,04:06:41.843785,04:06:41.867653,04:06:41.870727,04:06:42.275620,04:06:42.275652,04:06:42.281964,04:06:42.287781,04:06:42.293695,04:06:42.231778,04:06:42.231948,04:06:41.831966
400,rejected,04:06:43.578217,04:06:43.578217,04:06:43.578764,04:06:43.578764,04:06:43.580069,04:06:43.580069,04:06:43.581778,04:06:43.581778,04:06:43.591290,04:06:43.591310,04:06:43.606224,04:06:43.609747,04:06:44.013901,04:06:44.013933,04:06:44.020030,04:06:44.025542,04:06:44.031088,04:06:43.978730,04:06:43.978885,04:06:43.579568
400,rejected,04:06:45.313029,04:06:45.313029,04:06:45.313590,04:06:45.313590,04:06:45.314882,04:06:45.314882,04:06:45.316366,04:06:45.316366,04:06:45.326750,04:06:45.326779,04:06:45.342793,04:06:45.346211,04:06:45.750559,04:06:45.750589,04:06:45.756911,04:06:45.762858,04:06:45.768558,04:06:45.713843,04:06:45.713999,04:06:45.314348
400,rejected,04:06:47.094708,04:06:47.094708,04:06:47.095268,04:06:47.095268,04:06:47.096622,04:06:47.096622,04:06:47.098144,04:06:47.098144,04:06:47.107442,04:06:47.107468,04:06:47.121623,04:06:47.125013,04:06:47.528689,04:06:47.528720,04:06:47.534974,04:06:47.540568,04:06:47.546076,04:06:47.495642,04:06:47.495816,04:06:47.096045
400,rejected,04:06:48.849548,04:06:48.849548,04:06:48.849954,04:06:48.849954,04:06:48.851235,04:06:48.851235,04:06:48.852846,04:06:48.852846,04:06:48.865476,04:06:48.865497,04:06:48.880055,04:06:48.883147,04:06:49.286794,04:06:49.286825,04:06:49.293036,04:06:49.298608,04:06:49.304264,04:06:49.250084,04:06:49.250240,04:06:48.850664
400,rejected,04:06:50.642896,04:06:50.642896,04:06:50.643402,04:06:50.643402,04:06:50.644650,04:06:50.644650,04:06:50.646482,04:06:50.646482,04:06:50.656712,04:06:50.656737,04:06:50.670926,04:06:50.674015,04:06:51.077889,04:06:51.077919,04:06:51.083991,04:06:51.089616,04:06:51.095270,04:06:51.043531,04:06:51.043704,04:06:50.644080
400,rejected,04:06:52.365499,04:06:52.365499,04:06:52.365860,04:06:52.365860,04:06:52.367046,04:06:52.367046,04:06:52.368561,04:06:52.368561,04:06:52.378397,04:06:52.378417,04:06:52.392038,04:06:52.395337,04:06:52.800084,04:06:52.800114,04:06:52.806176,04:06:52.811485,04:06:52.817156,04:06:52.766212,04:06:52.766432,04:06:52.366528
400,rejected,04:06:54.156091,04:06:54.156091,04:06:54.156606,04:06:54.156606,04:06:54.157903,04:06:54.157903,04:06:54.159710,04:06:54.159710,04:06:54.169192,04:06:54.169217,04:06:54.185936,04:06:54.189761,04:06:54.595713,04:06:54.595748,04:06:54.602025,04:06:54.607393,04:06:54.613244,04:06:54.556823,04:06:54.556989,04:06:54.157380
400,rejected,04:06:55.891580,04:06:55.891580,04:06:55.891980,04:06:55.891980,04:06:55.893259,04:06:55.893259,04:06:55.894963,04:06:55.894963,04:06:55.904289,04:06:55.904309,04:06:55.918913,04:06:55.922172,04:06:56.327627,04:06:56.327661,04:06:56.334260,04:06:56.340793,04:06:56.348849,04:06:56.292410,04:06:56.292772,04:06:55.892714
400,rejected,04:06:57.697821,04:06:57.697821,04:06:57.698203,04:06:57.698203,04:06:57.699426,04:06:57.699426,04:06:57.700990,04:06:57.700990,04:06:57.710936,04:06:57.710958,04:06:57.724839,04:06:57.727877,04:06:58.133231,04:06:58.133260,04:06:58.139338,04:06:58.144590,04:06:58.150033,04:06:58.098677,04:06:58.098854,04:06:57.698882
400,rejected,04:06:59.489569,04:06:59.489569,04:06:59.490067,04:06:59.490067,04:06:59.491419,04:06:59.491419,04:06:59.493023,04:06:59.493023,04:06:59.503014,04:06:59.503038,04:06:59.517644,04:06:59.521015,04:06:59.927036,04:06:59.927065,04:06:59.933338,04:06:59.939159,04:06:59.945116,04:06:59.890127,04:06:59.890279,04:06:59.490836
400,rejected,04:07:01.286400,04:07:01.286400,04:07:01.286936,04:07:01.286936,04:07:01.288328,04:07:01.288328,04:07:01.290067,04:07:01.290067,04:07:01.299640,04:07:01.299665,04:07:01.313844,04:07:01.316891,04:07:01.722329,04:07:01.722356,04:07:01.728625,04:07:01.734094,04:07:01.739870,04:07:01.687116,04:07:01.687288,04:07:01.287693
400,rejected,04:07:03.021103,04:07:03.021103,04:07:03.021581,04:07:03.021581,04:07:03.023123,04:07:03.023123,04:07:03.024606,04:07:03.024606,04:07:03.034970,04:07:03.034990,04:07:03.058777,04:07:03.061921,04:07:03.466361,04:07:03.466392,04:07:03.472427,04:07:03.477915,04:07:03.483841,04:07:03.422184,04:07:03.422356,04:07:03.022263
400,rejected,04:07:04.794304,04:07:04.794304,04:07:04.794685,04:07:04.794685,04:07:04.795993,04:07:04.795993,04:07:04.797908,04:07:04.797908,04:07:04.808286,04:07:04.808306,04:07:04.823048,04:07:04.826587,04:07:05.230660,04:07:05.230690,04:07:05.236836,04:07:05.242434,04:07:05.248398,04:07:05.194958,04:07:05.195128,04:07:04.795354
400,rejected,04:07:06.588819,04:07:06.588819,04:07:06.589294,04:07:06.589294,04:07:06.590706,04:07:06.590706,04:07:06.592311,04:07:06.592311,04:07:06.602416,04:07:06.602453,04:07:06.617950,04:07:06.621150,04:07:07.026096,04:07:07.026126,04:07:07.032021,04:07:07.037654,04:07:07.043327,04:07:06.989135,04:07:06.989293,04:07:06.589998
400,rejected,04:07:08.385803,04:07:08.385803,04:07:08.386171,04:07:08.386171,04:07:08.387754,04:07:08.387754,04:07:08.389345,04:07:08.389345,04:07:08.399709,04:07:08.399757,04:07:08.417663,04:07:08.421941,04:07:08.829319,04:07:08.829351,04:07:08.835702,04:07:08.841316,04:07:08.847116,04:07:08.786241,04:07:08.786400,04:07:08.386945
400,rejected,04:07:10.125952,04:07:10.125952,04:07:10.126372,04:07:10.126372,04:07:10.127673,04:07:10.127673,04:07:10.129189,04:07:10.129189,04:07:10.138963,04:07:10.138997,04:07:10.153214,04:07:10.156196,04:07:10.560993,04:07:10.561024,04:07:10.567297,04:07:10.572728,04:07:10.578443,04:07:10.526416,04:07:10.526583,04:07:10.127145
400,rejected,04:07:11.869792,04:07:11.869792,04:07:11.870208,04:07:11.870208,04:07:11.871756,04:07:11.871756,04:07:11.873379,04:07:11.873379,04:07:11.883219,04:07:11.883239,04:07:11.897060,04:07:11.900119,04:07:12.305549,04:07:12.305578,04:07:12.311798,04:07:12.317192,04:07:12.322634,04:07:12.270595,04:07:12.270882,04:07:11.870895
400,rejected,04:07:13.712917,04:07:13.712917,04:07:13.713486,04:07:13.713486,04:07:13.714890,04:07:13.714890,04:07:13.716487,04:07:13.716487,04:07:13.725846,04:07:13.725867,04:07:13.740142,04:07:13.743250,04:07:14.148787,04:07:14.148818,04:07:14.155041,04:07:14.160873,04:07:14.166600,04:07:14.113459,04:07:14.113617,04:07:13.714258
400,rejected,04:07:15.370341,04:07:15.370341,04:07:15.370724,04:07:15.370724,04:07:15.371978,04:07:15.371978,04:07:15.373554,04:07:15.373554,04:07:15.382750,04:07:15.382770,04:07:15.397290,04:07:15.400352,04:07:15.805141,04:07:15.805174,04:07:15.811110,04:07:15.816582,04:07:15.822426,04:07:15.770996,04:07:15.771166,04:07:15.371428
400,rejected,04:07:17.231605,04:07:17.231605,04:07:17.232060,04:07:17.232060,04:07:17.234173,04:07:17.234173,04:07:17.236169,04:07:17.236169,04:07:17.246336,04:07:17.246382,04:07:17.265045,04:07:17.268408,04:07:17.675449,04:07:17.675479,04:07:17.681581,04:07:17.687260,04:07:17.693136,04:07:17.632643,04:07:17.632813,04:07:17.233099
400,rejected,04:07:18.977795,04:07:18.977795,04:07:18.978182,04:07:18.978182,04:07:18.979879,04:07:18.979879,04:07:18.981407,04:07:18.981407,04:07:18.990964,04:07:18.990987,04:07:19.005161,04:07:19.008573,04:07:19.411607,04:07:19.411637,04:07:19.417749,04:07:19.423666,04:07:19.429259,04:07:19.378971,04:07:19.379129,04:07:18.978941
400,rejected,04:07:20.772546,04:07:20.772546,04:07:20.772945,04:07:20.772945,04:07:20.774300,04:07:20.774300,04:07:20.775890,04:07:20.775890,04:07:20.785083,04:07:20.785103,04:07:20.799027,04:07:20.802050,04:07:21.207811,04:07:21.207841,04:07:21.213889,04:07:21.219258,04:07:21.224770,04:07:21.173234,04:07:21.173404,04:07:20.773739
400,rejected,04:07:22.426537,04:07:22.426537,04:07:22.426983,04:07:22.426983,04:07:22.428137,04:07:22.428137,04:07:22.429829,04:07:22.429829,04:07:22.440066,04:07:22.440090,04:07:22.454764,04:07:22.457933,04:07:22.862209,04:07:22.862239,04:07:22.868630,04:07:22.874261,04:07:22.879779,04:07:22.827150,04:07:22.827310,04:07:22.427664
400,rejected,04:07:24.221287,04:07:24.221287,04:07:24.221701,04:07:24.221701,04:07:24.223134,04:07:24.223134,04:07:24.224786,04:07:24.224786,04:07:24.235030,04:07:24.235050,04:07:24.258811,04:07:24.261919,04:07:24.667010,04:07:24.667040,04:07:24.673408,04:07:24.679005,04:07:24.684479,04:07:24.622140,04:07:24.622304,04:07:24.222370
400,rejected,04:07:25.957699,04:07:25.957699,04:07:25.958142,04:07:25.958142,04:07:25.959383,04:07:25.959383,04:07:25.961334,04:07:25.961334,04:07:25.971741,04:07:25.971794,04:07:25.990340,04:07:25.994315,04:07:26.402566,04:07:26.402600,04:07:26.411275,04:07:26.419520,04:07:26.428635,04:07:26.358619,04:07:26.358824,04:07:25.958878
400,rejected,04:07:27.713406,04:07:27.713406,04:07:27.713946,04:07:27.713946,04:07:27.715334,04:07:27.715334,04:07:27.716926,04:07:27.716926,04:07:27.726234,04:07:27.726253,04:07:27.740908,04:07:27.743948,04:07:28.146720,04:07:28.146751,04:07:28.153044,04:07:28.158426,04:07:28.163818,04:07:28.114059,04:07:28.114222,04:07:27.714698
400,rejected,04:07:29.508667,04:07:29.508667,04:07:29.509114,04:07:29.509114,04:07:29.510666,04:07:29.510666,04:07:29.512381,04:07:29.512381,04:07:29.521725,04:07:29.521746,04:07:29.535876,04:07:29.539057,04:07:29.943527,04:07:29.943561,04:07:29.950047,04:07:29.955512,04:07:29.961818,04:07:29.909686,04:07:29.909850,04:07:29.509873
400,rejected,04:07:31.253792,04:07:31.253792,04:07:31.254146,04:07:31.254146,04:07:31.255404,04:07:31.255404,04:07:31.257024,04:07:31.257024,04:07:31.268648,04:07:31.268673,04:07:31.286672,04:07:31.291795,04:07:31.697563,04:07:31.697592,04:07:31.703839,04:07:31.709345,04:07:31.715412,04:07:31.654506,04:07:31.654678,04:07:31.254822
400,rejected,04:07:32.904098,04:07:32.904098,04:07:32.904539,04:07:32.904539,04:07:32.905994,04:07:32.905994,04:07:32.907665,04:07:32.907665,04:07:32.916821,04:07:32.916841,04:07:32.931074,04:07:32.934710,04:07:33.338741,04:07:33.338774,04:07:33.345129,04:07:33.350603,04:07:33.356367,04:07:33.304766,04:07:33.304937,04:07:32.905231
400,rejected,04:07:34.642355,04:07:34.642355,04:07:34.642848,04:07:34.642848,04:07:34.644391,04:07:34.644391,04:07:34.645874,04:07:34.645874,04:07:34.656678,04:07:34.656700,04:07:34.671085,04:07:34.674500,04:07:35.079124,04:07:35.079176,04:07:35.085411,04:07:35.090730,04:07:35.096201,04:07:35.042837,04:07:35.043007,04:07:34.643547
400,rejected,04:07:36.437161,04:07:36.437161,04:07:36.437900,04:07:36.437900,04:07:36.439877,04:07:36.439877,04:07:36.441848,04:07:36.441848,04:07:36.453418,04:07:36.453471,04:07:36.473408,04:07:36.477896,04:07:36.886653,04:07:36.886683,04:07:36.892708,04:07:36.897903,04:07:36.903251,04:07:36.837575,04:07:36.837750,04:07:36.439079
400,rejected,04:07:38.296932,04:07:38.296932,04:07:38.297285,04:07:38.297285,04:07:38.298524,04:07:38.298524,04:07:38.300360,04:07:38.300360,04:07:38.310806,04:07:38.310829,04:07:38.325157,04:07:38.328379,04:07:38.733751,04:07:38.733781,04:07:38.739965,04:07:38.745837,04:07:38.751875,04:07:38.697676,04:07:38.697827,04:07:38.297979
400,rejected,04:07:40.010863,04:07:40.010863,04:07:40.011225,04:07:40.011225,04:07:40.012449,04:07:40.012449,04:07:40.013974,04:07:40.013974,04:07:40.023280,04:07:40.023314,04:07:40.037838,04:07:40.040835,04:07:40.443963,04:07:40.443995,04:07:40.450391,04:07:40.456120,04:07:40.461497,04:07:40.411577,04:07:40.411746,04:07:40.011911
400,rejected,04:07:41.800945,04:07:41.800945,04:07:41.801427,04:07:41.801427,04:07:41.802864,04:07:41.802864,04:07:41.804427,04:07:41.804427,04:07:41.813571,04:07:41.813591,04:07:41.828198,04:07:41.831370,04:07:42.235833,04:07:42.235862,04:07:42.242098,04:07:42.247720,04:07:42.253841,04:07:42.201814,04:07:42.201973,04:07:41.802273
400,rejected,04:07:43.599427,04:07:43.599427,04:07:43.599986,04:07:43.599986,04:07:43.601505,04:07:43.601505,04:07:43.603140,04:07:43.603140,04:07:43.613283,04:07:43.613305,04:07:43.626804,04:07:43.629811,04:07:44.034303,04:07:44.034336,04:07:44.040419,04:07:44.046104,04:07:44.051515,04:07:43.999982,04:07:44.000135,04:07:43.600766
400,rejected,04:07:45.392729,04:07:45.392729,04:07:45.393277,04:07:45.393277,04:07:45.394700,04:07:45.394700,04:07:45.396337,04:07:45.396337,04:07:45.405969,04:07:45.405990,04:07:45.429880,04:07:45.432922,04:07:45.837554,04:07:45.837584,04:07:45.843606,04:07:45.849256,04:07:45.855120,04:07:45.793096,04:07:45.793254,04:07:45.394045
400,rejected,04:07:47.174314,04:07:47.174314,04:07:47.174856,04:07:47.174856,04:07:47.176148,04:07:47.176148,04:07:47.177760,04:07:47.177760,04:07:47.187107,04:07:47.187135,04:07:47.202410,04:07:47.205521,04:07:47.609517,04:07:47.609550,04:07:47.615798,04:07:47.621470,04:07:47.627042,04:07:47.574759,04:07:47.574915,04:07:47.175613
400,rejected,04:07:48.881278,04:07:48.881278,04:07:48.881683,04:07:48.881683,04:07:48.883187,04:07:48.883187,04:07:48.884881,04:07:48.884881,04:07:48.894080,04:07:48.894101,04:07:48.908390,04:07:48.911619,04:07:49.315414,04:07:49.315441,04:07:49.321448,04:07:49.327130,04:07:49.332776,04:07:49.281973,04:07:49.282135,04:07:48.882428
400,rejected,04:07:50.681597,04:07:50.681597,04:07:50.682133,04:07:50.682133,04:07:50.683559,04:07:50.683559,04:07:50.685206,04:07:50.685206,04:07:50.694477,04:07:50.694511,04:07:50.708974,04:07:50.712135,04:07:51.116570,04:07:51.116601,04:07:51.122835,04:07:51.128308,04:07:51.133828,04:07:51.082059,04:07:51.082244,04:07:50.682925
400,rejected,04:07:52.335188,04:07:52.335188,04:07:52.335544,04:07:52.335544,04:07:52.337019,04:07:52.337019,04:07:52.338673,04:07:52.338673,04:07:52.348081,04:07:52.348104,04:07:52.362463,04:07:52.365473,04:07:52.771730,04:07:52.771760,04:07:52.778125,04:07:52.783880,04:07:52.789740,04:07:52.735905,04:07:52.736073,04:07:52.336229
400,rejected,04:07:53.964827,04:07:53.964827,04:07:53.965319,04:07:53.965319,04:07:53.966763,04:07:53.966763,04:07:53.968388,04:07:53.968388,04:07:53.978344,04:07:53.978371,04:07:53.992790,04:07:53.995885,04:07:54.399226,04:07:54.399256,04:07:54.405341,04:07:54.411171,04:07:54.417141,04:07:54.365229,04:07:54.365426,04:07:53.966034
400,rejected,04:07:55.700202,04:07:55.700202,04:07:55.700615,04:07:55.700615,04:07:55.701840,04:07:55.701840,04:07:55.703478,04:07:55.703478,04:07:55.713834,04:07:55.713891,04:07:55.730681,04:07:55.733939,04:07:56.140595,04:07:56.140626,04:07:56.147203,04:07:56.153126,04:07:56.159058,04:07:56.100683,04:07:56.100850,04:07:55.701290
400,rejected,04:07:57.452392,04:07:57.452392,04:07:57.452791,04:07:57.452791,04:07:57.454253,04:07:57.454253,04:07:57.455899,04:07:57.455899,04:07:57.465077,04:07:57.465098,04:07:57.479115,04:07:57.482837,04:07:57.887808,04:07:57.887838,04:07:57.894091,04:07:57.899712,04:07:57.905495,04:07:57.853181,04:07:57.853365,04:07:57.453470
400,rejected,04:07:59.097450,04:07:59.097450,04:07:59.097857,04:07:59.097857,04:07:59.099155,04:07:59.099155,04:07:59.100605,04:07:59.100605,04:07:59.109775,04:07:59.109800,04:07:59.124488,04:07:59.127542,04:07:59.532310,04:07:59.532339,04:07:59.538368,04:07:59.543818,04:07:59.549722,04:07:59.498079,04:07:59.498252,04:07:59.098608
400,rejected,04:08:00.893929,04:08:00.893929,04:08:00.894324,04:08:00.894324,04:08:00.895635,04:08:00.895635,04:08:00.897280,04:08:00.897280,04:08:00.907384,04:08:00.907407,04:08:00.921741,04:08:00.924981,04:08:01.329381,04:08:01.329411,04:08:01.335636,04:08:01.341483,04:08:01.347145,04:08:01.294619,04:08:01.294816,04:08:00.895084
450,rejected,04:08:02.689009,04:08:02.689009,04:08:02.689365,04:08:02.689365,04:08:02.690849,04:08:02.690849,04:08:02.692395,04:08:02.692395,04:08:02.702981,04:08:02.703004,04:08:02.717605,04:08:02.721080,04:08:03.124820,04:08:03.124851,04:08:03.131130,04:08:03.136441,04:08:03.142047,04:08:03.139742,04:08:03.139880,04:08:02.690053
450,rejected,04:08:04.330393,04:08:04.330393,04:08:04.330760,04:08:04.330760,04:08:04.332225,04:08:04.332225,04:08:04.333993,04:08:04.333993,04:08:04.344416,04:08:04.344440,04:08:04.358762,04:08:04.362591,04:08:04.769815,04:08:04.769847,04:08:04.775987,04:08:04.782333,04:08:04.788264,04:08:04.781250,04:08:04.781428,04:08:04.331465
450,rejected,04:08:06.063468,04:08:06.063468,04:08:06.063949,04:08:06.063949,04:08:06.065510,04:08:06.065510,04:08:06.067002,04:08:06.067002,04:08:06.076792,04:08:06.076822,04:08:06.100073,04:08:06.103176,04:08:06.511799,04:08:06.511839,04:08:06.521519,04:08:06.532291,04:08:06.541227,04:08:06.514283,04:08:06.514483,04:08:06.064730
450,rejected,04:08:07.832450,04:08:07.832450,04:08:07.832859,04:08:07.832859,04:08:07.834124,04:08:07.834124,04:08:07.835670,04:08:07.835670,04:08:07.845046,04:08:07.845065,04:08:07.860029,04:08:07.863111,04:08:08.267174,04:08:08.267205,04:08:08.273473,04:08:08.279262,04:08:08.284533,04:08:08.282899,04:08:08.283035,04:08:07.833583
450,rejected,04:08:09.632215,04:08:09.632215,04:08:09.632636,04:08:09.632636,04:08:09.634253,04:08:09.634253,04:08:09.635741,04:08:09.635741,04:08:09.645755,04:08:09.645775,04:08:09.661011,04:08:09.664096,04:08:10.069656,04:08:10.069689,04:08:10.075742,04:08:10.081065,04:08:10.086774,04:08:10.083111,04:08:10.083238,04:08:09.633388
450,rejected,04:08:11.365216,04:08:11.365216,04:08:11.365710,04:08:11.365710,04:08:11.367253,04:08:11.367253,04:08:11.369097,04:08:11.369097,04:08:11.378560,04:08:11.378579,04:08:11.392837,04:08:11.395994,04:08:11.800120,04:08:11.800153,04:08:11.806458,04:08:11.812186,04:08:11.818123,04:08:11.816076,04:08:11.816208,04:08:11.366448
450,rejected,04:08:13.197418,04:08:13.197418,04:08:13.197816,04:08:13.197816,04:08:13.199075,04:08:13.199075,04:08:13.200556,04:08:13.200556,04:08:13.212193,04:08:13.212214,04:08:13.226318,04:08:13.229485,04:08:13.633180,04:08:13.633213,04:08:13.639432,04:08:13.645379,04:08:13.651312,04:08:13.648020,04:08:13.648183,04:08:13.198548
450,rejected,04:08:14.929633,04:08:14.929633,04:08:14.930108,04:08:14.930108,04:08:14.931731,04:08:14.931731,04:08:14.933405,04:08:14.933405,04:08:14.943111,04:08:14.943144,04:08:14.957750,04:08:14.960783,04:08:15.365886,04:08:15.365918,04:08:15.372421,04:08:15.377964,04:08:15.383233,04:08:15.380386,04:08:15.380521,04:08:14.930902
450,rejected,04:08:16.565973,04:08:16.565973,04:08:16.566595,04:08:16.566595,04:08:16.569319,04:08:16.569319,04:08:16.571486,04:08:16.571486,04:08:16.581301,04:08:16.581352,04:08:16.601156,04:08:16.605474,04:08:17.011160,04:08:17.011188,04:08:17.017819,04:08:17.023625,04:08:17.029397,04:08:17.016387,04:08:17.016545,04:08:16.567803
450,rejected,04:08:18.374118,04:08:18.374118,04:08:18.374620,04:08:18.374620,04:08:18.376747,04:08:18.376747,04:08:18.378957,04:08:18.378957,04:08:18.389368,04:08:18.389412,04:08:18.406293,04:08:18.409565,04:08:18.815831,04:08:18.815865,04:08:18.821995,04:08:18.828347,04:08:18.836104,04:08:18.824825,04:08:18.825002,04:08:18.375799
450,rejected,04:08:20.029811,04:08:20.029811,04:08:20.030186,04:08:20.030186,04:08:20.031492,04:08:20.031492,04:08:20.033287,04:08:20.033287,04:08:20.042726,04:08:20.042751,04:08:20.057073,04:08:20.060151,04:08:20.463974,04:08:20.464006,04:08:20.470142,04:08:20.475701,04:08:20.481899,04:08:20.480541,04:08:20.480671,04:08:20.030925
450,rejected,04:08:21.692674,04:08:21.692674,04:08:21.693176,04:08:21.693176,04:08:21.694719,04:08:21.694719,04:08:21.696393,04:08:21.696393,04:08:21.705585,04:08:21.705607,04:08:21.719573,04:08:21.722742,04:08:22.127183,04:08:22.127214,04:08:22.133351,04:08:22.139190,04:08:22.144785,04:08:22.143311,04:08:22.143445,04:08:21.693940
450,rejected,04:08:23.421996,04:08:23.421996,04:08:23.422357,04:08:23.422357,04:08:23.423569,04:08:23.423569,04:08:23.425107,04:08:23.425107,04:08:23.434486,04:08:23.434516,04:08:23.449271,04:08:23.452690,04:08:23.856845,04:08:23.856878,04:08:23.862924,04:08:23.868860,04:08:23.874535,04:08:23.872759,04:08:23.872890,04:08:23.423040
450,rejected,04:08:25.054614,04:08:25.054614,04:08:25.055020,04:08:25.055020,04:08:25.056290,04:08:25.056290,04:08:25.057627,04:08:25.057627,04:08:25.067339,04:08:25.067360,04:08:25.081287,04:08:25.084403,04:08:25.489068,04:08:25.489101,04:08:25.494966,04:08:25.500535,04:08:25.506756,04:08:25.505491,04:08:25.505626,04:08:25.055774
450,rejected,04:08:26.903401,04:08:26.903401,04:08:26.904006,04:08:26.904006,04:08:26.906105,04:08:26.906105,04:08:26.908635,04:08:26.908635,04:08:26.918882,04:08:26.918934,04:08:26.949338,04:08:26.952463,04:08:27.357149,04:08:27.357174,04:08:27.363143,04:08:27.368812,04:08:27.374845,04:08:27.354152,04:08:27.354320,04:08:26.905233
450,rejected,04:08:28.696588,04:08:28.696588,04:08:28.697014,04:08:28.697014,04:08:28.698248,04:08:28.698248,04:08:28.700047,04:08:28.700047,04:08:28.710248,04:08:28.710272,04:08:28.725887,04:08:28.729258,04:08:29.133887,04:08:29.133920,04:08:29.140197,04:08:29.145478,04:08:29.151130,04:08:29.147509,04:08:29.147635,04:08:28.697695
450,rejected,04:08:30.445015,04:08:30.445015,04:08:30.445485,04:08:30.445485,04:08:30.446706,04:08:30.446706,04:08:30.448047,04:08:30.448047,04:08:30.457370,04:08:30.457389,04:08:30.472256,04:08:30.475663,04:08:30.881633,04:08:30.881665,04:08:30.887830,04:08:30.893497,04:08:30.899456,04:08:30.895645,04:08:30.895787,04:08:30.446198
450,safe,04:08:32.270289,04:08:32.270289,04:08:32.270748,04:08:32.270748,04:08:32.272347,04:08:32.272347,04:08:32.273937,04:08:32.273937,04:08:32.283329,04:08:32.283353,04:08:32.297823,04:08:32.301168,04:08:32.704136,04:08:32.704167,04:08:32.710284,04:08:32.715681,04:08:32.721366,04:08:32.721156,04:08:32.721294,04:08:32.271539
450,safe,04:08:35.314931,04:08:35.314931,04:08:35.315334,04:08:35.315334,04:08:35.316574,04:08:35.316574,04:08:35.318241,04:08:35.318241,04:08:35.328055,04:08:35.328078,04:08:35.340630,04:08:35.343614,04:08:35.746107,04:08:35.746138,04:08:35.752444,04:08:35.758056,04:08:35.764033,04:08:35.765887,04:08:35.766013,04:08:35.316042
450,rejected,04:08:37.427023,04:08:37.427023,04:08:37.427438,04:08:37.427438,04:08:37.429045,04:08:37.429045,04:08:37.430775,04:08:37.430775,04:08:37.440133,04:08:37.440153,04:08:37.454624,04:08:37.458040,04:08:37.863006,04:08:37.863038,04:08:37.869184,04:08:37.874462,04:08:37.880089,04:08:37.877600,04:08:37.877751,04:08:37.428252
450,rejected,04:08:39.281217,04:08:39.281217,04:08:39.281597,04:08:39.281597,04:08:39.282941,04:08:39.282941,04:08:39.284716,04:08:39.284716,04:08:39.293860,04:08:39.293879,04:08:39.308573,04:08:39.311999,04:08:39.716238,04:08:39.716267,04:08:39.723583,04:08:39.729242,04:08:39.735180,04:08:39.731756,04:08:39.731897,04:08:39.282354
450,rejected,04:08:41.029397,04:08:41.029397,04:08:41.029954,04:08:41.029954,04:08:41.031307,04:08:41.031307,04:08:41.032856,04:08:41.032856,04:08:41.042350,04:08:41.042373,04:08:41.056386,04:08:41.059407,04:08:41.464002,04:08:41.464031,04:08:41.470410,04:08:41.476085,04:08:41.481653,04:08:41.480056,04:08:41.480186,04:08:41.030735
450,rejected,04:08:42.818300,04:08:42.818300,04:08:42.818726,04:08:42.818726,04:08:42.820308,04:08:42.820308,04:08:42.821862,04:08:42.821862,04:08:42.831276,04:08:42.831296,04:08:42.847931,04:08:42.851273,04:08:43.257869,04:08:43.257901,04:08:43.264216,04:08:43.269863,04:08:43.275424,04:08:43.268955,04:08:43.269153,04:08:42.819441
450,rejected,04:08:44.556909,04:08:44.556909,04:08:44.557424,04:08:44.557424,04:08:44.558748,04:08:44.558748,04:08:44.560280,04:08:44.560280,04:08:44.569642,04:08:44.569662,04:08:44.584191,04:08:44.587640,04:08:44.991597,04:08:44.991629,04:08:44.997520,04:08:45.003067,04:08:45.009102,04:08:45.007599,04:08:45.007767,04:08:44.558219
450,rejected,04:08:46.214216,04:08:46.214216,04:08:46.214718,04:08:46.214718,04:08:46.215981,04:08:46.215981,04:08:46.217685,04:08:46.217685,04:08:46.227263,04:08:46.227294,04:08:46.242084,04:08:46.245467,04:08:46.657793,04:08:46.657832,04:08:46.664029,04:08:46.669945,04:08:46.676013,04:08:46.665064,04:08:46.665218,04:08:46.215458
450,safe,04:08:47.972423,04:08:47.972423,04:08:47.972808,04:08:47.972808,04:08:47.974361,04:08:47.974361,04:08:47.976013,04:08:47.976013,04:08:47.985183,04:08:47.985203,04:08:48.000047,04:08:48.003089,04:08:48.407159,04:08:48.407191,04:08:48.412958,04:08:48.418206,04:08:48.423728,04:08:48.423271,04:08:48.423376,04:08:47.973517
450,rejected,04:08:50.063850,04:08:50.063850,04:08:50.064322,04:08:50.064322,04:08:50.065649,04:08:50.065649,04:08:50.067192,04:08:50.067192,04:08:50.076408,04:08:50.076429,04:08:50.101683,04:08:50.105051,04:08:50.508870,04:08:50.508901,04:08:50.515530,04:08:50.521002,04:08:50.526701,04:08:50.514653,04:08:50.514845,04:08:50.065105
450,rejected,04:08:51.722586,04:08:51.722586,04:08:51.722983,04:08:51.722983,04:08:51.724587,04:08:51.724587,04:08:51.726080,04:08:51.726080,04:08:51.736950,04:08:51.737004,04:08:51.755031,04:08:51.758525,04:08:52.164481,04:08:52.164512,04:08:52.170828,04:08:52.176456,04:08:52.181900,04:08:52.173418,04:08:52.173562,04:08:51.723727
450,rejected,04:08:53.526106,04:08:53.526106,04:08:53.526609,04:08:53.526609,04:08:53.527895,04:08:53.527895,04:08:53.529661,04:08:53.529661,04:08:53.539315,04:08:53.539338,04:08:53.554073,04:08:53.557159,04:08:53.961813,04:08:53.961844,04:08:53.968068,04:08:53.973461,04:08:53.979081,04:08:53.976797,04:08:53.976962,04:08:53.527356
450,rejected,04:08:55.370251,04:08:55.370251,04:08:55.370808,04:08:55.370808,04:08:55.372085,04:08:55.372085,04:08:55.373795,04:08:55.373795,04:08:55.383930,04:08:55.383954,04:08:55.397996,04:08:55.401025,04:08:55.805922,04:08:55.805953,04:08:55.812247,04:08:55.817461,04:08:55.823087,04:08:55.821108,04:08:55.821249,04:08:55.371557
450,rejected,04:08:57.162683,04:08:57.162683,04:08:57.163041,04:08:57.163041,04:08:57.164619,04:08:57.164619,04:08:57.166293,04:08:57.166293,04:08:57.179593,04:08:57.179620,04:08:57.194636,04:08:57.197764,04:08:57.601936,04:08:57.601967,04:08:57.608631,04:08:57.614127,04:08:57.619588,04:08:57.613147,04:08:57.613280,04:08:57.163761
450,safe,04:08:58.973142,04:08:58.973142,04:08:58.973582,04:08:58.973582,04:08:58.974844,04:08:58.974844,04:08:58.976326,04:08:58.976326,04:08:58.985684,04:08:58.985705,04:08:58.999349,04:08:59.002395,04:08:59.406213,04:08:59.406245,04:08:59.412264,04:08:59.417820,04:08:59.423649,04:08:59.424037,04:08:59.424169,04:08:58.974319
450,safe,04:09:02.015052,04:09:02.015052,04:09:02.015454,04:09:02.015454,04:09:02.016675,04:09:02.016675,04:09:02.018257,04:09:02.018257,04:09:02.027511,04:09:02.027555,04:09:02.041618,04:09:02.044856,04:09:02.447205,04:09:02.447236,04:09:02.453687,04:09:02.459259,04:09:02.465186,04:09:02.465670,04:09:02.465801,04:09:02.016165
450,rejected,04:09:05.092183,04:09:05.092183,04:09:05.092748,04:09:05.092748,04:09:05.094236,04:09:05.094236,04:09:05.095882,04:09:05.095882,04:09:05.105416,04:09:05.105444,04:09:05.120277,04:09:05.123515,04:09:05.528094,04:09:05.528121,04:09:05.533916,04:09:05.539524,04:09:05.545226,04:09:05.542952,04:09:05.543093,04:09:05.093562
450,rejected,04:09:06.740304,04:09:06.740304,04:09:06.740732,04:09:06.740732,04:09:06.742004,04:09:06.742004,04:09:06.743672,04:09:06.743672,04:09:06.753431,04:09:06.753452,04:09:06.767767,04:09:06.770894,04:09:07.176507,04:09:07.176535,04:09:07.182433,04:09:07.187733,04:09:07.193469,04:09:07.191206,04:09:07.191338,04:09:06.741447
450,rejected,04:09:08.405594,04:09:08.405594,04:09:08.405993,04:09:08.405993,04:09:08.407205,04:09:08.407205,04:09:08.408722,04:09:08.408722,04:09:08.417941,04:09:08.417962,04:09:08.431800,04:09:08.435172,04:09:08.841417,04:09:08.841449,04:09:08.847765,04:09:08.853256,04:09:08.859112,04:09:08.856237,04:09:08.856386,04:09:08.406705
450,rejected,04:09:10.142374,04:09:10.142374,04:09:10.142880,04:09:10.142880,04:09:10.144178,04:09:10.144178,04:09:10.146042,04:09:10.146042,04:09:10.155489,04:09:10.155512,04:09:10.171754,04:09:10.176514,04:09:10.582236,04:09:10.582269,04:09:10.588304,04:09:10.593689,04:09:10.599447,04:09:10.592993,04:09:10.593133,04:09:10.143625
450,rejected,04:09:11.797619,04:09:11.797619,04:09:11.798176,04:09:11.798176,04:09:11.799688,04:09:11.799688,04:09:11.801430,04:09:11.801430,04:09:11.811172,04:09:11.811198,04:09:11.826755,04:09:11.829999,04:09:12.235955,04:09:12.235985,04:09:12.241990,04:09:12.247543,04:09:12.252889,04:09:12.248315,04:09:12.248448,04:09:11.799000
450,rejected,04:09:13.620668,04:09:13.620668,04:09:13.621113,04:09:13.621113,04:09:13.622770,04:09:13.622770,04:09:13.624607,04:09:13.624607,04:09:13.633899,04:09:13.633920,04:09:13.656895,04:09:13.660035,04:09:14.062879,04:09:14.062909,04:09:14.069547,04:09:14.075068,04:09:14.080676,04:09:14.071050,04:09:14.071185,04:09:13.621882
450,rejected,04:09:15.414173,04:09:15.414173,04:09:15.414525,04:09:15.414525,04:09:15.415734,04:09:15.415734,04:09:15.417251,04:09:15.417251,04:09:15.426450,04:09:15.426470,04:09:15.440866,04:09:15.444041,04:09:15.848516,04:09:15.848551,04:09:15.854960,04:09:15.860648,04:09:15.866533,04:09:15.864998,04:09:15.865135,04:09:15.415240
450,rejected,04:09:17.257810,04:09:17.257810,04:09:17.258306,04:09:17.258306,04:09:17.259756,04:09:17.259756,04:09:17.261353,04:09:17.261353,04:09:17.270548,04:09:17.270579,04:09:17.284885,04:09:17.287980,04:09:17.691427,04:09:17.691457,04:09:17.697598,04:09:17.703195,04:09:17.709053,04:09:17.707716,04:09:17.707858,04:09:17.259051
450,rejected,04:09:19.062276,04:09:19.062276,04:09:19.062748,04:09:19.062748,04:09:19.063967,04:09:19.063967,04:09:19.065472,04:09:19.065472,04:09:19.074627,04:09:19.074645,04:09:19.089332,04:09:19.092628,04:09:19.496311,04:09:19.496345,04:09:19.502409,04:09:19.507824,04:09:19.513821,04:09:19.512876,04:09:19.513008,04:09:19.063448
450,rejected,04:09:20.708576,04:09:20.708576,04:09:20.709013,04:09:20.709013,04:09:20.710588,04:09:20.710588,04:09:20.712128,04:09:20.712128,04:09:20.721549,04:09:20.721571,04:09:20.735965,04:09:20.739096,04:09:21.143311,04:09:21.143342,04:09:21.149329,04:09:21.154734,04:09:21.160752,04:09:21.159329,04:09:21.159467,04:09:20.709732
450,safe,04:09:22.356077,04:09:22.356077,04:09:22.356434,04:09:22.356434,04:09:22.357908,04:09:22.357908,04:09:22.359504,04:09:22.359504,04:09:22.368957,04:09:22.368977,04:09:22.383150,04:09:22.386174,04:09:22.790191,04:09:22.790225,04:09:22.796404,04:09:22.801589,04:09:22.807122,04:09:22.806725,04:09:22.806851,04:09:22.357138
450,rejected,04:09:24.325469,04:09:24.325469,04:09:24.325954,04:09:24.325954,04:09:24.327167,04:09:24.327167,04:09:24.328833,04:09:24.328833,04:09:24.339102,04:09:24.339122,04:09:24.357041,04:09:24.360476,04:09:24.766489,04:09:24.766523,04:09:24.773440,04:09:24.779048,04:09:24.784679,04:09:24.776108,04:09:24.776252,04:09:24.326656
450,rejected,04:09:26.136784,04:09:26.136784,04:09:26.137371,04:09:26.137371,04:09:26.138806,04:09:26.138806,04:09:26.140422,04:09:26.140422,04:09:26.149830,04:09:26.149852,04:09:26.163685,04:09:26.166717,04:09:26.575994,04:09:26.576034,04:09:26.585082,04:09:26.594538,04:09:26.601708,04:09:26.588164,04:09:26.588350,04:09:26.138139
450,rejected,04:09:27.908011,04:09:27.908011,04:09:27.908451,04:09:27.908451,04:09:27.909967,04:09:27.909967,04:09:27.911539,04:09:27.911539,04:09:27.920725,04:09:27.920746,04:09:27.934865,04:09:27.937933,04:09:28.341982,04:09:28.342014,04:09:28.348370,04:09:28.354011,04:09:28.359607,04:09:28.358612,04:09:28.358750,04:09:27.909139
450,rejected,04:09:29.664886,04:09:29.664886,04:09:29.665345,04:09:29.665345,04:09:29.666916,04:09:29.666916,04:09:29.668434,04:09:29.668434,04:09:29.678184,04:09:29.678204,04:09:29.694148,04:09:29.697518,04:09:30.104270,04:09:30.104302,04:09:30.110522,04:09:30.116278,04:09:30.121768,04:09:30.115482,04:09:30.115629,04:09:29.666118
450,rejected,04:09:31.402136,04:09:31.402136,04:09:31.402493,04:09:31.402493,04:09:31.403755,04:09:31.403755,04:09:31.405664,04:09:31.405664,04:09:31.415835,04:09:31.415854,04:09:31.430078,04:09:31.433642,04:09:31.837616,04:09:31.837648,04:09:31.843575,04:09:31.849134,04:09:31.854776,04:09:31.853114,04:09:31.853255,04:09:31.403219
450,safe,04:09:33.235002,04:09:33.235002,04:09:33.235459,04:09:33.235459,04:09:33.236679,04:09:33.236679,04:09:33.238318,04:09:33.238318,04:09:33.247572,04:09:33.247591,04:09:33.261530,04:09:33.264613,04:09:33.668014,04:09:33.668047,04:09:33.674202,04:09:33.679463,04:09:33.684894,04:09:33.684385,04:09:33.684489,04:09:33.236185
450,rejected,04:09:35.210514,04:09:35.210514,04:09:35.211078,04:09:35.211078,04:09:35.212628,04:09:35.212628,04:09:35.214351,04:09:35.214351,04:09:35.224120,04:09:35.224140,04:09:35.247796,04:09:35.250824,04:09:35.655235,04:09:35.655267,04:09:35.661586,04:09:35.667458,04:09:35.673070,04:09:35.661595,04:09:35.661970,04:09:35.211842
450,rejected,04:09:37.027113,04:09:37.027113,04:09:37.027547,04:09:37.027547,04:09:37.029068,04:09:37.029068,04:09:37.030666,04:09:37.030666,04:09:37.041023,04:09:37.041052,04:09:37.057235,04:09:37.060458,04:09:37.465412,04:09:37.465441,04:09:37.471516,04:09:37.477487,04:09:37.482900,04:09:37.477896,04:09:37.478029,04:09:37.028281
450,rejected,04:09:38.847488,04:09:38.847488,04:09:38.847886,04:09:38.847886,04:09:38.849387,04:09:38.849387,04:09:38.850957,04:09:38.850957,04:09:38.861447,04:09:38.861494,04:09:38.880698,04:09:38.885710,04:09:39.291567,04:09:39.291600,04:09:39.297820,04:09:39.303852,04:09:39.309789,04:09:39.297961,04:09:39.298109,04:09:38.848581
450,rejected,04:09:40.506230,04:09:40.506230,04:09:40.506626,04:09:40.506626,04:09:40.507841,04:09:40.507841,04:09:40.509373,04:09:40.509373,04:09:40.519228,04:09:40.519248,04:09:40.533741,04:09:40.536744,04:09:40.942500,04:09:40.942533,04:09:40.948548,04:09:40.953961,04:09:40.959905,04:09:40.957227,04:09:40.957399,04:09:40.507286
450,rejected,04:09:42.436030,04:09:42.436030,04:09:42.436455,04:09:42.436455,04:09:42.437984,04:09:42.437984,04:09:42.439483,04:09:42.439483,04:09:42.452139,04:09:42.452161,04:09:42.466237,04:09:42.469199,04:09:42.873226,04:09:42.873286,04:09:42.879545,04:09:42.887281,04:09:42.892781,04:09:42.886782,04:09:42.886921,04:09:42.437168
450,rejected,04:09:44.088651,04:09:44.088651,04:09:44.089073,04:09:44.089073,04:09:44.090614,04:09:44.090614,04:09:44.092039,04:09:44.092039,04:09:44.101453,04:09:44.101476,04:09:44.115611,04:09:44.118637,04:09:44.523945,04:09:44.523977,04:09:44.530122,04:09:44.535487,04:09:44.540745,04:09:44.539479,04:09:44.539611,04:09:44.089840
450,rejected,04:09:45.894821,04:09:45.894821,04:09:45.895175,04:09:45.895175,04:09:45.896392,04:09:45.896392,04:09:45.898080,04:09:45.898080,04:09:45.907825,04:09:45.907849,04:09:45.922604,04:09:45.925996,04:09:46.329145,04:09:46.329177,04:09:46.335551,04:09:46.341048,04:09:46.346848,04:09:46.345796,04:09:46.345933,04:09:45.895842
450,rejected,04:09:47.642955,04:09:47.642955,04:09:47.643381,04:09:47.643381,04:09:47.644921,04:09:47.644921,04:09:47.646575,04:09:47.646575,04:09:47.655941,04:09:47.655962,04:09:47.670739,04:09:47.673905,04:09:48.078019,04:09:48.078051,04:09:48.084309,04:09:48.089907,04:09:48.095247,04:09:48.093544,04:09:48.093682,04:09:47.644149
450,rejected,04:09:49.397137,04:09:49.397137,04:09:49.397693,04:09:49.397693,04:09:49.399032,04:09:49.399032,04:09:49.400563,04:09:49.400563,04:09:49.410464,04:09:49.410484,04:09:49.423559,04:09:49.426674,04:09:49.830872,04:09:49.830904,04:09:49.837493,04:09:49.843122,04:09:49.849107,04:09:49.847766,04:09:49.847914,04:09:49.398462
450,rejected,04:09:51.061735,04:09:51.061735,04:09:51.062110,04:09:51.062110,04:09:51.063771,04:09:51.063771,04:09:51.065308,04:09:51.065308,04:09:51.075202,04:09:51.075226,04:09:51.088786,04:09:51.091870,04:09:51.496682,04:09:51.496714,04:09:51.502639,04:09:51.508464,04:09:51.513874,04:09:51.512687,04:09:51.512820,04:09:51.062895
450,rejected,04:09:52.876626,04:09:52.876626,04:09:52.877048,04:09:52.877048,04:09:52.878512,04:09:52.878512,04:09:52.880230,04:09:52.880230,04:09:52.889973,04:09:52.889994,04:09:52.903830,04:09:52.906935,04:09:53.311180,04:09:53.311211,04:09:53.317476,04:09:53.322907,04:09:53.328768,04:09:53.327197,04:09:53.327331,04:09:52.877757
450,rejected,04:09:54.537772,04:09:54.537772,04:09:54.538306,04:09:54.538306,04:09:54.539786,04:09:54.539786,04:09:54.541537,04:09:54.541537,04:09:54.550885,04:09:54.550909,04:09:54.565143,04:09:54.568138,04:09:54.972103,04:09:54.972135,04:09:54.978216,04:09:54.984089,04:09:54.989851,04:09:54.988437,04:09:54.988593,04:09:54.539068
450,rejected,04:09:56.288444,04:09:56.288444,04:09:56.288832,04:09:56.288832,04:09:56.289990,04:09:56.289990,04:09:56.291527,04:09:56.291527,04:09:56.301290,04:09:56.301347,04:09:56.331889,04:09:56.335727,04:09:56.748299,04:09:56.748329,04:09:56.754755,04:09:56.760720,04:09:56.766614,04:09:56.738599,04:09:56.738816,04:09:56.289493
450,rejected,04:09:57.976359,04:09:57.976359,04:09:57.976712,04:09:57.976712,04:09:57.977890,04:09:57.977890,04:09:57.979385,04:09:57.979385,04:09:57.988571,04:09:57.988592,04:09:58.003129,04:09:58.006223,04:09:58.410964,04:09:58.410993,04:09:58.417273,04:09:58.423541,04:09:58.429483,04:09:58.427326,04:09:58.427470,04:09:57.977390
450,rejected,04:09:59.640078,04:09:59.640078,04:09:59.640521,04:09:59.640521,04:09:59.641777,04:09:59.641777,04:09:59.643286,04:09:59.643286,04:09:59.652393,04:09:59.652414,04:09:59.667428,04:09:59.670519,04:10:00.074690,04:10:00.074721,04:10:00.080822,04:10:00.086437,04:10:00.092241,04:10:00.090719,04:10:00.090853,04:09:59.641232
450,rejected,04:10:01.377634,04:10:01.377634,04:10:01.378027,04:10:01.378027,04:10:01.379470,04:10:01.379470,04:10:01.381083,04:10:01.381083,04:10:01.390989,04:10:01.391022,04:10:01.409644,04:10:01.413008,04:10:01.818885,04:10:01.818915,04:10:01.824961,04:10:01.830543,04:10:01.836290,04:10:01.828220,04:10:01.828356,04:10:01.378791
450,rejected,04:10:03.211475,04:10:03.211475,04:10:03.211901,04:10:03.211901,04:10:03.213159,04:10:03.213159,04:10:03.214815,04:10:03.214815,04:10:03.224986,04:10:03.225009,04:10:03.239687,04:10:03.243099,04:10:03.646528,04:10:03.646558,04:10:03.653117,04:10:03.658283,04:10:03.663615,04:10:03.662430,04:10:03.662560,04:10:03.212616
450,rejected,04:10:04.852287,04:10:04.852287,04:10:04.852688,04:10:04.852688,04:10:04.854146,04:10:04.854146,04:10:04.855626,04:10:04.855626,04:10:04.865175,04:10:04.865198,04:10:04.880058,04:10:04.883112,04:10:05.287897,04:10:05.287925,04:10:05.293884,04:10:05.299597,04:10:05.305035,04:10:05.302924,04:10:05.303056,04:10:04.853363
450,rejected,04:10:06.522579,04:10:06.522579,04:10:06.523362,04:10:06.523362,04:10:06.525327,04:10:06.525327,04:10:06.527314,04:10:06.527314,04:10:06.537605,04:10:06.537639,04:10:06.556086,04:10:06.560111,04:10:06.969931,04:10:06.969967,04:10:06.976205,04:10:06.984362,04:10:06.990986,04:10:06.973195,04:10:06.973351,04:10:06.524376
450,rejected,04:10:08.210103,04:10:08.210103,04:10:08.210536,04:10:08.210536,04:10:08.211757,04:10:08.211757,04:10:08.213617,04:10:08.213617,04:10:08.223882,04:10:08.223906,04:10:08.238117,04:10:08.241264,04:10:08.645321,04:10:08.645352,04:10:08.651435,04:10:08.657248,04:10:08.664378,04:10:08.661034,04:10:08.661188,04:10:08.211214
450,rejected,04:10:10.028101,04:10:10.028101,04:10:10.028529,04:10:10.028529,04:10:10.029889,04:10:10.029889,04:10:10.031405,04:10:10.031405,04:10:10.046938,04:10:10.046960,04:10:10.061131,04:10:10.064260,04:10:10.467898,04:10:10.467929,04:10:10.474031,04:10:10.479276,04:10:10.484811,04:10:10.478504,04:10:10.478637,04:10:10.029328
450,rejected,04:10:11.840329,04:10:11.840329,04:10:11.840748,04:10:11.840748,04:10:11.842206,04:10:11.842206,04:10:11.843948,04:10:11.843948,04:10:11.854700,04:10:11.854739,04:10:11.872948,04:10:11.877927,04:10:12.283131,04:10:12.283163,04:10:12.289505,04:10:12.294912,04:10:12.300925,04:10:12.290991,04:10:12.291132,04:10:11.841620
450,rejected,04:10:13.650051,04:10:13.650051,04:10:13.650524,04:10:13.650524,04:10:13.652077,04:10:13.652077,04:10:13.653552,04:10:13.653552,04:10:13.662918,04:10:13.662938,04:10:13.677859,04:10:13.680952,04:10:14.085566,04:10:14.085597,04:10:14.091573,04:10:14.097045,04:10:14.102363,04:10:14.100560,04:10:14.100697,04:10:13.651236
450,safe,04:10:15.313049,04:10:15.313049,04:10:15.313406,04:10:15.313406,04:10:15.314631,04:10:15.314631,04:10:15.316224,04:10:15.316224,04:10:15.325462,04:10:15.325483,04:10:15.339307,04:10:15.342397,04:10:15.745864,04:10:15.745895,04:10:15.752559,04:10:15.758827,04:10:15.764714,04:10:15.763947,04:10:15.764066,04:10:15.314082
450,rejected,04:10:17.313343,04:10:17.313343,04:10:17.313717,04:10:17.313717,04:10:17.314998,04:10:17.314998,04:10:17.316451,04:10:17.316451,04:10:17.325815,04:10:17.325834,04:10:17.349218,04:10:17.352478,04:10:17.756599,04:10:17.756631,04:10:17.763052,04:10:17.768670,04:10:17.775365,04:10:17.764159,04:10:17.764290,04:10:17.314440
450,rejected,04:10:18.974940,04:10:18.974940,04:10:18.975329,04:10:18.975329,04:10:18.976918,04:10:18.976918,04:10:18.978484,04:10:18.978484,04:10:18.988305,04:10:18.988329,04:10:19.004355,04:10:19.007599,04:10:19.410692,04:10:19.410723,04:10:19.417281,04:10:19.423085,04:10:19.428997,04:10:19.425772,04:10:19.425902,04:10:18.976130
450,rejected,04:10:20.613285,04:10:20.613285,04:10:20.613842,04:10:20.613842,04:10:20.615125,04:10:20.615125,04:10:20.616693,04:10:20.616693,04:10:20.626940,04:10:20.626965,04:10:20.641863,04:10:20.644878,04:10:21.049778,04:10:21.049808,04:10:21.056108,04:10:21.061686,04:10:21.067084,04:10:21.064099,04:10:21.064238,04:10:20.614605
450,safe,04:10:22.264209,04:10:22.264209,04:10:22.264598,04:10:22.264598,04:10:22.265886,04:10:22.265886,04:10:22.267307,04:10:22.267307,04:10:22.277275,04:10:22.277298,04:10:22.291590,04:10:22.294625,04:10:22.698040,04:10:22.698070,04:10:22.704583,04:10:22.710112,04:10:22.715974,04:10:22.715475,04:10:22.715581,04:10:22.265321
450,rejected,04:10:25.332239,04:10:25.332239,04:10:25.332618,04:10:25.332618,04:10:25.334177,04:10:25.334177,04:10:25.335924,04:10:25.335924,04:10:25.347614,04:10:25.347637,04:10:25.362239,04:10:25.365412,04:10:25.768168,04:10:25.768198,04:10:25.774195,04:10:25.779664,04:10:25.785326,04:10:25.783003,04:10:25.783137,04:10:25.333329
450,rejected,04:10:27.063409,04:10:27.063409,04:10:27.063847,04:10:27.063847,04:10:27.065788,04:10:27.065788,04:10:27.067898,04:10:27.067898,04:10:27.077918,04:10:27.077972,04:10:27.097181,04:10:27.100744,04:10:27.504458,04:10:27.504491,04:10:27.510896,04:10:27.516736,04:10:27.522350,04:10:27.514117,04:10:27.514247,04:10:27.064737
450,rejected,04:10:28.754809,04:10:28.754809,04:10:28.755208,04:10:28.755208,04:10:28.756704,04:10:28.756704,04:10:28.758334,04:10:28.758334,04:10:28.767480,04:10:28.767501,04:10:28.781939,04:10:28.785206,04:10:29.189793,04:10:29.189824,04:10:29.195907,04:10:29.201497,04:10:29.206754,04:10:29.205582,04:10:29.205715,04:10:28.755896
450,rejected,04:10:30.566627,04:10:30.566627,04:10:30.567166,04:10:30.567166,04:10:30.568563,04:10:30.568563,04:10:30.570184,04:10:30.570184,04:10:30.579389,04:10:30.579414,04:10:30.593780,04:10:30.597157,04:10:31.002314,04:10:31.002343,04:10:31.008557,04:10:31.014250,04:10:31.020222,04:10:31.017054,04:10:31.017189,04:10:30.567916
450,safe,04:10:32.398884,04:10:32.398884,04:10:32.399275,04:10:32.399275,04:10:32.400504,04:10:32.400504,04:10:32.401835,04:10:32.401835,04:10:32.411095,04:10:32.411132,04:10:32.425898,04:10:32.429082,04:10:32.831638,04:10:32.831669,04:10:32.837786,04:10:32.843362,04:10:32.848898,04:10:32.849557,04:10:32.849683,04:10:32.399967
450,rejected,04:10:34.369387,04:10:34.369387,04:10:34.369767,04:10:34.369767,04:10:34.370943,04:10:34.370943,04:10:34.372710,04:10:34.372710,04:10:34.382843,04:10:34.382864,04:10:34.397160,04:10:34.400244,04:10:34.804190,04:10:34.804223,04:10:34.810241,04:10:34.815791,04:10:34.821426,04:10:34.820379,04:10:34.820530,04:10:34.370423
450,rejected,04:10:36.021671,04:10:36.021671,04:10:36.022069,04:10:36.022069,04:10:36.023333,04:10:36.023333,04:10:36.024929,04:10:36.024929,04:10:36.034853,04:10:36.034872,04:10:36.052655,04:10:36.056030,04:10:36.460964,04:10:36.460995,04:10:36.467554,04:10:36.475627,04:10:36.482514,04:10:36.471787,04:10:36.471964,04:10:36.022812
450,rejected,04:10:37.844632,04:10:37.844632,04:10:37.845124,04:10:37.845124,04:10:37.846599,04:10:37.846599,04:10:37.848234,04:10:37.848234,04:10:37.858397,04:10:37.858420,04:10:37.872717,04:10:37.875851,04:10:38.280229,04:10:38.280264,04:10:38.286143,04:10:38.291440,04:10:38.296818,04:10:38.295195,04:10:38.295330,04:10:37.845851
450,rejected,04:10:39.610099,04:10:39.610099,04:10:39.610518,04:10:39.610518,04:10:39.611866,04:10:39.611866,04:10:39.613221,04:10:39.613221,04:10:39.623413,04:10:39.623460,04:10:39.648277,04:10:39.651350,04:10:40.056095,04:10:40.056129,04:10:40.062521,04:10:40.068300,04:10:40.074090,04:10:40.060674,04:10:40.060813,04:10:39.611273
450,rejected,04:10:41.366017,04:10:41.366017,04:10:41.366382,04:10:41.366382,04:10:41.367686,04:10:41.367686,04:10:41.369324,04:10:41.369324,04:10:41.378991,04:10:41.379046,04:10:41.400828,04:10:41.404213,04:10:41.808840,04:10:41.808873,04:10:41.815071,04:10:41.820906,04:10:41.826494,04:10:41.816691,04:10:41.816825,04:10:41.367122
450,rejected,04:10:43.179978,04:10:43.179978,04:10:43.180363,04:10:43.180363,04:10:43.181590,04:10:43.181590,04:10:43.183211,04:10:43.183211,04:10:43.192509,04:10:43.192541,04:10:43.207821,04:10:43.210875,04:10:43.615386,04:10:43.615417,04:10:43.621639,04:10:43.627095,04:10:43.633002,04:10:43.630599,04:10:43.630738,04:10:43.181041
450,rejected,04:10:44.940805,04:10:44.940805,04:10:44.941277,04:10:44.941277,04:10:44.942475,04:10:44.942475,04:10:44.944003,04:10:44.944003,04:10:44.954014,04:10:44.954035,04:10:44.968435,04:10:44.971985,04:10:45.376631,04:10:45.376658,04:10:45.382993,04:10:45.388644,04:10:45.394526,04:10:45.391720,04:10:45.391856,04:10:44.941976
450,rejected,04:10:46.683266,04:10:46.683266,04:10:46.683907,04:10:46.683907,04:10:46.685681,04:10:46.685681,04:10:46.687854,04:10:46.687854,04:10:46.698631,04:10:46.698690,04:10:46.716244,04:10:46.720789,04:10:47.127878,04:10:47.127911,04:10:47.134190,04:10:47.139970,04:10:47.148055,04:10:47.133546,04:10:47.133729,04:10:46.684854
450,rejected,04:10:48.454839,04:10:48.454839,04:10:48.455400,04:10:48.455400,04:10:48.456832,04:10:48.456832,04:10:48.458506,04:10:48.458506,04:10:48.467801,04:10:48.467827,04:10:48.481458,04:10:48.484471,04:10:48.889469,04:10:48.889500,04:10:48.895591,04:10:48.901356,04:10:48.907610,04:10:48.905407,04:10:48.905596,04:10:48.456171
450,rejected,04:10:50.260466,04:10:50.260466,04:10:50.260810,04:10:50.260810,04:10:50.262129,04:10:50.262129,04:10:50.263867,04:10:50.263867,04:10:50.274026,04:10:50.274047,04:10:50.287914,04:10:50.290953,04:10:50.695305,04:10:50.695336,04:10:50.701344,04:10:50.706889,04:10:50.712639,04:10:50.711531,04:10:50.711662,04:10:50.261555
450,safe,04:10:51.998414,04:10:51.998414,04:10:51.998861,04:10:51.998861,04:10:52.000349,04:10:52.000349,04:10:52.001862,04:10:52.001862,04:10:52.011480,04:10:52.011505,04:10:52.025971,04:10:52.029096,04:10:52.431459,04:10:52.431492,04:10:52.438057,04:10:52.443666,04:10:52.449398,04:10:52.448921,04:10:52.449040,04:10:51.999585
450,rejected,04:10:54.100897,04:10:54.100897,04:10:54.101305,04:10:54.101305,04:10:54.102876,04:10:54.102876,04:10:54.104531,04:10:54.104531,04:10:54.114061,04:10:54.114086,04:10:54.128699,04:10:54.131870,04:10:54.535694,04:10:54.535726,04:10:54.541855,04:10:54.547780,04:10:54.553644,04:10:54.551630,04:10:54.551764,04:10:54.102012
450,rejected,04:10:55.754711,04:10:55.754711,04:10:55.755068,04:10:55.755068,04:10:55.756576,04:10:55.756576,04:10:55.758097,04:10:55.758097,04:10:55.767787,04:10:55.767811,04:10:55.783981,04:10:55.787472,04:10:56.194287,04:10:56.194320,04:10:56.200496,04:10:56.206391,04:10:56.212222,04:10:56.205419,04:10:56.205569,04:10:55.755795
450,rejected,04:10:57.576393,04:10:57.576393,04:10:57.576798,04:10:57.576798,04:10:57.578070,04:10:57.578070,04:10:57.579661,04:10:57.579661,04:10:57.589071,04:10:57.589092,04:10:57.603743,04:10:57.606916,04:10:58.011482,04:10:58.011512,04:10:58.017906,04:10:58.024126,04:10:58.030055,04:10:58.026912,04:10:58.027064,04:10:57.577499
450,rejected,04:10:59.257803,04:10:59.257803,04:10:59.258364,04:10:59.258364,04:10:59.259765,04:10:59.259765,04:10:59.261327,04:10:59.261327,04:10:59.271057,04:10:59.271083,04:10:59.285290,04:10:59.288445,04:10:59.693153,04:10:59.693186,04:10:59.699348,04:10:59.705259,04:10:59.711035,04:10:59.708278,04:10:59.708415,04:10:59.259145
450,rejected,04:11:00.989714,04:11:00.989714,04:11:00.990225,04:11:00.990225,04:11:00.991658,04:11:00.991658,04:11:00.993375,04:11:00.993375,04:11:01.002712,04:11:01.002738,04:11:01.028247,04:11:01.031304,04:11:01.433951,04:11:01.433982,04:11:01.440128,04:11:01.446166,04:11:01.451827,04:11:01.440464,04:11:01.440598,04:11:00.990965
450,rejected,04:11:02.807300,04:11:02.807300,04:11:02.807872,04:11:02.807872,04:11:02.809310,04:11:02.809310,04:11:02.811003,04:11:02.811003,04:11:02.820273,04:11:02.820298,04:11:02.835950,04:11:02.839162,04:11:03.243811,04:11:03.243841,04:11:03.249744,04:11:03.255347,04:11:03.261031,04:11:03.257934,04:11:03.258063,04:11:02.808661
500,safe,04:11:04.550000,04:11:04.550000,04:11:04.550646,04:11:04.550646,04:11:04.552533,04:11:04.552533,04:11:04.554619,04:11:04.554619,04:11:04.564752,04:11:04.564804,04:11:04.583138,04:11:04.586605,04:11:04.993258,04:11:04.993287,04:11:04.999725,04:11:05.006903,04:11:05.013756,04:11:05.050634,04:11:05.050801,04:11:04.551583
500,safe,04:11:07.657731,04:11:07.657731,04:11:07.658215,04:11:07.658215,04:11:07.659476,04:11:07.659476,04:11:07.660890,04:11:07.660890,04:11:07.670059,04:11:07.670079,04:11:07.684980,04:11:07.688004,04:11:08.092517,04:11:08.092549,04:11:08.098567,04:11:08.104752,04:11:08.110330,04:11:08.158869,04:11:08.159111,04:11:07.658955
500,safe,04:11:10.737955,04:11:10.737955,04:11:10.738319,04:11:10.738319,04:11:10.739604,04:11:10.739604,04:11:10.741405,04:11:10.741405,04:11:10.753229,04:11:10.753255,04:11:10.767343,04:11:10.770376,04:11:11.175053,04:11:11.175083,04:11:11.181124,04:11:11.187110,04:11:11.192739,04:11:11.238835,04:11:11.239066,04:11:10.739041
500,safe,04:11:12.715780,04:11:12.715780,04:11:12.716214,04:11:12.716214,04:11:12.717449,04:11:12.717449,04:11:12.719210,04:11:12.719210,04:11:12.729195,04:11:12.729218,04:11:12.743173,04:11:12.746281,04:11:13.150122,04:11:13.150153,04:11:13.156014,04:11:13.161670,04:11:13.167241,04:11:13.216632,04:11:13.216796,04:11:12.716936
500,safe,04:11:15.785737,04:11:15.785737,04:11:15.786098,04:11:15.786098,04:11:15.787473,04:11:15.787473,04:11:15.788938,04:11:15.788938,04:11:15.799073,04:11:15.799093,04:11:15.813262,04:11:15.816565,04:11:16.220559,04:11:16.220590,04:11:16.226862,04:11:16.232743,04:11:16.238870,04:11:16.286632,04:11:16.286803,04:11:15.786856
500,safe,04:11:18.877866,04:11:18.877866,04:11:18.878291,04:11:18.878291,04:11:18.879777,04:11:18.879777,04:11:18.881513,04:11:18.881513,04:11:18.891315,04:11:18.891341,04:11:18.906164,04:11:18.909432,04:11:19.312989,04:11:19.313019,04:11:19.319104,04:11:19.324765,04:11:19.330397,04:11:19.378850,04:11:19.379014,04:11:18.878963
500,safe,04:11:21.994299,04:11:21.994299,04:11:21.994672,04:11:21.994672,04:11:21.996276,04:11:21.996276,04:11:21.998076,04:11:21.998076,04:11:22.007721,04:11:22.007742,04:11:22.022196,04:11:22.025238,04:11:22.427857,04:11:22.427888,04:11:22.434026,04:11:22.439172,04:11:22.444859,04:11:22.494933,04:11:22.495100,04:11:21.995463
500,safe,04:11:25.071398,04:11:25.071398,04:11:25.071912,04:11:25.071912,04:11:25.073262,04:11:25.073262,04:11:25.075038,04:11:25.075038,04:11:25.084393,04:11:25.084412,04:11:25.098905,04:11:25.102185,04:11:25.509329,04:11:25.509362,04:11:25.515864,04:11:25.521114,04:11:25.526852,04:11:25.571965,04:11:25.572194,04:11:25.072689
500,safe,04:11:27.244367,04:11:27.244367,04:11:27.244814,04:11:27.244814,04:11:27.246006,04:11:27.246006,04:11:27.247462,04:11:27.247462,04:11:27.256970,04:11:27.256990,04:11:27.271904,04:11:27.274992,04:11:27.679028,04:11:27.679056,04:11:27.684867,04:11:27.690250,04:11:27.695981,04:11:27.744906,04:11:27.745061,04:11:27.245501
500,safe,04:11:29.364207,04:11:29.364207,04:11:29.364607,04:11:29.364607,04:11:29.366081,04:11:29.366081,04:11:29.367648,04:11:29.367648,04:11:29.377070,04:11:29.377097,04:11:29.391554,04:11:29.395025,04:11:29.799060,04:11:29.799093,04:11:29.805346,04:11:29.810942,04:11:29.816378,04:11:29.864865,04:11:29.865031,04:11:29.365283
500,safe,04:11:31.488066,04:11:31.488066,04:11:31.488422,04:11:31.488422,04:11:31.489718,04:11:31.489718,04:11:31.491129,04:11:31.491129,04:11:31.500389,04:11:31.500410,04:11:31.525053,04:11:31.528093,04:11:31.932535,04:11:31.932568,04:11:31.938712,04:11:31.944133,04:11:31.949686,04:11:31.989280,04:11:31.989463,04:11:31.489158
500,rejected,04:11:33.612241,04:11:33.612241,04:11:33.612634,04:11:33.612634,04:11:33.613833,04:11:33.613833,04:11:33.615521,04:11:33.615521,04:11:33.625102,04:11:33.625131,04:11:33.706917,04:11:33.710016,04:11:34.113963,04:11:34.113989,04:11:34.120273,04:11:34.125841,04:11:34.131549,04:11:34.111582,04:11:34.111742,04:11:33.613312
500,safe,04:11:35.331956,04:11:35.331956,04:11:35.332394,04:11:35.332394,04:11:35.333850,04:11:35.333850,04:11:35.335627,04:11:35.335627,04:11:35.345069,04:11:35.345090,04:11:35.362883,04:11:35.366511,04:11:35.773268,04:11:35.773299,04:11:35.779523,04:11:35.785541,04:11:35.791352,04:11:35.832813,04:11:35.832985,04:11:35.333082
500,safe,04:11:38.431890,04:11:38.431890,04:11:38.432306,04:11:38.432306,04:11:38.433790,04:11:38.433790,04:11:38.435476,04:11:38.435476,04:11:38.444740,04:11:38.444760,04:11:38.458773,04:11:38.461890,04:11:38.866405,04:11:38.866436,04:11:38.872991,04:11:38.878924,04:11:38.884785,04:11:38.932848,04:11:38.933040,04:11:38.432997
500,safe,04:11:41.513156,04:11:41.513156,04:11:41.513559,04:11:41.513559,04:11:41.515075,04:11:41.515075,04:11:41.516594,04:11:41.516594,04:11:41.525887,04:11:41.525907,04:11:41.540349,04:11:41.543379,04:11:41.947069,04:11:41.947100,04:11:41.953198,04:11:41.958670,04:11:41.964379,04:11:42.013792,04:11:42.013967,04:11:41.514203
500,safe,04:11:43.493871,04:11:43.493871,04:11:43.494359,04:11:43.494359,04:11:43.496386,04:11:43.496386,04:11:43.498551,04:11:43.498551,04:11:43.508865,04:11:43.508918,04:11:43.527309,04:11:43.530520,04:11:43.935691,04:11:43.935723,04:11:43.941886,04:11:43.947736,04:11:43.953435,04:11:43.994708,04:11:43.994873,04:11:43.495478
500,safe,04:11:45.606623,04:11:45.606623,04:11:45.607244,04:11:45.607244,04:11:45.608567,04:11:45.608567,04:11:45.610243,04:11:45.610243,04:11:45.619490,04:11:45.619515,04:11:45.633335,04:11:45.636311,04:11:46.040564,04:11:46.040595,04:11:46.046784,04:11:46.052306,04:11:46.057590,04:11:46.107389,04:11:46.107560,04:11:45.608021
500,safe,04:11:48.699563,04:11:48.699563,04:11:48.700103,04:11:48.700103,04:11:48.701547,04:11:48.701547,04:11:48.702937,04:11:48.702937,04:11:48.712297,04:11:48.712325,04:11:48.727801,04:11:48.731514,04:11:49.137263,04:11:49.137292,04:11:49.143448,04:11:49.149083,04:11:49.154746,04:11:49.200609,04:11:49.200782,04:11:48.700995
500,safe,04:11:51.790018,04:11:51.790018,04:11:51.790504,04:11:51.790504,04:11:51.791733,04:11:51.791733,04:11:51.793213,04:11:51.793213,04:11:51.802531,04:11:51.802551,04:11:51.816512,04:11:51.819585,04:11:52.224567,04:11:52.224601,04:11:52.231374,04:11:52.237010,04:11:52.242727,04:11:52.291381,04:11:52.291554,04:11:51.791226
500,safe,04:11:53.772014,04:11:53.772014,04:11:53.772499,04:11:53.772499,04:11:53.773771,04:11:53.773771,04:11:53.775283,04:11:53.775283,04:11:53.784654,04:11:53.784675,04:11:53.799472,04:11:53.802627,04:11:54.206426,04:11:54.206459,04:11:54.212756,04:11:54.218567,04:11:54.224595,04:11:54.273290,04:11:54.273521,04:11:53.773245
500,safe,04:11:56.849157,04:11:56.849157,04:11:56.849573,04:11:56.849573,04:11:56.850855,04:11:56.850855,04:11:56.852514,04:11:56.852514,04:11:56.861961,04:11:56.861995,04:11:56.877066,04:11:56.880170,04:11:57.285239,04:11:57.285271,04:11:57.291265,04:11:57.296728,04:11:57.302592,04:11:57.349854,04:11:57.350044,04:11:56.850269
500,safe,04:11:58.843288,04:11:58.843288,04:11:58.843808,04:11:58.843808,04:11:58.845117,04:11:58.845117,04:11:58.846832,04:11:58.846832,04:11:58.856247,04:11:58.856275,04:11:58.870925,04:11:58.874472,04:11:59.279546,04:11:59.279580,04:11:59.285906,04:11:59.291889,04:11:59.298336,04:11:59.343927,04:11:59.344086,04:11:58.844539
500,safe,04:12:00.961350,04:12:00.961350,04:12:00.961720,04:12:00.961720,04:12:00.963115,04:12:00.963115,04:12:00.964636,04:12:00.964636,04:12:00.973753,04:12:00.973772,04:12:00.988167,04:12:00.991473,04:12:01.395643,04:12:01.395674,04:12:01.402124,04:12:01.407824,04:12:01.413598,04:12:01.462617,04:12:01.462865,04:12:00.962466
500,safe,04:12:03.071771,04:12:03.071771,04:12:03.072351,04:12:03.072351,04:12:03.073771,04:12:03.073771,04:12:03.075592,04:12:03.075592,04:12:03.084900,04:12:03.084924,04:12:03.105624,04:12:03.108624,04:12:03.512643,04:12:03.512669,04:12:03.518523,04:12:03.524330,04:12:03.530191,04:12:03.572647,04:12:03.572818,04:12:03.073111
500,safe,04:12:05.058031,04:12:05.058031,04:12:05.058403,04:12:05.058403,04:12:05.059902,04:12:05.059902,04:12:05.061617,04:12:05.061617,04:12:05.070994,04:12:05.071016,04:12:05.085328,04:12:05.088402,04:12:05.492367,04:12:05.492399,04:12:05.498797,04:12:05.504558,04:12:05.510441,04:12:05.559161,04:12:05.559330,04:12:05.059131
500,safe,04:12:08.149816,04:12:08.149816,04:12:08.150313,04:12:08.150313,04:12:08.151571,04:12:08.151571,04:12:08.152981,04:12:08.152981,04:12:08.162644,04:12:08.162666,04:12:08.177193,04:12:08.180497,04:12:08.584324,04:12:08.584353,04:12:08.590416,04:12:08.596087,04:12:08.601828,04:12:08.650438,04:12:08.650629,04:12:08.151045
500,safe,04:12:10.260721,04:12:10.260721,04:12:10.261119,04:12:10.261119,04:12:10.262343,04:12:10.262343,04:12:10.263965,04:12:10.263965,04:12:10.275704,04:12:10.275730,04:12:10.289776,04:12:10.292827,04:12:10.696868,04:12:10.696898,04:12:10.703095,04:12:10.708551,04:12:10.714412,04:12:10.761591,04:12:10.761764,04:12:10.261802
500,safe,04:12:12.381492,04:12:12.381492,04:12:12.381937,04:12:12.381937,04:12:12.383252,04:12:12.383252,04:12:12.384840,04:12:12.384840,04:12:12.394083,04:12:12.394104,04:12:12.408365,04:12:12.412047,04:12:12.817760,04:12:12.817791,04:12:12.823915,04:12:12.829631,04:12:12.835466,04:12:12.882216,04:12:12.882377,04:12:12.382675
500,safe,04:12:15.463318,04:12:15.463318,04:12:15.463705,04:12:15.463705,04:12:15.464977,04:12:15.464977,04:12:15.466860,04:12:15.466860,04:12:15.476181,04:12:15.476213,04:12:15.490154,04:12:15.493598,04:12:15.898287,04:12:15.898317,04:12:15.904414,04:12:15.909625,04:12:15.915130,04:12:15.964197,04:12:15.964364,04:12:15.464436
500,safe,04:12:17.462993,04:12:17.462993,04:12:17.463436,04:12:17.463436,04:12:17.464863,04:12:17.464863,04:12:17.466365,04:12:17.466365,04:12:17.475774,04:12:17.475796,04:12:17.489982,04:12:17.493019,04:12:17.897995,04:12:17.898024,04:12:17.904021,04:12:17.909637,04:12:17.915024,04:12:17.963724,04:12:17.963898,04:12:17.464107
500,safe,04:12:19.449411,04:12:19.449411,04:12:19.449804,04:12:19.449804,04:12:19.451123,04:12:19.451123,04:12:19.452906,04:12:19.452906,04:12:19.462673,04:12:19.462692,04:12:19.477812,04:12:19.482479,04:12:19.887741,04:12:19.887774,04:12:19.893977,04:12:19.899613,04:12:19.905423,04:12:19.950317,04:12:19.950602,04:12:19.450543
500,safe,04:12:22.534531,04:12:22.534531,04:12:22.535056,04:12:22.535056,04:12:22.536392,04:12:22.536392,04:12:22.537775,04:12:22.537775,04:12:22.547130,04:12:22.547156,04:12:22.561854,04:12:22.564926,04:12:22.970090,04:12:22.970119,04:12:22.976193,04:12:22.981464,04:12:22.987199,04:12:23.035299,04:12:23.035475,04:12:22.535874
500,safe,04:12:25.611030,04:12:25.611030,04:12:25.611499,04:12:25.611499,04:12:25.612947,04:12:25.612947,04:12:25.614585,04:12:25.614585,04:12:25.623745,04:12:25.623767,04:12:25.637705,04:12:25.640842,04:12:26.045283,04:12:26.045314,04:12:26.051302,04:12:26.056725,04:12:26.062597,04:12:26.111636,04:12:26.111803,04:12:25.612185
500,safe,04:12:28.713815,04:12:28.713815,04:12:28.714235,04:12:28.714235,04:12:28.715486,04:12:28.715486,04:12:28.717169,04:12:28.717169,04:12:28.726680,04:12:28.726703,04:12:28.741048,04:12:28.744517,04:12:29.149783,04:12:29.149814,04:12:29.155934,04:12:29.161351,04:12:29.167008,04:12:29.214998,04:12:29.215194,04:12:28.714956
500,safe,04:12:30.826721,04:12:30.826721,04:12:30.827107,04:12:30.827107,04:12:30.828543,04:12:30.828543,04:12:30.830247,04:12:30.830247,04:12:30.840170,04:12:30.840192,04:12:30.854214,04:12:30.857337,04:12:31.263092,04:12:31.263126,04:12:31.269410,04:12:31.275113,04:12:31.280728,04:12:31.327683,04:12:31.327868,04:12:30.827820
500,safe,04:12:32.807482,04:12:32.807482,04:12:32.807852,04:12:32.807852,04:12:32.809073,04:12:32.809073,04:12:32.810596,04:12:32.810596,04:12:32.819988,04:12:32.820006,04:12:32.841703,04:12:32.844840,04:12:33.250179,04:12:33.250210,04:12:33.256472,04:12:33.262094,04:12:33.267716,04:12:33.308006,04:12:33.308174,04:12:32.808529
500,safe,04:12:35.896246,04:12:35.896246,04:12:35.896657,04:12:35.896657,04:12:35.898193,04:12:35.898193,04:12:35.899731,04:12:35.899731,04:12:35.909234,04:12:35.909258,04:12:35.923642,04:12:35.926734,04:12:36.331480,04:12:36.331512,04:12:36.337404,04:12:36.342756,04:12:36.348746,04:12:36.397044,04:12:36.397205,04:12:35.897402
500,safe,04:12:37.894661,04:12:37.894661,04:12:37.895055,04:12:37.895055,04:12:37.896282,04:12:37.896282,04:12:37.897691,04:12:37.897691,04:12:37.907466,04:12:37.907486,04:12:37.922310,04:12:37.925469,04:12:38.330400,04:12:38.330432,04:12:38.336609,04:12:38.341969,04:12:38.347554,04:12:38.395331,04:12:38.395504,04:12:37.895738
500,safe,04:12:39.880027,04:12:39.880027,04:12:39.880440,04:12:39.880440,04:12:39.881674,04:12:39.881674,04:12:39.883248,04:12:39.883248,04:12:39.892781,04:12:39.892802,04:12:39.907303,04:12:39.910500,04:12:40.315235,04:12:40.315268,04:12:40.321126,04:12:40.326275,04:12:40.331982,04:12:40.381078,04:12:40.381247,04:12:39.881150
500,safe,04:12:41.865522,04:12:41.865522,04:12:41.866018,04:12:41.866018,04:12:41.867264,04:12:41.867264,04:12:41.868808,04:12:41.868808,04:12:41.878672,04:12:41.878694,04:12:41.893223,04:12:41.896292,04:12:42.303644,04:12:42.303676,04:12:42.309793,04:12:42.315226,04:12:42.321032,04:12:42.366454,04:12:42.366808,04:12:41.866761
500,safe,04:12:43.848772,04:12:43.848772,04:12:43.849160,04:12:43.849160,04:12:43.850633,04:12:43.850633,04:12:43.852104,04:12:43.852104,04:12:43.862015,04:12:43.862035,04:12:43.876382,04:12:43.879450,04:12:44.284937,04:12:44.284968,04:12:44.291156,04:12:44.296566,04:12:44.301701,04:12:44.349640,04:12:44.349805,04:12:43.849804
500,safe,04:12:46.933049,04:12:46.933049,04:12:46.933619,04:12:46.933619,04:12:46.935063,04:12:46.935063,04:12:46.936786,04:12:46.936786,04:12:46.946083,04:12:46.946116,04:12:46.959835,04:12:46.963159,04:12:47.368358,04:12:47.368388,04:12:47.374834,04:12:47.380448,04:12:47.386000,04:12:47.433658,04:12:47.433829,04:12:46.934415
500,safe,04:12:48.915177,04:12:48.915177,04:12:48.915580,04:12:48.915580,04:12:48.917273,04:12:48.917273,04:12:48.918978,04:12:48.918978,04:12:48.928511,04:12:48.928536,04:12:48.948272,04:12:48.951841,04:12:49.359974,04:12:49.360029,04:12:49.366551,04:12:49.372044,04:12:49.377855,04:12:49.415914,04:12:49.416114,04:12:48.916306
500,safe,04:12:52.004242,04:12:52.004242,04:12:52.004673,04:12:52.004673,04:12:52.006257,04:12:52.006257,04:12:52.007964,04:12:52.007964,04:12:52.017282,04:12:52.017306,04:12:52.031509,04:12:52.034509,04:12:52.438645,04:12:52.438676,04:12:52.445371,04:12:52.451140,04:12:52.456726,04:12:52.505246,04:12:52.505410,04:12:52.005386
500,safe,04:12:55.084653,04:12:55.084653,04:12:55.085012,04:12:55.085012,04:12:55.086216,04:12:55.086216,04:12:55.087864,04:12:55.087864,04:12:55.097386,04:12:55.097412,04:12:55.111646,04:12:55.115009,04:12:55.518749,04:12:55.518783,04:12:55.524685,04:12:55.529971,04:12:55.535963,04:12:55.585586,04:12:55.585748,04:12:55.085701
500,safe,04:12:57.254384,04:12:57.254384,04:12:57.254840,04:12:57.254840,04:12:57.256073,04:12:57.256073,04:12:57.257848,04:12:57.257848,04:12:57.267287,04:12:57.267312,04:12:57.281850,04:12:57.284924,04:12:57.689837,04:12:57.689868,04:12:57.696004,04:12:57.701809,04:12:57.707390,04:12:57.755418,04:12:57.755590,04:12:57.255575
500,safe,04:13:00.337523,04:13:00.337523,04:13:00.338038,04:13:00.338038,04:13:00.339356,04:13:00.339356,04:13:00.340903,04:13:00.340903,04:13:00.350865,04:13:00.350885,04:13:00.364582,04:13:00.367590,04:13:00.772083,04:13:00.772111,04:13:00.778268,04:13:00.783765,04:13:00.789550,04:13:00.838350,04:13:00.838531,04:13:00.338829
500,safe,04:13:03.421832,04:13:03.421832,04:13:03.422279,04:13:03.422279,04:13:03.423516,04:13:03.423516,04:13:03.425318,04:13:03.425318,04:13:03.434560,04:13:03.434582,04:13:03.457147,04:13:03.460215,04:13:03.863192,04:13:03.863224,04:13:03.869370,04:13:03.874508,04:13:03.880299,04:13:03.921219,04:13:03.921393,04:13:03.423014
500,safe,04:13:05.416896,04:13:05.416896,04:13:05.417388,04:13:05.417388,04:13:05.418865,04:13:05.418865,04:13:05.420545,04:13:05.420545,04:13:05.429783,04:13:05.429807,04:13:05.444881,04:13:05.448237,04:13:05.852022,04:13:05.852052,04:13:05.858140,04:13:05.863511,04:13:05.869395,04:13:05.917652,04:13:05.917823,04:13:05.418159
500,safe,04:13:07.536360,04:13:07.536360,04:13:07.536748,04:13:07.536748,04:13:07.538278,04:13:07.538278,04:13:07.539814,04:13:07.539814,04:13:07.550389,04:13:07.550413,04:13:07.589375,04:13:07.592417,04:13:07.996287,04:13:07.996319,04:13:08.002309,04:13:08.008119,04:13:08.013888,04:13:08.037333,04:13:08.037501,04:13:07.537442
500,safe,04:13:09.691497,04:13:09.691497,04:13:09.691920,04:13:09.691920,04:13:09.693224,04:13:09.693224,04:13:09.694824,04:13:09.694824,04:13:09.707228,04:13:09.707249,04:13:09.718414,04:13:09.721495,04:13:10.125666,04:13:10.125697,04:13:10.131964,04:13:10.137688,04:13:10.143082,04:13:10.192305,04:13:10.192475,04:13:09.692651
500,safe,04:13:11.670200,04:13:11.670200,04:13:11.670607,04:13:11.670607,04:13:11.672289,04:13:11.672289,04:13:11.673931,04:13:11.673931,04:13:11.683796,04:13:11.683819,04:13:11.700045,04:13:11.703292,04:13:12.110256,04:13:12.110288,04:13:12.116268,04:13:12.121540,04:13:12.127430,04:13:12.170918,04:13:12.171097,04:13:11.671379
500,safe,04:13:13.782898,04:13:13.782898,04:13:13.783355,04:13:13.783355,04:13:13.784584,04:13:13.784584,04:13:13.786373,04:13:13.786373,04:13:13.795531,04:13:13.795551,04:13:13.810154,04:13:13.813391,04:13:14.217759,04:13:14.217790,04:13:14.223892,04:13:14.229945,04:13:14.235371,04:13:14.283508,04:13:14.283682,04:13:13.784057
500,safe,04:13:16.869978,04:13:16.869978,04:13:16.870422,04:13:16.870422,04:13:16.871758,04:13:16.871758,04:13:16.873377,04:13:16.873377,04:13:16.883234,04:13:16.883263,04:13:16.901245,04:13:16.904604,04:13:17.309806,04:13:17.309837,04:13:17.316084,04:13:17.321329,04:13:17.326846,04:13:17.370824,04:13:17.370997,04:13:16.871180
500,safe,04:13:19.965843,04:13:19.965843,04:13:19.966270,04:13:19.966270,04:13:19.967805,04:13:19.967805,04:13:19.969484,04:13:19.969484,04:13:19.978865,04:13:19.978887,04:13:19.990372,04:13:19.993591,04:13:20.396501,04:13:20.396553,04:13:20.402487,04:13:20.407921,04:13:20.413194,04:13:20.466903,04:13:20.467082,04:13:19.966954
500,safe,04:13:22.068812,04:13:22.068812,04:13:22.069275,04:13:22.069275,04:13:22.070562,04:13:22.070562,04:13:22.072346,04:13:22.072346,04:13:22.081540,04:13:22.081560,04:13:22.095054,04:13:22.098154,04:13:22.502437,04:13:22.502467,04:13:22.509128,04:13:22.514236,04:13:22.520155,04:13:22.570441,04:13:22.570707,04:13:22.070025
500,safe,04:13:24.178297,04:13:24.178297,04:13:24.178640,04:13:24.178640,04:13:24.179805,04:13:24.179805,04:13:24.181180,04:13:24.181180,04:13:24.190946,04:13:24.190969,04:13:24.205399,04:13:24.208435,04:13:24.613081,04:13:24.613113,04:13:24.619573,04:13:24.625329,04:13:24.631094,04:13:24.679249,04:13:24.679415,04:13:24.179291
500,safe,04:13:26.162536,04:13:26.162536,04:13:26.162984,04:13:26.162984,04:13:26.164608,04:13:26.164608,04:13:26.166197,04:13:26.166197,04:13:26.175581,04:13:26.175604,04:13:26.190576,04:13:26.193602,04:13:26.597327,04:13:26.597361,04:13:26.604736,04:13:26.612642,04:13:26.619303,04:13:26.663441,04:13:26.663635,04:13:26.163746
500,safe,04:13:28.289021,04:13:28.289021,04:13:28.289388,04:13:28.289388,04:13:28.290903,04:13:28.290903,04:13:28.292496,04:13:28.292496,04:13:28.301842,04:13:28.301863,04:13:28.316136,04:13:28.319608,04:13:28.724143,04:13:28.724174,04:13:28.730568,04:13:28.736193,04:13:28.742162,04:13:28.789729,04:13:28.789916,04:13:28.290044
500,safe,04:13:30.401819,04:13:30.401819,04:13:30.402260,04:13:30.402260,04:13:30.403442,04:13:30.403442,04:13:30.404817,04:13:30.404817,04:13:30.414806,04:13:30.414829,04:13:30.438448,04:13:30.441594,04:13:30.845381,04:13:30.845410,04:13:30.851629,04:13:30.857130,04:13:30.862766,04:13:30.902459,04:13:30.902632,04:13:30.402902
500,safe,04:13:32.396130,04:13:32.396130,04:13:32.396558,04:13:32.396558,04:13:32.398002,04:13:32.398002,04:13:32.399653,04:13:32.399653,04:13:32.408939,04:13:32.408959,04:13:32.423459,04:13:32.427099,04:13:32.831975,04:13:32.832006,04:13:32.838185,04:13:32.844076,04:13:32.849612,04:13:32.896998,04:13:32.897169,04:13:32.397249
500,safe,04:13:34.509356,04:13:34.509356,04:13:34.509818,04:13:34.509818,04:13:34.511341,04:13:34.511341,04:13:34.512871,04:13:34.512871,04:13:34.522254,04:13:34.522275,04:13:34.536635,04:13:34.540076,04:13:34.944096,04:13:34.944127,04:13:34.950352,04:13:34.956181,04:13:34.962127,04:13:35.010103,04:13:35.010270,04:13:34.510492
500,safe,04:13:36.504511,04:13:36.504511,04:13:36.504910,04:13:36.504910,04:13:36.506170,04:13:36.506170,04:13:36.507810,04:13:36.507810,04:13:36.517178,04:13:36.517198,04:13:36.531251,04:13:36.534358,04:13:36.946978,04:13:36.947008,04:13:36.953196,04:13:36.958956,04:13:36.965030,04:13:37.005084,04:13:37.005259,04:13:36.505609
500,safe,04:13:39.608877,04:13:39.608877,04:13:39.609252,04:13:39.609252,04:13:39.610527,04:13:39.610527,04:13:39.612250,04:13:39.612250,04:13:39.622469,04:13:39.622496,04:13:39.636865,04:13:39.640282,04:13:40.044949,04:13:40.044983,04:13:40.051147,04:13:40.056998,04:13:40.062927,04:13:40.109466,04:13:40.109657,04:13:39.609953
500,safe,04:13:42.695231,04:13:42.695231,04:13:42.695805,04:13:42.695805,04:13:42.697073,04:13:42.697073,04:13:42.698731,04:13:42.698731,04:13:42.707946,04:13:42.707966,04:13:42.721809,04:13:42.725018,04:13:43.129838,04:13:43.129867,04:13:43.136321,04:13:43.141768,04:13:43.147621,04:13:43.195759,04:13:43.195929,04:13:42.696563
500,safe,04:13:44.801598,04:13:44.801598,04:13:44.802014,04:13:44.802014,04:13:44.803249,04:13:44.803249,04:13:44.804737,04:13:44.804737,04:13:44.814200,04:13:44.814223,04:13:44.828331,04:13:44.831476,04:13:45.235625,04:13:45.235656,04:13:45.241727,04:13:45.247027,04:13:45.252655,04:13:45.302648,04:13:45.302819,04:13:44.802704
500,safe,04:13:46.783954,04:13:46.783954,04:13:46.784528,04:13:46.784528,04:13:46.786463,04:13:46.786463,04:13:46.788312,04:13:46.788312,04:13:46.798975,04:13:46.799031,04:13:46.831960,04:13:46.838029,04:13:47.249236,04:13:47.249266,04:13:47.255918,04:13:47.261830,04:13:47.267734,04:13:47.284624,04:13:47.284803,04:13:46.785600
500,safe,04:13:49.905872,04:13:49.905872,04:13:49.906344,04:13:49.906344,04:13:49.907937,04:13:49.907937,04:13:49.909345,04:13:49.909345,04:13:49.918536,04:13:49.918568,04:13:49.933485,04:13:49.936748,04:13:50.341629,04:13:50.341663,04:13:50.348418,04:13:50.354626,04:13:50.360216,04:13:50.406813,04:13:50.406984,04:13:49.907081
500,safe,04:13:51.888655,04:13:51.888655,04:13:51.889003,04:13:51.889003,04:13:51.890186,04:13:51.890186,04:13:51.891730,04:13:51.891730,04:13:51.901480,04:13:51.901499,04:13:51.915836,04:13:51.919142,04:13:52.324581,04:13:52.324615,04:13:52.330392,04:13:52.335749,04:13:52.341566,04:13:52.389754,04:13:52.389921,04:13:51.889675
500,safe,04:13:54.013246,04:13:54.013246,04:13:54.013656,04:13:54.013656,04:13:54.014978,04:13:54.014978,04:13:54.016481,04:13:54.016481,04:13:54.025743,04:13:54.025765,04:13:54.039642,04:13:54.042802,04:13:54.447229,04:13:54.447263,04:13:54.453309,04:13:54.458824,04:13:54.464268,04:13:54.514250,04:13:54.514420,04:13:54.014383
500,safe,04:13:56.124536,04:13:56.124536,04:13:56.124913,04:13:56.124913,04:13:56.126402,04:13:56.126402,04:13:56.127799,04:13:56.127799,04:13:56.137011,04:13:56.137032,04:13:56.150923,04:13:56.154042,04:13:56.558367,04:13:56.558401,04:13:56.564726,04:13:56.570376,04:13:56.576327,04:13:56.626059,04:13:56.626271,04:13:56.125560
500,safe,04:13:58.251589,04:13:58.251589,04:13:58.252007,04:13:58.252007,04:13:58.253227,04:13:58.253227,04:13:58.255022,04:13:58.255022,04:13:58.265373,04:13:58.265396,04:13:58.288556,04:13:58.292139,04:13:58.695802,04:13:58.695831,04:13:58.701847,04:13:58.707773,04:13:58.713559,04:13:58.752267,04:13:58.752437,04:13:58.252728
500,safe,04:14:00.056570,04:14:00.056570,04:14:00.056924,04:14:00.056924,04:14:00.058434,04:14:00.058434,04:14:00.060020,04:14:00.060020,04:14:00.070084,04:14:00.070106,04:14:00.084261,04:14:00.087259,04:14:00.493651,04:14:00.493685,04:14:00.500129,04:14:00.506010,04:14:00.511973,04:14:00.557258,04:14:00.557436,04:14:00.057612
500,safe,04:14:02.169987,04:14:02.169987,04:14:02.170405,04:14:02.170405,04:14:02.171637,04:14:02.171637,04:14:02.173069,04:14:02.173069,04:14:02.182983,04:14:02.183008,04:14:02.196973,04:14:02.200035,04:14:02.604658,04:14:02.604689,04:14:02.611072,04:14:02.616510,04:14:02.621905,04:14:02.670745,04:14:02.670937,04:14:02.171037
500,safe,04:14:04.288930,04:14:04.288930,04:14:04.289334,04:14:04.289334,04:14:04.290518,04:14:04.290518,04:14:04.291856,04:14:04.291856,04:14:04.303575,04:14:04.303597,04:14:04.317600,04:14:04.320773,04:14:04.726525,04:14:04.726555,04:14:04.732386,04:14:04.737583,04:14:04.743452,04:14:04.789878,04:14:04.790087,04:14:04.290018
500,safe,04:14:07.427123,04:14:07.427123,04:14:07.427880,04:14:07.427880,04:14:07.430279,04:14:07.430279,04:14:07.432459,04:14:07.432459,04:14:07.442479,04:14:07.442516,04:14:07.459158,04:14:07.462691,04:14:07.867967,04:14:07.867998,04:14:07.874084,04:14:07.879400,04:14:07.885229,04:14:07.927864,04:14:07.928078,04:14:07.429179
500,safe,04:14:09.517964,04:14:09.517964,04:14:09.518476,04:14:09.518476,04:14:09.519972,04:14:09.519972,04:14:09.521525,04:14:09.521525,04:14:09.531575,04:14:09.531597,04:14:09.545271,04:14:09.548367,04:14:09.953553,04:14:09.953587,04:14:09.959447,04:14:09.964872,04:14:09.971966,04:14:10.018760,04:14:10.018933,04:14:09.519176
500,safe,04:14:11.505154,04:14:11.505154,04:14:11.505579,04:14:11.505579,04:14:11.507110,04:14:11.507110,04:14:11.508862,04:14:11.508862,04:14:11.518382,04:14:11.518405,04:14:11.532120,04:14:11.535279,04:14:11.940992,04:14:11.941024,04:14:11.947240,04:14:11.952798,04:14:11.958339,04:14:12.006036,04:14:12.006208,04:14:11.506327
500,safe,04:14:13.625381,04:14:13.625381,04:14:13.625731,04:14:13.625731,04:14:13.626934,04:14:13.626934,04:14:13.628806,04:14:13.628806,04:14:13.638103,04:14:13.638131,04:14:13.654146,04:14:13.657855,04:14:14.064416,04:14:14.064446,04:14:14.070837,04:14:14.076276,04:14:14.082027,04:14:14.126245,04:14:14.126405,04:14:13.626427
500,safe,04:14:15.615212,04:14:15.615212,04:14:15.615571,04:14:15.615571,04:14:15.616798,04:14:15.616798,04:14:15.618296,04:14:15.618296,04:14:15.627430,04:14:15.627450,04:14:15.641086,04:14:15.644191,04:14:16.049023,04:14:16.049055,04:14:16.055018,04:14:16.060521,04:14:16.065919,04:14:16.115849,04:14:16.116011,04:14:15.616263
500,safe,04:14:18.712320,04:14:18.712320,04:14:18.712881,04:14:18.712881,04:14:18.714346,04:14:18.714346,04:14:18.716024,04:14:18.716024,04:14:18.725375,04:14:18.725402,04:14:18.739742,04:14:18.743189,04:14:19.148548,04:14:19.148578,04:14:19.154901,04:14:19.160365,04:14:19.165952,04:14:19.213185,04:14:19.213350,04:14:18.713665
500,safe,04:14:20.706595,04:14:20.706595,04:14:20.707065,04:14:20.707065,04:14:20.708220,04:14:20.708220,04:14:20.710093,04:14:20.710093,04:14:20.720201,04:14:20.720220,04:14:20.734992,04:14:20.738584,04:14:21.143495,04:14:21.143527,04:14:21.150038,04:14:21.155918,04:14:21.161786,04:14:21.207384,04:14:21.207563,04:14:20.707723
500,safe,04:14:22.832254,04:14:22.832254,04:14:22.832673,04:14:22.832673,04:14:22.833924,04:14:22.833924,04:14:22.835721,04:14:22.835721,04:14:22.845348,04:14:22.845373,04:14:22.859267,04:14:22.862333,04:14:23.266414,04:14:23.266444,04:14:23.272581,04:14:23.278135,04:14:23.283636,04:14:23.333367,04:14:23.333555,04:14:22.833385
500,safe,04:14:25.916158,04:14:25.916158,04:14:25.916537,04:14:25.916537,04:14:25.918093,04:14:25.918093,04:14:25.919782,04:14:25.919782,04:14:25.929811,04:14:25.929841,04:14:25.952984,04:14:25.956184,04:14:26.361030,04:14:26.361061,04:14:26.367195,04:14:26.372590,04:14:26.378151,04:14:26.416715,04:14:26.416890,04:14:25.917212
500,safe,04:14:28.058303,04:14:28.058303,04:14:28.058857,04:14:28.058857,04:14:28.060151,04:14:28.060151,04:14:28.061557,04:14:28.061557,04:14:28.071415,04:14:28.071458,04:14:28.091494,04:14:28.096494,04:14:28.502884,04:14:28.502911,04:14:28.508967,04:14:28.514564,04:14:28.520489,04:14:28.559019,04:14:28.559176,04:14:28.059614
500,safe,04:14:30.126144,04:14:30.126144,04:14:30.126559,04:14:30.126559,04:14:30.128115,04:14:30.128115,04:14:30.129632,04:14:30.129632,04:14:30.138759,04:14:30.138780,04:14:30.152929,04:14:30.156030,04:14:30.561070,04:14:30.561101,04:14:30.567064,04:14:30.572543,04:14:30.577887,04:14:30.626605,04:14:30.626779,04:14:30.127286
500,safe,04:14:33.218772,04:14:33.218772,04:14:33.219135,04:14:33.219135,04:14:33.220395,04:14:33.220395,04:14:33.222019,04:14:33.222019,04:14:33.231292,04:14:33.231330,04:14:33.245614,04:14:33.248650,04:14:33.653039,04:14:33.653070,04:14:33.659149,04:14:33.664678,04:14:33.669092,04:14:33.718407,04:14:33.718573,04:14:33.219822
500,safe,04:14:35.325748,04:14:35.325748,04:14:35.326165,04:14:35.326165,04:14:35.327631,04:14:35.327631,04:14:35.329266,04:14:35.329266,04:14:35.338828,04:14:35.338853,04:14:35.352860,04:14:35.355998,04:14:35.761486,04:14:35.761516,04:14:35.767398,04:14:35.773037,04:14:35.779145,04:14:35.826480,04:14:35.826658,04:14:35.326839
500,safe,04:14:37.378204,04:14:37.378204,04:14:37.378607,04:14:37.378607,04:14:37.380309,04:14:37.380309,04:14:37.382035,04:14:37.382035,04:14:37.392277,04:14:37.392304,04:14:37.406220,04:14:37.409348,04:14:37.814234,04:14:37.814264,04:14:37.820758,04:14:37.826488,04:14:37.832354,04:14:37.879147,04:14:37.879307,04:14:37.379385
500,safe,04:14:40.478977,04:14:40.478977,04:14:40.479346,04:14:40.479346,04:14:40.480586,04:14:40.480586,04:14:40.482368,04:14:40.482368,04:14:40.492565,04:14:40.492589,04:14:40.507069,04:14:40.510489,04:14:40.914662,04:14:40.914692,04:14:40.920970,04:14:40.926629,04:14:40.932145,04:14:40.979728,04:14:40.979897,04:14:40.480051
500,safe,04:14:42.593072,04:14:42.593072,04:14:42.593488,04:14:42.593488,04:14:42.595027,04:14:42.595027,04:14:42.596682,04:14:42.596682,04:14:42.606336,04:14:42.606357,04:14:42.619807,04:14:42.622838,04:14:43.026997,04:14:43.027034,04:14:43.033446,04:14:43.039181,04:14:43.044979,04:14:43.093950,04:14:43.094133,04:14:42.594167
500,safe,04:14:44.573419,04:14:44.573419,04:14:44.573798,04:14:44.573798,04:14:44.574997,04:14:44.574997,04:14:44.576824,04:14:44.576824,04:14:44.586136,04:14:44.586156,04:14:44.599307,04:14:44.602464,04:14:45.007678,04:14:45.007710,04:14:45.013593,04:14:45.019224,04:14:45.024752,04:14:45.074257,04:14:45.074427,04:14:44.574483
500,safe,04:14:47.678008,04:14:47.678008,04:14:47.678370,04:14:47.678370,04:14:47.679888,04:14:47.679888,04:14:47.681521,04:14:47.681521,04:14:47.691020,04:14:47.691045,04:14:47.705251,04:14:47.708390,04:14:48.113190,04:14:48.113220,04:14:48.119793,04:14:48.125391,04:14:48.131580,04:14:48.178936,04:14:48.179107,04:14:47.679087
500,safe,04:14:49.796819,04:14:49.796819,04:14:49.797226,04:14:49.797226,04:14:49.798451,04:14:49.798451,04:14:49.800292,04:14:49.800292,04:14:49.810631,04:14:49.810653,04:14:49.824825,04:14:49.828074,04:14:50.232445,04:14:50.232477,04:14:50.238874,04:14:50.244772,04:14:50.250270,04:14:50.297599,04:14:50.297768,04:14:49.797937
500,safe,04:14:52.885461,04:14:52.885461,04:14:52.885868,04:14:52.885868,04:14:52.887225,04:14:52.887225,04:14:52.888995,04:14:52.888995,04:14:52.898598,04:14:52.898622,04:14:52.912307,04:14:52.915372,04:14:53.320502,04:14:53.320532,04:14:53.326900,04:14:53.332438,04:14:53.338118,04:14:53.386194,04:14:53.386367,04:14:52.886653
500,safe,04:14:54.963135,04:14:54.963135,04:14:54.963693,04:14:54.963693,04:14:54.966031,04:14:54.966031,04:14:54.967941,04:14:54.967941,04:14:54.978584,04:14:54.978637,04:14:55.008741,04:14:55.012010,04:14:55.416515,04:14:55.416547,04:14:55.422761,04:14:55.428159,04:14:55.434216,04:14:55.464175,04:14:55.464342,04:14:54.964938
500,safe,04:14:58.089077,04:14:58.089077,04:14:58.089601,04:14:58.089601,04:14:58.090998,04:14:58.090998,04:14:58.092718,04:14:58.092718,04:14:58.101816,04:14:58.101839,04:14:58.116144,04:14:58.119330,04:14:58.522965,04:14:58.522996,04:14:58.529185,04:14:58.534763,04:14:58.540522,04:14:58.589683,04:14:58.589859,04:14:58.090319
500,safe,04:15:01.178885,04:15:01.178885,04:15:01.179278,04:15:01.179278,04:15:01.180940,04:15:01.180940,04:15:01.182521,04:15:01.182521,04:15:01.192758,04:15:01.192784,04:15:01.206986,04:15:01.210077,04:15:01.615194,04:15:01.615227,04:15:01.621500,04:15:01.626976,04:15:01.632898,04:15:01.679486,04:15:01.679669,04:15:01.180031
500,safe,04:15:04.272201,04:15:04.272201,04:15:04.272575,04:15:04.272575,04:15:04.273772,04:15:04.273772,04:15:04.275197,04:15:04.275197,04:15:04.288149,04:15:04.288174,04:15:04.302779,04:15:04.306206,04:15:04.712049,04:15:04.712081,04:15:04.718116,04:15:04.723695,04:15:04.729720,04:15:04.772878,04:15:04.773052,04:15:04.273240
500,safe,04:15:06.267546,04:15:06.267546,04:15:06.268062,04:15:06.268062,04:15:06.269575,04:15:06.269575,04:15:06.271213,04:15:06.271213,04:15:06.288283,04:15:06.288324,04:15:06.303037,04:15:06.306196,04:15:06.711849,04:15:06.711879,04:15:06.718643,04:15:06.726719,04:15:06.733302,04:15:06.769478,04:15:06.769729,04:15:06.268757
550,safe,04:15:08.421911,04:15:08.421911,04:15:08.422310,04:15:08.422310,04:15:08.423550,04:15:08.423550,04:15:08.425118,04:15:08.425118,04:15:08.434274,04:15:08.434296,04:15:08.448342,04:15:08.451502,04:15:08.855537,04:15:08.855571,04:15:08.862035,04:15:08.867707,04:15:08.873370,04:15:08.972760,04:15:08.972934,04:15:08.423043
550,safe,04:15:10.549673,04:15:10.549673,04:15:10.550034,04:15:10.550034,04:15:10.551332,04:15:10.551332,04:15:10.552877,04:15:10.552877,04:15:10.562124,04:15:10.562147,04:15:10.576596,04:15:10.580108,04:15:10.985112,04:15:10.985141,04:15:10.991355,04:15:10.997487,04:15:11.003470,04:15:11.100537,04:15:11.100748,04:15:10.550764
550,safe,04:15:12.668764,04:15:12.668764,04:15:12.669109,04:15:12.669109,04:15:12.670300,04:15:12.670300,04:15:12.671813,04:15:12.671813,04:15:12.682080,04:15:12.682125,04:15:12.696631,04:15:12.699858,04:15:13.104306,04:15:13.104338,04:15:13.110311,04:15:13.115951,04:15:13.121387,04:15:13.220056,04:15:13.220235,04:15:12.669795
550,safe,04:15:15.759754,04:15:15.759754,04:15:15.760126,04:15:15.760126,04:15:15.761427,04:15:15.761427,04:15:15.763352,04:15:15.763352,04:15:15.773272,04:15:15.773296,04:15:15.787510,04:15:15.790631,04:15:16.196475,04:15:16.196508,04:15:16.202663,04:15:16.208455,04:15:16.214024,04:15:16.310790,04:15:16.310948,04:15:15.760886
550,safe,04:15:17.904014,04:15:17.904014,04:15:17.904410,04:15:17.904410,04:15:17.905775,04:15:17.905775,04:15:17.907275,04:15:17.907275,04:15:17.916729,04:15:17.916754,04:15:17.930867,04:15:17.934076,04:15:18.338397,04:15:18.338429,04:15:18.344601,04:15:18.349998,04:15:18.355734,04:15:18.455059,04:15:18.455215,04:15:17.905182
550,safe,04:15:20.034957,04:15:20.034957,04:15:20.035456,04:15:20.035456,04:15:20.036769,04:15:20.036769,04:15:20.038684,04:15:20.038684,04:15:20.048219,04:15:20.048248,04:15:20.062229,04:15:20.065266,04:15:20.469386,04:15:20.469417,04:15:20.475823,04:15:20.481845,04:15:20.487671,04:15:20.585678,04:15:20.585841,04:15:20.036211
550,safe,04:15:23.125845,04:15:23.125845,04:15:23.126238,04:15:23.126238,04:15:23.127433,04:15:23.127433,04:15:23.129030,04:15:23.129030,04:15:23.138813,04:15:23.138849,04:15:23.152790,04:15:23.155843,04:15:23.559136,04:15:23.559167,04:15:23.565230,04:15:23.570727,04:15:23.576565,04:15:23.676895,04:15:23.677051,04:15:23.126893
550,safe,04:15:26.228620,04:15:26.228620,04:15:26.229024,04:15:26.229024,04:15:26.230577,04:15:26.230577,04:15:26.232258,04:15:26.232258,04:15:26.242260,04:15:26.242284,04:15:26.264564,04:15:26.267601,04:15:26.672760,04:15:26.672792,04:15:26.678814,04:15:26.684521,04:15:26.690490,04:15:26.779522,04:15:26.779687,04:15:26.229811
550,safe,04:15:28.233111,04:15:28.233111,04:15:28.233588,04:15:28.233588,04:15:28.234782,04:15:28.234782,04:15:28.236229,04:15:28.236229,04:15:28.245859,04:15:28.245880,04:15:28.260313,04:15:28.263333,04:15:28.670691,04:15:28.670723,04:15:28.677231,04:15:28.682893,04:15:28.688474,04:15:28.783983,04:15:28.784159,04:15:28.234253
550,safe,04:15:30.355338,04:15:30.355338,04:15:30.355885,04:15:30.355885,04:15:30.357322,04:15:30.357322,04:15:30.358878,04:15:30.358878,04:15:30.368297,04:15:30.368323,04:15:30.382308,04:15:30.385571,04:15:30.791059,04:15:30.791089,04:15:30.797149,04:15:30.802826,04:15:30.808182,04:15:30.905950,04:15:30.906107,04:15:30.356679
550,safe,04:15:32.474437,04:15:32.474437,04:15:32.474839,04:15:32.474839,04:15:32.476131,04:15:32.476131,04:15:32.477873,04:15:32.477873,04:15:32.487399,04:15:32.487431,04:15:32.501357,04:15:32.504446,04:15:32.909046,04:15:32.909075,04:15:32.915344,04:15:32.920972,04:15:32.926271,04:15:33.025294,04:15:33.025487,04:15:32.475582
550,safe,04:15:34.587215,04:15:34.587215,04:15:34.587608,04:15:34.587608,04:15:34.588769,04:15:34.588769,04:15:34.590187,04:15:34.590187,04:15:34.599303,04:15:34.599324,04:15:34.613649,04:15:34.616906,04:15:35.021405,04:15:35.021435,04:15:35.027454,04:15:35.033039,04:15:35.038828,04:15:35.138096,04:15:35.138264,04:15:34.588271
550,safe,04:15:37.692402,04:15:37.692402,04:15:37.692756,04:15:37.692756,04:15:37.693963,04:15:37.693963,04:15:37.695776,04:15:37.695776,04:15:37.705327,04:15:37.705354,04:15:37.719444,04:15:37.722799,04:15:38.127120,04:15:38.127153,04:15:38.133393,04:15:38.138923,04:15:38.144841,04:15:38.243624,04:15:38.243857,04:15:37.693451
550,safe,04:15:39.685757,04:15:39.685757,04:15:39.686235,04:15:39.686235,04:15:39.687519,04:15:39.687519,04:15:39.688943,04:15:39.688943,04:15:39.698661,04:15:39.698684,04:15:39.712920,04:15:39.716175,04:15:40.121234,04:15:40.121288,04:15:40.127500,04:15:40.133899,04:15:40.139516,04:15:40.236322,04:15:40.236497,04:15:39.686947
550,safe,04:15:41.803203,04:15:41.803203,04:15:41.803761,04:15:41.803761,04:15:41.805119,04:15:41.805119,04:15:41.806734,04:15:41.806734,04:15:41.816310,04:15:41.816337,04:15:41.830233,04:15:41.833648,04:15:42.239339,04:15:42.239371,04:15:42.245566,04:15:42.251498,04:15:42.257177,04:15:42.353677,04:15:42.353855,04:15:41.804489
550,safe,04:15:44.893391,04:15:44.893391,04:15:44.893849,04:15:44.893849,04:15:44.895365,04:15:44.895365,04:15:44.896837,04:15:44.896837,04:15:44.906310,04:15:44.906332,04:15:44.920574,04:15:44.923641,04:15:45.328723,04:15:45.328757,04:15:45.334814,04:15:45.340420,04:15:45.346101,04:15:45.444200,04:15:45.444376,04:15:44.894601
550,safe,04:15:46.886573,04:15:46.886573,04:15:46.887249,04:15:46.887249,04:15:46.889259,04:15:46.889259,04:15:46.891181,04:15:46.891181,04:15:46.901466,04:15:46.901514,04:15:46.929483,04:15:46.933253,04:15:47.340996,04:15:47.341028,04:15:47.347469,04:15:47.352981,04:15:47.358759,04:15:47.437071,04:15:47.437230,04:15:46.888325
550,safe,04:15:49.996220,04:15:49.996220,04:15:49.996618,04:15:49.996618,04:15:49.997834,04:15:49.997834,04:15:49.999491,04:15:49.999491,04:15:50.009507,04:15:50.009535,04:15:50.025196,04:15:50.030454,04:15:50.435728,04:15:50.435757,04:15:50.442415,04:15:50.447963,04:15:50.453899,04:15:50.547220,04:15:50.547380,04:15:49.997300
550,safe,04:15:51.993072,04:15:51.993072,04:15:51.993480,04:15:51.993480,04:15:51.995086,04:15:51.995086,04:15:51.996701,04:15:51.996701,04:15:52.006284,04:15:52.006308,04:15:52.020011,04:15:52.023153,04:15:52.428070,04:15:52.428103,04:15:52.434064,04:15:52.439336,04:15:52.444699,04:15:52.543838,04:15:52.544021,04:15:51.994216
550,safe,04:15:55.108818,04:15:55.108818,04:15:55.109241,04:15:55.109241,04:15:55.110562,04:15:55.110562,04:15:55.112336,04:15:55.112336,04:15:55.122005,04:15:55.122029,04:15:55.144799,04:15:55.148047,04:15:55.552519,04:15:55.552551,04:15:55.558778,04:15:55.564449,04:15:55.570483,04:15:55.659910,04:15:55.660071,04:15:55.109975
550,safe,04:15:58.253277,04:15:58.253277,04:15:58.253636,04:15:58.253636,04:15:58.254850,04:15:58.254850,04:15:58.256542,04:15:58.256542,04:15:58.266534,04:15:58.266557,04:15:58.280616,04:15:58.283676,04:15:58.687783,04:15:58.687816,04:15:58.694126,04:15:58.699689,04:15:58.705123,04:15:58.803965,04:15:58.804138,04:15:58.254279
550,safe,04:16:00.246015,04:16:00.246015,04:16:00.246362,04:16:00.246362,04:16:00.247613,04:16:00.247613,04:16:00.249156,04:16:00.249156,04:16:00.258284,04:16:00.258305,04:16:00.272748,04:16:00.276197,04:16:00.681690,04:16:00.681722,04:16:00.687926,04:16:00.692927,04:16:00.698500,04:16:00.796560,04:16:00.796723,04:16:00.247078
550,safe,04:16:03.361119,04:16:03.361119,04:16:03.361465,04:16:03.361465,04:16:03.362745,04:16:03.362745,04:16:03.364337,04:16:03.364337,04:16:03.376114,04:16:03.376138,04:16:03.390724,04:16:03.393965,04:16:03.797119,04:16:03.797150,04:16:03.803281,04:16:03.808838,04:16:03.814414,04:16:03.910990,04:16:03.911152,04:16:03.362160
550,safe,04:16:06.479246,04:16:06.479246,04:16:06.479676,04:16:06.479676,04:16:06.481101,04:16:06.481101,04:16:06.482548,04:16:06.482548,04:16:06.492207,04:16:06.492227,04:16:06.506067,04:16:06.509132,04:16:06.919301,04:16:06.919333,04:16:06.932164,04:16:06.943979,04:16:06.952717,04:16:07.030348,04:16:07.030579,04:16:06.480449
550,safe,04:16:08.632846,04:16:08.632846,04:16:08.633329,04:16:08.633329,04:16:08.634615,04:16:08.634615,04:16:08.636171,04:16:08.636171,04:16:08.645369,04:16:08.645390,04:16:08.659484,04:16:08.662563,04:16:09.068484,04:16:09.068516,04:16:09.074783,04:16:09.081115,04:16:09.087050,04:16:09.183445,04:16:09.183610,04:16:08.634096
550,safe,04:16:11.755481,04:16:11.755481,04:16:11.755931,04:16:11.755931,04:16:11.757422,04:16:11.757422,04:16:11.758957,04:16:11.758957,04:16:11.768140,04:16:11.768165,04:16:11.781478,04:16:11.784577,04:16:12.190116,04:16:12.190148,04:16:12.196537,04:16:12.202069,04:16:12.207679,04:16:12.306118,04:16:12.306281,04:16:11.756616
550,safe,04:16:14.876132,04:16:14.876132,04:16:14.876534,04:16:14.876534,04:16:14.877964,04:16:14.877964,04:16:14.879328,04:16:14.879328,04:16:14.888741,04:16:14.888761,04:16:14.902576,04:16:14.905583,04:16:15.309695,04:16:15.309725,04:16:15.315807,04:16:15.321395,04:16:15.327123,04:16:15.426974,04:16:15.427181,04:16:14.877379
550,safe,04:16:16.991903,04:16:16.991903,04:16:16.992605,04:16:16.992605,04:16:16.994203,04:16:16.994203,04:16:16.995932,04:16:16.995932,04:16:17.005978,04:16:17.006011,04:16:17.023498,04:16:17.026902,04:16:17.432532,04:16:17.432564,04:16:17.438753,04:16:17.444303,04:16:17.449909,04:16:17.542766,04:16:17.542941,04:16:16.993552
550,safe,04:16:19.133873,04:16:19.133873,04:16:19.134340,04:16:19.134340,04:16:19.135568,04:16:19.135568,04:16:19.137358,04:16:19.137358,04:16:19.146857,04:16:19.146880,04:16:19.163008,04:16:19.167865,04:16:19.574664,04:16:19.574695,04:16:19.580925,04:16:19.586753,04:16:19.592319,04:16:19.684540,04:16:19.684713,04:16:19.135040
550,safe,04:16:21.255688,04:16:21.255688,04:16:21.256044,04:16:21.256044,04:16:21.257630,04:16:21.257630,04:16:21.259357,04:16:21.259357,04:16:21.268861,04:16:21.268884,04:16:21.282476,04:16:21.285900,04:16:21.689952,04:16:21.689982,04:16:21.696186,04:16:21.701815,04:16:21.707746,04:16:21.806549,04:16:21.806722,04:16:21.256760
550,safe,04:16:24.373730,04:16:24.373730,04:16:24.374073,04:16:24.374073,04:16:24.375346,04:16:24.375346,04:16:24.376739,04:16:24.376739,04:16:24.386049,04:16:24.386072,04:16:24.399896,04:16:24.402982,04:16:24.808910,04:16:24.808943,04:16:24.815426,04:16:24.820984,04:16:24.826540,04:16:24.924536,04:16:24.924907,04:16:24.374760
550,safe,04:16:26.177612,04:16:26.177612,04:16:26.178187,04:16:26.178187,04:16:26.179840,04:16:26.179840,04:16:26.181402,04:16:26.181402,04:16:26.191000,04:16:26.191022,04:16:26.213531,04:16:26.216633,04:16:26.620047,04:16:26.620078,04:16:26.626609,04:16:26.632216,04:16:26.638110,04:16:26.728115,04:16:26.728276,04:16:26.179077
550,safe,04:16:29.320079,04:16:29.320079,04:16:29.320472,04:16:29.320472,04:16:29.322038,04:16:29.322038,04:16:29.323729,04:16:29.323729,04:16:29.332980,04:16:29.333002,04:16:29.346978,04:16:29.350076,04:16:29.754480,04:16:29.754511,04:16:29.760623,04:16:29.766057,04:16:29.771661,04:16:29.870750,04:16:29.870922,04:16:29.321211
550,safe,04:16:32.442711,04:16:32.442711,04:16:32.443084,04:16:32.443084,04:16:32.444288,04:16:32.444288,04:16:32.445814,04:16:32.445814,04:16:32.455957,04:16:32.455983,04:16:32.470365,04:16:32.473733,04:16:32.878278,04:16:32.878307,04:16:32.884354,04:16:32.890374,04:16:32.896187,04:16:32.994030,04:16:32.994184,04:16:32.443783
550,safe,04:16:35.561207,04:16:35.561207,04:16:35.561672,04:16:35.561672,04:16:35.563099,04:16:35.563099,04:16:35.564697,04:16:35.564697,04:16:35.574969,04:16:35.575000,04:16:35.589485,04:16:35.592646,04:16:35.998464,04:16:35.998496,04:16:36.004863,04:16:36.010565,04:16:36.016261,04:16:36.112094,04:16:36.112258,04:16:35.562471
550,safe,04:16:37.696771,04:16:37.696771,04:16:37.697197,04:16:37.697197,04:16:37.699336,04:16:37.699336,04:16:37.701186,04:16:37.701186,04:16:37.716234,04:16:37.716274,04:16:37.732054,04:16:37.735543,04:16:38.141446,04:16:38.141477,04:16:38.147944,04:16:38.153747,04:16:38.159403,04:16:38.247696,04:16:38.247858,04:16:37.698225
550,safe,04:16:39.829230,04:16:39.829230,04:16:39.829633,04:16:39.829633,04:16:39.830887,04:16:39.830887,04:16:39.832385,04:16:39.832385,04:16:39.841613,04:16:39.841635,04:16:39.855872,04:16:39.858919,04:16:40.264519,04:16:40.264551,04:16:40.270763,04:16:40.276394,04:16:40.282219,04:16:40.379768,04:16:40.379927,04:16:39.830311
550,safe,04:16:41.958727,04:16:41.958727,04:16:41.959122,04:16:41.959122,04:16:41.960619,04:16:41.960619,04:16:41.962373,04:16:41.962373,04:16:41.971612,04:16:41.971632,04:16:41.985304,04:16:41.988830,04:16:42.393297,04:16:42.393332,04:16:42.399630,04:16:42.405544,04:16:42.411149,04:16:42.509646,04:16:42.509812,04:16:41.959811
550,safe,04:16:43.951087,04:16:43.951087,04:16:43.951644,04:16:43.951644,04:16:43.953108,04:16:43.953108,04:16:43.954683,04:16:43.954683,04:16:43.964124,04:16:43.964146,04:16:43.977982,04:16:43.981080,04:16:44.388457,04:16:44.388489,04:16:44.394589,04:16:44.400604,04:16:44.406110,04:16:44.501620,04:16:44.501794,04:16:43.952449
550,safe,04:16:46.083379,04:16:46.083379,04:16:46.083913,04:16:46.083913,04:16:46.085573,04:16:46.085573,04:16:46.087139,04:16:46.087139,04:16:46.096591,04:16:46.096624,04:16:46.110535,04:16:46.113596,04:16:46.517500,04:16:46.517531,04:16:46.523828,04:16:46.529118,04:16:46.534711,04:16:46.634379,04:16:46.634539,04:16:46.084697
550,safe,04:16:49.210906,04:16:49.210906,04:16:49.211318,04:16:49.211318,04:16:49.212851,04:16:49.212851,04:16:49.214637,04:16:49.214637,04:16:49.223853,04:16:49.223876,04:16:49.240054,04:16:49.243861,04:16:49.649014,04:16:49.649047,04:16:49.655392,04:16:49.661367,04:16:49.667261,04:16:49.761831,04:16:49.762001,04:16:49.212045
550,safe,04:16:51.155803,04:16:51.155803,04:16:51.156199,04:16:51.156199,04:16:51.157423,04:16:51.157423,04:16:51.159206,04:16:51.159206,04:16:51.169910,04:16:51.169974,04:16:51.187032,04:16:51.190327,04:16:51.596455,04:16:51.596487,04:16:51.602619,04:16:51.608271,04:16:51.613707,04:16:51.706632,04:16:51.706795,04:16:51.156885
550,safe,04:16:54.279388,04:16:54.279388,04:16:54.279772,04:16:54.279772,04:16:54.280973,04:16:54.280973,04:16:54.282450,04:16:54.282450,04:16:54.291920,04:16:54.291944,04:16:54.305758,04:16:54.308833,04:16:54.713670,04:16:54.713702,04:16:54.719786,04:16:54.725041,04:16:54.730476,04:16:54.830480,04:16:54.830658,04:16:54.280446
550,safe,04:16:56.412486,04:16:56.412486,04:16:56.413041,04:16:56.413041,04:16:56.414464,04:16:56.414464,04:16:56.416164,04:16:56.416164,04:16:56.425505,04:16:56.425524,04:16:56.449016,04:16:56.452656,04:16:56.859965,04:16:56.860006,04:16:56.868686,04:16:56.877679,04:16:56.887851,04:16:56.963308,04:16:56.963530,04:16:56.413803
550,safe,04:16:59.576045,04:16:59.576045,04:16:59.576395,04:16:59.576395,04:16:59.577551,04:16:59.577551,04:16:59.579218,04:16:59.579218,04:16:59.589596,04:16:59.589619,04:16:59.604257,04:16:59.607250,04:17:00.012358,04:17:00.012388,04:17:00.019128,04:17:00.025022,04:17:00.031276,04:17:00.126777,04:17:00.126936,04:16:59.577033
550,safe,04:17:02.698449,04:17:02.698449,04:17:02.698787,04:17:02.698787,04:17:02.700002,04:17:02.700002,04:17:02.701538,04:17:02.701538,04:17:02.710649,04:17:02.710670,04:17:02.724616,04:17:02.727660,04:17:03.133450,04:17:03.133480,04:17:03.139946,04:17:03.145148,04:17:03.150688,04:17:03.249424,04:17:03.249580,04:17:02.699481
550,safe,04:17:04.689537,04:17:04.689537,04:17:04.689951,04:17:04.689951,04:17:04.691383,04:17:04.691383,04:17:04.693121,04:17:04.693121,04:17:04.705007,04:17:04.705030,04:17:04.719088,04:17:04.722117,04:17:05.127564,04:17:05.127595,04:17:05.133866,04:17:05.139555,04:17:05.145318,04:17:05.240220,04:17:05.240451,04:17:04.690589
550,safe,04:17:06.692719,04:17:06.692719,04:17:06.693100,04:17:06.693100,04:17:06.694631,04:17:06.694631,04:17:06.696328,04:17:06.696328,04:17:06.705680,04:17:06.705704,04:17:06.719906,04:17:06.723048,04:17:07.136390,04:17:07.136421,04:17:07.142789,04:17:07.149225,04:17:07.154953,04:17:07.243774,04:17:07.243965,04:17:06.693790
550,safe,04:17:08.699263,04:17:08.699263,04:17:08.699694,04:17:08.699694,04:17:08.701180,04:17:08.701180,04:17:08.702843,04:17:08.702843,04:17:08.712570,04:17:08.712591,04:17:08.726622,04:17:08.730113,04:17:09.135560,04:17:09.135589,04:17:09.141981,04:17:09.147835,04:17:09.153705,04:17:09.250079,04:17:09.250243,04:17:08.700401
550,safe,04:17:11.822978,04:17:11.822978,04:17:11.823510,04:17:11.823510,04:17:11.824892,04:17:11.824892,04:17:11.826328,04:17:11.826328,04:17:11.835792,04:17:11.835821,04:17:11.850059,04:17:11.853117,04:17:12.257739,04:17:12.257789,04:17:12.264131,04:17:12.269380,04:17:12.275236,04:17:12.373815,04:17:12.373976,04:17:11.824276
550,safe,04:17:13.819011,04:17:13.819011,04:17:13.819422,04:17:13.819422,04:17:13.820876,04:17:13.820876,04:17:13.822596,04:17:13.822596,04:17:13.831878,04:17:13.831902,04:17:13.845856,04:17:13.848857,04:17:14.253430,04:17:14.253462,04:17:14.259622,04:17:14.265049,04:17:14.271138,04:17:14.369809,04:17:14.369967,04:17:13.820121
550,safe,04:17:15.934703,04:17:15.934703,04:17:15.935093,04:17:15.935093,04:17:15.936294,04:17:15.936294,04:17:15.937802,04:17:15.937802,04:17:15.947220,04:17:15.947243,04:17:15.961402,04:17:15.964496,04:17:16.368350,04:17:16.368381,04:17:16.374691,04:17:16.380434,04:17:16.385972,04:17:16.485611,04:17:16.485789,04:17:15.935780
550,safe,04:17:19.063827,04:17:19.063827,04:17:19.064290,04:17:19.064290,04:17:19.065543,04:17:19.065543,04:17:19.067236,04:17:19.067236,04:17:19.076809,04:17:19.076832,04:17:19.090608,04:17:19.093750,04:17:19.499874,04:17:19.499906,04:17:19.505925,04:17:19.511574,04:17:19.517289,04:17:19.614527,04:17:19.614687,04:17:19.065011
550,safe,04:17:21.189621,04:17:21.189621,04:17:21.190023,04:17:21.190023,04:17:21.191266,04:17:21.191266,04:17:21.192774,04:17:21.192774,04:17:21.202048,04:17:21.202083,04:17:21.216093,04:17:21.219120,04:17:21.622273,04:17:21.622305,04:17:21.628530,04:17:21.633988,04:17:21.639182,04:17:21.740490,04:17:21.740649,04:17:21.190729
550,safe,04:17:23.313649,04:17:23.313649,04:17:23.313986,04:17:23.313986,04:17:23.315295,04:17:23.315295,04:17:23.317044,04:17:23.317044,04:17:23.326143,04:17:23.326160,04:17:23.340327,04:17:23.344010,04:17:23.748757,04:17:23.748789,04:17:23.754990,04:17:23.760418,04:17:23.766224,04:17:23.864649,04:17:23.864809,04:17:23.314763
550,safe,04:17:25.391503,04:17:25.391503,04:17:25.391906,04:17:25.391906,04:17:25.393066,04:17:25.393066,04:17:25.394624,04:17:25.394624,04:17:25.404151,04:17:25.404170,04:17:25.426163,04:17:25.429312,04:17:25.833999,04:17:25.834031,04:17:25.839917,04:17:25.845170,04:17:25.851022,04:17:25.942507,04:17:25.942662,04:17:25.392571
550,safe,04:17:28.551189,04:17:28.551189,04:17:28.551608,04:17:28.551608,04:17:28.553271,04:17:28.553271,04:17:28.554665,04:17:28.554665,04:17:28.563973,04:17:28.564005,04:17:28.579046,04:17:28.582049,04:17:28.987208,04:17:28.987242,04:17:28.992969,04:17:28.998386,04:17:29.004193,04:17:29.101868,04:17:29.102045,04:17:28.552391
550,safe,04:17:30.545883,04:17:30.545883,04:17:30.546285,04:17:30.546285,04:17:30.547598,04:17:30.547598,04:17:30.549071,04:17:30.549071,04:17:30.558204,04:17:30.558227,04:17:30.572045,04:17:30.575069,04:17:30.978968,04:17:30.979002,04:17:30.985170,04:17:30.990686,04:17:30.996478,04:17:31.096442,04:17:31.096604,04:17:30.547069
550,safe,04:17:32.673460,04:17:32.673460,04:17:32.673859,04:17:32.673859,04:17:32.675254,04:17:32.675254,04:17:32.676957,04:17:32.676957,04:17:32.686834,04:17:32.686859,04:17:32.701088,04:17:32.704247,04:17:33.108158,04:17:33.108190,04:17:33.114529,04:17:33.120358,04:17:33.125735,04:17:33.224042,04:17:33.224211,04:17:32.674690
550,safe,04:17:35.793563,04:17:35.793563,04:17:35.794026,04:17:35.794026,04:17:35.795274,04:17:35.795274,04:17:35.796696,04:17:35.796696,04:17:35.805851,04:17:35.805873,04:17:35.819678,04:17:35.822746,04:17:36.227365,04:17:36.227397,04:17:36.233590,04:17:36.238922,04:17:36.244624,04:17:36.344252,04:17:36.344471,04:17:35.794772
550,safe,04:17:37.923004,04:17:37.923004,04:17:37.923583,04:17:37.923583,04:17:37.925089,04:17:37.925089,04:17:37.926748,04:17:37.926748,04:17:37.936184,04:17:37.936208,04:17:37.950460,04:17:37.953538,04:17:38.358388,04:17:38.358418,04:17:38.364575,04:17:38.370477,04:17:38.376250,04:17:38.473767,04:17:38.473928,04:17:37.924438
550,safe,04:17:41.042987,04:17:41.042987,04:17:41.043592,04:17:41.043592,04:17:41.044828,04:17:41.044828,04:17:41.046568,04:17:41.046568,04:17:41.055985,04:17:41.056005,04:17:41.070042,04:17:41.073466,04:17:41.477581,04:17:41.477612,04:17:41.484022,04:17:41.490041,04:17:41.495649,04:17:41.593540,04:17:41.593718,04:17:41.044308
550,safe,04:17:43.043883,04:17:43.043883,04:17:43.044338,04:17:43.044338,04:17:43.045902,04:17:43.045902,04:17:43.047551,04:17:43.047551,04:17:43.057828,04:17:43.057851,04:17:43.072457,04:17:43.075756,04:17:43.480192,04:17:43.480226,04:17:43.486153,04:17:43.491465,04:17:43.497228,04:17:43.594834,04:17:43.594992,04:17:43.045006
550,safe,04:17:45.162439,04:17:45.162439,04:17:45.162844,04:17:45.162844,04:17:45.164079,04:17:45.164079,04:17:45.165926,04:17:45.165926,04:17:45.175589,04:17:45.175613,04:17:45.190132,04:17:45.193840,04:17:45.597956,04:17:45.597986,04:17:45.604102,04:17:45.609912,04:17:45.615364,04:17:45.713069,04:17:45.713229,04:17:45.163535
550,safe,04:17:48.298418,04:17:48.298418,04:17:48.298790,04:17:48.298790,04:17:48.300004,04:17:48.300004,04:17:48.301814,04:17:48.301814,04:17:48.315285,04:17:48.315324,04:17:48.330077,04:17:48.333141,04:17:48.738318,04:17:48.738347,04:17:48.744396,04:17:48.749894,04:17:48.755743,04:17:48.849376,04:17:48.849606,04:17:48.299452
550,safe,04:17:50.302628,04:17:50.302628,04:17:50.303053,04:17:50.303053,04:17:50.304275,04:17:50.304275,04:17:50.305769,04:17:50.305769,04:17:50.315057,04:17:50.315076,04:17:50.329028,04:17:50.332121,04:17:50.736229,04:17:50.736258,04:17:50.742549,04:17:50.748230,04:17:50.754132,04:17:50.853645,04:17:50.853802,04:17:50.303739
550,safe,04:17:52.302602,04:17:52.302602,04:17:52.302994,04:17:52.302994,04:17:52.304269,04:17:52.304269,04:17:52.305746,04:17:52.305746,04:17:52.315083,04:17:52.315103,04:17:52.328545,04:17:52.331587,04:17:52.735928,04:17:52.735956,04:17:52.741993,04:17:52.747409,04:17:52.753123,04:17:52.853751,04:17:52.853925,04:17:52.303726
550,safe,04:17:55.417310,04:17:55.417310,04:17:55.417695,04:17:55.417695,04:17:55.418889,04:17:55.418889,04:17:55.420465,04:17:55.420465,04:17:55.429588,04:17:55.429609,04:17:55.453414,04:17:55.456862,04:17:55.861787,04:17:55.861814,04:17:55.868474,04:17:55.874099,04:17:55.879774,04:17:55.968217,04:17:55.968384,04:17:55.418361
550,safe,04:17:58.580649,04:17:58.580649,04:17:58.581049,04:17:58.581049,04:17:58.582590,04:17:58.582590,04:17:58.584166,04:17:58.584166,04:17:58.593434,04:17:58.593454,04:17:58.607948,04:17:58.611274,04:17:59.015951,04:17:59.015982,04:17:59.022280,04:17:59.028075,04:17:59.033771,04:17:59.131525,04:17:59.131754,04:17:58.581749
550,safe,04:18:01.699580,04:18:01.699580,04:18:01.699931,04:18:01.699931,04:18:01.701182,04:18:01.701182,04:18:01.702859,04:18:01.702859,04:18:01.712515,04:18:01.712540,04:18:01.727959,04:18:01.731563,04:18:02.138776,04:18:02.138811,04:18:02.145260,04:18:02.151156,04:18:02.156815,04:18:02.250315,04:18:02.250489,04:18:01.700636
550,safe,04:18:04.840868,04:18:04.840868,04:18:04.841284,04:18:04.841284,04:18:04.842816,04:18:04.842816,04:18:04.844395,04:18:04.844395,04:18:04.856054,04:18:04.856078,04:18:04.870258,04:18:04.873401,04:18:05.280858,04:18:05.280889,04:18:05.287219,04:18:05.293408,04:18:05.299160,04:18:05.391906,04:18:05.392072,04:18:04.842055
550,safe,04:18:06.847765,04:18:06.847765,04:18:06.848381,04:18:06.848381,04:18:06.849868,04:18:06.849868,04:18:06.851831,04:18:06.851831,04:18:06.861860,04:18:06.861892,04:18:06.879684,04:18:06.883314,04:18:07.294779,04:18:07.294811,04:18:07.300872,04:18:07.306655,04:18:07.312659,04:18:07.398603,04:18:07.398789,04:18:06.849265
550,safe,04:18:08.860458,04:18:08.860458,04:18:08.860923,04:18:08.860923,04:18:08.862217,04:18:08.862217,04:18:08.863779,04:18:08.863779,04:18:08.873396,04:18:08.873418,04:18:08.888104,04:18:08.891234,04:18:09.297266,04:18:09.297296,04:18:09.303422,04:18:09.309335,04:18:09.315203,04:18:09.411135,04:18:09.411293,04:18:08.861666
550,safe,04:18:10.864773,04:18:10.864773,04:18:10.865438,04:18:10.865438,04:18:10.867323,04:18:10.867323,04:18:10.869248,04:18:10.869248,04:18:10.879576,04:18:10.879627,04:18:10.899158,04:18:10.902740,04:18:11.308465,04:18:11.308498,04:18:11.314972,04:18:11.320850,04:18:11.326769,04:18:11.415439,04:18:11.415600,04:18:10.866556
550,safe,04:18:13.001617,04:18:13.001617,04:18:13.002032,04:18:13.002032,04:18:13.003272,04:18:13.003272,04:18:13.004864,04:18:13.004864,04:18:13.014153,04:18:13.014174,04:18:13.027935,04:18:13.031050,04:18:13.434537,04:18:13.434570,04:18:13.440593,04:18:13.446643,04:18:13.452001,04:18:13.552544,04:18:13.552719,04:18:13.002750
550,safe,04:18:14.811712,04:18:14.811712,04:18:14.812072,04:18:14.812072,04:18:14.813347,04:18:14.813347,04:18:14.814881,04:18:14.814881,04:18:14.824212,04:18:14.824235,04:18:14.838357,04:18:14.841460,04:18:15.246261,04:18:15.246290,04:18:15.252499,04:18:15.259419,04:18:15.264828,04:18:15.362489,04:18:15.362650,04:18:14.812836
550,safe,04:18:16.808847,04:18:16.808847,04:18:16.809281,04:18:16.809281,04:18:16.810819,04:18:16.810819,04:18:16.812316,04:18:16.812316,04:18:16.822286,04:18:16.822306,04:18:16.836122,04:18:16.839170,04:18:17.250252,04:18:17.250284,04:18:17.256631,04:18:17.262125,04:18:17.267734,04:18:17.359916,04:18:17.360092,04:18:16.809975
550,safe,04:18:18.818832,04:18:18.818832,04:18:18.819178,04:18:18.819178,04:18:18.820756,04:18:18.820756,04:18:18.822326,04:18:18.822326,04:18:18.832295,04:18:18.832341,04:18:18.846314,04:18:18.849552,04:18:19.254817,04:18:19.254846,04:18:19.261285,04:18:19.267177,04:18:19.273607,04:18:19.369462,04:18:19.369624,04:18:18.819876
550,safe,04:18:20.907552,04:18:20.907552,04:18:20.908067,04:18:20.908067,04:18:20.910279,04:18:20.910279,04:18:20.912097,04:18:20.912097,04:18:20.922375,04:18:20.922430,04:18:20.940918,04:18:20.944566,04:18:21.350453,04:18:21.350484,04:18:21.356571,04:18:21.362367,04:18:21.368251,04:18:21.458882,04:18:21.459040,04:18:20.909255
550,safe,04:18:24.039413,04:18:24.039413,04:18:24.039791,04:18:24.039791,04:18:24.041080,04:18:24.041080,04:18:24.042911,04:18:24.042911,04:18:24.052672,04:18:24.052692,04:18:24.076433,04:18:24.079456,04:18:24.485071,04:18:24.485103,04:18:24.491112,04:18:24.496881,04:18:24.502770,04:18:24.590237,04:18:24.590404,04:18:24.040514
550,safe,04:18:26.175079,04:18:26.175079,04:18:26.175525,04:18:26.175525,04:18:26.176839,04:18:26.176839,04:18:26.178210,04:18:26.178210,04:18:26.187413,04:18:26.187433,04:18:26.201999,04:18:26.205094,04:18:26.609575,04:18:26.609607,04:18:26.615583,04:18:26.621013,04:18:26.626809,04:18:26.725861,04:18:26.726018,04:18:26.176246
550,safe,04:18:28.314569,04:18:28.314569,04:18:28.314940,04:18:28.314940,04:18:28.316206,04:18:28.316206,04:18:28.317700,04:18:28.317700,04:18:28.327682,04:18:28.327703,04:18:28.343301,04:18:28.347953,04:18:28.755124,04:18:28.755154,04:18:28.761364,04:18:28.766696,04:18:28.772084,04:18:28.865180,04:18:28.865361,04:18:28.315657
550,safe,04:18:31.447575,04:18:31.447575,04:18:31.448075,04:18:31.448075,04:18:31.449826,04:18:31.449826,04:18:31.451551,04:18:31.451551,04:18:31.461165,04:18:31.461201,04:18:31.475960,04:18:31.479201,04:18:31.883653,04:18:31.883685,04:18:31.889854,04:18:31.895476,04:18:31.901120,04:18:31.998632,04:18:31.998812,04:18:31.449020
550,safe,04:18:33.441321,04:18:33.441321,04:18:33.441720,04:18:33.441720,04:18:33.442961,04:18:33.442961,04:18:33.444736,04:18:33.444736,04:18:33.454238,04:18:33.454261,04:18:33.468354,04:18:33.471460,04:18:33.874397,04:18:33.874428,04:18:33.880460,04:18:33.886032,04:18:33.891757,04:18:33.990620,04:18:33.990775,04:18:33.442427
550,safe,04:18:35.436070,04:18:35.436070,04:18:35.436489,04:18:35.436489,04:18:35.438024,04:18:35.438024,04:18:35.439858,04:18:35.439858,04:18:35.450421,04:18:35.450444,04:18:35.466034,04:18:35.470939,04:18:35.878668,04:18:35.878697,04:18:35.885021,04:18:35.890650,04:18:35.896315,04:18:35.986896,04:18:35.987081,04:18:35.437200
550,safe,04:18:38.571608,04:18:38.571608,04:18:38.572154,04:18:38.572154,04:18:38.573527,04:18:38.573527,04:18:38.575149,04:18:38.575149,04:18:38.584587,04:18:38.584613,04:18:38.599313,04:18:38.602625,04:18:39.007493,04:18:39.007525,04:18:39.013776,04:18:39.019162,04:18:39.024812,04:18:39.122539,04:18:39.122722,04:18:38.572903
550,safe,04:18:40.569462,04:18:40.569462,04:18:40.569876,04:18:40.569876,04:18:40.571424,04:18:40.571424,04:18:40.573173,04:18:40.573173,04:18:40.583389,04:18:40.583413,04:18:40.597709,04:18:40.600721,04:18:41.005309,04:18:41.005341,04:18:41.011085,04:18:41.016252,04:18:41.022179,04:18:41.120235,04:18:41.120401,04:18:40.570591
550,safe,04:18:42.693820,04:18:42.693820,04:18:42.694214,04:18:42.694214,04:18:42.695498,04:18:42.695498,04:18:42.697080,04:18:42.697080,04:18:42.706457,04:18:42.706479,04:18:42.723627,04:18:42.727986,04:18:43.134180,04:18:43.134211,04:18:43.140316,04:18:43.145766,04:18:43.151365,04:18:43.244525,04:18:43.244683,04:18:42.694923
550,safe,04:18:44.819563,04:18:44.819563,04:18:44.819964,04:18:44.819964,04:18:44.821224,04:18:44.821224,04:18:44.822767,04:18:44.822767,04:18:44.831920,04:18:44.831941,04:18:44.846369,04:18:44.849803,04:18:45.254633,04:18:45.254665,04:18:45.261165,04:18:45.266659,04:18:45.272176,04:18:45.370562,04:18:45.370738,04:18:44.820703
550,safe,04:18:47.962265,04:18:47.962265,04:18:47.962654,04:18:47.962654,04:18:47.964043,04:18:47.964043,04:18:47.965672,04:18:47.965672,04:18:47.975830,04:18:47.975854,04:18:47.990547,04:18:47.993941,04:18:48.397690,04:18:48.397722,04:18:48.404131,04:18:48.410212,04:18:48.415893,04:18:48.513246,04:18:48.513421,04:18:47.963436
550,safe,04:18:51.085784,04:18:51.085784,04:18:51.086149,04:18:51.086149,04:18:51.087349,04:18:51.087349,04:18:51.088844,04:18:51.088844,04:18:51.098929,04:18:51.098968,04:18:51.115544,04:18:51.119466,04:18:51.525536,04:18:51.525567,04:18:51.532137,04:18:51.537539,04:18:51.543265,04:18:51.636924,04:18:51.637088,04:18:51.086809
550,safe,04:18:53.085890,04:18:53.085890,04:18:53.086272,04:18:53.086272,04:18:53.087685,04:18:53.087685,04:18:53.089090,04:18:53.089090,04:18:53.098345,04:18:53.098375,04:18:53.120724,04:18:53.123730,04:18:53.528297,04:18:53.528326,04:18:53.534527,04:18:53.539989,04:18:53.545205,04:18:53.636586,04:18:53.636740,04:18:53.087074
550,safe,04:18:56.213960,04:18:56.213960,04:18:56.214344,04:18:56.214344,04:18:56.215626,04:18:56.215626,04:18:56.217199,04:18:56.217199,04:18:56.227525,04:18:56.227547,04:18:56.242345,04:18:56.245794,04:18:56.650466,04:18:56.650498,04:18:56.656606,04:18:56.661984,04:18:56.667915,04:18:56.764740,04:18:56.764903,04:18:56.215053
550,safe,04:18:58.349635,04:18:58.349635,04:18:58.350051,04:18:58.350051,04:18:58.351235,04:18:58.351235,04:18:58.352972,04:18:58.352972,04:18:58.362504,04:18:58.362527,04:18:58.378562,04:18:58.382432,04:18:58.789248,04:18:58.789280,04:18:58.795313,04:18:58.800905,04:18:58.806959,04:18:58.900379,04:18:58.900544,04:18:58.350720
550,safe,04:19:00.474647,04:19:00.474647,04:19:00.475062,04:19:00.475062,04:19:00.476315,04:19:00.476315,04:19:00.477716,04:19:00.477716,04:19:00.491556,04:19:00.491581,04:19:00.505633,04:19:00.508703,04:19:00.913620,04:19:00.913648,04:19:00.920178,04:19:00.925546,04:19:00.931494,04:19:01.025479,04:19:01.025666,04:19:00.475778
550,safe,04:19:03.607367,04:19:03.607367,04:19:03.607712,04:19:03.607712,04:19:03.608933,04:19:03.608933,04:19:03.610450,04:19:03.610450,04:19:03.620072,04:19:03.620096,04:19:03.634381,04:19:03.637667,04:19:04.040208,04:19:04.040238,04:19:04.046550,04:19:04.052148,04:19:04.057710,04:19:04.156881,04:19:04.157046,04:19:03.608422
550,safe,04:19:05.603687,04:19:05.603687,04:19:05.604099,04:19:05.604099,04:19:05.605630,04:19:05.605630,04:19:05.607254,04:19:05.607254,04:19:05.616705,04:19:05.616726,04:19:05.630594,04:19:05.635007,04:19:06.042001,04:19:06.042035,04:19:06.048405,04:19:06.053780,04:19:06.059350,04:19:06.154612,04:19:06.154771,04:19:05.604798
550,safe,04:19:07.669993,04:19:07.669993,04:19:07.670404,04:19:07.670404,04:19:07.671807,04:19:07.671807,04:19:07.673241,04:19:07.673241,04:19:07.682981,04:19:07.683001,04:19:07.697749,04:19:07.700926,04:19:08.105440,04:19:08.105472,04:19:08.111559,04:19:08.117615,04:19:08.123372,04:19:08.221028,04:19:08.221205,04:19:07.671174
550,safe,04:19:09.677230,04:19:09.677230,04:19:09.677591,04:19:09.677591,04:19:09.679057,04:19:09.679057,04:19:09.680891,04:19:09.680891,04:19:09.690197,04:19:09.690218,04:19:09.704540,04:19:09.707646,04:19:10.111770,04:19:10.111800,04:19:10.118039,04:19:10.123652,04:19:10.129607,04:19:10.228108,04:19:10.228301,04:19:09.678393
550,safe,04:19:12.806209,04:19:12.806209,04:19:12.806783,04:19:12.806783,04:19:12.808449,04:19:12.808449,04:19:12.810503,04:19:12.810503,04:19:12.821129,04:19:12.821176,04:19:12.838378,04:19:12.842279,04:19:13.248602,04:19:13.248633,04:19:13.255377,04:19:13.261119,04:19:13.266973,04:19:13.357097,04:19:13.357257,04:19:12.807697
600,safe,04:19:15.942554,04:19:15.942554,04:19:15.942989,04:19:15.942989,04:19:15.944522,04:19:15.944522,04:19:15.946047,04:19:15.946047,04:19:15.955460,04:19:15.955484,04:19:15.969383,04:19:15.972500,04:19:16.376989,04:19:16.377021,04:19:16.383228,04:19:16.388878,04:19:16.394799,04:19:16.543349,04:19:16.543533,04:19:15.943682
600,safe,04:19:17.952432,04:19:17.952432,04:19:17.952787,04:19:17.952787,04:19:17.954071,04:19:17.954071,04:19:17.955813,04:19:17.955813,04:19:17.964962,04:19:17.964982,04:19:17.978911,04:19:17.982400,04:19:18.386829,04:19:18.386860,04:19:18.393074,04:19:18.398730,04:19:18.404588,04:19:18.553449,04:19:18.553641,04:19:17.953456
600,safe,04:19:19.962218,04:19:19.962218,04:19:19.962625,04:19:19.962625,04:19:19.963835,04:19:19.963835,04:19:19.965363,04:19:19.965363,04:19:19.974567,04:19:19.974586,04:19:19.988196,04:19:19.991628,04:19:20.396410,04:19:20.396443,04:19:20.402778,04:19:20.408566,04:19:20.415476,04:19:20.562959,04:19:20.563132,04:19:19.963297
600,safe,04:19:23.088668,04:19:23.088668,04:19:23.089057,04:19:23.089057,04:19:23.090457,04:19:23.090457,04:19:23.092228,04:19:23.092228,04:19:23.101736,04:19:23.101762,04:19:23.124450,04:19:23.127539,04:19:23.533037,04:19:23.533067,04:19:23.539242,04:19:23.545145,04:19:23.551159,04:19:23.689443,04:19:23.689598,04:19:23.089893
600,safe,04:19:25.238962,04:19:25.238962,04:19:25.239395,04:19:25.239395,04:19:25.240728,04:19:25.240728,04:19:25.242531,04:19:25.242531,04:19:25.252045,04:19:25.252066,04:19:25.267360,04:19:25.270426,04:19:25.675507,04:19:25.675537,04:19:25.681437,04:19:25.686712,04:19:25.691999,04:19:25.839896,04:19:25.840061,04:19:25.240126
600,safe,04:19:27.385000,04:19:27.385000,04:19:27.385451,04:19:27.385451,04:19:27.386689,04:19:27.386689,04:19:27.388237,04:19:27.388237,04:19:27.397873,04:19:27.397894,04:19:27.413080,04:19:27.417511,04:19:27.825688,04:19:27.825735,04:19:27.832171,04:19:27.837428,04:19:27.843126,04:19:27.985859,04:19:27.986031,04:19:27.386150
600,safe,04:19:30.515388,04:19:30.515388,04:19:30.515822,04:19:30.515822,04:19:30.517394,04:19:30.517394,04:19:30.518965,04:19:30.518965,04:19:30.528256,04:19:30.528276,04:19:30.541956,04:19:30.544992,04:19:30.949698,04:19:30.949744,04:19:30.955938,04:19:30.961406,04:19:30.967439,04:19:31.116358,04:19:31.116549,04:19:30.516537
600,safe,04:19:33.637260,04:19:33.637260,04:19:33.637663,04:19:33.637663,04:19:33.638947,04:19:33.638947,04:19:33.640504,04:19:33.640504,04:19:33.652921,04:19:33.652951,04:19:33.666898,04:19:33.670193,04:19:34.075168,04:19:34.075221,04:19:34.081528,04:19:34.087254,04:19:34.093011,04:19:34.237357,04:19:34.237530,04:19:33.638424
600,safe,04:19:36.770553,04:19:36.770553,04:19:36.770919,04:19:36.770919,04:19:36.772168,04:19:36.772168,04:19:36.773947,04:19:36.773947,04:19:36.783362,04:19:36.783386,04:19:36.798170,04:19:36.801284,04:19:37.215606,04:19:37.215637,04:19:37.222303,04:19:37.229014,04:19:37.235050,04:19:37.371218,04:19:37.371381,04:19:36.771610
600,safe,04:19:38.867482,04:19:38.867482,04:19:38.867973,04:19:38.867973,04:19:38.869512,04:19:38.869512,04:19:38.871060,04:19:38.871060,04:19:38.881128,04:19:38.881148,04:19:38.895413,04:19:38.898935,04:19:39.304934,04:19:39.304966,04:19:39.311243,04:19:39.316920,04:19:39.324850,04:19:39.467985,04:19:39.468163,04:19:38.868890
600,safe,04:19:41.994344,04:19:41.994344,04:19:41.994870,04:19:41.994870,04:19:41.996307,04:19:41.996307,04:19:41.997817,04:19:41.997817,04:19:42.007720,04:19:42.007751,04:19:42.022201,04:19:42.025585,04:19:42.428505,04:19:42.428535,04:19:42.434647,04:19:42.440532,04:19:42.446088,04:19:42.594921,04:19:42.595095,04:19:41.995604
600,safe,04:19:45.119808,04:19:45.119808,04:19:45.120166,04:19:45.120166,04:19:45.121335,04:19:45.121335,04:19:45.123077,04:19:45.123077,04:19:45.132581,04:19:45.132603,04:19:45.147097,04:19:45.150412,04:19:45.554900,04:19:45.554931,04:19:45.561029,04:19:45.566688,04:19:45.572849,04:19:45.720536,04:19:45.720747,04:19:45.120840
600,safe,04:19:48.265132,04:19:48.265132,04:19:48.265546,04:19:48.265546,04:19:48.266723,04:19:48.266723,04:19:48.268173,04:19:48.268173,04:19:48.277885,04:19:48.277907,04:19:48.291612,04:19:48.294592,04:19:48.698911,04:19:48.698940,04:19:48.705166,04:19:48.710582,04:19:48.716253,04:19:48.866049,04:19:48.866274,04:19:48.266195
600,safe,04:19:51.391000,04:19:51.391000,04:19:51.391436,04:19:51.391436,04:19:51.392698,04:19:51.392698,04:19:51.394446,04:19:51.394446,04:19:51.404153,04:19:51.404173,04:19:51.418641,04:19:51.421737,04:19:51.826860,04:19:51.826888,04:19:51.832835,04:19:51.838392,04:19:51.846207,04:19:51.991661,04:19:51.991830,04:19:51.392164
600,safe,04:19:53.474500,04:19:53.474500,04:19:53.474841,04:19:53.474841,04:19:53.475963,04:19:53.475963,04:19:53.477523,04:19:53.477523,04:19:53.487429,04:19:53.487450,04:19:53.501978,04:19:53.505172,04:19:53.910468,04:19:53.910500,04:19:53.916643,04:19:53.922376,04:19:53.927792,04:19:54.075556,04:19:54.075726,04:19:53.475472
600,safe,04:19:55.605901,04:19:55.605901,04:19:55.606301,04:19:55.606301,04:19:55.607496,04:19:55.607496,04:19:55.608918,04:19:55.608918,04:19:55.618613,04:19:55.618636,04:19:55.640621,04:19:55.643758,04:19:56.048048,04:19:56.048079,04:19:56.054372,04:19:56.059921,04:19:56.065467,04:19:56.206860,04:19:56.207016,04:19:55.606978
600,safe,04:19:58.745083,04:19:58.745083,04:19:58.745447,04:19:58.745447,04:19:58.747002,04:19:58.747002,04:19:58.748497,04:19:58.748497,04:19:58.757867,04:19:58.757888,04:19:58.772430,04:19:58.775556,04:19:59.181168,04:19:59.181202,04:19:59.187275,04:19:59.193769,04:19:59.200616,04:19:59.345916,04:19:59.346073,04:19:58.746150
600,safe,04:20:01.879609,04:20:01.879609,04:20:01.879980,04:20:01.879980,04:20:01.881210,04:20:01.881210,04:20:01.882707,04:20:01.882707,04:20:01.891955,04:20:01.891975,04:20:01.906028,04:20:01.909506,04:20:02.314501,04:20:02.314533,04:20:02.321080,04:20:02.326634,04:20:02.332363,04:20:02.480218,04:20:02.480374,04:20:01.880674
600,safe,04:20:05.012150,04:20:05.012150,04:20:05.012613,04:20:05.012613,04:20:05.014208,04:20:05.014208,04:20:05.015813,04:20:05.015813,04:20:05.027709,04:20:05.027732,04:20:05.042769,04:20:05.045943,04:20:05.449594,04:20:05.449625,04:20:05.455519,04:20:05.460850,04:20:05.466483,04:20:05.613065,04:20:05.613233,04:20:05.013383
600,safe,04:20:08.154844,04:20:08.154844,04:20:08.155269,04:20:08.155269,04:20:08.156807,04:20:08.156807,04:20:08.158421,04:20:08.158421,04:20:08.168429,04:20:08.168451,04:20:08.188203,04:20:08.192951,04:20:08.607222,04:20:08.607253,04:20:08.613551,04:20:08.619334,04:20:08.625270,04:20:08.755568,04:20:08.755728,04:20:08.155965
600,safe,04:20:11.297988,04:20:11.297988,04:20:11.298344,04:20:11.298344,04:20:11.299855,04:20:11.299855,04:20:11.301328,04:20:11.301328,04:20:11.310644,04:20:11.310668,04:20:11.324757,04:20:11.328457,04:20:11.733003,04:20:11.733035,04:20:11.739299,04:20:11.745135,04:20:11.750991,04:20:11.898851,04:20:11.899031,04:20:11.299057
600,safe,04:20:14.427380,04:20:14.427380,04:20:14.427735,04:20:14.427735,04:20:14.429040,04:20:14.429040,04:20:14.430621,04:20:14.430621,04:20:14.440075,04:20:14.440096,04:20:14.454154,04:20:14.457224,04:20:14.861918,04:20:14.861950,04:20:14.868614,04:20:14.874488,04:20:14.880592,04:20:15.027863,04:20:15.028022,04:20:14.428456
600,safe,04:20:17.622770,04:20:17.622770,04:20:17.623266,04:20:17.623266,04:20:17.624564,04:20:17.624564,04:20:17.626103,04:20:17.626103,04:20:17.635300,04:20:17.635329,04:20:17.649776,04:20:17.652939,04:20:18.057225,04:20:18.057255,04:20:18.063808,04:20:18.069149,04:20:18.074622,04:20:18.223365,04:20:18.223544,04:20:17.623997
600,safe,04:20:20.755149,04:20:20.755149,04:20:20.755563,04:20:20.755563,04:20:20.756846,04:20:20.756846,04:20:20.758315,04:20:20.758315,04:20:20.767483,04:20:20.767504,04:20:20.781676,04:20:20.784743,04:20:21.190467,04:20:21.190497,04:20:21.196693,04:20:21.202112,04:20:21.207965,04:20:21.355918,04:20:21.356079,04:20:20.756263
600,safe,04:20:22.754686,04:20:22.754686,04:20:22.755036,04:20:22.755036,04:20:22.756567,04:20:22.756567,04:20:22.758086,04:20:22.758086,04:20:22.767244,04:20:22.767268,04:20:22.781045,04:20:22.784090,04:20:23.188985,04:20:23.189018,04:20:23.195106,04:20:23.200439,04:20:23.206203,04:20:23.355712,04:20:23.355877,04:20:22.755736
600,safe,04:20:25.885783,04:20:25.885783,04:20:25.886154,04:20:25.886154,04:20:25.887820,04:20:25.887820,04:20:25.889255,04:20:25.889255,04:20:25.898488,04:20:25.898517,04:20:25.912804,04:20:25.915924,04:20:26.319581,04:20:26.319612,04:20:26.325960,04:20:26.331472,04:20:26.337455,04:20:26.486595,04:20:26.486770,04:20:25.886926
600,safe,04:20:29.025507,04:20:29.025507,04:20:29.025865,04:20:29.025865,04:20:29.027062,04:20:29.027062,04:20:29.028589,04:20:29.028589,04:20:29.038443,04:20:29.038465,04:20:29.052780,04:20:29.056557,04:20:29.460665,04:20:29.460696,04:20:29.467070,04:20:29.473587,04:20:29.482711,04:20:29.626434,04:20:29.626587,04:20:29.026553
600,safe,04:20:32.149797,04:20:32.149797,04:20:32.150258,04:20:32.150258,04:20:32.151504,04:20:32.151504,04:20:32.153243,04:20:32.153243,04:20:32.163201,04:20:32.163221,04:20:32.185531,04:20:32.188610,04:20:32.592936,04:20:32.592967,04:20:32.599134,04:20:32.604798,04:20:32.610513,04:20:32.750707,04:20:32.750863,04:20:32.150987
600,safe,04:20:35.287048,04:20:35.287048,04:20:35.287402,04:20:35.287402,04:20:35.288899,04:20:35.288899,04:20:35.290505,04:20:35.290505,04:20:35.300845,04:20:35.300866,04:20:35.315491,04:20:35.318571,04:20:35.723154,04:20:35.723184,04:20:35.728968,04:20:35.734564,04:20:35.740676,04:20:35.887834,04:20:35.888009,04:20:35.288058
600,safe,04:20:38.442997,04:20:38.442997,04:20:38.443447,04:20:38.443447,04:20:38.444967,04:20:38.444967,04:20:38.446407,04:20:38.446407,04:20:38.456009,04:20:38.456034,04:20:38.470868,04:20:38.474494,04:20:38.878864,04:20:38.878897,04:20:38.885222,04:20:38.890839,04:20:38.896574,04:20:39.043598,04:20:39.043774,04:20:38.444211
600,safe,04:20:41.569953,04:20:41.569953,04:20:41.570444,04:20:41.570444,04:20:41.571863,04:20:41.571863,04:20:41.573506,04:20:41.573506,04:20:41.582687,04:20:41.582710,04:20:41.600499,04:20:41.603821,04:20:42.010687,04:20:42.010723,04:20:42.017054,04:20:42.022689,04:20:42.028754,04:20:42.170544,04:20:42.170698,04:20:41.571108
600,safe,04:20:44.700425,04:20:44.700425,04:20:44.700805,04:20:44.700805,04:20:44.702038,04:20:44.702038,04:20:44.703639,04:20:44.703639,04:20:44.712998,04:20:44.713018,04:20:44.726594,04:20:44.729609,04:20:45.134416,04:20:45.134446,04:20:45.140602,04:20:45.145786,04:20:45.151688,04:20:45.301583,04:20:45.301796,04:20:44.701473
600,safe,04:20:46.824328,04:20:46.824328,04:20:46.824721,04:20:46.824721,04:20:46.825914,04:20:46.825914,04:20:46.827406,04:20:46.827406,04:20:46.837179,04:20:46.837200,04:20:46.851156,04:20:46.854524,04:20:47.267311,04:20:47.267352,04:20:47.274156,04:20:47.281574,04:20:47.287900,04:20:47.425187,04:20:47.425348,04:20:46.825410
600,safe,04:20:49.991221,04:20:49.991221,04:20:49.991637,04:20:49.991637,04:20:49.992894,04:20:49.992894,04:20:49.994393,04:20:49.994393,04:20:50.004521,04:20:50.004541,04:20:50.019044,04:20:50.022183,04:20:50.425552,04:20:50.425583,04:20:50.432119,04:20:50.437849,04:20:50.444026,04:20:50.591909,04:20:50.592081,04:20:49.992386
600,safe,04:20:53.117495,04:20:53.117495,04:20:53.117903,04:20:53.117903,04:20:53.119435,04:20:53.119435,04:20:53.121077,04:20:53.121077,04:20:53.130814,04:20:53.130837,04:20:53.145468,04:20:53.148574,04:20:53.553246,04:20:53.553276,04:20:53.559527,04:20:53.564648,04:20:53.572017,04:20:53.718580,04:20:53.718756,04:20:53.118612
600,safe,04:20:56.252126,04:20:56.252126,04:20:56.252602,04:20:56.252602,04:20:56.254300,04:20:56.254300,04:20:56.255683,04:20:56.255683,04:20:56.265618,04:20:56.265640,04:20:56.279707,04:20:56.282772,04:20:56.685072,04:20:56.685104,04:20:56.691146,04:20:56.697134,04:20:56.703277,04:20:56.853075,04:20:56.853250,04:20:56.253618
600,safe,04:20:59.392197,04:20:59.392197,04:20:59.392660,04:20:59.392660,04:20:59.394269,04:20:59.394269,04:20:59.395846,04:20:59.395846,04:20:59.406019,04:20:59.406047,04:20:59.420454,04:20:59.424090,04:20:59.828633,04:20:59.828661,04:20:59.834910,04:20:59.840742,04:20:59.846674,04:20:59.993158,04:20:59.993315,04:20:59.393480
600,safe,04:21:02.533328,04:21:02.533328,04:21:02.533727,04:21:02.533727,04:21:02.534994,04:21:02.534994,04:21:02.536623,04:21:02.536623,04:21:02.546314,04:21:02.546334,04:21:02.560636,04:21:02.564273,04:21:02.968774,04:21:02.968803,04:21:02.975094,04:21:02.980848,04:21:02.986640,04:21:03.133885,04:21:03.134058,04:21:02.534453
600,safe,04:21:05.660383,04:21:05.660383,04:21:05.660810,04:21:05.660810,04:21:05.662272,04:21:05.662272,04:21:05.663740,04:21:05.663740,04:21:05.673103,04:21:05.673122,04:21:05.687588,04:21:05.690695,04:21:06.096548,04:21:06.096582,04:21:06.102721,04:21:06.110787,04:21:06.118517,04:21:06.261220,04:21:06.261376,04:21:05.661610
600,safe,04:21:07.730344,04:21:07.730344,04:21:07.730746,04:21:07.730746,04:21:07.732270,04:21:07.732270,04:21:07.733913,04:21:07.733913,04:21:07.743282,04:21:07.743329,04:21:07.767196,04:21:07.770936,04:21:08.175530,04:21:08.175563,04:21:08.181986,04:21:08.187662,04:21:08.193278,04:21:08.331340,04:21:08.331512,04:21:07.731623
600,safe,04:21:10.880519,04:21:10.880519,04:21:10.880943,04:21:10.880943,04:21:10.882460,04:21:10.882460,04:21:10.884162,04:21:10.884162,04:21:10.893710,04:21:10.893734,04:21:10.908211,04:21:10.911817,04:21:11.316607,04:21:11.316639,04:21:11.322970,04:21:11.328302,04:21:11.334033,04:21:11.481603,04:21:11.481776,04:21:10.881609
600,safe,04:21:14.012097,04:21:14.012097,04:21:14.012611,04:21:14.012611,04:21:14.013957,04:21:14.013957,04:21:14.015390,04:21:14.015390,04:21:14.025030,04:21:14.025055,04:21:14.041722,04:21:14.046672,04:21:14.452389,04:21:14.452421,04:21:14.458785,04:21:14.464440,04:21:14.470099,04:21:14.612825,04:21:14.612994,04:21:14.013432
600,safe,04:21:17.150095,04:21:17.150095,04:21:17.150786,04:21:17.150786,04:21:17.152884,04:21:17.152884,04:21:17.154969,04:21:17.154969,04:21:17.168244,04:21:17.168308,04:21:17.186307,04:21:17.189846,04:21:17.597738,04:21:17.597767,04:21:17.603828,04:21:17.609304,04:21:17.614902,04:21:17.750761,04:21:17.750930,04:21:17.151830
600,safe,04:21:20.296723,04:21:20.296723,04:21:20.297162,04:21:20.297162,04:21:20.298734,04:21:20.298734,04:21:20.300368,04:21:20.300368,04:21:20.310012,04:21:20.310033,04:21:20.323852,04:21:20.327325,04:21:20.732162,04:21:20.732194,04:21:20.738176,04:21:20.743719,04:21:20.749401,04:21:20.897827,04:21:20.897984,04:21:20.297900
600,safe,04:21:23.435538,04:21:23.435538,04:21:23.435902,04:21:23.435902,04:21:23.437454,04:21:23.437454,04:21:23.439119,04:21:23.439119,04:21:23.449272,04:21:23.449297,04:21:23.463146,04:21:23.466181,04:21:23.870437,04:21:23.870468,04:21:23.876813,04:21:23.882311,04:21:23.887604,04:21:24.036508,04:21:24.036694,04:21:23.436602
600,safe,04:21:26.560758,04:21:26.560758,04:21:26.561246,04:21:26.561246,04:21:26.562611,04:21:26.562611,04:21:26.564198,04:21:26.564198,04:21:26.573696,04:21:26.573719,04:21:26.588378,04:21:26.593226,04:21:26.998842,04:21:26.998874,04:21:27.005162,04:21:27.010692,04:21:27.016646,04:21:27.161514,04:21:27.161676,04:21:26.562018
600,safe,04:21:28.577510,04:21:28.577510,04:21:28.577908,04:21:28.577908,04:21:28.579419,04:21:28.579419,04:21:28.580936,04:21:28.580936,04:21:28.591058,04:21:28.591078,04:21:28.605138,04:21:28.608233,04:21:29.012932,04:21:29.012962,04:21:29.019060,04:21:29.024371,04:21:29.029589,04:21:29.178255,04:21:29.178440,04:21:28.578607
600,safe,04:21:30.719803,04:21:30.719803,04:21:30.720183,04:21:30.720183,04:21:30.721419,04:21:30.721419,04:21:30.722839,04:21:30.722839,04:21:30.732401,04:21:30.732423,04:21:30.746392,04:21:30.749798,04:21:31.154996,04:21:31.155030,04:21:31.161169,04:21:31.166454,04:21:31.172055,04:21:31.320642,04:21:31.320846,04:21:30.720885
600,safe,04:21:32.813431,04:21:32.813431,04:21:32.813850,04:21:32.813850,04:21:32.815043,04:21:32.815043,04:21:32.816564,04:21:32.816564,04:21:32.825742,04:21:32.825762,04:21:32.844267,04:21:32.848597,04:21:33.255137,04:21:33.255167,04:21:33.261221,04:21:33.266641,04:21:33.272335,04:21:33.414170,04:21:33.414325,04:21:32.814519
600,safe,04:21:35.949090,04:21:35.949090,04:21:35.949664,04:21:35.949664,04:21:35.951114,04:21:35.951114,04:21:35.952714,04:21:35.952714,04:21:35.962235,04:21:35.962255,04:21:35.975690,04:21:35.978761,04:21:36.383415,04:21:36.383445,04:21:36.389486,04:21:36.394780,04:21:36.400647,04:21:36.550013,04:21:36.550180,04:21:35.950454
600,safe,04:21:39.093458,04:21:39.093458,04:21:39.093862,04:21:39.093862,04:21:39.095336,04:21:39.095336,04:21:39.096787,04:21:39.096787,04:21:39.106334,04:21:39.106358,04:21:39.120969,04:21:39.123980,04:21:39.531046,04:21:39.531077,04:21:39.537383,04:21:39.543192,04:21:39.549155,04:21:39.694571,04:21:39.694735,04:21:39.094549
600,safe,04:21:41.116606,04:21:41.116606,04:21:41.116998,04:21:41.116998,04:21:41.118506,04:21:41.118506,04:21:41.120119,04:21:41.120119,04:21:41.129277,04:21:41.129296,04:21:41.152950,04:21:41.156399,04:21:41.561019,04:21:41.561048,04:21:41.567646,04:21:41.572988,04:21:41.578530,04:21:41.717167,04:21:41.717330,04:21:41.117899
600,safe,04:21:43.254415,04:21:43.254415,04:21:43.254805,04:21:43.254805,04:21:43.256392,04:21:43.256392,04:21:43.258011,04:21:43.258011,04:21:43.267187,04:21:43.267208,04:21:43.282153,04:21:43.285387,04:21:43.689564,04:21:43.689595,04:21:43.695793,04:21:43.701261,04:21:43.706684,04:21:43.854922,04:21:43.855087,04:21:43.255500
600,safe,04:21:46.396612,04:21:46.396612,04:21:46.397074,04:21:46.397074,04:21:46.398707,04:21:46.398707,04:21:46.400320,04:21:46.400320,04:21:46.409675,04:21:46.409697,04:21:46.423903,04:21:46.426924,04:21:46.832138,04:21:46.832171,04:21:46.838073,04:21:46.843324,04:21:46.848902,04:21:46.997349,04:21:46.997515,04:21:46.397848
600,safe,04:21:48.419915,04:21:48.419915,04:21:48.420321,04:21:48.420321,04:21:48.421565,04:21:48.421565,04:21:48.423319,04:21:48.423319,04:21:48.432531,04:21:48.432551,04:21:48.447528,04:21:48.450676,04:21:48.854358,04:21:48.854385,04:21:48.860246,04:21:48.865630,04:21:48.871451,04:21:49.020727,04:21:49.020897,04:21:48.421057
600,safe,04:21:51.552030,04:21:51.552030,04:21:51.552538,04:21:51.552538,04:21:51.553873,04:21:51.553873,04:21:51.555380,04:21:51.555380,04:21:51.564953,04:21:51.564974,04:21:51.579029,04:21:51.582036,04:21:51.985799,04:21:51.985829,04:21:51.992335,04:21:51.997774,04:21:52.006473,04:21:52.152812,04:21:52.152985,04:21:51.553315
600,safe,04:21:53.564302,04:21:53.564302,04:21:53.564728,04:21:53.564728,04:21:53.565941,04:21:53.565941,04:21:53.567827,04:21:53.567827,04:21:53.577361,04:21:53.577387,04:21:53.591354,04:21:53.594403,04:21:53.999429,04:21:53.999458,04:21:54.005644,04:21:54.011337,04:21:54.017065,04:21:54.165069,04:21:54.165230,04:21:53.565431
600,safe,04:21:56.697928,04:21:56.697928,04:21:56.698274,04:21:56.698274,04:21:56.699449,04:21:56.699449,04:21:56.700801,04:21:56.700801,04:21:56.710161,04:21:56.710182,04:21:56.723891,04:21:56.726908,04:21:57.134432,04:21:57.134467,04:21:57.143830,04:21:57.151773,04:21:57.160023,04:21:57.298661,04:21:57.298822,04:21:56.698941
600,safe,04:21:58.800811,04:21:58.800811,04:21:58.801274,04:21:58.801274,04:21:58.802766,04:21:58.802766,04:21:58.804388,04:21:58.804388,04:21:58.813450,04:21:58.813471,04:21:58.828018,04:21:58.831431,04:21:59.235702,04:21:59.235758,04:21:59.241884,04:21:59.247978,04:21:59.253799,04:21:59.401746,04:21:59.401915,04:21:58.802009
600,safe,04:22:00.803824,04:22:00.803824,04:22:00.804189,04:22:00.804189,04:22:00.805626,04:22:00.805626,04:22:00.807365,04:22:00.807365,04:22:00.817139,04:22:00.817164,04:22:00.831353,04:22:00.834408,04:22:01.239091,04:22:01.239123,04:22:01.245270,04:22:01.251077,04:22:01.256922,04:22:01.404744,04:22:01.404917,04:22:00.804964
600,safe,04:22:03.938792,04:22:03.938792,04:22:03.939340,04:22:03.939340,04:22:03.940770,04:22:03.940770,04:22:03.942312,04:22:03.942312,04:22:03.952045,04:22:03.952068,04:22:03.966465,04:22:03.969741,04:22:04.374453,04:22:04.374484,04:22:04.380366,04:22:04.385703,04:22:04.391284,04:22:04.539598,04:22:04.540172,04:22:03.940136
600,safe,04:22:07.087849,04:22:07.087849,04:22:07.088273,04:22:07.088273,04:22:07.089781,04:22:07.089781,04:22:07.091696,04:22:07.091696,04:22:07.101756,04:22:07.101802,04:22:07.119377,04:22:07.123337,04:22:07.539066,04:22:07.539103,04:22:07.545177,04:22:07.550899,04:22:07.556446,04:22:07.688653,04:22:07.688809,04:22:07.089123
600,safe,04:22:09.236684,04:22:09.236684,04:22:09.237071,04:22:09.237071,04:22:09.238317,04:22:09.238317,04:22:09.240111,04:22:09.240111,04:22:09.249409,04:22:09.249440,04:22:09.263512,04:22:09.266951,04:22:09.672421,04:22:09.672454,04:22:09.678548,04:22:09.683936,04:22:09.689480,04:22:09.837205,04:22:09.837368,04:22:09.237761
600,safe,04:22:12.366804,04:22:12.366804,04:22:12.367211,04:22:12.367211,04:22:12.368712,04:22:12.368712,04:22:12.370221,04:22:12.370221,04:22:12.379587,04:22:12.379607,04:22:12.404644,04:22:12.407902,04:22:12.812246,04:22:12.812277,04:22:12.818385,04:22:12.823992,04:22:12.830169,04:22:12.967539,04:22:12.967700,04:22:12.367902
600,safe,04:22:14.471974,04:22:14.471974,04:22:14.472333,04:22:14.472333,04:22:14.473865,04:22:14.473865,04:22:14.475533,04:22:14.475533,04:22:14.484985,04:22:14.485008,04:22:14.500032,04:22:14.503403,04:22:14.907847,04:22:14.907879,04:22:14.914031,04:22:14.919806,04:22:14.925819,04:22:15.072900,04:22:15.073056,04:22:14.473011
600,safe,04:22:17.662976,04:22:17.662976,04:22:17.663529,04:22:17.663529,04:22:17.664851,04:22:17.664851,04:22:17.666233,04:22:17.666233,04:22:17.677039,04:22:17.677068,04:22:17.691983,04:22:17.695149,04:22:18.099999,04:22:18.100029,04:22:18.106284,04:22:18.111601,04:22:18.119807,04:22:18.263820,04:22:18.264020,04:22:17.664271
600,safe,04:22:19.679835,04:22:19.679835,04:22:19.680235,04:22:19.680235,04:22:19.681770,04:22:19.681770,04:22:19.683299,04:22:19.683299,04:22:19.695332,04:22:19.695354,04:22:19.709140,04:22:19.712250,04:22:20.117190,04:22:20.117222,04:22:20.123075,04:22:20.128527,04:22:20.134623,04:22:20.280956,04:22:20.281140,04:22:19.681053
600,safe,04:22:21.827485,04:22:21.827485,04:22:21.828028,04:22:21.828028,04:22:21.829448,04:22:21.829448,04:22:21.831198,04:22:21.831198,04:22:21.840537,04:22:21.840560,04:22:21.854936,04:22:21.858338,04:22:22.263200,04:22:22.263232,04:22:22.269290,04:22:22.274583,04:22:22.279977,04:22:22.428058,04:22:22.428218,04:22:21.828879
600,safe,04:22:24.961762,04:22:24.961762,04:22:24.962103,04:22:24.962103,04:22:24.963677,04:22:24.963677,04:22:24.965279,04:22:24.965279,04:22:24.974887,04:22:24.974907,04:22:24.989642,04:22:24.992949,04:22:25.398055,04:22:25.398087,04:22:25.404177,04:22:25.409542,04:22:25.414964,04:22:25.562768,04:22:25.562966,04:22:24.962823
600,safe,04:22:28.105424,04:22:28.105424,04:22:28.105856,04:22:28.105856,04:22:28.107107,04:22:28.107107,04:22:28.108644,04:22:28.108644,04:22:28.118294,04:22:28.118315,04:22:28.132068,04:22:28.135111,04:22:28.540281,04:22:28.540310,04:22:28.546278,04:22:28.552540,04:22:28.558286,04:22:28.706118,04:22:28.706275,04:22:28.106537
600,safe,04:22:30.126669,04:22:30.126669,04:22:30.127065,04:22:30.127065,04:22:30.128272,04:22:30.128272,04:22:30.129611,04:22:30.129611,04:22:30.138858,04:22:30.138880,04:22:30.152702,04:22:30.155781,04:22:30.561356,04:22:30.561386,04:22:30.567770,04:22:30.573465,04:22:30.579084,04:22:30.727364,04:22:30.727531,04:22:30.127724
600,safe,04:22:32.253820,04:22:32.253820,04:22:32.254174,04:22:32.254174,04:22:32.255444,04:22:32.255444,04:22:32.256949,04:22:32.256949,04:22:32.266207,04:22:32.266231,04:22:32.280620,04:22:32.283746,04:22:32.689447,04:22:32.689478,04:22:32.695691,04:22:32.701239,04:22:32.707531,04:22:32.854909,04:22:32.855080,04:22:32.254898
600,safe,04:22:35.388226,04:22:35.388226,04:22:35.388650,04:22:35.388650,04:22:35.389908,04:22:35.389908,04:22:35.391561,04:22:35.391561,04:22:35.401269,04:22:35.401293,04:22:35.415339,04:22:35.418430,04:22:35.822724,04:22:35.822755,04:22:35.829092,04:22:35.835001,04:22:35.840723,04:22:35.988850,04:22:35.989019,04:22:35.389403
600,safe,04:22:38.534356,04:22:38.534356,04:22:38.534709,04:22:38.534709,04:22:38.535965,04:22:38.535965,04:22:38.537714,04:22:38.537714,04:22:38.547540,04:22:38.547564,04:22:38.562203,04:22:38.565437,04:22:38.970030,04:22:38.970062,04:22:38.975949,04:22:38.981395,04:22:38.987135,04:22:39.135009,04:22:39.135173,04:22:38.535419
600,safe,04:22:41.671432,04:22:41.671432,04:22:41.671902,04:22:41.671902,04:22:41.673150,04:22:41.673150,04:22:41.674648,04:22:41.674648,04:22:41.685046,04:22:41.685066,04:22:41.699253,04:22:41.702709,04:22:42.107474,04:22:42.107510,04:22:42.113626,04:22:42.119015,04:22:42.124728,04:22:42.271898,04:22:42.272057,04:22:41.672639
600,safe,04:22:44.805320,04:22:44.805320,04:22:44.805765,04:22:44.805765,04:22:44.806997,04:22:44.806997,04:22:44.808535,04:22:44.808535,04:22:44.817664,04:22:44.817689,04:22:44.841461,04:22:44.844516,04:22:45.249385,04:22:45.249418,04:22:45.255259,04:22:45.262670,04:22:45.269994,04:22:45.405970,04:22:45.406138,04:22:44.806501
600,safe,04:22:47.993705,04:22:47.993705,04:22:47.994097,04:22:47.994097,04:22:47.995316,04:22:47.995316,04:22:47.996826,04:22:47.996826,04:22:48.006063,04:22:48.006084,04:22:48.021495,04:22:48.025132,04:22:48.428469,04:22:48.428499,04:22:48.434600,04:22:48.440407,04:22:48.446126,04:22:48.594634,04:22:48.594810,04:22:47.994760
600,safe,04:22:50.132808,04:22:50.132808,04:22:50.133257,04:22:50.133257,04:22:50.134716,04:22:50.134716,04:22:50.136457,04:22:50.136457,04:22:50.146646,04:22:50.146668,04:22:50.161543,04:22:50.164725,04:22:50.570083,04:22:50.570114,04:22:50.576168,04:22:50.582004,04:22:50.587681,04:22:50.733672,04:22:50.733845,04:22:50.133940
600,safe,04:22:53.270002,04:22:53.270002,04:22:53.270393,04:22:53.270393,04:22:53.271633,04:22:53.271633,04:22:53.273172,04:22:53.273172,04:22:53.282871,04:22:53.282896,04:22:53.297347,04:22:53.300426,04:22:53.704652,04:22:53.704682,04:22:53.710998,04:22:53.716089,04:22:53.721601,04:22:53.870856,04:22:53.871068,04:22:53.271075
600,safe,04:22:55.400288,04:22:55.400288,04:22:55.400718,04:22:55.400718,04:22:55.402090,04:22:55.402090,04:22:55.403941,04:22:55.403941,04:22:55.413265,04:22:55.413289,04:22:55.427102,04:22:55.430147,04:22:55.833492,04:22:55.833521,04:22:55.839575,04:22:55.844861,04:22:55.850575,04:22:56.000995,04:22:56.001160,04:22:55.401467
600,safe,04:22:57.549317,04:22:57.549317,04:22:57.549808,04:22:57.549808,04:22:57.551110,04:22:57.551110,04:22:57.552730,04:22:57.552730,04:22:57.562269,04:22:57.562302,04:22:57.576103,04:22:57.579163,04:22:57.983996,04:22:57.984032,04:22:57.990413,04:22:57.996186,04:22:58.002345,04:22:58.150252,04:22:58.150413,04:22:57.550552
600,safe,04:22:59.686488,04:22:59.686488,04:22:59.686906,04:22:59.686906,04:22:59.688335,04:22:59.688335,04:22:59.690004,04:22:59.690004,04:22:59.699706,04:22:59.699807,04:22:59.715284,04:22:59.718588,04:23:00.126648,04:23:00.126680,04:23:00.132995,04:23:00.138473,04:23:00.144113,04:23:00.287247,04:23:00.287404,04:22:59.687590
600,safe,04:23:02.820208,04:23:02.820208,04:23:02.820678,04:23:02.820678,04:23:02.821903,04:23:02.821903,04:23:02.823520,04:23:02.823520,04:23:02.833553,04:23:02.833576,04:23:02.847698,04:23:02.850718,04:23:03.255217,04:23:03.255252,04:23:03.261422,04:23:03.266867,04:23:03.272692,04:23:03.421225,04:23:03.421395,04:23:02.821402
600,safe,04:23:04.950623,04:23:04.950623,04:23:04.951122,04:23:04.951122,04:23:04.952408,04:23:04.952408,04:23:04.954319,04:23:04.954319,04:23:04.963553,04:23:04.963587,04:23:04.977372,04:23:04.980425,04:23:05.384700,04:23:05.384732,04:23:05.391064,04:23:05.396644,04:23:05.402284,04:23:05.551259,04:23:05.551437,04:23:04.951848
600,safe,04:23:06.959842,04:23:06.959842,04:23:06.960323,04:23:06.960323,04:23:06.961823,04:23:06.961823,04:23:06.963579,04:23:06.963579,04:23:06.974385,04:23:06.974491,04:23:06.991946,04:23:06.996256,04:23:07.411572,04:23:07.411618,04:23:07.418314,04:23:07.425215,04:23:07.431715,04:23:07.560813,04:23:07.560998,04:23:06.961033
600,safe,04:23:08.993976,04:23:08.993976,04:23:08.994380,04:23:08.994380,04:23:08.995583,04:23:08.995583,04:23:08.997364,04:23:08.997364,04:23:09.006457,04:23:09.006476,04:23:09.020729,04:23:09.023823,04:23:09.428284,04:23:09.428317,04:23:09.434936,04:23:09.440515,04:23:09.446432,04:23:09.594758,04:23:09.594960,04:23:08.995077
600,safe,04:23:11.124390,04:23:11.124390,04:23:11.124939,04:23:11.124939,04:23:11.126377,04:23:11.126377,04:23:11.127900,04:23:11.127900,04:23:11.137239,04:23:11.137263,04:23:11.150844,04:23:11.154167,04:23:11.559458,04:23:11.559490,04:23:11.565272,04:23:11.570728,04:23:11.576409,04:23:11.724922,04:23:11.725100,04:23:11.125718
600,safe,04:23:14.256276,04:23:14.256276,04:23:14.256759,04:23:14.256759,04:23:14.258213,04:23:14.258213,04:23:14.260093,04:23:14.260093,04:23:14.270275,04:23:14.270309,04:23:14.295214,04:23:14.298482,04:23:14.704254,04:23:14.704290,04:23:14.710249,04:23:14.715735,04:23:14.721688,04:23:14.857095,04:23:14.857254,04:23:14.257565
600,safe,04:23:16.397113,04:23:16.397113,04:23:16.397521,04:23:16.397521,04:23:16.398769,04:23:16.398769,04:23:16.400435,04:23:16.400435,04:23:16.409862,04:23:16.409886,04:23:16.423724,04:23:16.426746,04:23:16.831545,04:23:16.831573,04:23:16.837633,04:23:16.842735,04:23:16.848384,04:23:16.998314,04:23:16.998491,04:23:16.398260
600,safe,04:23:18.418574,04:23:18.418574,04:23:18.419075,04:23:18.419075,04:23:18.420422,04:23:18.420422,04:23:18.421881,04:23:18.421881,04:23:18.432309,04:23:18.432331,04:23:18.447439,04:23:18.450561,04:23:18.854350,04:23:18.854382,04:23:18.860506,04:23:18.865728,04:23:18.871444,04:23:19.019270,04:23:19.019461,04:23:18.419883
600,safe,04:23:20.422740,04:23:20.422740,04:23:20.423077,04:23:20.423077,04:23:20.424607,04:23:20.424607,04:23:20.426176,04:23:20.426176,04:23:20.439553,04:23:20.439604,04:23:20.457573,04:23:20.461306,04:23:20.866696,04:23:20.866728,04:23:20.873138,04:23:20.878530,04:23:20.884417,04:23:21.023487,04:23:21.023652,04:23:20.423769
600,safe,04:23:23.569177,04:23:23.569177,04:23:23.569782,04:23:23.569782,04:23:23.571169,04:23:23.571169,04:23:23.572819,04:23:23.572819,04:23:23.582412,04:23:23.582437,04:23:23.597253,04:23:23.600321,04:23:24.003438,04:23:24.003467,04:23:24.009684,04:23:24.015407,04:23:24.021154,04:23:24.169701,04:23:24.169868,04:23:23.570554
600,safe,04:23:26.701297,04:23:26.701297,04:23:26.701665,04:23:26.701665,04:23:26.703215,04:23:26.703215,04:23:26.704754,04:23:26.704754,04:23:26.714009,04:23:26.714028,04:23:26.728567,04:23:26.731625,04:23:27.136527,04:23:27.136558,04:23:27.142546,04:23:27.148910,04:23:27.156371,04:23:27.302315,04:23:27.302482,04:23:26.702362
600,safe,04:23:28.726994,04:23:28.726994,04:23:28.727518,04:23:28.727518,04:23:28.728913,04:23:28.728913,04:23:28.730563,04:23:28.730563,04:23:28.740037,04:23:28.740062,04:23:28.754442,04:23:28.757858,04:23:29.161700,04:23:29.161734,04:23:29.167926,04:23:29.173527,04:23:29.179314,04:23:29.327607,04:23:29.327785,04:23:28.728298
600,safe,04:23:31.891118,04:23:31.891118,04:23:31.891471,04:23:31.891471,04:23:31.892979,04:23:31.892979,04:23:31.894700,04:23:31.894700,04:23:31.903880,04:23:31.903901,04:23:31.918311,04:23:31.921408,04:23:32.326757,04:23:32.326793,04:23:32.333127,04:23:32.342101,04:23:32.350133,04:23:32.492075,04:23:32.492233,04:23:31.892206
600,safe,04:23:34.030049,04:23:34.030049,04:23:34.030532,04:23:34.030532,04:23:34.031945,04:23:34.031945,04:23:34.033471,04:23:34.033471,04:23:34.042928,04:23:34.042991,04:23:34.057566,04:23:34.060711,04:23:34.468645,04:23:34.468679,04:23:34.475320,04:23:34.480940,04:23:34.487170,04:23:34.630823,04:23:34.631018,04:23:34.031348
600,safe,04:23:36.047716,04:23:36.047716,04:23:36.048189,04:23:36.048189,04:23:36.049512,04:23:36.049512,04:23:36.051277,04:23:36.051277,04:23:36.061015,04:23:36.061054,04:23:36.075243,04:23:36.078309,04:23:36.484412,04:23:36.484444,04:23:36.490850,04:23:36.496496,04:23:36.502164,04:23:36.648419,04:23:36.648580,04:23:36.048923
600,safe,04:23:39.199363,04:23:39.199363,04:23:39.199808,04:23:39.199808,04:23:39.201058,04:23:39.201058,04:23:39.202570,04:23:39.202570,04:23:39.213046,04:23:39.213068,04:23:39.227284,04:23:39.230427,04:23:39.636250,04:23:39.636282,04:23:39.642367,04:23:39.647638,04:23:39.653253,04:23:39.799843,04:23:39.800000,04:23:39.200515
600,safe,04:23:42.333493,04:23:42.333493,04:23:42.333933,04:23:42.333933,04:23:42.335307,04:23:42.335307,04:23:42.336948,04:23:42.336948,04:23:42.346429,04:23:42.346483,04:23:42.360528,04:23:42.363671,04:23:42.767691,04:23:42.767724,04:23:42.773560,04:23:42.778940,04:23:42.784383,04:23:42.934568,04:23:42.934777,04:23:42.334601
600,safe,04:23:45.467694,04:23:45.467694,04:23:45.468101,04:23:45.468101,04:23:45.469243,04:23:45.469243,04:23:45.470766,04:23:45.470766,04:23:45.479829,04:23:45.479858,04:23:45.502563,04:23:45.505782,04:23:45.909819,04:23:45.909850,04:23:45.916132,04:23:45.921659,04:23:45.927351,04:23:46.068730,04:23:46.068903,04:23:45.468739
