attacker_delay,outcome,attacker_start_time,Document_lookup_start,Document_lookup_end,Blob_fetch_start,Blob_fetch_end,Initial_sec_validation_start,Initial_sec_validation_end,Document_marked_safe_start,Document_marked_safe_end,Dispatch_to_agent_start,Dispatch_to_agent_end,LLM_inference_start,LLM_inference_end,Agent_retrieves_document_state_start,Agent_retrieves_document_state_end,Agent_retrieves_document_start,Agent_retrieves_document_end,attacker_modify_time,attacker_modify_done,blob_read_time
1,blocked,21:03:52.385069,21:03:52.385069,21:03:52.387079,21:03:52.387079,21:03:52.390053,21:03:52.390053,21:03:52.398333,21:03:52.398333,,,,,,,,,,21:03:52.386292,21:03:52.386706,21:03:52.388490
1,blocked,21:03:52.880077,21:03:52.880077,21:03:52.880761,21:03:52.880761,21:03:52.882739,21:03:52.882739,21:03:52.884715,21:03:52.884715,,,,,,,,,,21:03:52.881423,21:03:52.881536,21:03:52.881953
1,leak,21:03:53.340424,21:03:53.340424,21:03:53.340972,21:03:53.340972,21:03:53.342922,21:03:53.342922,21:03:53.345097,21:03:53.345097,21:03:53.356557,21:03:53.356595,21:03:53.804872,21:03:53.817313,21:03:54.194059,21:03:54.194097,21:03:54.200376,21:03:54.200402,21:03:54.207413,21:03:53.342532,21:03:53.342656,21:03:53.342118
1,leak,21:03:58.454208,21:03:58.454208,21:03:58.454739,21:03:58.454739,21:03:58.456104,21:03:58.456104,21:03:58.459038,21:03:58.459038,21:03:58.468722,21:03:58.468749,21:03:58.482182,21:03:58.491390,21:03:58.891787,21:03:58.891818,21:03:58.898461,21:03:58.898506,21:03:58.905017,21:03:58.467628,21:03:58.467743,21:03:58.455535
1,leak,21:04:03.157349,21:04:03.157349,21:04:03.157733,21:04:03.157733,21:04:03.159073,21:04:03.159073,21:04:03.160715,21:04:03.160715,21:04:03.170686,21:04:03.170707,21:04:03.182335,21:04:03.191851,21:04:03.590907,21:04:03.590963,21:04:03.597915,21:04:03.597941,21:04:03.603869,21:04:03.158887,21:04:03.159016,21:04:03.158540
1,leak,21:04:07.827875,21:04:07.827875,21:04:07.828421,21:04:07.828421,21:04:07.830482,21:04:07.830482,21:04:07.832296,21:04:07.832296,21:04:07.842115,21:04:07.842156,21:04:07.855506,21:04:07.864681,21:04:08.264383,21:04:08.264416,21:04:08.270638,21:04:08.270662,21:04:08.276839,21:04:07.829707,21:04:07.829799,21:04:07.829460
1,leak,21:04:11.403713,21:04:11.403713,21:04:11.404343,21:04:11.404343,21:04:11.405816,21:04:11.405816,21:04:11.407500,21:04:11.407500,21:04:11.417067,21:04:11.417088,21:04:11.433736,21:04:11.442896,21:04:11.846213,21:04:11.846245,21:04:11.852534,21:04:11.852566,21:04:11.858809,21:04:11.405561,21:04:11.405653,21:04:11.405262
1,leak,21:04:16.032785,21:04:16.032785,21:04:16.033317,21:04:16.033317,21:04:16.034831,21:04:16.034831,21:04:16.036587,21:04:16.036587,21:04:16.053293,21:04:16.053325,21:04:16.066462,21:04:16.076014,21:04:16.479501,21:04:16.479531,21:04:16.485939,21:04:16.485970,21:04:16.492409,21:04:16.034463,21:04:16.034582,21:04:16.034151
1,blocked,21:04:20.774058,21:04:20.774058,21:04:20.774650,21:04:20.774650,21:04:20.776273,21:04:20.776273,21:04:20.777881,21:04:20.777881,,,,,,,,,,21:04:20.775273,21:04:20.775399,21:04:20.775736
1,blocked,21:04:21.232469,21:04:21.232469,21:04:21.233138,21:04:21.233138,21:04:21.235603,21:04:21.235603,21:04:21.237254,21:04:21.237254,,,,,,,,,,21:04:21.234030,21:04:21.234213,21:04:21.234771
1,leak,21:04:21.698642,21:04:21.698642,21:04:21.699238,21:04:21.699238,21:04:21.700925,21:04:21.700925,21:04:21.702685,21:04:21.702685,21:04:21.712513,21:04:21.712537,21:04:21.726047,21:04:21.735795,21:04:22.183358,21:04:22.183388,21:04:22.189489,21:04:22.189517,21:04:22.196468,21:04:21.700412,21:04:21.700509,21:04:21.700094
1,leak,21:04:25.211551,21:04:25.211551,21:04:25.212024,21:04:25.212024,21:04:25.214026,21:04:25.214026,21:04:25.215721,21:04:25.215721,21:04:25.226221,21:04:25.226255,21:04:25.242833,21:04:25.252234,21:04:25.661576,21:04:25.661613,21:04:25.667509,21:04:25.667533,21:04:25.673408,21:04:25.213094,21:04:25.213208,21:04:25.212864
1,leak,21:04:29.889248,21:04:29.889248,21:04:29.889713,21:04:29.889713,21:04:29.891449,21:04:29.891449,21:04:29.893122,21:04:29.893122,21:04:29.904067,21:04:29.904101,21:04:29.917299,21:04:29.926910,21:04:30.338676,21:04:30.338704,21:04:30.344327,21:04:30.344350,21:04:30.350159,21:04:29.890869,21:04:29.890966,21:04:29.890540
1,leak,21:04:34.642004,21:04:34.642004,21:04:34.642520,21:04:34.642520,21:04:34.644075,21:04:34.644075,21:04:34.645743,21:04:34.645743,21:04:34.685898,21:04:34.685951,21:04:34.706605,21:04:34.716525,21:04:35.134951,21:04:35.134982,21:04:35.141083,21:04:35.141106,21:04:35.146824,21:04:34.643779,21:04:34.643883,21:04:34.643414
1,blocked,21:04:39.498177,21:04:39.498177,21:04:39.498807,21:04:39.498807,21:04:39.500786,21:04:39.500786,21:04:39.502701,21:04:39.502701,,,,,,,,,,21:04:39.499586,21:04:39.499725,21:04:39.500091
1,blocked,21:04:40.004522,21:04:40.004522,21:04:40.005125,21:04:40.005125,21:04:40.007075,21:04:40.007075,21:04:40.009041,21:04:40.009041,,,,,,,,,,21:04:40.005788,21:04:40.005935,21:04:40.006335
1,blocked,21:04:40.505408,21:04:40.505408,21:04:40.506032,21:04:40.506032,21:04:40.507900,21:04:40.507900,21:04:40.509863,21:04:40.509863,,,,,,,,,,21:04:40.506705,21:04:40.506857,21:04:40.507349
1,blocked,21:04:40.998628,21:04:40.998628,21:04:40.999150,21:04:40.999150,21:04:41.001168,21:04:41.001168,21:04:41.002957,21:04:41.002957,,,,,,,,,,21:04:41.000026,21:04:41.000169,21:04:41.000513
1,blocked,21:04:41.506678,21:04:41.506678,21:04:41.507352,21:04:41.507352,21:04:41.508979,21:04:41.508979,21:04:41.510693,21:04:41.510693,,,,,,,,,,21:04:41.507859,21:04:41.507983,21:04:41.508431
1,blocked,21:04:42.062880,21:04:42.062880,21:04:42.063658,21:04:42.063658,21:04:42.065555,21:04:42.065555,21:04:42.067449,21:04:42.067449,,,,,,,,,,21:04:42.064272,21:04:42.064423,21:04:42.064775
1,blocked,21:04:42.624072,21:04:42.624072,21:04:42.624600,21:04:42.624600,21:04:42.626986,21:04:42.626986,21:04:42.629053,21:04:42.629053,,,,,,,,,,21:04:42.625438,21:04:42.625589,21:04:42.626088
1,leak,21:04:43.142676,21:04:43.142676,21:04:43.143167,21:04:43.143167,21:04:43.144714,21:04:43.144714,21:04:43.146721,21:04:43.146721,21:04:43.213363,21:04:43.213411,21:04:43.227104,21:04:43.237234,21:04:43.711963,21:04:43.711997,21:04:43.718387,21:04:43.718423,21:04:43.725658,21:04:43.144443,21:04:43.144549,21:04:43.144089
1,leak,21:04:47.996268,21:04:47.996268,21:04:47.996718,21:04:47.996718,21:04:47.998151,21:04:47.998151,21:04:47.999838,21:04:47.999838,21:04:48.049929,21:04:48.049980,21:04:48.062872,21:04:48.071701,21:04:48.481125,21:04:48.481157,21:04:48.487466,21:04:48.487495,21:04:48.493256,21:04:47.997927,21:04:47.998034,21:04:47.997548
1,leak,21:04:51.745792,21:04:51.745792,21:04:51.746217,21:04:51.746217,21:04:51.747828,21:04:51.747828,21:04:51.749329,21:04:51.749329,21:04:51.794374,21:04:51.794423,21:04:51.807799,21:04:51.816326,21:04:52.226320,21:04:52.226349,21:04:52.232132,21:04:52.232154,21:04:52.237715,21:04:51.747326,21:04:51.747414,21:04:51.747031
1,blocked,21:04:56.377116,21:04:56.377116,21:04:56.377567,21:04:56.377567,21:04:56.379585,21:04:56.379585,21:04:56.381290,21:04:56.381290,,,,,,,,,,21:04:56.378332,21:04:56.378484,21:04:56.378969
1,safe,21:04:56.861362,21:04:56.861362,21:04:56.861937,21:04:56.861937,21:04:56.863669,21:04:56.863669,21:04:56.865296,21:04:56.865296,21:04:56.909469,21:04:56.909512,21:04:56.921145,21:04:56.930102,21:04:57.361782,21:04:57.361818,21:04:57.368331,21:04:57.368357,21:04:57.374842,21:04:56.863152,21:04:56.863279,21:04:56.862840
1,leak,21:05:02.275303,21:05:02.275303,21:05:02.275826,21:05:02.275826,21:05:02.277384,21:05:02.277384,21:05:02.279879,21:05:02.279879,21:05:02.324497,21:05:02.324563,21:05:02.340708,21:05:02.352944,21:05:02.803602,21:05:02.803638,21:05:02.809725,21:05:02.809750,21:05:02.815836,21:05:02.277652,21:05:02.277790,21:05:02.276687
1,leak,21:05:05.471496,21:05:05.471496,21:05:05.471924,21:05:05.471924,21:05:05.473442,21:05:05.473442,21:05:05.475013,21:05:05.475013,21:05:05.526806,21:05:05.526855,21:05:05.541269,21:05:05.550350,21:05:05.969619,21:05:05.969654,21:05:05.975503,21:05:05.975526,21:05:05.980772,21:05:05.473144,21:05:05.473248,21:05:05.472818
1,leak,21:05:10.043891,21:05:10.043891,21:05:10.044400,21:05:10.044400,21:05:10.045884,21:05:10.045884,21:05:10.047330,21:05:10.047330,21:05:10.088179,21:05:10.088230,21:05:10.100490,21:05:10.109117,21:05:10.535477,21:05:10.535509,21:05:10.541275,21:05:10.541299,21:05:10.547092,21:05:10.045594,21:05:10.045693,21:05:10.045265
1,leak,21:05:14.855697,21:05:14.855697,21:05:14.856177,21:05:14.856177,21:05:14.857658,21:05:14.857658,21:05:14.859545,21:05:14.859545,21:05:14.900877,21:05:14.900923,21:05:14.912314,21:05:14.921379,21:05:15.366457,21:05:15.366490,21:05:15.372561,21:05:15.372585,21:05:15.378355,21:05:14.857426,21:05:14.857536,21:05:14.857090
1,leak,21:05:19.631196,21:05:19.631196,21:05:19.631728,21:05:19.631728,21:05:19.633231,21:05:19.633231,21:05:19.634720,21:05:19.634720,21:05:19.691409,21:05:19.691448,21:05:19.703688,21:05:19.713042,21:05:20.131058,21:05:20.131086,21:05:20.137147,21:05:20.137174,21:05:20.142664,21:05:19.632950,21:05:19.633046,21:05:19.632589
1,safe,21:05:22.758489,21:05:22.758489,21:05:22.758985,21:05:22.758985,21:05:22.760540,21:05:22.760540,21:05:22.762154,21:05:22.762154,21:05:22.814222,21:05:22.814274,21:05:22.828790,21:05:22.838209,21:05:23.260660,21:05:23.260691,21:05:23.266439,21:05:23.266468,21:05:23.271764,21:05:22.760209,21:05:22.760342,21:05:22.759883
1,safe,21:05:27.878524,21:05:27.878524,21:05:27.878989,21:05:27.878989,21:05:27.880463,21:05:27.880463,21:05:27.882561,21:05:27.882561,21:05:27.942174,21:05:27.942219,21:05:27.954916,21:05:27.964048,21:05:28.380941,21:05:28.380971,21:05:28.387482,21:05:28.387505,21:05:28.392832,21:05:27.895844,21:05:27.896012,21:05:27.879901
1,leak,21:05:32.963759,21:05:32.963759,21:05:32.964290,21:05:32.964290,21:05:32.965807,21:05:32.965807,21:05:32.968640,21:05:32.968640,21:05:32.979025,21:05:32.979058,21:05:33.004506,21:05:33.014985,21:05:33.448196,21:05:33.448230,21:05:33.454829,21:05:33.454859,21:05:33.460768,21:05:32.981293,21:05:32.981431,21:05:32.965143
1,leak,21:05:37.744656,21:05:37.744656,21:05:37.745117,21:05:37.745117,21:05:37.746496,21:05:37.746496,21:05:37.748090,21:05:37.748090,21:05:37.757574,21:05:37.757600,21:05:37.773487,21:05:37.783101,21:05:38.212128,21:05:38.212160,21:05:38.218701,21:05:38.218734,21:05:38.225242,21:05:37.746467,21:05:37.746583,21:05:37.745887
1,blocked,21:05:42.465570,21:05:42.465570,21:05:42.466287,21:05:42.466287,21:05:42.468636,21:05:42.468636,21:05:42.470626,21:05:42.470626,,,,,,,,,,21:05:42.467009,21:05:42.467176,21:05:42.467681
1,safe,21:05:42.979640,21:05:42.979640,21:05:42.980151,21:05:42.980151,21:05:42.981689,21:05:42.981689,21:05:42.983256,21:05:42.983256,21:05:42.992926,21:05:42.992965,21:05:43.005378,21:05:43.014712,21:05:43.456083,21:05:43.456115,21:05:43.462538,21:05:43.462565,21:05:43.469246,21:05:42.981366,21:05:42.981466,21:05:42.981035
1,safe,21:05:47.928742,21:05:47.928742,21:05:47.929146,21:05:47.929146,21:05:47.930532,21:05:47.930532,21:05:47.932227,21:05:47.932227,21:05:47.942260,21:05:47.942279,21:05:47.954460,21:05:47.963571,21:05:48.395374,21:05:48.395406,21:05:48.401650,21:05:48.401676,21:05:48.407755,21:05:47.930219,21:05:47.930322,21:05:47.929880
1,leak,21:05:52.999283,21:05:52.999283,21:05:52.999653,21:05:52.999653,21:05:53.001337,21:05:53.001337,21:05:53.004152,21:05:53.004152,21:05:53.015247,21:05:53.015309,21:05:53.030979,21:05:53.041833,21:05:53.474014,21:05:53.474046,21:05:53.480467,21:05:53.480494,21:05:53.486505,21:05:53.001622,21:05:53.001724,21:05:53.000459
1,blocked,21:05:56.377327,21:05:56.377327,21:05:56.377921,21:05:56.377921,21:05:56.379839,21:05:56.379839,21:05:56.381516,21:05:56.381516,,,,,,,,,,21:05:56.378774,21:05:56.378879,21:05:56.379161
1,leak,21:05:56.852883,21:05:56.852883,21:05:56.853439,21:05:56.853439,21:05:56.855155,21:05:56.855155,21:05:56.856969,21:05:56.856969,21:05:56.866502,21:05:56.866529,21:05:56.882310,21:05:56.891769,21:05:57.322602,21:05:57.322634,21:05:57.329168,21:05:57.329199,21:05:57.336708,21:05:56.854647,21:05:56.854755,21:05:56.854280
1,leak,21:06:00.575845,21:06:00.575845,21:06:00.576483,21:06:00.576483,21:06:00.578170,21:06:00.578170,21:06:00.580207,21:06:00.580207,21:06:00.590318,21:06:00.590358,21:06:00.608710,21:06:00.618754,21:06:01.067454,21:06:01.067495,21:06:01.075075,21:06:01.075110,21:06:01.082858,21:06:00.577918,21:06:00.578015,21:06:00.577450
1,blocked,21:06:05.301881,21:06:05.301881,21:06:05.302852,21:06:05.302852,21:06:05.304354,21:06:05.304354,21:06:05.306079,21:06:05.306079,,,,,,,,,,21:06:05.302888,21:06:05.302991,21:06:05.303772
1,leak,21:06:05.778303,21:06:05.778303,21:06:05.778799,21:06:05.778799,21:06:05.780982,21:06:05.780982,21:06:05.782642,21:06:05.782642,21:06:05.792871,21:06:05.792895,21:06:05.804852,21:06:05.814048,21:06:06.250864,21:06:06.250898,21:06:06.257848,21:06:06.257874,21:06:06.264989,21:06:05.780112,21:06:05.780247,21:06:05.779782
1,leak,21:06:10.455872,21:06:10.455872,21:06:10.456276,21:06:10.456276,21:06:10.457887,21:06:10.457887,21:06:10.459647,21:06:10.459647,21:06:10.469410,21:06:10.469432,21:06:10.485640,21:06:10.495294,21:06:10.919123,21:06:10.919159,21:06:10.925828,21:06:10.925858,21:06:10.931941,21:06:10.457634,21:06:10.457821,21:06:10.457035
1,leak,21:06:14.134237,21:06:14.134237,21:06:14.134678,21:06:14.134678,21:06:14.136338,21:06:14.136338,21:06:14.138098,21:06:14.138098,21:06:14.147847,21:06:14.147891,21:06:14.165039,21:06:14.175495,21:06:14.635483,21:06:14.635522,21:06:14.642654,21:06:14.642708,21:06:14.651578,21:06:14.136042,21:06:14.136231,21:06:14.135658
1,leak,21:06:19.068113,21:06:19.068113,21:06:19.068556,21:06:19.068556,21:06:19.070085,21:06:19.070085,21:06:19.071993,21:06:19.071993,21:06:19.118192,21:06:19.118234,21:06:19.129657,21:06:19.138641,21:06:19.565106,21:06:19.565142,21:06:19.572107,21:06:19.572131,21:06:19.577850,21:06:19.069715,21:06:19.069813,21:06:19.069405
1,safe,21:06:23.084997,21:06:23.084997,21:06:23.085647,21:06:23.085647,21:06:23.087335,21:06:23.087335,21:06:23.088967,21:06:23.088967,21:06:23.158993,21:06:23.159043,21:06:23.174723,21:06:23.186006,21:06:23.617301,21:06:23.617328,21:06:23.625868,21:06:23.625895,21:06:23.631994,21:06:23.086865,21:06:23.086969,21:06:23.086541
1,leak,21:06:28.382648,21:06:28.382648,21:06:28.383158,21:06:28.383158,21:06:28.384719,21:06:28.384719,21:06:28.387286,21:06:28.387286,21:06:28.420083,21:06:28.420131,21:06:28.439577,21:06:28.448679,21:06:28.868981,21:06:28.869014,21:06:28.875627,21:06:28.875654,21:06:28.882018,21:06:28.384605,21:06:28.384696,21:06:28.384030
1,blocked,21:06:33.135055,21:06:33.135055,21:06:33.135577,21:06:33.135577,21:06:33.137373,21:06:33.137373,21:06:33.139015,21:06:33.139015,,,,,,,,,,21:06:33.136335,21:06:33.136452,21:06:33.136777
1,safe,21:06:33.622217,21:06:33.622217,21:06:33.622703,21:06:33.622703,21:06:33.624183,21:06:33.624183,21:06:33.625945,21:06:33.625945,21:06:33.676177,21:06:33.676220,21:06:33.688576,21:06:33.697633,21:06:34.152163,21:06:34.152197,21:06:34.158453,21:06:34.158477,21:06:34.164333,21:06:33.623926,21:06:33.624033,21:06:33.623572
1,leak,21:06:38.841252,21:06:38.841252,21:06:38.841781,21:06:38.841781,21:06:38.843349,21:06:38.843349,21:06:38.846164,21:06:38.846164,21:06:38.884549,21:06:38.884593,21:06:38.896644,21:06:38.905761,21:06:39.319741,21:06:39.319774,21:06:39.325817,21:06:39.325842,21:06:39.331787,21:06:38.843306,21:06:38.843427,21:06:38.842655
1,leak,21:06:42.394142,21:06:42.394142,21:06:42.394556,21:06:42.394556,21:06:42.396243,21:06:42.396243,21:06:42.397901,21:06:42.397901,21:06:42.436050,21:06:42.436126,21:06:42.466544,21:06:42.482319,21:06:42.919798,21:06:42.919833,21:06:42.926088,21:06:42.926112,21:06:42.931360,21:06:42.395726,21:06:42.395829,21:06:42.395405
1,safe,21:06:47.195245,21:06:47.195245,21:06:47.195621,21:06:47.195621,21:06:47.196914,21:06:47.196914,21:06:47.198413,21:06:47.198413,21:06:47.232315,21:06:47.232347,21:06:47.243523,21:06:47.252704,21:06:47.670925,21:06:47.670953,21:06:47.676961,21:06:47.676986,21:06:47.682735,21:06:47.196710,21:06:47.196815,21:06:47.196364
1,leak,21:06:52.221502,21:06:52.221502,21:06:52.221943,21:06:52.221943,21:06:52.223183,21:06:52.223183,21:06:52.225280,21:06:52.225280,21:06:52.234624,21:06:52.234647,21:06:52.246224,21:06:52.255271,21:06:52.684045,21:06:52.684077,21:06:52.690259,21:06:52.690284,21:06:52.696098,21:06:52.241740,21:06:52.241846,21:06:52.222658
1,leak,21:06:56.855791,21:06:56.855791,21:06:56.856265,21:06:56.856265,21:06:56.857650,21:06:56.857650,21:06:56.859168,21:06:56.859168,21:06:56.869633,21:06:56.869656,21:06:56.881257,21:06:56.890829,21:06:57.313172,21:06:57.313219,21:06:57.319536,21:06:57.319560,21:06:57.325269,21:06:56.857442,21:06:56.857531,21:06:56.857082
1,safe,21:07:00.591109,21:07:00.591109,21:07:00.591559,21:07:00.591559,21:07:00.592923,21:07:00.592923,21:07:00.594402,21:07:00.594402,21:07:00.603733,21:07:00.603755,21:07:00.617412,21:07:00.626004,21:07:01.044027,21:07:01.044055,21:07:01.050221,21:07:01.050244,21:07:01.055908,21:07:00.592643,21:07:00.592735,21:07:00.592346
1,leak,21:07:05.703813,21:07:05.703813,21:07:05.704220,21:07:05.704220,21:07:05.705751,21:07:05.705751,21:07:05.708426,21:07:05.708426,21:07:05.718052,21:07:05.718083,21:07:05.730102,21:07:05.738968,21:07:06.160630,21:07:06.160667,21:07:06.170576,21:07:06.170601,21:07:06.176263,21:07:05.727880,21:07:05.727993,21:07:05.704951
1,leak,21:07:10.404921,21:07:10.404921,21:07:10.405282,21:07:10.405282,21:07:10.406725,21:07:10.406725,21:07:10.408320,21:07:10.408320,21:07:10.418448,21:07:10.418477,21:07:10.429997,21:07:10.438588,21:07:10.862591,21:07:10.862620,21:07:10.868434,21:07:10.868459,21:07:10.874430,21:07:10.406446,21:07:10.406550,21:07:10.405949
1,leak,21:07:15.144923,21:07:15.144923,21:07:15.145416,21:07:15.145416,21:07:15.146798,21:07:15.146798,21:07:15.148273,21:07:15.148273,21:07:15.158292,21:07:15.158313,21:07:15.173349,21:07:15.182635,21:07:15.617297,21:07:15.617329,21:07:15.623435,21:07:15.623460,21:07:15.629736,21:07:15.146526,21:07:15.146613,21:07:15.146205
1,leak,21:07:18.891897,21:07:18.891897,21:07:18.892377,21:07:18.892377,21:07:18.894013,21:07:18.894013,21:07:18.895693,21:07:18.895693,21:07:18.905190,21:07:18.905210,21:07:18.919477,21:07:18.928702,21:07:19.337012,21:07:19.337043,21:07:19.343706,21:07:19.343763,21:07:19.350099,21:07:18.893542,21:07:18.893646,21:07:18.893198
1,leak,21:07:23.572570,21:07:23.572570,21:07:23.572992,21:07:23.572992,21:07:23.574507,21:07:23.574507,21:07:23.576306,21:07:23.576306,21:07:23.585600,21:07:23.585631,21:07:23.606755,21:07:23.615909,21:07:24.030854,21:07:24.030890,21:07:24.037301,21:07:24.037326,21:07:24.043411,21:07:23.574028,21:07:23.574117,21:07:23.573717
1,leak,21:07:28.200325,21:07:28.200325,21:07:28.200649,21:07:28.200649,21:07:28.201928,21:07:28.201928,21:07:28.203430,21:07:28.203430,21:07:28.212712,21:07:28.212739,21:07:28.227046,21:07:28.236056,21:07:28.653092,21:07:28.653119,21:07:28.659574,21:07:28.659597,21:07:28.666562,21:07:28.201644,21:07:28.201736,21:07:28.201311
1,safe,21:07:32.973398,21:07:32.973398,21:07:32.973724,21:07:32.973724,21:07:32.975029,21:07:32.975029,21:07:32.976723,21:07:32.976723,21:07:32.986322,21:07:32.986346,21:07:33.000051,21:07:33.008828,21:07:33.423665,21:07:33.423697,21:07:33.430116,21:07:33.430141,21:07:33.436041,21:07:32.975110,21:07:32.975261,21:07:32.974421
1,leak,21:07:38.088848,21:07:38.088848,21:07:38.089332,21:07:38.089332,21:07:38.090739,21:07:38.090739,21:07:38.092924,21:07:38.092924,21:07:38.102419,21:07:38.102442,21:07:38.116415,21:07:38.124988,21:07:38.539618,21:07:38.539647,21:07:38.545535,21:07:38.545560,21:07:38.551289,21:07:38.107747,21:07:38.107855,21:07:38.090108
1,leak,21:07:41.554441,21:07:41.554441,21:07:41.554829,21:07:41.554829,21:07:41.556062,21:07:41.556062,21:07:41.557524,21:07:41.557524,21:07:41.567090,21:07:41.567113,21:07:41.584312,21:07:41.594125,21:07:42.006797,21:07:42.006828,21:07:42.012937,21:07:42.012969,21:07:42.018691,21:07:41.555823,21:07:41.555911,21:07:41.555531
1,leak,21:07:44.961763,21:07:44.961763,21:07:44.962199,21:07:44.962199,21:07:44.963686,21:07:44.963686,21:07:44.965283,21:07:44.965283,21:07:44.974660,21:07:44.974678,21:07:44.988278,21:07:44.997417,21:07:45.406745,21:07:45.406773,21:07:45.412929,21:07:45.412954,21:07:45.418616,21:07:44.963332,21:07:44.963415,21:07:44.963018
1,leak,21:07:48.569347,21:07:48.569347,21:07:48.569845,21:07:48.569845,21:07:48.571329,21:07:48.571329,21:07:48.572795,21:07:48.572795,21:07:48.582143,21:07:48.582168,21:07:48.596038,21:07:48.604605,21:07:49.016979,21:07:49.017018,21:07:49.023246,21:07:49.023272,21:07:49.028978,21:07:48.571573,21:07:48.571688,21:07:48.570691
1,leak,21:07:53.301011,21:07:53.301011,21:07:53.301455,21:07:53.301455,21:07:53.302763,21:07:53.302763,21:07:53.304278,21:07:53.304278,21:07:53.313783,21:07:53.313823,21:07:53.328104,21:07:53.337009,21:07:53.754085,21:07:53.754112,21:07:53.760249,21:07:53.760274,21:07:53.765669,21:07:53.302519,21:07:53.302613,21:07:53.302200
1,leak,21:07:57.923393,21:07:57.923393,21:07:57.923747,21:07:57.923747,21:07:57.925041,21:07:57.925041,21:07:57.926629,21:07:57.926629,21:07:57.936118,21:07:57.936135,21:07:57.949599,21:07:57.958647,21:07:58.391967,21:07:58.391995,21:07:58.397904,21:07:58.397924,21:07:58.403246,21:07:57.924774,21:07:57.924866,21:07:57.924465
1,blocked,21:08:02.629707,21:08:02.629707,21:08:02.630486,21:08:02.630486,21:08:02.633302,21:08:02.633302,21:08:02.635273,21:08:02.635273,,,,,,,,,,21:08:02.631459,21:08:02.631664,21:08:02.632249
1,leak,21:08:03.093562,21:08:03.093562,21:08:03.093897,21:08:03.093897,21:08:03.095202,21:08:03.095202,21:08:03.096891,21:08:03.096891,21:08:03.107097,21:08:03.107141,21:08:03.125204,21:08:03.136379,21:08:03.565238,21:08:03.565270,21:08:03.570826,21:08:03.570847,21:08:03.576429,21:08:03.095022,21:08:03.095105,21:08:03.094643
1,leak,21:08:07.768079,21:08:07.768079,21:08:07.768567,21:08:07.768567,21:08:07.769956,21:08:07.769956,21:08:07.771470,21:08:07.771470,21:08:07.781163,21:08:07.781194,21:08:07.795646,21:08:07.805820,21:08:08.230175,21:08:08.230208,21:08:08.236574,21:08:08.236606,21:08:08.242631,21:08:07.769752,21:08:07.769861,21:08:07.769363
1,leak,21:08:12.467355,21:08:12.467355,21:08:12.467934,21:08:12.467934,21:08:12.470232,21:08:12.470232,21:08:12.472703,21:08:12.472703,21:08:12.484073,21:08:12.484145,21:08:12.504316,21:08:12.517500,21:08:12.961529,21:08:12.961559,21:08:12.967697,21:08:12.967725,21:08:12.973944,21:08:12.469285,21:08:12.469405,21:08:12.469044
1,safe,21:08:16.260490,21:08:16.260490,21:08:16.260960,21:08:16.260960,21:08:16.262230,21:08:16.262230,21:08:16.264017,21:08:16.264017,21:08:16.273851,21:08:16.273887,21:08:16.297956,21:08:16.307049,21:08:16.726672,21:08:16.726703,21:08:16.732931,21:08:16.732958,21:08:16.739148,21:08:16.262011,21:08:16.262099,21:08:16.261714
1,leak,21:08:21.476354,21:08:21.476354,21:08:21.476790,21:08:21.476790,21:08:21.478356,21:08:21.478356,21:08:21.480778,21:08:21.480778,21:08:21.490389,21:08:21.490423,21:08:21.505041,21:08:21.513765,21:08:21.932430,21:08:21.932465,21:08:21.938837,21:08:21.938864,21:08:21.944681,21:08:21.502873,21:08:21.502997,21:08:21.477588
1,leak,21:08:25.113501,21:08:25.113501,21:08:25.113993,21:08:25.113993,21:08:25.115376,21:08:25.115376,21:08:25.117044,21:08:25.117044,21:08:25.126793,21:08:25.126819,21:08:25.141469,21:08:25.150448,21:08:25.571581,21:08:25.571615,21:08:25.577902,21:08:25.577929,21:08:25.583868,21:08:25.115101,21:08:25.115198,21:08:25.114789
1,leak,21:08:28.781646,21:08:28.781646,21:08:28.782137,21:08:28.782137,21:08:28.783544,21:08:28.783544,21:08:28.784971,21:08:28.784971,21:08:28.794529,21:08:28.794555,21:08:28.809211,21:08:28.818500,21:08:29.237651,21:08:29.237688,21:08:29.244139,21:08:29.244168,21:08:29.250220,21:08:28.783242,21:08:28.783343,21:08:28.782918
1,blocked,21:08:33.476848,21:08:33.476848,21:08:33.477333,21:08:33.477333,21:08:33.479466,21:08:33.479466,21:08:33.481100,21:08:33.481100,,,,,,,,,,21:08:33.478115,21:08:33.478260,21:08:33.478567
1,leak,21:08:33.947163,21:08:33.947163,21:08:33.947700,21:08:33.947700,21:08:33.949188,21:08:33.949188,21:08:33.950610,21:08:33.950610,21:08:33.961190,21:08:33.961250,21:08:33.979707,21:08:33.991961,21:08:34.420675,21:08:34.420709,21:08:34.427327,21:08:34.427357,21:08:34.433625,21:08:33.948871,21:08:33.948980,21:08:33.948561
1,blocked,21:08:38.659258,21:08:38.659258,21:08:38.659760,21:08:38.659760,21:08:38.661618,21:08:38.661618,21:08:38.663378,21:08:38.663378,,,,,,,,,,21:08:38.660605,21:08:38.660734,21:08:38.661024
1,leak,21:08:39.124938,21:08:39.124938,21:08:39.125445,21:08:39.125445,21:08:39.127048,21:08:39.127048,21:08:39.128569,21:08:39.128569,21:08:39.141355,21:08:39.141397,21:08:39.156383,21:08:39.165504,21:08:39.592837,21:08:39.592876,21:08:39.599128,21:08:39.599154,21:08:39.605095,21:08:39.126750,21:08:39.126871,21:08:39.126307
1,leak,21:08:43.941800,21:08:43.941800,21:08:43.942264,21:08:43.942264,21:08:43.943681,21:08:43.943681,21:08:43.945257,21:08:43.945257,21:08:43.954940,21:08:43.954976,21:08:43.971023,21:08:43.980436,21:08:44.407350,21:08:44.407387,21:08:44.413687,21:08:44.413713,21:08:44.419637,21:08:43.943447,21:08:43.943544,21:08:43.943118
1,leak,21:08:48.640096,21:08:48.640096,21:08:48.640561,21:08:48.640561,21:08:48.641995,21:08:48.641995,21:08:48.643994,21:08:48.643994,21:08:48.653974,21:08:48.654017,21:08:48.669201,21:08:48.678022,21:08:49.101817,21:08:49.101853,21:08:49.108519,21:08:49.108553,21:08:49.115049,21:08:48.641631,21:08:48.641724,21:08:48.641307
1,leak,21:08:52.322786,21:08:52.322786,21:08:52.323244,21:08:52.323244,21:08:52.325033,21:08:52.325033,21:08:52.326781,21:08:52.326781,21:08:52.337253,21:08:52.337280,21:08:52.351350,21:08:52.360337,21:08:52.786453,21:08:52.786485,21:08:52.792490,21:08:52.792514,21:08:52.798567,21:08:52.324319,21:08:52.324408,21:08:52.324072
1,leak,21:08:57.264382,21:08:57.264382,21:08:57.264876,21:08:57.264876,21:08:57.266506,21:08:57.266506,21:08:57.268116,21:08:57.268116,21:08:57.278608,21:08:57.278650,21:08:57.293522,21:08:57.303372,21:08:57.731039,21:08:57.731077,21:08:57.737703,21:08:57.737745,21:08:57.744472,21:08:57.265970,21:08:57.266062,21:08:57.265685
1,blocked,21:09:02.038736,21:09:02.038736,21:09:02.039256,21:09:02.039256,21:09:02.041101,21:09:02.041101,21:09:02.042920,21:09:02.042920,,,,,,,,,,21:09:02.039908,21:09:02.040038,21:09:02.040507
1,leak,21:09:02.501098,21:09:02.501098,21:09:02.501581,21:09:02.501581,21:09:02.503361,21:09:02.503361,21:09:02.505285,21:09:02.505285,21:09:02.515888,21:09:02.515951,21:09:02.537637,21:09:02.550240,21:09:02.998303,21:09:02.998333,21:09:03.004187,21:09:03.004211,21:09:03.009976,21:09:02.502842,21:09:02.502947,21:09:02.502480
1,leak,21:09:07.235637,21:09:07.235637,21:09:07.236108,21:09:07.236108,21:09:07.237503,21:09:07.237503,21:09:07.238904,21:09:07.238904,21:09:07.249482,21:09:07.249526,21:09:07.263635,21:09:07.272541,21:09:07.698849,21:09:07.698881,21:09:07.705059,21:09:07.705083,21:09:07.710778,21:09:07.237240,21:09:07.237334,21:09:07.236911
1,leak,21:09:11.861491,21:09:11.861491,21:09:11.861978,21:09:11.861978,21:09:11.864013,21:09:11.864013,21:09:11.865873,21:09:11.865873,21:09:11.875899,21:09:11.875932,21:09:11.902152,21:09:11.912495,21:09:12.341142,21:09:12.341176,21:09:12.347608,21:09:12.347636,21:09:12.354040,21:09:11.863005,21:09:11.863098,21:09:11.862783
1,leak,21:09:16.650485,21:09:16.650485,21:09:16.651089,21:09:16.651089,21:09:16.652502,21:09:16.652502,21:09:16.654030,21:09:16.654030,21:09:16.663403,21:09:16.663427,21:09:16.678810,21:09:16.688744,21:09:17.108788,21:09:17.108820,21:09:17.114867,21:09:17.114898,21:09:17.120573,21:09:16.652245,21:09:16.652340,21:09:16.651935
1,safe,21:09:21.453070,21:09:21.453070,21:09:21.453518,21:09:21.453518,21:09:21.454987,21:09:21.454987,21:09:21.456680,21:09:21.456680,21:09:21.466470,21:09:21.466503,21:09:21.480841,21:09:21.489360,21:09:21.916393,21:09:21.916423,21:09:21.922616,21:09:21.922644,21:09:21.928733,21:09:21.454674,21:09:21.454783,21:09:21.454332
1,leak,21:09:26.514054,21:09:26.514054,21:09:26.514501,21:09:26.514501,21:09:26.516015,21:09:26.516015,21:09:26.518795,21:09:26.518795,21:09:26.528624,21:09:26.528670,21:09:26.545272,21:09:26.555234,21:09:27.006004,21:09:27.006031,21:09:27.012332,21:09:27.012360,21:09:27.018907,21:09:26.526967,21:09:26.527077,21:09:26.515419
1,leak,21:09:31.360354,21:09:31.360354,21:09:31.360772,21:09:31.360772,21:09:31.362123,21:09:31.362123,21:09:31.363887,21:09:31.363887,21:09:31.373249,21:09:31.373276,21:09:31.387350,21:09:31.396831,21:09:31.821436,21:09:31.821463,21:09:31.827562,21:09:31.827586,21:09:31.833687,21:09:31.361856,21:09:31.361949,21:09:31.361534
1,leak,21:09:36.084313,21:09:36.084313,21:09:36.084718,21:09:36.084718,21:09:36.086235,21:09:36.086235,21:09:36.087867,21:09:36.087867,21:09:36.097373,21:09:36.097402,21:09:36.111788,21:09:36.121143,21:09:36.550316,21:09:36.550358,21:09:36.556749,21:09:36.556775,21:09:36.562570,21:09:36.085974,21:09:36.086153,21:09:36.085627
1,leak,21:09:40.800785,21:09:40.800785,21:09:40.801243,21:09:40.801243,21:09:40.802627,21:09:40.802627,21:09:40.804126,21:09:40.804126,21:09:40.813455,21:09:40.813483,21:09:40.827303,21:09:40.836619,21:09:41.266147,21:09:41.266176,21:09:41.272283,21:09:41.272307,21:09:41.278194,21:09:40.802414,21:09:40.802561,21:09:40.802064
1,leak,21:09:44.546731,21:09:44.546731,21:09:44.547233,21:09:44.547233,21:09:44.548984,21:09:44.548984,21:09:44.550454,21:09:44.550454,21:09:44.560450,21:09:44.560479,21:09:44.576778,21:09:44.586645,21:09:45.017388,21:09:45.017419,21:09:45.023695,21:09:45.023721,21:09:45.029443,21:09:44.548351,21:09:44.548462,21:09:44.548049
1,leak,21:09:48.212719,21:09:48.212719,21:09:48.213069,21:09:48.213069,21:09:48.214481,21:09:48.214481,21:09:48.216061,21:09:48.216061,21:09:48.225914,21:09:48.225940,21:09:48.239777,21:09:48.249356,21:09:48.671920,21:09:48.671956,21:09:48.678387,21:09:48.678412,21:09:48.684178,21:09:48.214392,21:09:48.214589,21:09:48.213829
1,leak,21:09:52.990138,21:09:52.990138,21:09:52.990625,21:09:52.990625,21:09:52.992055,21:09:52.992055,21:09:52.993945,21:09:52.993945,21:09:53.003556,21:09:53.003581,21:09:53.018836,21:09:53.028872,21:09:53.463431,21:09:53.463464,21:09:53.469467,21:09:53.469491,21:09:53.475454,21:09:52.991769,21:09:52.991892,21:09:52.991462
1,blocked,21:09:56.396197,21:09:56.396197,21:09:56.396750,21:09:56.396750,21:09:56.398254,21:09:56.398254,21:09:56.399698,21:09:56.399698,,,,,,,,,,21:09:56.397272,21:09:56.397381,21:09:56.397687
2,leak,21:09:56.857573,21:09:56.857573,21:09:56.857985,21:09:56.857985,21:09:56.859290,21:09:56.859290,21:09:56.860868,21:09:56.860868,21:09:56.870119,21:09:56.870147,21:09:56.883789,21:09:56.900049,21:09:57.364130,21:09:57.364165,21:09:57.370434,21:09:57.370462,21:09:57.376460,21:09:56.859983,21:09:56.860070,21:09:56.858779
2,leak,21:10:01.709615,21:10:01.709615,21:10:01.710085,21:10:01.710085,21:10:01.711797,21:10:01.711797,21:10:01.713409,21:10:01.713409,21:10:01.722772,21:10:01.722793,21:10:01.737274,21:10:01.746029,21:10:02.197802,21:10:02.197836,21:10:02.204070,21:10:02.204096,21:10:02.210204,21:10:01.712093,21:10:01.712246,21:10:01.710876
2,leak,21:10:06.307475,21:10:06.307475,21:10:06.307948,21:10:06.307948,21:10:06.309282,21:10:06.309282,21:10:06.310979,21:10:06.310979,21:10:06.320601,21:10:06.320633,21:10:06.343906,21:10:06.353141,21:10:06.800838,21:10:06.800872,21:10:06.807086,21:10:06.807110,21:10:06.812817,21:10:06.309655,21:10:06.309750,21:10:06.308734
2,leak,21:10:11.175538,21:10:11.175538,21:10:11.175935,21:10:11.175935,21:10:11.177481,21:10:11.177481,21:10:11.179333,21:10:11.179333,21:10:11.188722,21:10:11.188750,21:10:11.202613,21:10:11.212614,21:10:11.651983,21:10:11.652018,21:10:11.658312,21:10:11.658336,21:10:11.664259,21:10:11.178258,21:10:11.178401,21:10:11.176803
2,leak,21:10:15.903196,21:10:15.903196,21:10:15.903563,21:10:15.903563,21:10:15.904886,21:10:15.904886,21:10:15.906302,21:10:15.906302,21:10:15.915894,21:10:15.915925,21:10:15.930485,21:10:15.939716,21:10:16.388928,21:10:16.388963,21:10:16.395736,21:10:16.395762,21:10:16.401672,21:10:15.905702,21:10:15.905842,21:10:15.904290
2,leak,21:10:20.636200,21:10:20.636200,21:10:20.636646,21:10:20.636646,21:10:20.638181,21:10:20.638181,21:10:20.639851,21:10:20.639851,21:10:20.649423,21:10:20.649451,21:10:20.663375,21:10:20.672010,21:10:21.111389,21:10:21.111418,21:10:21.117327,21:10:21.117352,21:10:21.122975,21:10:20.638810,21:10:20.638941,21:10:20.637340
2,leak,21:10:25.234349,21:10:25.234349,21:10:25.234881,21:10:25.234881,21:10:25.236439,21:10:25.236439,21:10:25.238269,21:10:25.238269,21:10:25.249706,21:10:25.249739,21:10:25.264059,21:10:25.273660,21:10:25.723436,21:10:25.723469,21:10:25.730205,21:10:25.730233,21:10:25.736432,21:10:25.236679,21:10:25.236811,21:10:25.235721
2,leak,21:10:30.011236,21:10:30.011236,21:10:30.011604,21:10:30.011604,21:10:30.013015,21:10:30.013015,21:10:30.014962,21:10:30.014962,21:10:30.024637,21:10:30.024673,21:10:30.039608,21:10:30.048441,21:10:30.488711,21:10:30.488749,21:10:30.495081,21:10:30.495109,21:10:30.500845,21:10:30.013572,21:10:30.013674,21:10:30.012355
2,leak,21:10:34.801931,21:10:34.801931,21:10:34.802522,21:10:34.802522,21:10:34.804092,21:10:34.804092,21:10:34.805715,21:10:34.805715,21:10:34.815135,21:10:34.815166,21:10:34.829760,21:10:34.839095,21:10:35.288228,21:10:35.288259,21:10:35.294574,21:10:35.294604,21:10:35.300615,21:10:34.804192,21:10:34.804327,21:10:34.803361
2,leak,21:10:39.477821,21:10:39.477821,21:10:39.478193,21:10:39.478193,21:10:39.479468,21:10:39.479468,21:10:39.481308,21:10:39.481308,21:10:39.490902,21:10:39.490931,21:10:39.505413,21:10:39.514276,21:10:39.958029,21:10:39.958059,21:10:39.964451,21:10:39.964478,21:10:39.970956,21:10:39.481347,21:10:39.481465,21:10:39.478950
2,leak,21:10:44.284498,21:10:44.284498,21:10:44.284889,21:10:44.284889,21:10:44.286345,21:10:44.286345,21:10:44.287823,21:10:44.287823,21:10:44.297742,21:10:44.297771,21:10:44.312217,21:10:44.321281,21:10:44.767009,21:10:44.767043,21:10:44.773279,21:10:44.773307,21:10:44.779339,21:10:44.286776,21:10:44.286922,21:10:44.285743
2,leak,21:10:49.014982,21:10:49.014982,21:10:49.015417,21:10:49.015417,21:10:49.017102,21:10:49.017102,21:10:49.018925,21:10:49.018925,21:10:49.028445,21:10:49.028476,21:10:49.042577,21:10:49.051638,21:10:49.490465,21:10:49.490499,21:10:49.496749,21:10:49.496773,21:10:49.502527,21:10:49.017380,21:10:49.017498,21:10:49.016264
2,leak,21:10:53.743300,21:10:53.743300,21:10:53.743742,21:10:53.743742,21:10:53.745272,21:10:53.745272,21:10:53.746878,21:10:53.746878,21:10:53.756914,21:10:53.756945,21:10:53.770937,21:10:53.779630,21:10:54.224947,21:10:54.224977,21:10:54.231395,21:10:54.231421,21:10:54.237445,21:10:53.745948,21:10:53.746102,21:10:53.744500
2,leak,21:10:58.472303,21:10:58.472303,21:10:58.472680,21:10:58.472680,21:10:58.474170,21:10:58.474170,21:10:58.475853,21:10:58.475853,21:10:58.485321,21:10:58.485343,21:10:58.498924,21:10:58.507980,21:10:58.957553,21:10:58.957585,21:10:58.963647,21:10:58.963672,21:10:58.969774,21:10:58.474688,21:10:58.474824,21:10:58.473488
2,leak,21:11:03.237931,21:11:03.237931,21:11:03.238428,21:11:03.238428,21:11:03.239864,21:11:03.239864,21:11:03.241623,21:11:03.241623,21:11:03.251060,21:11:03.251081,21:11:03.275569,21:11:03.284642,21:11:03.718705,21:11:03.718746,21:11:03.726233,21:11:03.726261,21:11:03.733487,21:11:03.239995,21:11:03.240118,21:11:03.239238
2,leak,21:11:07.966790,21:11:07.966790,21:11:07.967313,21:11:07.967313,21:11:07.968813,21:11:07.968813,21:11:07.970442,21:11:07.970442,21:11:07.980006,21:11:07.980039,21:11:07.994246,21:11:08.003475,21:11:08.446330,21:11:08.446362,21:11:08.452654,21:11:08.452681,21:11:08.458616,21:11:07.969243,21:11:07.969337,21:11:07.968111
2,leak,21:11:12.702099,21:11:12.702099,21:11:12.702787,21:11:12.702787,21:11:12.704738,21:11:12.704738,21:11:12.706726,21:11:12.706726,21:11:12.717697,21:11:12.717765,21:11:12.739062,21:11:12.762760,21:11:13.219718,21:11:13.219750,21:11:13.225838,21:11:13.225866,21:11:13.231592,21:11:12.704331,21:11:12.704506,21:11:12.703819
2,leak,21:11:17.552518,21:11:17.552518,21:11:17.552916,21:11:17.552916,21:11:17.554428,21:11:17.554428,21:11:17.556191,21:11:17.556191,21:11:17.565815,21:11:17.565842,21:11:17.581107,21:11:17.590027,21:11:18.032927,21:11:18.032964,21:11:18.038970,21:11:18.038997,21:11:18.044735,21:11:17.555134,21:11:17.555275,21:11:17.553615
2,leak,21:11:22.326127,21:11:22.326127,21:11:22.326511,21:11:22.326511,21:11:22.327782,21:11:22.327782,21:11:22.329432,21:11:22.329432,21:11:22.339106,21:11:22.339140,21:11:22.353010,21:11:22.361639,21:11:22.813967,21:11:22.814023,21:11:22.821777,21:11:22.821813,21:11:22.829237,21:11:22.328699,21:11:22.328790,21:11:22.327231
2,leak,21:11:27.061592,21:11:27.061592,21:11:27.061992,21:11:27.061992,21:11:27.063536,21:11:27.063536,21:11:27.065280,21:11:27.065280,21:11:27.074728,21:11:27.074767,21:11:27.090153,21:11:27.099269,21:11:27.548678,21:11:27.548713,21:11:27.554981,21:11:27.555004,21:11:27.560836,21:11:27.063947,21:11:27.064062,21:11:27.062709
2,leak,21:11:31.787782,21:11:31.787782,21:11:31.788176,21:11:31.788176,21:11:31.789470,21:11:31.789470,21:11:31.791111,21:11:31.791111,21:11:31.800464,21:11:31.800499,21:11:31.814623,21:11:31.823050,21:11:32.258960,21:11:32.258989,21:11:32.265751,21:11:32.265781,21:11:32.271439,21:11:31.790051,21:11:31.790165,21:11:31.788891
2,leak,21:11:36.538142,21:11:36.538142,21:11:36.538530,21:11:36.538530,21:11:36.540252,21:11:36.540252,21:11:36.541857,21:11:36.541857,21:11:36.551575,21:11:36.551610,21:11:36.566682,21:11:36.575847,21:11:37.021354,21:11:37.021395,21:11:37.027901,21:11:37.027928,21:11:37.034181,21:11:36.540751,21:11:36.540869,21:11:36.539327
2,leak,21:11:41.364151,21:11:41.364151,21:11:41.364551,21:11:41.364551,21:11:41.365888,21:11:41.365888,21:11:41.367308,21:11:41.367308,21:11:41.376881,21:11:41.376909,21:11:41.390782,21:11:41.399422,21:11:41.839272,21:11:41.839302,21:11:41.845576,21:11:41.845602,21:11:41.851493,21:11:41.366678,21:11:41.366770,21:11:41.365302
2,leak,21:11:46.100858,21:11:46.100858,21:11:46.101271,21:11:46.101271,21:11:46.102672,21:11:46.102672,21:11:46.104263,21:11:46.104263,21:11:46.113714,21:11:46.113740,21:11:46.127428,21:11:46.137047,21:11:46.573244,21:11:46.573276,21:11:46.579934,21:11:46.579961,21:11:46.586204,21:11:46.103419,21:11:46.103569,21:11:46.102026
2,leak,21:11:50.824124,21:11:50.824124,21:11:50.824534,21:11:50.824534,21:11:50.825928,21:11:50.825928,21:11:50.827723,21:11:50.827723,21:11:50.837153,21:11:50.837179,21:11:50.851736,21:11:50.860716,21:11:51.292167,21:11:51.292204,21:11:51.298778,21:11:51.298805,21:11:51.304550,21:11:50.826729,21:11:50.826823,21:11:50.825316
2,leak,21:11:53.925426,21:11:53.925426,21:11:53.925795,21:11:53.925795,21:11:53.927188,21:11:53.927188,21:11:53.928752,21:11:53.928752,21:11:53.939099,21:11:53.939139,21:11:53.954499,21:11:53.963666,21:11:54.391514,21:11:54.391547,21:11:54.398035,21:11:54.398084,21:11:54.404043,21:11:53.927952,21:11:53.928162,21:11:53.926555
2,leak,21:11:58.649617,21:11:58.649617,21:11:58.649996,21:11:58.649996,21:11:58.651584,21:11:58.651584,21:11:58.653520,21:11:58.653520,21:11:58.663874,21:11:58.663900,21:11:58.685578,21:11:58.694338,21:11:59.126545,21:11:59.126576,21:11:59.132798,21:11:59.132823,21:11:59.138947,21:11:58.652042,21:11:58.652154,21:11:58.650872
2,safe,21:12:03.394010,21:12:03.394010,21:12:03.394494,21:12:03.394494,21:12:03.395845,21:12:03.395845,21:12:03.397558,21:12:03.397558,21:12:03.407040,21:12:03.407066,21:12:03.422358,21:12:03.432089,21:12:03.862612,21:12:03.862641,21:12:03.868879,21:12:03.868905,21:12:03.874760,21:12:03.396828,21:12:03.397003,21:12:03.395260
2,leak,21:12:08.430730,21:12:08.430730,21:12:08.431141,21:12:08.431141,21:12:08.432757,21:12:08.432757,21:12:08.435461,21:12:08.435461,21:12:08.445699,21:12:08.445728,21:12:08.459605,21:12:08.468326,21:12:08.896537,21:12:08.896576,21:12:08.902562,21:12:08.902587,21:12:08.908167,21:12:08.433771,21:12:08.433887,21:12:08.432022
2,leak,21:12:13.200148,21:12:13.200148,21:12:13.200654,21:12:13.200654,21:12:13.202093,21:12:13.202093,21:12:13.203780,21:12:13.203780,21:12:13.213043,21:12:13.213066,21:12:13.227241,21:12:13.236425,21:12:13.671009,21:12:13.671049,21:12:13.677592,21:12:13.677629,21:12:13.683442,21:12:13.202747,21:12:13.202864,21:12:13.201430
2,leak,21:12:17.928602,21:12:17.928602,21:12:17.929064,21:12:17.929064,21:12:17.930541,21:12:17.930541,21:12:17.932307,21:12:17.932307,21:12:17.946791,21:12:17.946826,21:12:17.961256,21:12:17.970235,21:12:18.405692,21:12:18.405719,21:12:18.411601,21:12:18.411624,21:12:18.417288,21:12:17.933351,21:12:17.933597,21:12:17.929893
2,leak,21:12:22.653181,21:12:22.653181,21:12:22.653694,21:12:22.653694,21:12:22.655375,21:12:22.655375,21:12:22.657273,21:12:22.657273,21:12:22.668636,21:12:22.668682,21:12:22.690389,21:12:22.703341,21:12:23.150255,21:12:23.150286,21:12:23.156414,21:12:23.156465,21:12:23.162391,21:12:22.655517,21:12:22.655621,21:12:22.654613
2,leak,21:12:27.404310,21:12:27.404310,21:12:27.404740,21:12:27.404740,21:12:27.406083,21:12:27.406083,21:12:27.407693,21:12:27.407693,21:12:27.417769,21:12:27.417797,21:12:27.432402,21:12:27.441457,21:12:27.871888,21:12:27.871916,21:12:27.877676,21:12:27.877701,21:12:27.883267,21:12:27.406725,21:12:27.406835,21:12:27.405508
2,leak,21:12:32.120006,21:12:32.120006,21:12:32.120490,21:12:32.120490,21:12:32.121884,21:12:32.121884,21:12:32.123467,21:12:32.123467,21:12:32.133902,21:12:32.133953,21:12:32.149990,21:12:32.160469,21:12:32.594701,21:12:32.594732,21:12:32.600994,21:12:32.601017,21:12:32.606777,21:12:32.122482,21:12:32.122603,21:12:32.121276
2,leak,21:12:36.784102,21:12:36.784102,21:12:36.784549,21:12:36.784549,21:12:36.786177,21:12:36.786177,21:12:36.787606,21:12:36.787606,21:12:36.797914,21:12:36.797947,21:12:36.812212,21:12:36.822401,21:12:37.258375,21:12:37.258407,21:12:37.264424,21:12:37.264449,21:12:37.270276,21:12:36.786489,21:12:36.786585,21:12:36.785338
2,leak,21:12:41.534174,21:12:41.534174,21:12:41.534758,21:12:41.534758,21:12:41.536429,21:12:41.536429,21:12:41.538455,21:12:41.538455,21:12:41.549547,21:12:41.549611,21:12:41.566162,21:12:41.574868,21:12:42.006277,21:12:42.006307,21:12:42.012492,21:12:42.012515,21:12:42.018397,21:12:41.536381,21:12:41.536542,21:12:41.535648
2,leak,21:12:46.264982,21:12:46.264982,21:12:46.265417,21:12:46.265417,21:12:46.266768,21:12:46.266768,21:12:46.268651,21:12:46.268651,21:12:46.278000,21:12:46.278026,21:12:46.291900,21:12:46.300650,21:12:46.731773,21:12:46.731809,21:12:46.737773,21:12:46.737795,21:12:46.743417,21:12:46.267243,21:12:46.267355,21:12:46.266225
2,leak,21:12:51.064442,21:12:51.064442,21:12:51.064844,21:12:51.064844,21:12:51.066457,21:12:51.066457,21:12:51.068147,21:12:51.068147,21:12:51.077809,21:12:51.077839,21:12:51.092418,21:12:51.101829,21:12:51.534459,21:12:51.534488,21:12:51.540643,21:12:51.540669,21:12:51.546396,21:12:51.067123,21:12:51.067244,21:12:51.065680
2,leak,21:12:55.713631,21:12:55.713631,21:12:55.714159,21:12:55.714159,21:12:55.715577,21:12:55.715577,21:12:55.717161,21:12:55.717161,21:12:55.726640,21:12:55.726664,21:12:55.749831,21:12:55.758784,21:12:56.189710,21:12:56.189737,21:12:56.196150,21:12:56.196177,21:12:56.201712,21:12:55.715845,21:12:55.715941,21:12:55.714943
2,leak,21:13:00.440608,21:13:00.440608,21:13:00.440995,21:13:00.440995,21:13:00.442471,21:13:00.442471,21:13:00.444209,21:13:00.444209,21:13:00.453669,21:13:00.453698,21:13:00.468222,21:13:00.477189,21:13:00.908284,21:13:00.908312,21:13:00.914073,21:13:00.914094,21:13:00.919709,21:13:00.442974,21:13:00.443059,21:13:00.441678
2,leak,21:13:05.174047,21:13:05.174047,21:13:05.174552,21:13:05.174552,21:13:05.176055,21:13:05.176055,21:13:05.177859,21:13:05.177859,21:13:05.187971,21:13:05.188002,21:13:05.202685,21:13:05.212104,21:13:05.643589,21:13:05.643629,21:13:05.649915,21:13:05.649936,21:13:05.655476,21:13:05.176777,21:13:05.176908,21:13:05.175294
2,leak,21:13:10.174506,21:13:10.174506,21:13:10.175014,21:13:10.175014,21:13:10.176490,21:13:10.176490,21:13:10.178024,21:13:10.178024,21:13:10.188822,21:13:10.188845,21:13:10.203675,21:13:10.212661,21:13:10.644248,21:13:10.644276,21:13:10.650474,21:13:10.650502,21:13:10.656475,21:13:10.176786,21:13:10.176879,21:13:10.175912
2,leak,21:13:14.904622,21:13:14.904622,21:13:14.905194,21:13:14.905194,21:13:14.906703,21:13:14.906703,21:13:14.908190,21:13:14.908190,21:13:14.917642,21:13:14.917667,21:13:14.933226,21:13:14.942799,21:13:15.376563,21:13:15.376594,21:13:15.382919,21:13:15.382946,21:13:15.388741,21:13:14.907025,21:13:14.907122,21:13:14.906072
2,leak,21:13:18.438167,21:13:18.438167,21:13:18.438582,21:13:18.438582,21:13:18.439977,21:13:18.439977,21:13:18.441570,21:13:18.441570,21:13:18.451018,21:13:18.451041,21:13:18.464949,21:13:18.473978,21:13:18.901581,21:13:18.901610,21:13:18.907527,21:13:18.907549,21:13:18.913409,21:13:18.440839,21:13:18.440986,21:13:18.439392
2,leak,21:13:23.254392,21:13:23.254392,21:13:23.254847,21:13:23.254847,21:13:23.256413,21:13:23.256413,21:13:23.258099,21:13:23.258099,21:13:23.268567,21:13:23.268598,21:13:23.282944,21:13:23.291773,21:13:23.725313,21:13:23.725344,21:13:23.731278,21:13:23.731304,21:13:23.737047,21:13:23.256444,21:13:23.256549,21:13:23.255604
2,leak,21:13:27.828411,21:13:27.828411,21:13:27.828837,21:13:27.828837,21:13:27.830524,21:13:27.830524,21:13:27.831925,21:13:27.831925,21:13:27.842307,21:13:27.842334,21:13:27.856286,21:13:27.865693,21:13:28.296532,21:13:28.296562,21:13:28.302812,21:13:28.302839,21:13:28.308846,21:13:27.830842,21:13:27.830995,21:13:27.829680
2,leak,21:13:32.605257,21:13:32.605257,21:13:32.605705,21:13:32.605705,21:13:32.607165,21:13:32.607165,21:13:32.608618,21:13:32.608618,21:13:32.618051,21:13:32.618074,21:13:32.633199,21:13:32.642419,21:13:33.080687,21:13:33.080721,21:13:33.086974,21:13:33.087007,21:13:33.092972,21:13:32.607383,21:13:32.607485,21:13:32.606518
2,leak,21:13:37.431998,21:13:37.431998,21:13:37.432475,21:13:37.432475,21:13:37.433857,21:13:37.433857,21:13:37.435618,21:13:37.435618,21:13:37.445305,21:13:37.445338,21:13:37.460264,21:13:37.469619,21:13:37.901782,21:13:37.901813,21:13:37.907559,21:13:37.907581,21:13:37.913031,21:13:37.434645,21:13:37.434748,21:13:37.433215
2,leak,21:13:42.162503,21:13:42.162503,21:13:42.162914,21:13:42.162914,21:13:42.164507,21:13:42.164507,21:13:42.166264,21:13:42.166264,21:13:42.175638,21:13:42.175663,21:13:42.189252,21:13:42.198608,21:13:42.630080,21:13:42.630106,21:13:42.636626,21:13:42.636652,21:13:42.642441,21:13:42.165088,21:13:42.165175,21:13:42.163685
2,leak,21:13:47.024994,21:13:47.024994,21:13:47.025611,21:13:47.025611,21:13:47.027104,21:13:47.027104,21:13:47.028582,21:13:47.028582,21:13:47.038031,21:13:47.038060,21:13:47.052459,21:13:47.061904,21:13:47.497823,21:13:47.497858,21:13:47.504369,21:13:47.504395,21:13:47.510147,21:13:47.027426,21:13:47.027576,21:13:47.026432
2,leak,21:13:51.752458,21:13:51.752458,21:13:51.752855,21:13:51.752855,21:13:51.754522,21:13:51.754522,21:13:51.756354,21:13:51.756354,21:13:51.766770,21:13:51.766797,21:13:51.787773,21:13:51.796661,21:13:52.233809,21:13:52.233841,21:13:52.239944,21:13:52.239969,21:13:52.245745,21:13:51.755048,21:13:51.755171,21:13:51.753692
2,leak,21:13:56.507842,21:13:56.507842,21:13:56.508330,21:13:56.508330,21:13:56.509663,21:13:56.509663,21:13:56.511178,21:13:56.511178,21:13:56.520785,21:13:56.520817,21:13:56.535459,21:13:56.543975,21:13:56.982113,21:13:56.982141,21:13:56.988294,21:13:56.988322,21:13:56.994340,21:13:56.510525,21:13:56.510675,21:13:56.509118
2,leak,21:14:01.346861,21:14:01.346861,21:14:01.347277,21:14:01.347277,21:14:01.348659,21:14:01.348659,21:14:01.350327,21:14:01.350327,21:14:01.359830,21:14:01.359858,21:14:01.378575,21:14:01.393393,21:14:01.832714,21:14:01.832749,21:14:01.839304,21:14:01.839333,21:14:01.845595,21:14:01.348987,21:14:01.349133,21:14:01.348021
2,leak,21:14:06.225263,21:14:06.225263,21:14:06.225771,21:14:06.225771,21:14:06.227421,21:14:06.227421,21:14:06.229423,21:14:06.229423,21:14:06.242171,21:14:06.242209,21:14:06.259498,21:14:06.269867,21:14:06.708634,21:14:06.708671,21:14:06.714951,21:14:06.714977,21:14:06.720861,21:14:06.227738,21:14:06.228194,21:14:06.226685
2,leak,21:14:10.954752,21:14:10.954752,21:14:10.955173,21:14:10.955173,21:14:10.956565,21:14:10.956565,21:14:10.958332,21:14:10.958332,21:14:10.968019,21:14:10.968052,21:14:10.983113,21:14:10.991743,21:14:11.428308,21:14:11.428343,21:14:11.434805,21:14:11.434833,21:14:11.440695,21:14:10.957160,21:14:10.957260,21:14:10.955963
2,leak,21:14:15.790903,21:14:15.790903,21:14:15.791316,21:14:15.791316,21:14:15.792698,21:14:15.792698,21:14:15.794377,21:14:15.794377,21:14:15.803791,21:14:15.803820,21:14:15.818983,21:14:15.828117,21:14:16.261345,21:14:16.261386,21:14:16.268036,21:14:16.268061,21:14:16.274124,21:14:15.793407,21:14:15.793526,21:14:15.792113
2,leak,21:14:20.595660,21:14:20.595660,21:14:20.596265,21:14:20.596265,21:14:20.597935,21:14:20.597935,21:14:20.599643,21:14:20.599643,21:14:20.609684,21:14:20.609711,21:14:20.624873,21:14:20.634136,21:14:21.076057,21:14:21.076085,21:14:21.082137,21:14:21.082159,21:14:21.087898,21:14:20.598123,21:14:20.598266,21:14:20.597139
2,leak,21:14:25.365498,21:14:25.365498,21:14:25.365952,21:14:25.365952,21:14:25.367403,21:14:25.367403,21:14:25.369145,21:14:25.369145,21:14:25.379478,21:14:25.379512,21:14:25.394101,21:14:25.403019,21:14:25.841692,21:14:25.841729,21:14:25.847583,21:14:25.847606,21:14:25.853012,21:14:25.368103,21:14:25.368425,21:14:25.366778
2,leak,21:14:30.113986,21:14:30.113986,21:14:30.114392,21:14:30.114392,21:14:30.115997,21:14:30.115997,21:14:30.117882,21:14:30.117882,21:14:30.128251,21:14:30.128285,21:14:30.143539,21:14:30.152739,21:14:30.589886,21:14:30.589922,21:14:30.596507,21:14:30.596536,21:14:30.602421,21:14:30.116210,21:14:30.116350,21:14:30.115102
2,leak,21:14:34.867007,21:14:34.867007,21:14:34.867557,21:14:34.867557,21:14:34.868908,21:14:34.868908,21:14:34.870355,21:14:34.870355,21:14:34.879705,21:14:34.879726,21:14:34.893306,21:14:34.902131,21:14:35.345641,21:14:35.345680,21:14:35.352048,21:14:35.352072,21:14:35.357785,21:14:34.869233,21:14:34.869328,21:14:34.868379
2,leak,21:14:39.610576,21:14:39.610576,21:14:39.610980,21:14:39.610980,21:14:39.612214,21:14:39.612214,21:14:39.613731,21:14:39.613731,21:14:39.622990,21:14:39.623017,21:14:39.638464,21:14:39.647596,21:14:40.083161,21:14:40.083197,21:14:40.089053,21:14:40.089077,21:14:40.095059,21:14:39.613132,21:14:39.613296,21:14:39.611670
2,leak,21:14:44.356497,21:14:44.356497,21:14:44.356946,21:14:44.356946,21:14:44.358331,21:14:44.358331,21:14:44.360149,21:14:44.360149,21:14:44.370650,21:14:44.370678,21:14:44.385631,21:14:44.394647,21:14:44.835811,21:14:44.835846,21:14:44.842408,21:14:44.842437,21:14:44.848339,21:14:44.359221,21:14:44.359354,21:14:44.357722
2,leak,21:14:49.093298,21:14:49.093298,21:14:49.093809,21:14:49.093809,21:14:49.095542,21:14:49.095542,21:14:49.097212,21:14:49.097212,21:14:49.107654,21:14:49.107681,21:14:49.131607,21:14:49.140746,21:14:49.580736,21:14:49.580771,21:14:49.587240,21:14:49.587267,21:14:49.593341,21:14:49.095757,21:14:49.095866,21:14:49.094635
2,leak,21:14:52.500271,21:14:52.500271,21:14:52.500738,21:14:52.500738,21:14:52.502147,21:14:52.502147,21:14:52.503851,21:14:52.503851,21:14:52.514554,21:14:52.514585,21:14:52.530143,21:14:52.540764,21:14:52.987422,21:14:52.987451,21:14:52.996300,21:14:52.996340,21:14:53.004000,21:14:52.502838,21:14:52.502948,21:14:52.501529
2,leak,21:14:57.247860,21:14:57.247860,21:14:57.248343,21:14:57.248343,21:14:57.249624,21:14:57.249624,21:14:57.251249,21:14:57.251249,21:14:57.261318,21:14:57.261352,21:14:57.275243,21:14:57.284366,21:14:57.715429,21:14:57.715456,21:14:57.721741,21:14:57.721767,21:14:57.727657,21:14:57.250141,21:14:57.250262,21:14:57.249081
2,leak,21:15:02.024544,21:15:02.024544,21:15:02.025050,21:15:02.025050,21:15:02.026484,21:15:02.026484,21:15:02.028388,21:15:02.028388,21:15:02.038013,21:15:02.038045,21:15:02.051905,21:15:02.060702,21:15:02.496339,21:15:02.496375,21:15:02.502627,21:15:02.502654,21:15:02.508622,21:15:02.027009,21:15:02.027119,21:15:02.025952
2,leak,21:15:06.786261,21:15:06.786261,21:15:06.786715,21:15:06.786715,21:15:06.788119,21:15:06.788119,21:15:06.789693,21:15:06.789693,21:15:06.799162,21:15:06.799196,21:15:06.813198,21:15:06.821959,21:15:07.261454,21:15:07.261484,21:15:07.267763,21:15:07.267791,21:15:07.273497,21:15:06.788688,21:15:06.789013,21:15:06.787524
2,leak,21:15:11.525098,21:15:11.525098,21:15:11.525712,21:15:11.525712,21:15:11.527427,21:15:11.527427,21:15:11.529018,21:15:11.529018,21:15:11.538492,21:15:11.538520,21:15:11.553593,21:15:11.562671,21:15:12.004057,21:15:12.004088,21:15:12.009993,21:15:12.010018,21:15:12.015861,21:15:11.527116,21:15:11.527269,21:15:11.526560
2,leak,21:15:16.359521,21:15:16.359521,21:15:16.360034,21:15:16.360034,21:15:16.361297,21:15:16.361297,21:15:16.362780,21:15:16.362780,21:15:16.372204,21:15:16.372231,21:15:16.387079,21:15:16.396289,21:15:16.835921,21:15:16.835950,21:15:16.841942,21:15:16.841962,21:15:16.847500,21:15:16.362073,21:15:16.362220,21:15:16.360791
2,leak,21:15:21.088083,21:15:21.088083,21:15:21.088538,21:15:21.088538,21:15:21.090005,21:15:21.090005,21:15:21.091518,21:15:21.091518,21:15:21.101146,21:15:21.101174,21:15:21.115659,21:15:21.124537,21:15:21.564869,21:15:21.564898,21:15:21.571134,21:15:21.571161,21:15:21.576964,21:15:21.090592,21:15:21.090814,21:15:21.089396
2,safe,21:15:25.828941,21:15:25.828941,21:15:25.829323,21:15:25.829323,21:15:25.830905,21:15:25.830905,21:15:25.832500,21:15:25.832500,21:15:25.843483,21:15:25.843512,21:15:25.858009,21:15:25.866791,21:15:26.308622,21:15:26.308649,21:15:26.314440,21:15:26.314464,21:15:26.320118,21:15:25.831572,21:15:25.831714,21:15:25.830069
2,leak,21:15:30.927536,21:15:30.927536,21:15:30.928051,21:15:30.928051,21:15:30.929696,21:15:30.929696,21:15:30.932288,21:15:30.932288,21:15:30.941895,21:15:30.941915,21:15:30.955686,21:15:30.965610,21:15:31.400457,21:15:31.400486,21:15:31.406716,21:15:31.406741,21:15:31.413156,21:15:30.955636,21:15:30.955777,21:15:30.928971
2,leak,21:15:35.666263,21:15:35.666263,21:15:35.666707,21:15:35.666707,21:15:35.668081,21:15:35.668081,21:15:35.669511,21:15:35.669511,21:15:35.678845,21:15:35.678872,21:15:35.692945,21:15:35.702064,21:15:36.139452,21:15:36.139487,21:15:36.145868,21:15:36.145895,21:15:36.152095,21:15:35.669020,21:15:35.669131,21:15:35.667526
2,leak,21:15:40.396579,21:15:40.396579,21:15:40.397154,21:15:40.397154,21:15:40.398624,21:15:40.398624,21:15:40.400396,21:15:40.400396,21:15:40.410402,21:15:40.410436,21:15:40.424945,21:15:40.433966,21:15:40.871964,21:15:40.871998,21:15:40.878480,21:15:40.878509,21:15:40.884434,21:15:40.399612,21:15:40.399713,21:15:40.397986
2,leak,21:15:44.598360,21:15:44.598360,21:15:44.598743,21:15:44.598743,21:15:44.600338,21:15:44.600338,21:15:44.601845,21:15:44.601845,21:15:44.612103,21:15:44.612130,21:15:44.636343,21:15:44.645121,21:15:45.083503,21:15:45.083539,21:15:45.091812,21:15:45.091839,21:15:45.097713,21:15:44.600794,21:15:44.600908,21:15:44.599516
2,leak,21:15:49.350645,21:15:49.350645,21:15:49.351122,21:15:49.351122,21:15:49.352457,21:15:49.352457,21:15:49.353981,21:15:49.353981,21:15:49.363987,21:15:49.364016,21:15:49.379388,21:15:49.389118,21:15:49.826453,21:15:49.826487,21:15:49.832580,21:15:49.832604,21:15:49.838788,21:15:49.353149,21:15:49.353263,21:15:49.351892
2,leak,21:15:54.102636,21:15:54.102636,21:15:54.103102,21:15:54.103102,21:15:54.104481,21:15:54.104481,21:15:54.106208,21:15:54.106208,21:15:54.118476,21:15:54.118506,21:15:54.133413,21:15:54.142580,21:15:54.589692,21:15:54.589739,21:15:54.602112,21:15:54.602151,21:15:54.612170,21:15:54.104965,21:15:54.105065,21:15:54.103916
2,leak,21:15:58.908665,21:15:58.908665,21:15:58.909265,21:15:58.909265,21:15:58.910802,21:15:58.910802,21:15:58.913968,21:15:58.913968,21:15:58.923741,21:15:58.923766,21:15:58.944762,21:15:58.955198,21:15:59.388754,21:15:59.388788,21:15:59.395031,21:15:59.395056,21:15:59.400835,21:15:58.911214,21:15:58.911377,21:15:58.910192
2,leak,21:16:03.747640,21:16:03.747640,21:16:03.748192,21:16:03.748192,21:16:03.749839,21:16:03.749839,21:16:03.751426,21:16:03.751426,21:16:03.761058,21:16:03.761093,21:16:03.776686,21:16:03.785791,21:16:04.222936,21:16:04.222972,21:16:04.229354,21:16:04.229382,21:16:04.236043,21:16:03.750187,21:16:03.750323,21:16:03.749155
2,leak,21:16:08.497128,21:16:08.497128,21:16:08.497543,21:16:08.497543,21:16:08.499100,21:16:08.499100,21:16:08.500932,21:16:08.500932,21:16:08.510780,21:16:08.510804,21:16:08.526115,21:16:08.534881,21:16:08.965809,21:16:08.965841,21:16:08.972109,21:16:08.972136,21:16:08.978103,21:16:08.499777,21:16:08.499908,21:16:08.498297
2,leak,21:16:13.282113,21:16:13.282113,21:16:13.282541,21:16:13.282541,21:16:13.283906,21:16:13.283906,21:16:13.285576,21:16:13.285576,21:16:13.294992,21:16:13.295015,21:16:13.310623,21:16:13.319981,21:16:13.752948,21:16:13.752981,21:16:13.759140,21:16:13.759166,21:16:13.765077,21:16:13.284833,21:16:13.284970,21:16:13.283314
2,leak,21:16:18.025487,21:16:18.025487,21:16:18.025983,21:16:18.025983,21:16:18.027425,21:16:18.027425,21:16:18.028959,21:16:18.028959,21:16:18.038389,21:16:18.038413,21:16:18.054217,21:16:18.063483,21:16:18.497356,21:16:18.497391,21:16:18.503872,21:16:18.503900,21:16:18.511229,21:16:18.028099,21:16:18.028212,21:16:18.026813
2,leak,21:16:22.761693,21:16:22.761693,21:16:22.762125,21:16:22.762125,21:16:22.763467,21:16:22.763467,21:16:22.765209,21:16:22.765209,21:16:22.776044,21:16:22.776071,21:16:22.791591,21:16:22.800474,21:16:23.238459,21:16:23.238490,21:16:23.244664,21:16:23.244689,21:16:23.250606,21:16:22.764602,21:16:22.764748,21:16:22.762928
2,leak,21:16:27.495526,21:16:27.495526,21:16:27.495951,21:16:27.495951,21:16:27.497423,21:16:27.497423,21:16:27.499129,21:16:27.499129,21:16:27.508900,21:16:27.508935,21:16:27.522930,21:16:27.532145,21:16:27.964650,21:16:27.964684,21:16:27.971127,21:16:27.971159,21:16:27.977301,21:16:27.497715,21:16:27.497831,21:16:27.496776
2,leak,21:16:32.204107,21:16:32.204107,21:16:32.204523,21:16:32.204523,21:16:32.205982,21:16:32.205982,21:16:32.207680,21:16:32.207680,21:16:32.217167,21:16:32.217192,21:16:32.232534,21:16:32.242045,21:16:32.673281,21:16:32.673315,21:16:32.679351,21:16:32.679373,21:16:32.685064,21:16:32.206519,21:16:32.206625,21:16:32.205415
2,leak,21:16:36.935564,21:16:36.935564,21:16:36.936011,21:16:36.936011,21:16:36.937383,21:16:36.937383,21:16:36.939216,21:16:36.939216,21:16:36.949080,21:16:36.949114,21:16:36.964449,21:16:36.973500,21:16:37.404305,21:16:37.404345,21:16:37.410649,21:16:37.410675,21:16:37.416680,21:16:36.938153,21:16:36.938300,21:16:36.936818
2,leak,21:16:41.646900,21:16:41.646900,21:16:41.647297,21:16:41.647297,21:16:41.648602,21:16:41.648602,21:16:41.650205,21:16:41.650205,21:16:41.660142,21:16:41.660187,21:16:41.684325,21:16:41.693042,21:16:42.140153,21:16:42.140190,21:16:42.146774,21:16:42.146806,21:16:42.153044,21:16:41.649415,21:16:41.649516,21:16:41.648004
2,leak,21:16:46.420950,21:16:46.420950,21:16:46.421299,21:16:46.421299,21:16:46.422532,21:16:46.422532,21:16:46.424173,21:16:46.424173,21:16:46.433815,21:16:46.433849,21:16:46.448846,21:16:46.457498,21:16:46.887768,21:16:46.887797,21:16:46.893676,21:16:46.893699,21:16:46.899489,21:16:46.423848,21:16:46.423963,21:16:46.422022
2,leak,21:16:51.143084,21:16:51.143084,21:16:51.143520,21:16:51.143520,21:16:51.145016,21:16:51.145016,21:16:51.146752,21:16:51.146752,21:16:51.156270,21:16:51.156298,21:16:51.170911,21:16:51.180041,21:16:51.614141,21:16:51.614168,21:16:51.619987,21:16:51.620013,21:16:51.625707,21:16:51.145564,21:16:51.145686,21:16:51.144368
2,leak,21:16:56.143284,21:16:56.143284,21:16:56.143767,21:16:56.143767,21:16:56.145285,21:16:56.145285,21:16:56.146705,21:16:56.146705,21:16:56.156102,21:16:56.156122,21:16:56.169628,21:16:56.178641,21:16:56.611535,21:16:56.611563,21:16:56.617406,21:16:56.617432,21:16:56.623575,21:16:56.145736,21:16:56.145879,21:16:56.144653
2,leak,21:16:59.987741,21:16:59.987741,21:16:59.988221,21:16:59.988221,21:16:59.989921,21:16:59.989921,21:16:59.991719,21:16:59.991719,21:17:00.001468,21:17:00.001506,21:17:00.016692,21:17:00.027355,21:17:00.458690,21:17:00.458720,21:17:00.465391,21:17:00.465417,21:17:00.471833,21:16:59.990099,21:16:59.990224,21:16:59.989066
2,leak,21:17:04.751265,21:17:04.751265,21:17:04.751660,21:17:04.751660,21:17:04.753008,21:17:04.753008,21:17:04.755114,21:17:04.755114,21:17:04.765032,21:17:04.765072,21:17:04.780456,21:17:04.789938,21:17:05.228017,21:17:05.228049,21:17:05.234495,21:17:05.234523,21:17:05.240501,21:17:04.753575,21:17:04.753708,21:17:04.752426
2,leak,21:17:09.743017,21:17:09.743017,21:17:09.743664,21:17:09.743664,21:17:09.745365,21:17:09.745365,21:17:09.747083,21:17:09.747083,21:17:09.756702,21:17:09.756737,21:17:09.771782,21:17:09.781315,21:17:10.234710,21:17:10.234742,21:17:10.240992,21:17:10.241020,21:17:10.246936,21:17:09.745239,21:17:09.745349,21:17:09.744521
2,leak,21:17:14.717640,21:17:14.717640,21:17:14.718061,21:17:14.718061,21:17:14.719419,21:17:14.719419,21:17:14.721085,21:17:14.721085,21:17:14.730598,21:17:14.730629,21:17:14.745298,21:17:14.754242,21:17:15.188467,21:17:15.188498,21:17:15.194832,21:17:15.194864,21:17:15.200947,21:17:14.720074,21:17:14.720181,21:17:14.718776
2,leak,21:17:19.457522,21:17:19.457522,21:17:19.457954,21:17:19.457954,21:17:19.459267,21:17:19.459267,21:17:19.460885,21:17:19.460885,21:17:19.470660,21:17:19.470687,21:17:19.485329,21:17:19.494175,21:17:19.925758,21:17:19.925793,21:17:19.931786,21:17:19.931809,21:17:19.937461,21:17:19.460292,21:17:19.460441,21:17:19.458683
2,leak,21:17:23.125822,21:17:23.125822,21:17:23.126583,21:17:23.126583,21:17:23.128347,21:17:23.128347,21:17:23.130054,21:17:23.130054,21:17:23.140083,21:17:23.140121,21:17:23.158592,21:17:23.169852,21:17:23.603267,21:17:23.603303,21:17:23.609877,21:17:23.609906,21:17:23.616355,21:17:23.127984,21:17:23.128090,21:17:23.127661
2,leak,21:17:27.858545,21:17:27.858545,21:17:27.858893,21:17:27.858893,21:17:27.860146,21:17:27.860146,21:17:27.862080,21:17:27.862080,21:17:27.871701,21:17:27.871737,21:17:27.886637,21:17:27.896571,21:17:28.331614,21:17:28.331648,21:17:28.337637,21:17:28.337665,21:17:28.343387,21:17:27.861132,21:17:27.861310,21:17:27.859588
2,leak,21:17:32.646110,21:17:32.646110,21:17:32.646543,21:17:32.646543,21:17:32.647900,21:17:32.647900,21:17:32.649365,21:17:32.649365,21:17:32.658777,21:17:32.658800,21:17:32.673266,21:17:32.682579,21:17:33.123780,21:17:33.123810,21:17:33.131812,21:17:33.131841,21:17:33.138813,21:17:32.648551,21:17:32.648665,21:17:32.647312
2,leak,21:17:37.388673,21:17:37.388673,21:17:37.389090,21:17:37.389090,21:17:37.390533,21:17:37.390533,21:17:37.392205,21:17:37.392205,21:17:37.401813,21:17:37.401845,21:17:37.423653,21:17:37.432865,21:17:37.864595,21:17:37.864631,21:17:37.871294,21:17:37.871325,21:17:37.876831,21:17:37.390998,21:17:37.391140,21:17:37.389756
2,leak,21:17:42.122776,21:17:42.122776,21:17:42.123243,21:17:42.123243,21:17:42.124820,21:17:42.124820,21:17:42.126681,21:17:42.126681,21:17:42.139280,21:17:42.139310,21:17:42.154314,21:17:42.163466,21:17:42.594273,21:17:42.594307,21:17:42.600404,21:17:42.600430,21:17:42.606083,21:17:42.125524,21:17:42.125760,21:17:42.124111
3,leak,21:17:46.912929,21:17:46.912929,21:17:46.913341,21:17:46.913341,21:17:46.914725,21:17:46.914725,21:17:46.916188,21:17:46.916188,21:17:46.925690,21:17:46.925720,21:17:46.940078,21:17:46.949500,21:17:47.379712,21:17:47.379744,21:17:47.385860,21:17:47.385885,21:17:47.391664,21:17:46.916353,21:17:46.916472,21:17:46.914178
3,leak,21:17:51.723602,21:17:51.723602,21:17:51.724017,21:17:51.724017,21:17:51.725348,21:17:51.725348,21:17:51.726704,21:17:51.726704,21:17:51.736352,21:17:51.736383,21:17:51.750622,21:17:51.759453,21:17:52.190087,21:17:52.190121,21:17:52.196178,21:17:52.196204,21:17:52.201994,21:17:51.727109,21:17:51.727205,21:17:51.724836
3,leak,21:17:54.823014,21:17:54.823014,21:17:54.823415,21:17:54.823415,21:17:54.824768,21:17:54.824768,21:17:54.826437,21:17:54.826437,21:17:54.836471,21:17:54.836503,21:17:54.851509,21:17:54.860349,21:17:55.289162,21:17:55.289198,21:17:55.295327,21:17:55.295352,21:17:55.301427,21:17:54.826642,21:17:54.826943,21:17:54.824200
3,leak,21:17:59.665042,21:17:59.665042,21:17:59.665603,21:17:59.665603,21:17:59.667105,21:17:59.667105,21:17:59.668633,21:17:59.668633,21:17:59.678349,21:17:59.678375,21:17:59.692413,21:17:59.701262,21:18:00.133344,21:18:00.133374,21:18:00.139328,21:18:00.139353,21:18:00.145197,21:17:59.668492,21:17:59.668661,21:17:59.666455
3,leak,21:18:04.462636,21:18:04.462636,21:18:04.463120,21:18:04.463120,21:18:04.464563,21:18:04.464563,21:18:04.466425,21:18:04.466425,21:18:04.475960,21:18:04.475990,21:18:04.491148,21:18:04.500706,21:18:04.933726,21:18:04.933759,21:18:04.940076,21:18:04.940106,21:18:04.946517,21:18:04.466181,21:18:04.466330,21:18:04.463936
3,leak,21:18:09.293011,21:18:09.293011,21:18:09.293498,21:18:09.293498,21:18:09.295301,21:18:09.295301,21:18:09.297162,21:18:09.297162,21:18:09.306774,21:18:09.306803,21:18:09.320857,21:18:09.329614,21:18:09.763107,21:18:09.763142,21:18:09.769451,21:18:09.769476,21:18:09.775960,21:18:09.296509,21:18:09.296622,21:18:09.294354
3,leak,21:18:13.037717,21:18:13.037717,21:18:13.038731,21:18:13.038731,21:18:13.040947,21:18:13.040947,21:18:13.043199,21:18:13.043199,21:18:13.053876,21:18:13.053928,21:18:13.075655,21:18:13.089358,21:18:13.531055,21:18:13.531088,21:18:13.537593,21:18:13.537621,21:18:13.544203,21:18:13.041064,21:18:13.041614,21:18:13.039814
3,leak,21:18:17.854991,21:18:17.854991,21:18:17.855392,21:18:17.855392,21:18:17.856641,21:18:17.856641,21:18:17.858404,21:18:17.858404,21:18:17.868329,21:18:17.868353,21:18:17.883276,21:18:17.892414,21:18:18.324453,21:18:18.324483,21:18:18.330451,21:18:18.330477,21:18:18.336597,21:18:17.858435,21:18:17.858602,21:18:17.856084
3,leak,21:18:22.572703,21:18:22.572703,21:18:22.573182,21:18:22.573182,21:18:22.574659,21:18:22.574659,21:18:22.576182,21:18:22.576182,21:18:22.585762,21:18:22.585785,21:18:22.600725,21:18:22.610387,21:18:23.047037,21:18:23.047075,21:18:23.054690,21:18:23.054719,21:18:23.065491,21:18:22.576502,21:18:22.576649,21:18:22.574021
3,leak,21:18:27.324662,21:18:27.324662,21:18:27.325093,21:18:27.325093,21:18:27.326863,21:18:27.326863,21:18:27.328536,21:18:27.328536,21:18:27.343544,21:18:27.343580,21:18:27.357323,21:18:27.365527,21:18:27.796617,21:18:27.796651,21:18:27.803073,21:18:27.803101,21:18:27.809107,21:18:27.328243,21:18:27.328348,21:18:27.325890
3,leak,21:18:32.154584,21:18:32.154584,21:18:32.154934,21:18:32.154934,21:18:32.156371,21:18:32.156371,21:18:32.158193,21:18:32.158193,21:18:32.167801,21:18:32.167832,21:18:32.190675,21:18:32.200710,21:18:32.633092,21:18:32.633123,21:18:32.639525,21:18:32.639552,21:18:32.645965,21:18:32.158372,21:18:32.158474,21:18:32.155696
3,leak,21:18:36.891230,21:18:36.891230,21:18:36.891710,21:18:36.891710,21:18:36.893165,21:18:36.893165,21:18:36.894593,21:18:36.894593,21:18:36.904574,21:18:36.904606,21:18:36.918727,21:18:36.927555,21:18:37.358360,21:18:37.358393,21:18:37.364476,21:18:37.364508,21:18:37.370266,21:18:36.894689,21:18:36.894827,21:18:36.892554
3,leak,21:18:41.702258,21:18:41.702258,21:18:41.702709,21:18:41.702709,21:18:41.704186,21:18:41.704186,21:18:41.705688,21:18:41.705688,21:18:41.715367,21:18:41.715396,21:18:41.730340,21:18:41.739786,21:18:42.172968,21:18:42.172994,21:18:42.178809,21:18:42.178831,21:18:42.184254,21:18:41.705853,21:18:41.706001,21:18:41.703491
3,leak,21:18:46.538288,21:18:46.538288,21:18:46.538656,21:18:46.538656,21:18:46.540097,21:18:46.540097,21:18:46.541855,21:18:46.541855,21:18:46.551838,21:18:46.551868,21:18:46.566180,21:18:46.575746,21:18:47.007950,21:18:47.007981,21:18:47.014242,21:18:47.014267,21:18:47.020112,21:18:46.541806,21:18:46.541953,21:18:46.539449
3,leak,21:18:51.318118,21:18:51.318118,21:18:51.318488,21:18:51.318488,21:18:51.319846,21:18:51.319846,21:18:51.321700,21:18:51.321700,21:18:51.331151,21:18:51.331180,21:18:51.344899,21:18:51.353807,21:18:51.785930,21:18:51.785964,21:18:51.792275,21:18:51.792301,21:18:51.798267,21:18:51.321763,21:18:51.321875,21:18:51.319241
3,leak,21:18:56.058732,21:18:56.058732,21:18:56.059097,21:18:56.059097,21:18:56.060471,21:18:56.060471,21:18:56.061947,21:18:56.061947,21:18:56.071481,21:18:56.071520,21:18:56.086335,21:18:56.095932,21:18:56.528258,21:18:56.528293,21:18:56.534801,21:18:56.534825,21:18:56.540465,21:18:56.062318,21:18:56.062426,21:18:56.059848
3,leak,21:19:00.801853,21:19:00.801853,21:19:00.802336,21:19:00.802336,21:19:00.803708,21:19:00.803708,21:19:00.805543,21:19:00.805543,21:19:00.815037,21:19:00.815064,21:19:00.831095,21:19:00.841591,21:19:01.275058,21:19:01.275088,21:19:01.280832,21:19:01.280855,21:19:01.286454,21:19:00.805402,21:19:00.805787,21:19:00.803104
3,leak,21:19:05.561399,21:19:05.561399,21:19:05.561888,21:19:05.561888,21:19:05.563623,21:19:05.563623,21:19:05.565239,21:19:05.565239,21:19:05.574998,21:19:05.575027,21:19:05.589484,21:19:05.598088,21:19:06.030269,21:19:06.030305,21:19:06.036442,21:19:06.036469,21:19:06.042225,21:19:05.565142,21:19:05.565295,21:19:05.562712
3,leak,21:19:10.298677,21:19:10.298677,21:19:10.299162,21:19:10.299162,21:19:10.300603,21:19:10.300603,21:19:10.302494,21:19:10.302494,21:19:10.313199,21:19:10.313233,21:19:10.328182,21:19:10.337353,21:19:10.768423,21:19:10.768461,21:19:10.774558,21:19:10.774588,21:19:10.780660,21:19:10.302303,21:19:10.302455,21:19:10.299913
3,leak,21:19:15.044768,21:19:15.044768,21:19:15.045189,21:19:15.045189,21:19:15.046543,21:19:15.046543,21:19:15.048485,21:19:15.048485,21:19:15.058797,21:19:15.058823,21:19:15.072874,21:19:15.081848,21:19:15.514084,21:19:15.514113,21:19:15.520285,21:19:15.520314,21:19:15.526322,21:19:15.048197,21:19:15.048347,21:19:15.045990
3,leak,21:19:19.806994,21:19:19.806994,21:19:19.807407,21:19:19.807407,21:19:19.808850,21:19:19.808850,21:19:19.810505,21:19:19.810505,21:19:19.820956,21:19:19.821005,21:19:19.835228,21:19:19.844088,21:19:20.275956,21:19:20.275983,21:19:20.282182,21:19:20.282213,21:19:20.288315,21:19:19.810169,21:19:19.810269,21:19:19.808208
3,leak,21:19:23.582932,21:19:23.582932,21:19:23.583522,21:19:23.583522,21:19:23.585184,21:19:23.585184,21:19:23.587016,21:19:23.587016,21:19:23.596690,21:19:23.596720,21:19:23.611723,21:19:23.620421,21:19:24.049856,21:19:24.049890,21:19:24.056365,21:19:24.056394,21:19:24.062245,21:19:23.586321,21:19:23.586434,21:19:23.584436
3,safe,21:19:28.367980,21:19:28.367980,21:19:28.368325,21:19:28.368325,21:19:28.369748,21:19:28.369748,21:19:28.371281,21:19:28.371281,21:19:28.383345,21:19:28.383373,21:19:28.407457,21:19:28.416524,21:19:28.848788,21:19:28.848824,21:19:28.855107,21:19:28.855131,21:19:28.860968,21:19:28.371168,21:19:28.371277,21:19:28.369071
3,leak,21:19:33.634937,21:19:33.634937,21:19:33.635318,21:19:33.635318,21:19:33.637019,21:19:33.637019,21:19:33.640102,21:19:33.640102,21:19:33.649841,21:19:33.649871,21:19:33.664894,21:19:33.674347,21:19:34.106413,21:19:34.106449,21:19:34.112313,21:19:34.112339,21:19:34.117830,21:19:33.661518,21:19:33.661655,21:19:33.636062
3,leak,21:19:37.345862,21:19:37.345862,21:19:37.346292,21:19:37.346292,21:19:37.347751,21:19:37.347751,21:19:37.349268,21:19:37.349268,21:19:37.359603,21:19:37.359625,21:19:37.374223,21:19:37.382852,21:19:37.811311,21:19:37.811350,21:19:37.817350,21:19:37.817375,21:19:37.823190,21:19:37.349281,21:19:37.349463,21:19:37.347083
3,leak,21:19:42.075313,21:19:42.075313,21:19:42.075771,21:19:42.075771,21:19:42.077102,21:19:42.077102,21:19:42.078510,21:19:42.078510,21:19:42.092142,21:19:42.092178,21:19:42.106831,21:19:42.115602,21:19:42.547228,21:19:42.547263,21:19:42.553364,21:19:42.553394,21:19:42.559578,21:19:42.078922,21:19:42.079071,21:19:42.076515
3,leak,21:19:46.874318,21:19:46.874318,21:19:46.874794,21:19:46.874794,21:19:46.876282,21:19:46.876282,21:19:46.877937,21:19:46.877937,21:19:46.889322,21:19:46.889351,21:19:46.903157,21:19:46.911843,21:19:47.343387,21:19:47.343418,21:19:47.349578,21:19:47.349603,21:19:47.355338,21:19:46.877895,21:19:46.878031,21:19:46.875616
3,leak,21:19:51.543004,21:19:51.543004,21:19:51.543359,21:19:51.543359,21:19:51.544722,21:19:51.544722,21:19:51.546153,21:19:51.546153,21:19:51.555496,21:19:51.555521,21:19:51.569806,21:19:51.578689,21:19:52.012489,21:19:52.012520,21:19:52.018939,21:19:52.018970,21:19:52.025203,21:19:51.546528,21:19:51.546635,21:19:51.544121
3,leak,21:19:56.289365,21:19:56.289365,21:19:56.289810,21:19:56.289810,21:19:56.291239,21:19:56.291239,21:19:56.292822,21:19:56.292822,21:19:56.302411,21:19:56.302447,21:19:56.317061,21:19:56.326838,21:19:56.757130,21:19:56.757161,21:19:56.763224,21:19:56.763245,21:19:56.768885,21:19:56.293060,21:19:56.293208,21:19:56.290631
3,leak,21:20:01.118325,21:20:01.118325,21:20:01.118796,21:20:01.118796,21:20:01.120306,21:20:01.120306,21:20:01.121916,21:20:01.121916,21:20:01.132212,21:20:01.132237,21:20:01.146421,21:20:01.155859,21:20:01.590486,21:20:01.590518,21:20:01.596428,21:20:01.596451,21:20:01.602197,21:20:01.121684,21:20:01.121782,21:20:01.119574
3,leak,21:20:05.864011,21:20:05.864011,21:20:05.864473,21:20:05.864473,21:20:05.866024,21:20:05.866024,21:20:05.867503,21:20:05.867503,21:20:05.877010,21:20:05.877037,21:20:05.892333,21:20:05.901341,21:20:06.334985,21:20:06.335016,21:20:06.340877,21:20:06.340900,21:20:06.346700,21:20:05.867180,21:20:05.867281,21:20:05.865371
3,leak,21:20:10.597682,21:20:10.597682,21:20:10.598099,21:20:10.598099,21:20:10.599374,21:20:10.599374,21:20:10.600851,21:20:10.600851,21:20:10.610404,21:20:10.610437,21:20:10.624806,21:20:10.634299,21:20:11.066367,21:20:11.066402,21:20:11.073134,21:20:11.073167,21:20:11.078676,21:20:10.601004,21:20:10.601114,21:20:10.598790
3,leak,21:20:15.350647,21:20:15.350647,21:20:15.351015,21:20:15.351015,21:20:15.352494,21:20:15.352494,21:20:15.354064,21:20:15.354064,21:20:15.363567,21:20:15.363596,21:20:15.379305,21:20:15.388432,21:20:15.821260,21:20:15.821343,21:20:15.827559,21:20:15.827586,21:20:15.833639,21:20:15.354058,21:20:15.354165,21:20:15.351829
3,safe,21:20:20.095162,21:20:20.095162,21:20:20.095512,21:20:20.095512,21:20:20.097144,21:20:20.097144,21:20:20.098768,21:20:20.098768,21:20:20.108269,21:20:20.108295,21:20:20.122481,21:20:20.131354,21:20:20.565323,21:20:20.565355,21:20:20.571404,21:20:20.571436,21:20:20.577283,21:20:20.098729,21:20:20.098818,21:20:20.096275
3,leak,21:20:25.299084,21:20:25.299084,21:20:25.299586,21:20:25.299586,21:20:25.301278,21:20:25.301278,21:20:25.303948,21:20:25.303948,21:20:25.313555,21:20:25.313587,21:20:25.338110,21:20:25.347288,21:20:25.780442,21:20:25.780478,21:20:25.786976,21:20:25.787005,21:20:25.793012,21:20:25.326216,21:20:25.326358,21:20:25.300362
3,leak,21:20:29.094676,21:20:29.094676,21:20:29.095072,21:20:29.095072,21:20:29.096422,21:20:29.096422,21:20:29.098066,21:20:29.098066,21:20:29.108665,21:20:29.108694,21:20:29.123643,21:20:29.132687,21:20:29.563119,21:20:29.563157,21:20:29.569553,21:20:29.569580,21:20:29.575745,21:20:29.098175,21:20:29.098273,21:20:29.095895
3,leak,21:20:33.833968,21:20:33.833968,21:20:33.834494,21:20:33.834494,21:20:33.835943,21:20:33.835943,21:20:33.837362,21:20:33.837362,21:20:33.847029,21:20:33.847059,21:20:33.861905,21:20:33.870912,21:20:34.301884,21:20:34.301917,21:20:34.308204,21:20:34.308227,21:20:34.314034,21:20:33.837539,21:20:33.837645,21:20:33.835354
3,leak,21:20:38.566206,21:20:38.566206,21:20:38.566688,21:20:38.566688,21:20:38.568056,21:20:38.568056,21:20:38.569429,21:20:38.569429,21:20:38.579895,21:20:38.579925,21:20:38.594474,21:20:38.603645,21:20:39.035996,21:20:39.036028,21:20:39.042266,21:20:39.042293,21:20:39.048077,21:20:38.569762,21:20:38.569918,21:20:38.567496
3,leak,21:20:43.391698,21:20:43.391698,21:20:43.392274,21:20:43.392274,21:20:43.393823,21:20:43.393823,21:20:43.395568,21:20:43.395568,21:20:43.405184,21:20:43.405215,21:20:43.419562,21:20:43.428932,21:20:43.861704,21:20:43.861739,21:20:43.868135,21:20:43.868161,21:20:43.873866,21:20:43.395667,21:20:43.395993,21:20:43.393095
3,leak,21:20:48.131616,21:20:48.131616,21:20:48.132164,21:20:48.132164,21:20:48.133620,21:20:48.133620,21:20:48.135220,21:20:48.135220,21:20:48.145096,21:20:48.145125,21:20:48.160412,21:20:48.169616,21:20:48.601241,21:20:48.601276,21:20:48.607874,21:20:48.607901,21:20:48.614067,21:20:48.135163,21:20:48.135282,21:20:48.132965
3,leak,21:20:52.860366,21:20:52.860366,21:20:52.860750,21:20:52.860750,21:20:52.862204,21:20:52.862204,21:20:52.863675,21:20:52.863675,21:20:52.873641,21:20:52.873672,21:20:52.887635,21:20:52.896566,21:20:53.333891,21:20:53.333926,21:20:53.340285,21:20:53.340311,21:20:53.346003,21:20:52.863879,21:20:52.863966,21:20:52.861500
3,leak,21:20:57.655348,21:20:57.655348,21:20:57.655788,21:20:57.655788,21:20:57.657227,21:20:57.657227,21:20:57.659061,21:20:57.659061,21:20:57.668935,21:20:57.668971,21:20:57.684358,21:20:57.693309,21:20:58.124754,21:20:58.124792,21:20:58.131093,21:20:58.131121,21:20:58.136550,21:20:57.659170,21:20:57.659288,21:20:57.656547
3,leak,21:21:02.475675,21:21:02.475675,21:21:02.476157,21:21:02.476157,21:21:02.477591,21:21:02.477591,21:21:02.479103,21:21:02.479103,21:21:02.488682,21:21:02.488707,21:21:02.503156,21:21:02.512500,21:21:02.944201,21:21:02.944231,21:21:02.950546,21:21:02.950574,21:21:02.956510,21:21:02.478810,21:21:02.478929,21:21:02.476894
3,leak,21:21:07.308685,21:21:07.308685,21:21:07.309125,21:21:07.309125,21:21:07.310538,21:21:07.310538,21:21:07.312409,21:21:07.312409,21:21:07.321928,21:21:07.321949,21:21:07.336609,21:21:07.345778,21:21:07.778949,21:21:07.778981,21:21:07.784947,21:21:07.784969,21:21:07.790687,21:21:07.311922,21:21:07.312081,21:21:07.309912
3,leak,21:21:12.038127,21:21:12.038127,21:21:12.038626,21:21:12.038626,21:21:12.040423,21:21:12.040423,21:21:12.042298,21:21:12.042298,21:21:12.051941,21:21:12.051967,21:21:12.067568,21:21:12.076677,21:21:12.509554,21:21:12.509585,21:21:12.516091,21:21:12.516116,21:21:12.521971,21:21:12.041753,21:21:12.041895,21:21:12.039479
3,leak,21:21:16.781445,21:21:16.781445,21:21:16.781973,21:21:16.781973,21:21:16.783710,21:21:16.783710,21:21:16.785447,21:21:16.785447,21:21:16.797804,21:21:16.797839,21:21:16.813232,21:21:16.822990,21:21:17.257027,21:21:17.257065,21:21:17.263541,21:21:17.263566,21:21:17.269412,21:21:16.784644,21:21:16.784760,21:21:16.782798
3,leak,21:21:21.469805,21:21:21.469805,21:21:21.470276,21:21:21.470276,21:21:21.471681,21:21:21.471681,21:21:21.473471,21:21:21.473471,21:21:21.484128,21:21:21.484158,21:21:21.506468,21:21:21.515589,21:21:21.947015,21:21:21.947046,21:21:21.953356,21:21:21.953384,21:21:21.959180,21:21:21.473045,21:21:21.473150,21:21:21.471061
3,leak,21:21:26.313845,21:21:26.313845,21:21:26.314312,21:21:26.314312,21:21:26.315674,21:21:26.315674,21:21:26.317136,21:21:26.317136,21:21:26.326681,21:21:26.326708,21:21:26.341510,21:21:26.350678,21:21:26.783092,21:21:26.783124,21:21:26.789230,21:21:26.789252,21:21:26.794559,21:21:26.317287,21:21:26.317396,21:21:26.315133
3,leak,21:21:31.114525,21:21:31.114525,21:21:31.114971,21:21:31.114971,21:21:31.116392,21:21:31.116392,21:21:31.117944,21:21:31.117944,21:21:31.127430,21:21:31.127463,21:21:31.142124,21:21:31.151004,21:21:31.582967,21:21:31.583001,21:21:31.589249,21:21:31.589275,21:21:31.595246,21:21:31.118234,21:21:31.118380,21:21:31.115725
3,safe,21:21:35.965938,21:21:35.965938,21:21:35.966391,21:21:35.966391,21:21:35.967704,21:21:35.967704,21:21:35.969110,21:21:35.969110,21:21:35.979459,21:21:35.979490,21:21:35.993317,21:21:36.002655,21:21:36.436376,21:21:36.436407,21:21:36.442616,21:21:36.442644,21:21:36.448582,21:21:35.969268,21:21:35.969373,21:21:35.967137
3,leak,21:21:41.200302,21:21:41.200302,21:21:41.200717,21:21:41.200717,21:21:41.202118,21:21:41.202118,21:21:41.204798,21:21:41.204798,21:21:41.214307,21:21:41.214335,21:21:41.228487,21:21:41.237437,21:21:41.669007,21:21:41.669040,21:21:41.675582,21:21:41.675609,21:21:41.681468,21:21:41.223558,21:21:41.223685,21:21:41.201500
3,leak,21:21:45.948114,21:21:45.948114,21:21:45.948568,21:21:45.948568,21:21:45.949986,21:21:45.949986,21:21:45.951404,21:21:45.951404,21:21:45.960945,21:21:45.960968,21:21:45.976150,21:21:45.985854,21:21:46.419473,21:21:46.419508,21:21:46.425418,21:21:46.425442,21:21:46.430905,21:21:45.951783,21:21:45.951934,21:21:45.949376
3,leak,21:21:50.781169,21:21:50.781169,21:21:50.781643,21:21:50.781643,21:21:50.783279,21:21:50.783279,21:21:50.784874,21:21:50.784874,21:21:50.794396,21:21:50.794425,21:21:50.809983,21:21:50.819169,21:21:51.250411,21:21:51.250438,21:21:51.256148,21:21:51.256170,21:21:51.261866,21:21:50.784394,21:21:50.784507,21:21:50.782392
3,leak,21:21:55.355912,21:21:55.355912,21:21:55.356455,21:21:55.356455,21:21:55.357941,21:21:55.357941,21:21:55.359432,21:21:55.359432,21:21:55.368906,21:21:55.368933,21:21:55.383352,21:21:55.392058,21:21:55.823851,21:21:55.823887,21:21:55.829915,21:21:55.829942,21:21:55.835571,21:21:55.359403,21:21:55.359531,21:21:55.357325
3,leak,21:22:00.094712,21:22:00.094712,21:22:00.095152,21:22:00.095152,21:22:00.096822,21:22:00.096822,21:22:00.098314,21:22:00.098314,21:22:00.107766,21:22:00.107795,21:22:00.121740,21:22:00.131241,21:22:00.562186,21:22:00.562223,21:22:00.568462,21:22:00.568488,21:22:00.574226,21:22:00.098264,21:22:00.098366,21:22:00.095968
3,leak,21:22:04.878871,21:22:04.878871,21:22:04.879312,21:22:04.879312,21:22:04.880684,21:22:04.880684,21:22:04.882076,21:22:04.882076,21:22:04.896114,21:22:04.896149,21:22:04.910142,21:22:04.918921,21:22:05.352558,21:22:05.352589,21:22:05.358628,21:22:05.358652,21:22:05.364790,21:22:04.882349,21:22:04.883013,21:22:04.880102
3,leak,21:22:09.621375,21:22:09.621375,21:22:09.621762,21:22:09.621762,21:22:09.623242,21:22:09.623242,21:22:09.624675,21:22:09.624675,21:22:09.634197,21:22:09.634232,21:22:09.649347,21:22:09.658191,21:22:10.090939,21:22:10.090968,21:22:10.097018,21:22:10.097045,21:22:10.102658,21:22:09.624853,21:22:09.625007,21:22:09.622603
3,leak,21:22:14.372330,21:22:14.372330,21:22:14.372745,21:22:14.372745,21:22:14.374215,21:22:14.374215,21:22:14.375674,21:22:14.375674,21:22:14.386061,21:22:14.386090,21:22:14.401498,21:22:14.410997,21:22:14.843854,21:22:14.843882,21:22:14.850081,21:22:14.850104,21:22:14.855578,21:22:14.375850,21:22:14.375957,21:22:14.373570
3,leak,21:22:19.111788,21:22:19.111788,21:22:19.112184,21:22:19.112184,21:22:19.113427,21:22:19.113427,21:22:19.114799,21:22:19.114799,21:22:19.128598,21:22:19.128627,21:22:19.151289,21:22:19.160432,21:22:19.593084,21:22:19.593113,21:22:19.599197,21:22:19.599225,21:22:19.605192,21:22:19.115372,21:22:19.115481,21:22:19.112897
3,leak,21:22:23.894198,21:22:23.894198,21:22:23.894750,21:22:23.894750,21:22:23.896225,21:22:23.896225,21:22:23.897752,21:22:23.897752,21:22:23.943933,21:22:23.943979,21:22:23.959644,21:22:23.968914,21:22:24.399542,21:22:24.399573,21:22:24.405694,21:22:24.405720,21:22:24.411646,21:22:23.898146,21:22:23.898299,21:22:23.895636
3,leak,21:22:28.822806,21:22:28.822806,21:22:28.823323,21:22:28.823323,21:22:28.824832,21:22:28.824832,21:22:28.826394,21:22:28.826394,21:22:28.870997,21:22:28.871044,21:22:28.886377,21:22:28.895645,21:22:29.326127,21:22:29.326158,21:22:29.332221,21:22:29.332245,21:22:29.337897,21:22:28.826002,21:22:28.826152,21:22:28.824185
3,leak,21:22:33.782173,21:22:33.782173,21:22:33.782672,21:22:33.782672,21:22:33.784110,21:22:33.784110,21:22:33.785907,21:22:33.785907,21:22:33.826712,21:22:33.826753,21:22:33.842194,21:22:33.852602,21:22:34.284324,21:22:34.284356,21:22:34.290217,21:22:34.290239,21:22:34.295734,21:22:33.785924,21:22:33.786090,21:22:33.783500
3,leak,21:22:38.681303,21:22:38.681303,21:22:38.681795,21:22:38.681795,21:22:38.683122,21:22:38.683122,21:22:38.684518,21:22:38.684518,21:22:38.724868,21:22:38.724914,21:22:38.739708,21:22:38.748587,21:22:39.180506,21:22:39.180538,21:22:39.186458,21:22:39.186479,21:22:39.192168,21:22:38.684886,21:22:38.685029,21:22:38.682580
3,leak,21:22:43.617483,21:22:43.617483,21:22:43.617860,21:22:43.617860,21:22:43.619290,21:22:43.619290,21:22:43.620903,21:22:43.620903,21:22:43.674948,21:22:43.674994,21:22:43.690545,21:22:43.699297,21:22:44.130404,21:22:44.130434,21:22:44.136768,21:22:44.136794,21:22:44.142760,21:22:43.620943,21:22:43.621101,21:22:43.618633
3,leak,21:22:48.528345,21:22:48.528345,21:22:48.528757,21:22:48.528757,21:22:48.530230,21:22:48.530230,21:22:48.531735,21:22:48.531735,21:22:48.583279,21:22:48.583325,21:22:48.597959,21:22:48.606695,21:22:49.038671,21:22:49.038703,21:22:49.044876,21:22:49.044904,21:22:49.050847,21:22:48.532119,21:22:48.532277,21:22:48.529628
3,leak,21:22:53.394641,21:22:53.394641,21:22:53.395257,21:22:53.395257,21:22:53.397012,21:22:53.397012,21:22:53.398756,21:22:53.398756,21:22:53.451129,21:22:53.451175,21:22:53.466321,21:22:53.475892,21:22:53.908472,21:22:53.908505,21:22:53.914462,21:22:53.914494,21:22:53.920105,21:22:53.398275,21:22:53.398421,21:22:53.396315
3,leak,21:22:58.550099,21:22:58.550099,21:22:58.550583,21:22:58.550583,21:22:58.551983,21:22:58.551983,21:22:58.554675,21:22:58.554675,21:22:58.619983,21:22:58.620023,21:22:58.634893,21:22:58.643546,21:22:59.075758,21:22:59.075785,21:22:59.081754,21:22:59.081780,21:22:59.087911,21:22:58.569003,21:22:58.569197,21:22:58.551429
3,leak,21:23:03.455260,21:23:03.455260,21:23:03.455738,21:23:03.455738,21:23:03.457198,21:23:03.457198,21:23:03.459103,21:23:03.459103,21:23:03.497169,21:23:03.497213,21:23:03.511857,21:23:03.521026,21:23:03.954052,21:23:03.954090,21:23:03.960353,21:23:03.960376,21:23:03.966831,21:23:03.458819,21:23:03.458956,21:23:03.456536
3,leak,21:23:08.342793,21:23:08.342793,21:23:08.343417,21:23:08.343417,21:23:08.345021,21:23:08.345021,21:23:08.346738,21:23:08.346738,21:23:08.394280,21:23:08.394333,21:23:08.409818,21:23:08.418783,21:23:08.850998,21:23:08.851029,21:23:08.857242,21:23:08.857268,21:23:08.862972,21:23:08.345988,21:23:08.346128,21:23:08.344374
3,leak,21:23:13.234460,21:23:13.234460,21:23:13.235140,21:23:13.235140,21:23:13.237505,21:23:13.237505,21:23:13.240094,21:23:13.240094,21:23:13.288700,21:23:13.288772,21:23:13.307875,21:23:13.322473,21:23:13.768608,21:23:13.768646,21:23:13.774943,21:23:13.774969,21:23:13.780564,21:23:13.237966,21:23:13.238157,21:23:13.236373
3,safe,21:23:17.082591,21:23:17.082591,21:23:17.083105,21:23:17.083105,21:23:17.084660,21:23:17.084660,21:23:17.086418,21:23:17.086418,21:23:17.126023,21:23:17.126070,21:23:17.150197,21:23:17.159080,21:23:17.587027,21:23:17.587057,21:23:17.593099,21:23:17.593121,21:23:17.598687,21:23:17.086079,21:23:17.086198,21:23:17.083945
3,safe,21:23:22.448793,21:23:22.448793,21:23:22.449236,21:23:22.449236,21:23:22.450648,21:23:22.450648,21:23:22.453013,21:23:22.453013,21:23:22.492446,21:23:22.492488,21:23:22.508628,21:23:22.517492,21:23:22.947700,21:23:22.947730,21:23:22.953650,21:23:22.953682,21:23:22.959504,21:23:22.453034,21:23:22.453159,21:23:22.450035
3,leak,21:23:27.605355,21:23:27.605355,21:23:27.605895,21:23:27.605895,21:23:27.607412,21:23:27.607412,21:23:27.609901,21:23:27.609901,21:23:27.677149,21:23:27.677193,21:23:27.692382,21:23:27.701312,21:23:28.132001,21:23:28.132033,21:23:28.138225,21:23:28.138254,21:23:28.144340,21:23:27.623425,21:23:27.623588,21:23:27.606737
3,leak,21:23:32.417552,21:23:32.417552,21:23:32.418104,21:23:32.418104,21:23:32.419547,21:23:32.419547,21:23:32.421076,21:23:32.421076,21:23:32.431265,21:23:32.431296,21:23:32.446384,21:23:32.455402,21:23:32.886575,21:23:32.886605,21:23:32.892779,21:23:32.892802,21:23:32.898164,21:23:32.420967,21:23:32.421078,21:23:32.418866
3,leak,21:23:37.207143,21:23:37.207143,21:23:37.207623,21:23:37.207623,21:23:37.209031,21:23:37.209031,21:23:37.210733,21:23:37.210733,21:23:37.220184,21:23:37.220206,21:23:37.235068,21:23:37.243791,21:23:37.675022,21:23:37.675059,21:23:37.681263,21:23:37.681287,21:23:37.687304,21:23:37.210416,21:23:37.210527,21:23:37.208405
3,leak,21:23:41.951957,21:23:41.951957,21:23:41.952352,21:23:41.952352,21:23:41.953785,21:23:41.953785,21:23:41.955432,21:23:41.955432,21:23:41.965060,21:23:41.965084,21:23:41.979278,21:23:41.988506,21:23:42.421078,21:23:42.421110,21:23:42.427794,21:23:42.427821,21:23:42.433563,21:23:41.955658,21:23:41.955804,21:23:41.953189
3,leak,21:23:46.752014,21:23:46.752014,21:23:46.752511,21:23:46.752511,21:23:46.754186,21:23:46.754186,21:23:46.755895,21:23:46.755895,21:23:46.765592,21:23:46.765613,21:23:46.780011,21:23:46.788655,21:23:47.221091,21:23:47.221118,21:23:47.227360,21:23:47.227386,21:23:47.233101,21:23:46.755303,21:23:46.755411,21:23:46.753354
3,leak,21:23:51.495531,21:23:51.495531,21:23:51.495986,21:23:51.495986,21:23:51.497275,21:23:51.497275,21:23:51.498945,21:23:51.498945,21:23:51.508459,21:23:51.508485,21:23:51.523064,21:23:51.531964,21:23:51.964176,21:23:51.964208,21:23:51.970577,21:23:51.970605,21:23:51.976560,21:23:51.499074,21:23:51.499176,21:23:51.496720
3,leak,21:23:56.237290,21:23:56.237290,21:23:56.237785,21:23:56.237785,21:23:56.239238,21:23:56.239238,21:23:56.240598,21:23:56.240598,21:23:56.250156,21:23:56.250186,21:23:56.264868,21:23:56.274283,21:23:56.703744,21:23:56.703776,21:23:56.710146,21:23:56.710173,21:23:56.716068,21:23:56.240888,21:23:56.241044,21:23:56.238631
3,leak,21:24:00.976428,21:24:00.976428,21:24:00.976924,21:24:00.976924,21:24:00.978292,21:24:00.978292,21:24:00.979793,21:24:00.979793,21:24:00.990084,21:24:00.990112,21:24:01.003895,21:24:01.012710,21:24:01.444616,21:24:01.444649,21:24:01.450911,21:24:01.450941,21:24:01.456712,21:24:00.980020,21:24:00.980141,21:24:00.977757
3,leak,21:24:05.654428,21:24:05.654428,21:24:05.654888,21:24:05.654888,21:24:05.656279,21:24:05.656279,21:24:05.658122,21:24:05.658122,21:24:05.667744,21:24:05.667770,21:24:05.683657,21:24:05.692817,21:24:06.126729,21:24:06.126759,21:24:06.132889,21:24:06.132917,21:24:06.138954,21:24:05.657899,21:24:05.658007,21:24:05.655674
3,safe,21:24:10.402467,21:24:10.402467,21:24:10.402888,21:24:10.402888,21:24:10.404295,21:24:10.404295,21:24:10.405801,21:24:10.405801,21:24:10.415204,21:24:10.415231,21:24:10.488931,21:24:10.497787,21:24:10.929171,21:24:10.929207,21:24:10.935597,21:24:10.935623,21:24:10.941776,21:24:10.406247,21:24:10.406352,21:24:10.403690
3,leak,21:24:15.715803,21:24:15.715803,21:24:15.716484,21:24:15.716484,21:24:15.718134,21:24:15.718134,21:24:15.721186,21:24:15.721186,21:24:15.731212,21:24:15.731238,21:24:15.752523,21:24:15.761613,21:24:16.192990,21:24:16.193023,21:24:16.198938,21:24:16.198959,21:24:16.204763,21:24:15.730886,21:24:15.731021,21:24:15.717322
3,leak,21:24:20.549813,21:24:20.549813,21:24:20.550306,21:24:20.550306,21:24:20.551937,21:24:20.551937,21:24:20.553655,21:24:20.553655,21:24:20.564301,21:24:20.564334,21:24:20.576501,21:24:20.585655,21:24:21.016506,21:24:21.016535,21:24:21.022816,21:24:21.022840,21:24:21.028755,21:24:20.553352,21:24:20.553507,21:24:20.551083
3,leak,21:24:25.395830,21:24:25.395830,21:24:25.396337,21:24:25.396337,21:24:25.397836,21:24:25.397836,21:24:25.399342,21:24:25.399342,21:24:25.408785,21:24:25.408811,21:24:25.421263,21:24:25.430403,21:24:25.867254,21:24:25.867291,21:24:25.873391,21:24:25.873417,21:24:25.879761,21:24:25.399439,21:24:25.399542,21:24:25.397165
3,leak,21:24:30.194317,21:24:30.194317,21:24:30.194725,21:24:30.194725,21:24:30.196204,21:24:30.196204,21:24:30.197715,21:24:30.197715,21:24:30.208207,21:24:30.208235,21:24:30.222149,21:24:30.232049,21:24:30.664450,21:24:30.664482,21:24:30.670629,21:24:30.670654,21:24:30.677089,21:24:30.197854,21:24:30.197949,21:24:30.195541
3,leak,21:24:34.940253,21:24:34.940253,21:24:34.940718,21:24:34.940718,21:24:34.941975,21:24:34.941975,21:24:34.943435,21:24:34.943435,21:24:34.954012,21:24:34.954043,21:24:34.968761,21:24:34.977821,21:24:35.410404,21:24:35.410435,21:24:35.416187,21:24:35.416209,21:24:35.422079,21:24:34.943811,21:24:34.943931,21:24:34.941467
3,leak,21:24:39.748342,21:24:39.748342,21:24:39.748847,21:24:39.748847,21:24:39.750420,21:24:39.750420,21:24:39.752095,21:24:39.752095,21:24:39.762633,21:24:39.762665,21:24:39.775614,21:24:39.784909,21:24:40.215648,21:24:40.215680,21:24:40.221751,21:24:40.221779,21:24:40.227583,21:24:39.751635,21:24:39.751742,21:24:39.749598
3,leak,21:24:44.503270,21:24:44.503270,21:24:44.503720,21:24:44.503720,21:24:44.505075,21:24:44.505075,21:24:44.506531,21:24:44.506531,21:24:44.516150,21:24:44.516191,21:24:44.528433,21:24:44.537350,21:24:44.969753,21:24:44.969783,21:24:44.976182,21:24:44.976207,21:24:44.982108,21:24:44.506987,21:24:44.507096,21:24:44.504534
3,leak,21:24:49.254184,21:24:49.254184,21:24:49.254700,21:24:49.254700,21:24:49.256375,21:24:49.256375,21:24:49.258252,21:24:49.258252,21:24:49.268722,21:24:49.268762,21:24:49.281159,21:24:49.290700,21:24:49.726551,21:24:49.726582,21:24:49.732432,21:24:49.732458,21:24:49.738135,21:24:49.257698,21:24:49.258056,21:24:49.255534
3,leak,21:24:54.070158,21:24:54.070158,21:24:54.070558,21:24:54.070558,21:24:54.072289,21:24:54.072289,21:24:54.074066,21:24:54.074066,21:24:54.083812,21:24:54.083851,21:24:54.095916,21:24:54.105221,21:24:54.543669,21:24:54.543702,21:24:54.550737,21:24:54.550761,21:24:54.556533,21:24:54.074107,21:24:54.074239,21:24:54.071341
3,leak,21:24:58.884178,21:24:58.884178,21:24:58.884562,21:24:58.884562,21:24:58.885835,21:24:58.885835,21:24:58.887246,21:24:58.887246,21:24:58.904046,21:24:58.904078,21:24:58.915970,21:24:58.925144,21:24:59.361406,21:24:59.361440,21:24:59.367270,21:24:59.367289,21:24:59.372861,21:24:58.887758,21:24:58.887868,21:24:58.885258
3,leak,21:25:03.645079,21:25:03.645079,21:25:03.645572,21:25:03.645572,21:25:03.646963,21:25:03.646963,21:25:03.648362,21:25:03.648362,21:25:03.658156,21:25:03.658189,21:25:03.670105,21:25:03.679208,21:25:04.116667,21:25:04.116704,21:25:04.123098,21:25:04.123124,21:25:04.128778,21:25:03.648480,21:25:03.648595,21:25:03.646376
3,leak,21:25:08.495896,21:25:08.495896,21:25:08.496437,21:25:08.496437,21:25:08.497823,21:25:08.497823,21:25:08.499280,21:25:08.499280,21:25:08.509174,21:25:08.509216,21:25:08.521999,21:25:08.530912,21:25:08.965702,21:25:08.965733,21:25:08.971669,21:25:08.971693,21:25:08.978109,21:25:08.499318,21:25:08.499435,21:25:08.497252
3,leak,21:25:11.671990,21:25:11.671990,21:25:11.672396,21:25:11.672396,21:25:11.673922,21:25:11.673922,21:25:11.675433,21:25:11.675433,21:25:11.685768,21:25:11.685801,21:25:11.714609,21:25:11.724074,21:25:12.147443,21:25:12.147473,21:25:12.153214,21:25:12.153237,21:25:12.159202,21:25:11.675624,21:25:11.675726,21:25:11.673200
3,leak,21:25:16.447029,21:25:16.447029,21:25:16.447463,21:25:16.447463,21:25:16.448838,21:25:16.448838,21:25:16.450718,21:25:16.450718,21:25:16.461355,21:25:16.461393,21:25:16.473852,21:25:16.482773,21:25:16.915946,21:25:16.915977,21:25:16.922126,21:25:16.922152,21:25:16.928215,21:25:16.450315,21:25:16.450432,21:25:16.448172
3,leak,21:25:21.191368,21:25:21.191368,21:25:21.191801,21:25:21.191801,21:25:21.193101,21:25:21.193101,21:25:21.194502,21:25:21.194502,21:25:21.204576,21:25:21.204608,21:25:21.217218,21:25:21.226453,21:25:21.658448,21:25:21.658495,21:25:21.664631,21:25:21.664652,21:25:21.670020,21:25:21.194864,21:25:21.194968,21:25:21.192566
3,leak,21:25:25.954344,21:25:25.954344,21:25:25.954823,21:25:25.954823,21:25:25.956374,21:25:25.956374,21:25:25.958192,21:25:25.958192,21:25:25.967828,21:25:25.967855,21:25:25.979888,21:25:25.989029,21:25:26.422057,21:25:26.422089,21:25:26.427951,21:25:26.427973,21:25:26.433283,21:25:25.957959,21:25:25.958072,21:25:25.955644
3,leak,21:25:30.707725,21:25:30.707725,21:25:30.708213,21:25:30.708213,21:25:30.709558,21:25:30.709558,21:25:30.711148,21:25:30.711148,21:25:30.720630,21:25:30.720658,21:25:30.733206,21:25:30.742083,21:25:31.176100,21:25:31.176137,21:25:31.182691,21:25:31.182717,21:25:31.188900,21:25:30.711060,21:25:30.711178,21:25:30.708987
3,leak,21:25:34.486654,21:25:34.486654,21:25:34.487003,21:25:34.487003,21:25:34.488395,21:25:34.488395,21:25:34.489846,21:25:34.489846,21:25:34.499463,21:25:34.499497,21:25:34.514511,21:25:34.523747,21:25:34.953917,21:25:34.953945,21:25:34.959958,21:25:34.959984,21:25:34.965724,21:25:34.490137,21:25:34.490246,21:25:34.487735
4,leak,21:25:39.293994,21:25:39.293994,21:25:39.294492,21:25:39.294492,21:25:39.296150,21:25:39.296150,21:25:39.297647,21:25:39.297647,21:25:39.311943,21:25:39.311977,21:25:39.323728,21:25:39.332739,21:25:39.764596,21:25:39.764633,21:25:39.771080,21:25:39.771110,21:25:39.777167,21:25:39.298294,21:25:39.298405,21:25:39.295261
4,leak,21:25:44.094224,21:25:44.094224,21:25:44.094712,21:25:44.094712,21:25:44.096135,21:25:44.096135,21:25:44.097594,21:25:44.097594,21:25:44.111821,21:25:44.111856,21:25:44.124443,21:25:44.133689,21:25:44.566899,21:25:44.566930,21:25:44.573002,21:25:44.573026,21:25:44.578819,21:25:44.099064,21:25:44.099168,21:25:44.095502
4,leak,21:25:48.857482,21:25:48.857482,21:25:48.857977,21:25:48.857977,21:25:48.859427,21:25:48.859427,21:25:48.861101,21:25:48.861101,21:25:48.874782,21:25:48.874814,21:25:48.886987,21:25:48.896122,21:25:49.328695,21:25:49.328730,21:25:49.335156,21:25:49.335184,21:25:49.341130,21:25:48.862215,21:25:48.862328,21:25:48.858812
4,leak,21:25:52.467925,21:25:52.467925,21:25:52.468473,21:25:52.468473,21:25:52.470066,21:25:52.470066,21:25:52.471745,21:25:52.471745,21:25:52.481339,21:25:52.481375,21:25:52.497664,21:25:52.507064,21:25:52.936361,21:25:52.936393,21:25:52.942315,21:25:52.942340,21:25:52.947869,21:25:52.472235,21:25:52.472339,21:25:52.469395
4,leak,21:25:57.221934,21:25:57.221934,21:25:57.222378,21:25:57.222378,21:25:57.223698,21:25:57.223698,21:25:57.225146,21:25:57.225146,21:25:57.239674,21:25:57.239707,21:25:57.252554,21:25:57.262220,21:25:57.693206,21:25:57.693239,21:25:57.699420,21:25:57.699448,21:25:57.705317,21:25:57.226243,21:25:57.226383,21:25:57.223174
4,leak,21:26:01.976995,21:26:01.976995,21:26:01.977361,21:26:01.977361,21:26:01.978962,21:26:01.978962,21:26:01.980361,21:26:01.980361,21:26:01.994834,21:26:01.994874,21:26:02.007148,21:26:02.016295,21:26:02.450052,21:26:02.450104,21:26:02.456470,21:26:02.456498,21:26:02.462629,21:26:01.981434,21:26:01.981625,21:26:01.978160
4,leak,21:26:05.916715,21:26:05.916715,21:26:05.917212,21:26:05.917212,21:26:05.918599,21:26:05.918599,21:26:05.920047,21:26:05.920047,21:26:05.934271,21:26:05.934294,21:26:05.960688,21:26:05.969786,21:26:06.400048,21:26:06.400080,21:26:06.405895,21:26:06.405918,21:26:06.411685,21:26:05.921291,21:26:05.921394,21:26:05.917953
4,leak,21:26:10.723646,21:26:10.723646,21:26:10.724142,21:26:10.724142,21:26:10.725442,21:26:10.725442,21:26:10.726849,21:26:10.726849,21:26:10.740505,21:26:10.740537,21:26:10.753589,21:26:10.762535,21:26:11.197189,21:26:11.197222,21:26:11.203226,21:26:11.203250,21:26:11.209046,21:26:10.728086,21:26:10.728184,21:26:10.724878
4,leak,21:26:15.477712,21:26:15.477712,21:26:15.478165,21:26:15.478165,21:26:15.479530,21:26:15.479530,21:26:15.481283,21:26:15.481283,21:26:15.495329,21:26:15.495374,21:26:15.510100,21:26:15.519721,21:26:15.953524,21:26:15.953557,21:26:15.960083,21:26:15.960112,21:26:15.965716,21:26:15.482293,21:26:15.482524,21:26:15.478927
4,leak,21:26:20.329852,21:26:20.329852,21:26:20.330274,21:26:20.330274,21:26:20.331835,21:26:20.331835,21:26:20.333421,21:26:20.333421,21:26:20.347033,21:26:20.347071,21:26:20.359911,21:26:20.369110,21:26:20.801317,21:26:20.801347,21:26:20.807481,21:26:20.807506,21:26:20.813076,21:26:20.334357,21:26:20.334474,21:26:20.331038
4,leak,21:26:23.446330,21:26:23.446330,21:26:23.447141,21:26:23.447141,21:26:23.449474,21:26:23.449474,21:26:23.451637,21:26:23.451637,21:26:23.462455,21:26:23.462511,21:26:23.485338,21:26:23.501948,21:26:23.941373,21:26:23.941405,21:26:23.948359,21:26:23.948388,21:26:23.954700,21:26:23.450745,21:26:23.450951,21:26:23.448433
4,leak,21:26:26.611380,21:26:26.611380,21:26:26.611864,21:26:26.611864,21:26:26.613506,21:26:26.613506,21:26:26.615224,21:26:26.615224,21:26:26.629018,21:26:26.629049,21:26:26.643202,21:26:26.652033,21:26:27.080456,21:26:27.080490,21:26:27.086810,21:26:27.086837,21:26:27.092547,21:26:26.615977,21:26:26.616078,21:26:26.612662
4,leak,21:26:31.361247,21:26:31.361247,21:26:31.361728,21:26:31.361728,21:26:31.363513,21:26:31.363513,21:26:31.365185,21:26:31.365185,21:26:31.379306,21:26:31.379341,21:26:31.391865,21:26:31.401096,21:26:31.831632,21:26:31.831664,21:26:31.837612,21:26:31.837634,21:26:31.843723,21:26:31.365376,21:26:31.366114,21:26:31.362562
4,leak,21:26:36.103129,21:26:36.103129,21:26:36.103540,21:26:36.103540,21:26:36.104807,21:26:36.104807,21:26:36.106267,21:26:36.106267,21:26:36.119992,21:26:36.120027,21:26:36.132182,21:26:36.141018,21:26:36.572944,21:26:36.572973,21:26:36.579289,21:26:36.579313,21:26:36.584944,21:26:36.107599,21:26:36.109603,21:26:36.104268
4,leak,21:26:40.854849,21:26:40.854849,21:26:40.855343,21:26:40.855343,21:26:40.856786,21:26:40.856786,21:26:40.858212,21:26:40.858212,21:26:40.874162,21:26:40.874217,21:26:40.886391,21:26:40.895789,21:26:41.327945,21:26:41.327979,21:26:41.334132,21:26:41.334160,21:26:41.339869,21:26:40.859184,21:26:40.861489,21:26:40.856161
4,leak,21:26:45.611158,21:26:45.611158,21:26:45.611667,21:26:45.611667,21:26:45.613259,21:26:45.613259,21:26:45.614776,21:26:45.614776,21:26:45.628588,21:26:45.628625,21:26:45.641407,21:26:45.650688,21:26:46.085622,21:26:46.085655,21:26:46.092054,21:26:46.092081,21:26:46.098215,21:26:45.615726,21:26:45.615999,21:26:45.612535
4,leak,21:26:50.367631,21:26:50.367631,21:26:50.368018,21:26:50.368018,21:26:50.369467,21:26:50.369467,21:26:50.371279,21:26:50.371279,21:26:50.384829,21:26:50.384866,21:26:50.396695,21:26:50.405708,21:26:50.837078,21:26:50.837109,21:26:50.843175,21:26:50.843199,21:26:50.848677,21:26:50.372375,21:26:50.372467,21:26:50.368682
4,leak,21:26:55.141768,21:26:55.141768,21:26:55.142317,21:26:55.142317,21:26:55.143951,21:26:55.143951,21:26:55.145539,21:26:55.145539,21:26:55.156426,21:26:55.156460,21:26:55.168655,21:26:55.177714,21:26:55.610544,21:26:55.610581,21:26:55.617090,21:26:55.617118,21:26:55.622995,21:26:55.146011,21:26:55.146130,21:26:55.143146
4,leak,21:26:59.891988,21:26:59.891988,21:26:59.892405,21:26:59.892405,21:26:59.893750,21:26:59.893750,21:26:59.895243,21:26:59.895243,21:26:59.909146,21:26:59.909173,21:26:59.931369,21:26:59.941780,21:27:00.375212,21:27:00.375244,21:27:00.381401,21:27:00.381428,21:27:00.387276,21:26:59.896706,21:26:59.898753,21:26:59.893183
4,leak,21:27:04.670829,21:27:04.670829,21:27:04.671304,21:27:04.671304,21:27:04.672531,21:27:04.672531,21:27:04.673941,21:27:04.673941,21:27:04.688021,21:27:04.688057,21:27:04.700977,21:27:04.709908,21:27:05.144678,21:27:05.144715,21:27:05.150934,21:27:05.150963,21:27:05.157067,21:27:04.675616,21:27:04.675718,21:27:04.672002
4,leak,21:27:09.427083,21:27:09.427083,21:27:09.427560,21:27:09.427560,21:27:09.428904,21:27:09.428904,21:27:09.430816,21:27:09.430816,21:27:09.444855,21:27:09.444887,21:27:09.456496,21:27:09.465684,21:27:09.897130,21:27:09.897161,21:27:09.903399,21:27:09.903428,21:27:09.909672,21:27:09.431778,21:27:09.432194,21:27:09.428311
4,safe,21:27:14.230993,21:27:14.230993,21:27:14.231382,21:27:14.231382,21:27:14.232748,21:27:14.232748,21:27:14.234214,21:27:14.234214,21:27:14.248106,21:27:14.248143,21:27:14.260661,21:27:14.269733,21:27:14.702225,21:27:14.702255,21:27:14.708537,21:27:14.708564,21:27:14.714584,21:27:14.235035,21:27:14.235229,21:27:14.232107
4,safe,21:27:19.416433,21:27:19.416433,21:27:19.416792,21:27:19.416792,21:27:19.418079,21:27:19.418079,21:27:19.420709,21:27:19.420709,21:27:19.430426,21:27:19.430458,21:27:19.442145,21:27:19.451274,21:27:19.881929,21:27:19.881964,21:27:19.888417,21:27:19.888444,21:27:19.894573,21:27:19.421133,21:27:19.421257,21:27:19.417526
4,leak,21:27:24.788181,21:27:24.788181,21:27:24.788668,21:27:24.788668,21:27:24.790354,21:27:24.790354,21:27:24.792721,21:27:24.792721,21:27:24.802749,21:27:24.802785,21:27:24.815314,21:27:24.824908,21:27:25.257261,21:27:25.257293,21:27:25.263433,21:27:25.263459,21:27:25.269310,21:27:24.793372,21:27:24.793489,21:27:24.789506
4,leak,21:27:28.005488,21:27:28.005488,21:27:28.005936,21:27:28.005936,21:27:28.007363,21:27:28.007363,21:27:28.008909,21:27:28.008909,21:27:28.023786,21:27:28.023835,21:27:28.038868,21:27:28.048662,21:27:28.478162,21:27:28.478192,21:27:28.484292,21:27:28.484318,21:27:28.489816,21:27:28.009621,21:27:28.009709,21:27:28.006746
4,leak,21:27:32.806491,21:27:32.806491,21:27:32.806964,21:27:32.806964,21:27:32.808283,21:27:32.808283,21:27:32.809707,21:27:32.809707,21:27:32.823775,21:27:32.823809,21:27:32.839250,21:27:32.848444,21:27:33.281383,21:27:33.281419,21:27:33.287286,21:27:33.287311,21:27:33.293076,21:27:32.810768,21:27:32.810910,21:27:32.807767
4,safe,21:27:37.564714,21:27:37.564714,21:27:37.565292,21:27:37.565292,21:27:37.567341,21:27:37.567341,21:27:37.569833,21:27:37.569833,21:27:37.579903,21:27:37.579934,21:27:37.594322,21:27:37.603365,21:27:38.036093,21:27:38.036124,21:27:38.042060,21:27:38.042082,21:27:38.048024,21:27:37.569554,21:27:37.569718,21:27:37.566352
4,leak,21:27:42.885898,21:27:42.885898,21:27:42.886488,21:27:42.886488,21:27:42.888011,21:27:42.888011,21:27:42.890543,21:27:42.890543,21:27:42.900178,21:27:42.900215,21:27:42.914554,21:27:42.924092,21:27:43.355967,21:27:43.356000,21:27:43.362033,21:27:43.362057,21:27:43.367885,21:27:42.890927,21:27:42.891053,21:27:42.887298
4,leak,21:27:47.675078,21:27:47.675078,21:27:47.675636,21:27:47.675636,21:27:47.677338,21:27:47.677338,21:27:47.678828,21:27:47.678828,21:27:47.692966,21:27:47.693012,21:27:47.709950,21:27:47.719611,21:27:48.163397,21:27:48.163429,21:27:48.170084,21:27:48.170113,21:27:48.177172,21:27:47.679368,21:27:47.679703,21:27:47.676460
4,leak,21:27:52.471175,21:27:52.471175,21:27:52.471728,21:27:52.471728,21:27:52.473228,21:27:52.473228,21:27:52.474854,21:27:52.474854,21:27:52.489413,21:27:52.489450,21:27:52.504359,21:27:52.513553,21:27:52.944389,21:27:52.944425,21:27:52.950473,21:27:52.950496,21:27:52.956646,21:27:52.475533,21:27:52.475680,21:27:52.472584
4,leak,21:27:57.220639,21:27:57.220639,21:27:57.221142,21:27:57.221142,21:27:57.222691,21:27:57.222691,21:27:57.224512,21:27:57.224512,21:27:57.235374,21:27:57.235407,21:27:57.263556,21:27:57.272662,21:27:57.700050,21:27:57.700082,21:27:57.705971,21:27:57.705992,21:27:57.711359,21:27:57.225250,21:27:57.225402,21:27:57.221987
4,leak,21:28:01.943188,21:28:01.943188,21:28:01.943491,21:28:01.943491,21:28:01.944669,21:28:01.944669,21:28:01.946126,21:28:01.946126,21:28:01.959355,21:28:01.959380,21:28:01.973531,21:28:01.982118,21:28:02.409054,21:28:02.409087,21:28:02.414966,21:28:02.414987,21:28:02.420443,21:28:01.947352,21:28:01.947434,21:28:01.944068
4,leak,21:28:06.683478,21:28:06.683478,21:28:06.683893,21:28:06.683893,21:28:06.685633,21:28:06.685633,21:28:06.687208,21:28:06.687208,21:28:06.697111,21:28:06.697148,21:28:06.713763,21:28:06.723065,21:28:07.157841,21:28:07.157872,21:28:07.164457,21:28:07.164493,21:28:07.170716,21:28:06.687766,21:28:06.687891,21:28:06.684747
4,leak,21:28:11.487331,21:28:11.487331,21:28:11.487801,21:28:11.487801,21:28:11.489131,21:28:11.489131,21:28:11.490875,21:28:11.490875,21:28:11.505957,21:28:11.505994,21:28:11.523131,21:28:11.534146,21:28:11.967008,21:28:11.967040,21:28:11.973375,21:28:11.973401,21:28:11.979827,21:28:11.491668,21:28:11.491811,21:28:11.488561
4,leak,21:28:16.384953,21:28:16.384953,21:28:16.385418,21:28:16.385418,21:28:16.387157,21:28:16.387157,21:28:16.388724,21:28:16.388724,21:28:16.403030,21:28:16.403068,21:28:16.418023,21:28:16.427533,21:28:16.860768,21:28:16.860816,21:28:16.867280,21:28:16.867316,21:28:16.873487,21:28:16.389422,21:28:16.389774,21:28:16.386250
4,leak,21:28:21.222714,21:28:21.222714,21:28:21.223127,21:28:21.223127,21:28:21.224762,21:28:21.224762,21:28:21.226336,21:28:21.226336,21:28:21.241106,21:28:21.241144,21:28:21.256095,21:28:21.265467,21:28:21.700829,21:28:21.700861,21:28:21.706780,21:28:21.706803,21:28:21.713075,21:28:21.227339,21:28:21.227601,21:28:21.224092
4,leak,21:28:26.071923,21:28:26.071923,21:28:26.072485,21:28:26.072485,21:28:26.074195,21:28:26.074195,21:28:26.075885,21:28:26.075885,21:28:26.085580,21:28:26.085610,21:28:26.101303,21:28:26.110244,21:28:26.542548,21:28:26.542580,21:28:26.548623,21:28:26.548649,21:28:26.554907,21:28:26.076488,21:28:26.076615,21:28:26.073347
4,leak,21:28:30.774810,21:28:30.774810,21:28:30.775244,21:28:30.775244,21:28:30.776486,21:28:30.776486,21:28:30.777967,21:28:30.777967,21:28:30.794077,21:28:30.794111,21:28:30.810903,21:28:30.820462,21:28:31.248359,21:28:31.248389,21:28:31.254587,21:28:31.254614,21:28:31.260436,21:28:30.779074,21:28:30.779163,21:28:30.775944
4,leak,21:28:35.543417,21:28:35.543417,21:28:35.543872,21:28:35.543872,21:28:35.545263,21:28:35.545263,21:28:35.546709,21:28:35.546709,21:28:35.560344,21:28:35.560377,21:28:35.574422,21:28:35.583123,21:28:36.015931,21:28:36.015959,21:28:36.022384,21:28:36.022413,21:28:36.028531,21:28:35.547955,21:28:35.548047,21:28:35.544579
4,leak,21:28:40.407237,21:28:40.407237,21:28:40.407600,21:28:40.407600,21:28:40.409376,21:28:40.409376,21:28:40.411071,21:28:40.411071,21:28:40.425087,21:28:40.425125,21:28:40.440454,21:28:40.449418,21:28:40.880175,21:28:40.880213,21:28:40.886912,21:28:40.886938,21:28:40.892883,21:28:40.411854,21:28:40.411960,21:28:40.408513
4,leak,21:28:45.272534,21:28:45.272534,21:28:45.273079,21:28:45.273079,21:28:45.274677,21:28:45.274677,21:28:45.276337,21:28:45.276337,21:28:45.291685,21:28:45.291728,21:28:45.308827,21:28:45.318701,21:28:45.757597,21:28:45.757633,21:28:45.763926,21:28:45.763954,21:28:45.769892,21:28:45.277420,21:28:45.277543,21:28:45.273869
4,leak,21:28:50.048889,21:28:50.048889,21:28:50.049439,21:28:50.049439,21:28:50.051201,21:28:50.051201,21:28:50.052988,21:28:50.052988,21:28:50.063713,21:28:50.063750,21:28:50.079637,21:28:50.089789,21:28:50.530428,21:28:50.530464,21:28:50.536737,21:28:50.536765,21:28:50.543399,21:28:50.053180,21:28:50.053326,21:28:50.050461
4,leak,21:28:54.879662,21:28:54.879662,21:28:54.880137,21:28:54.880137,21:28:54.881709,21:28:54.881709,21:28:54.883295,21:28:54.883295,21:28:54.893262,21:28:54.893300,21:28:54.920903,21:28:54.931006,21:28:55.369232,21:28:55.369269,21:28:55.375905,21:28:55.375934,21:28:55.382410,21:28:54.883942,21:28:54.884077,21:28:54.881005
4,leak,21:28:58.709455,21:28:58.709455,21:28:58.709947,21:28:58.709947,21:28:58.711365,21:28:58.711365,21:28:58.713146,21:28:58.713146,21:28:58.728114,21:28:58.728151,21:28:58.743432,21:28:58.753283,21:28:59.185470,21:28:59.185499,21:28:59.191939,21:28:59.191965,21:28:59.198317,21:28:58.713984,21:28:58.714078,21:28:58.710723
4,leak,21:29:03.498630,21:29:03.498630,21:29:03.499292,21:29:03.499292,21:29:03.501454,21:29:03.501454,21:29:03.503797,21:29:03.503797,21:29:03.515760,21:29:03.515845,21:29:03.539381,21:29:03.552208,21:29:04.001587,21:29:04.001625,21:29:04.008077,21:29:04.008105,21:29:04.014793,21:29:03.503127,21:29:03.503331,21:29:03.500463
4,leak,21:29:08.327494,21:29:08.327494,21:29:08.328070,21:29:08.328070,21:29:08.329570,21:29:08.329570,21:29:08.331496,21:29:08.331496,21:29:08.341451,21:29:08.341490,21:29:08.358309,21:29:08.367695,21:29:08.812271,21:29:08.812308,21:29:08.819208,21:29:08.819241,21:29:08.825912,21:29:08.331791,21:29:08.331917,21:29:08.328907
4,leak,21:29:13.119069,21:29:13.119069,21:29:13.119609,21:29:13.119609,21:29:13.121261,21:29:13.121261,21:29:13.123050,21:29:13.123050,21:29:13.133238,21:29:13.133270,21:29:13.149309,21:29:13.159041,21:29:13.597176,21:29:13.597227,21:29:13.611768,21:29:13.611814,21:29:13.619835,21:29:13.123262,21:29:13.123413,21:29:13.120440
4,leak,21:29:17.928432,21:29:17.928432,21:29:17.928906,21:29:17.928906,21:29:17.930402,21:29:17.930402,21:29:17.932196,21:29:17.932196,21:29:17.946355,21:29:17.946399,21:29:17.962646,21:29:17.971983,21:29:18.407877,21:29:18.407911,21:29:18.414183,21:29:18.414210,21:29:18.420369,21:29:17.933132,21:29:17.933243,21:29:17.929674
4,leak,21:29:22.867654,21:29:22.867654,21:29:22.868127,21:29:22.868127,21:29:22.869902,21:29:22.869902,21:29:22.871542,21:29:22.871542,21:29:22.881712,21:29:22.881749,21:29:22.898256,21:29:22.907871,21:29:23.342375,21:29:23.342405,21:29:23.348726,21:29:23.348759,21:29:23.354873,21:29:22.872207,21:29:22.872329,21:29:22.868999
4,leak,21:29:27.666177,21:29:27.666177,21:29:27.666663,21:29:27.666663,21:29:27.668060,21:29:27.668060,21:29:27.669913,21:29:27.669913,21:29:27.684964,21:29:27.685001,21:29:27.700253,21:29:27.709287,21:29:28.141899,21:29:28.141932,21:29:28.148247,21:29:28.148281,21:29:28.154228,21:29:27.670778,21:29:27.670889,21:29:27.667515
4,leak,21:29:32.479636,21:29:32.479636,21:29:32.480102,21:29:32.480102,21:29:32.481737,21:29:32.481737,21:29:32.483702,21:29:32.483702,21:29:32.493329,21:29:32.493365,21:29:32.509866,21:29:32.519938,21:29:32.962013,21:29:32.962057,21:29:32.968914,21:29:32.968951,21:29:32.974926,21:29:32.484170,21:29:32.484294,21:29:32.480890
4,leak,21:29:37.354012,21:29:37.354012,21:29:37.354496,21:29:37.354496,21:29:37.355930,21:29:37.355930,21:29:37.357362,21:29:37.357362,21:29:37.371594,21:29:37.371635,21:29:37.388301,21:29:37.397782,21:29:37.840186,21:29:37.840224,21:29:37.847072,21:29:37.847100,21:29:37.853666,21:29:37.358574,21:29:37.358683,21:29:37.355327
4,leak,21:29:42.126165,21:29:42.126165,21:29:42.126654,21:29:42.126654,21:29:42.128054,21:29:42.128054,21:29:42.129607,21:29:42.129607,21:29:42.143601,21:29:42.143633,21:29:42.159170,21:29:42.168723,21:29:42.599667,21:29:42.599699,21:29:42.605872,21:29:42.605897,21:29:42.611724,21:29:42.130493,21:29:42.130639,21:29:42.127443
4,leak,21:29:45.876456,21:29:45.876456,21:29:45.876995,21:29:45.876995,21:29:45.878631,21:29:45.878631,21:29:45.880262,21:29:45.880262,21:29:45.894838,21:29:45.894899,21:29:45.914713,21:29:45.924620,21:29:46.362385,21:29:46.362422,21:29:46.369154,21:29:46.369182,21:29:46.375192,21:29:45.881077,21:29:45.881210,21:29:45.877826
4,leak,21:29:50.753674,21:29:50.753674,21:29:50.754111,21:29:50.754111,21:29:50.755617,21:29:50.755617,21:29:50.757238,21:29:50.757238,21:29:50.771204,21:29:50.771243,21:29:50.797551,21:29:50.806780,21:29:51.240127,21:29:51.240160,21:29:51.246551,21:29:51.246582,21:29:51.252668,21:29:50.758119,21:29:50.758219,21:29:50.754914
4,leak,21:29:55.645428,21:29:55.645428,21:29:55.646009,21:29:55.646009,21:29:55.647572,21:29:55.647572,21:29:55.649278,21:29:55.649278,21:29:55.659590,21:29:55.659626,21:29:55.677345,21:29:55.687694,21:29:56.124527,21:29:56.124555,21:29:56.130811,21:29:56.130838,21:29:56.136792,21:29:55.649850,21:29:55.649977,21:29:55.646904
4,leak,21:30:00.474078,21:30:00.474078,21:30:00.474626,21:30:00.474626,21:30:00.476369,21:30:00.476369,21:30:00.477819,21:30:00.477819,21:30:00.491721,21:30:00.491761,21:30:00.506865,21:30:00.515960,21:30:00.949931,21:30:00.949966,21:30:00.956649,21:30:00.956672,21:30:00.962732,21:30:00.478532,21:30:00.478634,21:30:00.475582
4,leak,21:30:05.322799,21:30:05.322799,21:30:05.323361,21:30:05.323361,21:30:05.324952,21:30:05.324952,21:30:05.326631,21:30:05.326631,21:30:05.337036,21:30:05.337072,21:30:05.351729,21:30:05.361374,21:30:05.794042,21:30:05.794075,21:30:05.800329,21:30:05.800354,21:30:05.806085,21:30:05.326935,21:30:05.327069,21:30:05.324223
4,leak,21:30:10.072625,21:30:10.072625,21:30:10.073115,21:30:10.073115,21:30:10.074561,21:30:10.074561,21:30:10.076008,21:30:10.076008,21:30:10.090527,21:30:10.090569,21:30:10.105507,21:30:10.114456,21:30:10.546158,21:30:10.546195,21:30:10.552282,21:30:10.552307,21:30:10.558201,21:30:10.076859,21:30:10.076961,21:30:10.073975
4,leak,21:30:14.875211,21:30:14.875211,21:30:14.875794,21:30:14.875794,21:30:14.877493,21:30:14.877493,21:30:14.879157,21:30:14.879157,21:30:14.893721,21:30:14.893756,21:30:14.909933,21:30:14.919167,21:30:15.353394,21:30:15.353422,21:30:15.361271,21:30:15.361313,21:30:15.369342,21:30:14.880017,21:30:14.880434,21:30:14.876638
4,leak,21:30:19.689902,21:30:19.689902,21:30:19.690383,21:30:19.690383,21:30:19.692040,21:30:19.692040,21:30:19.693708,21:30:19.693708,21:30:19.711415,21:30:19.711462,21:30:19.729915,21:30:19.739826,21:30:20.171521,21:30:20.171553,21:30:20.177987,21:30:20.178012,21:30:20.184131,21:30:19.694376,21:30:19.694494,21:30:19.691219
4,leak,21:30:24.475839,21:30:24.475839,21:30:24.476320,21:30:24.476320,21:30:24.477811,21:30:24.477811,21:30:24.479270,21:30:24.479270,21:30:24.493301,21:30:24.493341,21:30:24.508624,21:30:24.518097,21:30:24.954706,21:30:24.954737,21:30:24.961385,21:30:24.961412,21:30:24.967873,21:30:24.480467,21:30:24.480614,21:30:24.477141
4,leak,21:30:29.327251,21:30:29.327251,21:30:29.327721,21:30:29.327721,21:30:29.329321,21:30:29.329321,21:30:29.330787,21:30:29.330787,21:30:29.345016,21:30:29.345052,21:30:29.360828,21:30:29.369709,21:30:29.803048,21:30:29.803079,21:30:29.809464,21:30:29.809488,21:30:29.815417,21:30:29.331865,21:30:29.331984,21:30:29.328651
4,leak,21:30:34.176168,21:30:34.176168,21:30:34.176558,21:30:34.176558,21:30:34.177908,21:30:34.177908,21:30:34.179331,21:30:34.179331,21:30:34.193678,21:30:34.193712,21:30:34.208126,21:30:34.217221,21:30:34.649121,21:30:34.649150,21:30:34.655641,21:30:34.655668,21:30:34.661562,21:30:34.180395,21:30:34.180506,21:30:34.177331
4,leak,21:30:38.970110,21:30:38.970110,21:30:38.970540,21:30:38.970540,21:30:38.972188,21:30:38.972188,21:30:38.973721,21:30:38.973721,21:30:38.987806,21:30:38.987840,21:30:39.003622,21:30:39.013331,21:30:39.449254,21:30:39.449294,21:30:39.455784,21:30:39.455812,21:30:39.461807,21:30:38.974527,21:30:38.974636,21:30:38.971333
4,leak,21:30:43.751269,21:30:43.751269,21:30:43.751720,21:30:43.751720,21:30:43.753261,21:30:43.753261,21:30:43.755000,21:30:43.755000,21:30:43.769933,21:30:43.769970,21:30:43.785454,21:30:43.795262,21:30:44.226816,21:30:44.226857,21:30:44.233415,21:30:44.233443,21:30:44.239485,21:30:43.755822,21:30:43.755964,21:30:43.752563
4,leak,21:30:47.021674,21:30:47.021674,21:30:47.022137,21:30:47.022137,21:30:47.023797,21:30:47.023797,21:30:47.025381,21:30:47.025381,21:30:47.039625,21:30:47.039674,21:30:47.066568,21:30:47.076376,21:30:47.504202,21:30:47.504233,21:30:47.510649,21:30:47.510682,21:30:47.516958,21:30:47.026328,21:30:47.026494,21:30:47.023039
4,leak,21:30:51.858478,21:30:51.858478,21:30:51.858945,21:30:51.858945,21:30:51.860594,21:30:51.860594,21:30:51.862591,21:30:51.862591,21:30:51.873345,21:30:51.873375,21:30:51.889737,21:30:51.899194,21:30:52.328244,21:30:52.328277,21:30:52.335328,21:30:52.335355,21:30:52.341408,21:30:51.862729,21:30:51.862859,21:30:51.859754
4,leak,21:30:56.664702,21:30:56.664702,21:30:56.665171,21:30:56.665171,21:30:56.666439,21:30:56.666439,21:30:56.667823,21:30:56.667823,21:30:56.681411,21:30:56.681447,21:30:56.696907,21:30:56.706246,21:30:57.137470,21:30:57.137497,21:30:57.143449,21:30:57.143473,21:30:57.149437,21:30:56.669138,21:30:56.669241,21:30:56.665908
4,leak,21:31:00.456241,21:31:00.456241,21:31:00.456656,21:31:00.456656,21:31:00.458323,21:31:00.458323,21:31:00.459752,21:31:00.459752,21:31:00.474979,21:31:00.475023,21:31:00.490749,21:31:00.500000,21:31:00.928435,21:31:00.928466,21:31:00.934618,21:31:00.934642,21:31:00.941297,21:31:00.460476,21:31:00.460596,21:31:00.457693
4,leak,21:31:05.325947,21:31:05.325947,21:31:05.326416,21:31:05.326416,21:31:05.328087,21:31:05.328087,21:31:05.329948,21:31:05.329948,21:31:05.339780,21:31:05.339812,21:31:05.355368,21:31:05.365020,21:31:05.799426,21:31:05.799457,21:31:05.805725,21:31:05.805755,21:31:05.811947,21:31:05.330365,21:31:05.330487,21:31:05.327244
4,leak,21:31:10.083034,21:31:10.083034,21:31:10.083670,21:31:10.083670,21:31:10.085520,21:31:10.085520,21:31:10.087561,21:31:10.087561,21:31:10.098451,21:31:10.098483,21:31:10.113887,21:31:10.123561,21:31:10.558607,21:31:10.558641,21:31:10.564911,21:31:10.564939,21:31:10.571148,21:31:10.087914,21:31:10.088040,21:31:10.084583
4,leak,21:31:14.930664,21:31:14.930664,21:31:14.931224,21:31:14.931224,21:31:14.932809,21:31:14.932809,21:31:14.934263,21:31:14.934263,21:31:14.949266,21:31:14.949310,21:31:14.965691,21:31:14.974891,21:31:15.407981,21:31:15.408016,21:31:15.414675,21:31:15.414742,21:31:15.420739,21:31:14.935436,21:31:14.935565,21:31:14.932070
4,leak,21:31:18.368693,21:31:18.368693,21:31:18.369158,21:31:18.369158,21:31:18.370512,21:31:18.370512,21:31:18.372023,21:31:18.372023,21:31:18.385843,21:31:18.385882,21:31:18.401034,21:31:18.410830,21:31:18.838232,21:31:18.838263,21:31:18.844379,21:31:18.844401,21:31:18.850178,21:31:18.372953,21:31:18.373153,21:31:18.369912
4,leak,21:31:23.172108,21:31:23.172108,21:31:23.172563,21:31:23.172563,21:31:23.174327,21:31:23.174327,21:31:23.175937,21:31:23.175937,21:31:23.191025,21:31:23.191069,21:31:23.205760,21:31:23.214826,21:31:23.652842,21:31:23.652894,21:31:23.663763,21:31:23.663792,21:31:23.672776,21:31:23.176633,21:31:23.176769,21:31:23.173446
4,leak,21:31:28.039120,21:31:28.039120,21:31:28.039520,21:31:28.039520,21:31:28.040960,21:31:28.040960,21:31:28.042678,21:31:28.042678,21:31:28.057975,21:31:28.058014,21:31:28.073504,21:31:28.083060,21:31:28.520259,21:31:28.520291,21:31:28.526855,21:31:28.526884,21:31:28.532937,21:31:28.043650,21:31:28.043772,21:31:28.040331
4,leak,21:31:32.824420,21:31:32.824420,21:31:32.824892,21:31:32.824892,21:31:32.826306,21:31:32.826306,21:31:32.827821,21:31:32.827821,21:31:32.841958,21:31:32.841994,21:31:32.859045,21:31:32.869062,21:31:33.306121,21:31:33.306155,21:31:33.312436,21:31:33.312461,21:31:33.318350,21:31:32.829127,21:31:32.829250,21:31:32.825679
4,leak,21:31:37.636947,21:31:37.636947,21:31:37.637449,21:31:37.637449,21:31:37.638773,21:31:37.638773,21:31:37.640219,21:31:37.640219,21:31:37.654277,21:31:37.654306,21:31:37.668966,21:31:37.678014,21:31:38.109301,21:31:38.109339,21:31:38.115885,21:31:38.115912,21:31:38.122130,21:31:37.641568,21:31:37.643904,21:31:37.638196
4,leak,21:31:42.373152,21:31:42.373152,21:31:42.373732,21:31:42.373732,21:31:42.375311,21:31:42.375311,21:31:42.377001,21:31:42.377001,21:31:42.391042,21:31:42.391087,21:31:42.420900,21:31:42.430902,21:31:42.863520,21:31:42.863550,21:31:42.869910,21:31:42.869940,21:31:42.876281,21:31:42.377709,21:31:42.377830,21:31:42.374603
4,leak,21:31:47.268838,21:31:47.268838,21:31:47.269526,21:31:47.269526,21:31:47.271374,21:31:47.271374,21:31:47.272976,21:31:47.272976,21:31:47.282983,21:31:47.283021,21:31:47.299798,21:31:47.309156,21:31:47.757401,21:31:47.757439,21:31:47.764079,21:31:47.764104,21:31:47.770358,21:31:47.273211,21:31:47.273320,21:31:47.270540
4,leak,21:31:52.060667,21:31:52.060667,21:31:52.061383,21:31:52.061383,21:31:52.063101,21:31:52.063101,21:31:52.065224,21:31:52.065224,21:31:52.075941,21:31:52.076003,21:31:52.093312,21:31:52.103021,21:31:52.548307,21:31:52.548343,21:31:52.554536,21:31:52.554565,21:31:52.560513,21:31:52.065338,21:31:52.065523,21:31:52.062471
4,leak,21:31:56.856272,21:31:56.856272,21:31:56.856875,21:31:56.856875,21:31:56.858403,21:31:56.858403,21:31:56.859928,21:31:56.859928,21:31:56.869687,21:31:56.869724,21:31:56.885510,21:31:56.894970,21:31:57.341342,21:31:57.341397,21:31:57.347722,21:31:57.347755,21:31:57.354100,21:31:56.860749,21:31:56.860851,21:31:56.857768
4,leak,21:32:01.674096,21:32:01.674096,21:32:01.674589,21:32:01.674589,21:32:01.676198,21:32:01.676198,21:32:01.678001,21:32:01.678001,21:32:01.687894,21:32:01.687928,21:32:01.704240,21:32:01.713772,21:32:02.143563,21:32:02.143592,21:32:02.149823,21:32:02.149848,21:32:02.155588,21:32:01.678621,21:32:01.678739,21:32:01.675571
4,leak,21:32:06.511563,21:32:06.511563,21:32:06.512098,21:32:06.512098,21:32:06.513727,21:32:06.513727,21:32:06.515348,21:32:06.515348,21:32:06.531722,21:32:06.531763,21:32:06.548620,21:32:06.558666,21:32:06.990966,21:32:06.991006,21:32:06.997430,21:32:06.997458,21:32:07.003489,21:32:06.516012,21:32:06.516134,21:32:06.512958
4,leak,21:32:11.280109,21:32:11.280109,21:32:11.280552,21:32:11.280552,21:32:11.281946,21:32:11.281946,21:32:11.283467,21:32:11.283467,21:32:11.297629,21:32:11.297654,21:32:11.312659,21:32:11.321827,21:32:11.749750,21:32:11.749778,21:32:11.755809,21:32:11.755833,21:32:11.761285,21:32:11.284745,21:32:11.284843,21:32:11.281350
4,leak,21:32:16.087054,21:32:16.087054,21:32:16.087560,21:32:16.087560,21:32:16.089143,21:32:16.089143,21:32:16.090720,21:32:16.090720,21:32:16.105939,21:32:16.105998,21:32:16.124454,21:32:16.135509,21:32:16.571723,21:32:16.571759,21:32:16.577937,21:32:16.577963,21:32:16.584726,21:32:16.091795,21:32:16.091963,21:32:16.088422
4,leak,21:32:20.831621,21:32:20.831621,21:32:20.831980,21:32:20.831980,21:32:20.833090,21:32:20.833090,21:32:20.834478,21:32:20.834478,21:32:20.848178,21:32:20.848210,21:32:20.861995,21:32:20.870549,21:32:21.310201,21:32:21.310235,21:32:21.317923,21:32:21.317954,21:32:21.325752,21:32:20.836266,21:32:20.836367,21:32:20.832609
4,leak,21:32:25.700934,21:32:25.700934,21:32:25.701363,21:32:25.701363,21:32:25.702857,21:32:25.702857,21:32:25.704468,21:32:25.704468,21:32:25.718404,21:32:25.718448,21:32:25.735617,21:32:25.745236,21:32:26.176133,21:32:26.176165,21:32:26.182543,21:32:26.182574,21:32:26.188713,21:32:25.705213,21:32:25.705306,21:32:25.702057
4,leak,21:32:30.423168,21:32:30.423168,21:32:30.423648,21:32:30.423648,21:32:30.425376,21:32:30.425376,21:32:30.427088,21:32:30.427088,21:32:30.436701,21:32:30.436734,21:32:30.452764,21:32:30.462129,21:32:30.893306,21:32:30.893338,21:32:30.899357,21:32:30.899381,21:32:30.904854,21:32:30.427378,21:32:30.427513,21:32:30.424546
4,leak,21:32:35.148347,21:32:35.148347,21:32:35.148844,21:32:35.148844,21:32:35.150260,21:32:35.150260,21:32:35.151798,21:32:35.151798,21:32:35.165438,21:32:35.165472,21:32:35.179398,21:32:35.188084,21:32:35.616191,21:32:35.616223,21:32:35.623991,21:32:35.624020,21:32:35.631458,21:32:35.153490,21:32:35.153574,21:32:35.149587
4,leak,21:32:39.967979,21:32:39.967979,21:32:39.968586,21:32:39.968586,21:32:39.970126,21:32:39.970126,21:32:39.971956,21:32:39.971956,21:32:39.986486,21:32:39.986526,21:32:40.017681,21:32:40.027481,21:32:40.469135,21:32:40.469173,21:32:40.475834,21:32:40.475863,21:32:40.482664,21:32:39.972499,21:32:39.972619,21:32:39.969514
4,leak,21:32:44.754255,21:32:44.754255,21:32:44.754711,21:32:44.754711,21:32:44.756036,21:32:44.756036,21:32:44.757459,21:32:44.757459,21:32:44.771059,21:32:44.771108,21:32:44.785996,21:32:44.794502,21:32:45.229515,21:32:45.229565,21:32:45.236464,21:32:45.236494,21:32:45.243453,21:32:44.758730,21:32:44.758828,21:32:44.755519
4,leak,21:32:48.571340,21:32:48.571340,21:32:48.571742,21:32:48.571742,21:32:48.573107,21:32:48.573107,21:32:48.574900,21:32:48.574900,21:32:48.584694,21:32:48.584723,21:32:48.599279,21:32:48.607713,21:32:49.035728,21:32:49.035760,21:32:49.042285,21:32:49.042310,21:32:49.048312,21:32:48.575585,21:32:48.575706,21:32:48.572554
4,leak,21:32:53.322582,21:32:53.322582,21:32:53.323030,21:32:53.323030,21:32:53.324528,21:32:53.324528,21:32:53.326334,21:32:53.326334,21:32:53.336072,21:32:53.336098,21:32:53.350156,21:32:53.358932,21:32:53.794206,21:32:53.794240,21:32:53.802072,21:32:53.802098,21:32:53.809227,21:32:53.326673,21:32:53.326772,21:32:53.323874
4,leak,21:32:58.065629,21:32:58.065629,21:32:58.066052,21:32:58.066052,21:32:58.067433,21:32:58.067433,21:32:58.068833,21:32:58.068833,21:32:58.083794,21:32:58.083828,21:32:58.099696,21:32:58.108566,21:32:58.541214,21:32:58.541243,21:32:58.547487,21:32:58.547516,21:32:58.553308,21:32:58.070107,21:32:58.070209,21:32:58.066814
4,leak,21:33:02.818154,21:33:02.818154,21:33:02.818598,21:33:02.818598,21:33:02.820146,21:33:02.820146,21:33:02.821846,21:33:02.821846,21:33:02.831681,21:33:02.831717,21:33:02.846214,21:33:02.855419,21:33:03.283902,21:33:03.283936,21:33:03.289923,21:33:03.289944,21:33:03.295643,21:33:02.822595,21:33:02.822720,21:33:02.819469
4,leak,21:33:07.633282,21:33:07.633282,21:33:07.633730,21:33:07.633730,21:33:07.635046,21:33:07.635046,21:33:07.636548,21:33:07.636548,21:33:07.650220,21:33:07.650247,21:33:07.664626,21:33:07.673939,21:33:08.105699,21:33:08.105737,21:33:08.112669,21:33:08.112697,21:33:08.119091,21:33:07.637852,21:33:07.637952,21:33:07.634534
4,leak,21:33:12.636052,21:33:12.636052,21:33:12.636441,21:33:12.636441,21:33:12.637670,21:33:12.637670,21:33:12.639747,21:33:12.639747,21:33:12.649114,21:33:12.649143,21:33:12.663397,21:33:12.672697,21:33:13.101935,21:33:13.101967,21:33:13.108441,21:33:13.108469,21:33:13.114261,21:33:12.664228,21:33:12.664362,21:33:12.637159
4,leak,21:33:17.372845,21:33:17.372845,21:33:17.373294,21:33:17.373294,21:33:17.374855,21:33:17.374855,21:33:17.376541,21:33:17.376541,21:33:17.390238,21:33:17.390266,21:33:17.404803,21:33:17.413935,21:33:17.842805,21:33:17.842837,21:33:17.849083,21:33:17.849109,21:33:17.854931,21:33:17.377577,21:33:17.377678,21:33:17.374025
4,leak,21:33:22.096536,21:33:22.096536,21:33:22.096912,21:33:22.096912,21:33:22.098144,21:33:22.098144,21:33:22.099508,21:33:22.099508,21:33:22.113655,21:33:22.113681,21:33:22.128157,21:33:22.137058,21:33:22.564214,21:33:22.564245,21:33:22.570461,21:33:22.570482,21:33:22.575971,21:33:22.100980,21:33:22.101080,21:33:22.097561
5,leak,21:33:26.838269,21:33:26.838269,21:33:26.838731,21:33:26.838731,21:33:26.840027,21:33:26.840027,21:33:26.841583,21:33:26.841583,21:33:26.856480,21:33:26.856518,21:33:26.871527,21:33:26.880855,21:33:27.310988,21:33:27.311016,21:33:27.317037,21:33:27.317065,21:33:27.322909,21:33:26.843848,21:33:26.843950,21:33:26.839487
5,leak,21:33:31.601729,21:33:31.601729,21:33:31.602225,21:33:31.602225,21:33:31.603760,21:33:31.603760,21:33:31.605582,21:33:31.605582,21:33:31.619582,21:33:31.619623,21:33:31.634652,21:33:31.644002,21:33:32.072702,21:33:32.072731,21:33:32.078878,21:33:32.078903,21:33:32.084738,21:33:31.606956,21:33:31.607060,21:33:31.603156
5,leak,21:33:36.358406,21:33:36.358406,21:33:36.358799,21:33:36.358799,21:33:36.360006,21:33:36.360006,21:33:36.361462,21:33:36.361462,21:33:36.375201,21:33:36.375236,21:33:36.399579,21:33:36.408781,21:33:36.837188,21:33:36.837219,21:33:36.843243,21:33:36.843265,21:33:36.849024,21:33:36.363965,21:33:36.364066,21:33:36.359481
5,leak,21:33:41.083536,21:33:41.083536,21:33:41.083955,21:33:41.083955,21:33:41.085576,21:33:41.085576,21:33:41.087125,21:33:41.087125,21:33:41.100922,21:33:41.100956,21:33:41.116232,21:33:41.125086,21:33:41.558662,21:33:41.558693,21:33:41.565123,21:33:41.565145,21:33:41.570835,21:33:41.089047,21:33:41.089150,21:33:41.084872
5,leak,21:33:45.859263,21:33:45.859263,21:33:45.859702,21:33:45.859702,21:33:45.861163,21:33:45.861163,21:33:45.862637,21:33:45.862637,21:33:45.876446,21:33:45.876494,21:33:45.891173,21:33:45.900051,21:33:46.328053,21:33:46.328079,21:33:46.333874,21:33:46.333899,21:33:46.339714,21:33:45.864432,21:33:45.864531,21:33:45.860535
5,leak,21:33:50.725448,21:33:50.725448,21:33:50.725845,21:33:50.725845,21:33:50.727089,21:33:50.727089,21:33:50.728371,21:33:50.728371,21:33:50.748819,21:33:50.748853,21:33:50.763166,21:33:50.771613,21:33:51.197828,21:33:51.197866,21:33:51.204316,21:33:51.204338,21:33:51.209920,21:33:50.730857,21:33:50.730952,21:33:50.726561
5,leak,21:33:55.460418,21:33:55.460418,21:33:55.460744,21:33:55.460744,21:33:55.461917,21:33:55.461917,21:33:55.463236,21:33:55.463236,21:33:55.479411,21:33:55.479449,21:33:55.493689,21:33:55.502329,21:33:55.931823,21:33:55.931853,21:33:55.938137,21:33:55.938166,21:33:55.944439,21:33:55.465817,21:33:55.465909,21:33:55.461412
5,leak,21:34:00.194876,21:34:00.194876,21:34:00.195361,21:34:00.195361,21:34:00.196745,21:34:00.196745,21:34:00.198364,21:34:00.198364,21:34:00.212722,21:34:00.212766,21:34:00.228704,21:34:00.238024,21:34:00.668054,21:34:00.668085,21:34:00.674356,21:34:00.674381,21:34:00.680304,21:34:00.200568,21:34:00.200674,21:34:00.196146
5,leak,21:34:04.943689,21:34:04.943689,21:34:04.944172,21:34:04.944172,21:34:04.945410,21:34:04.945410,21:34:04.947025,21:34:04.947025,21:34:04.961808,21:34:04.961848,21:34:04.977395,21:34:04.986218,21:34:05.416295,21:34:05.416327,21:34:05.422677,21:34:05.422700,21:34:05.428366,21:34:04.948920,21:34:04.949038,21:34:04.944904
5,leak,21:34:09.688514,21:34:09.688514,21:34:09.688918,21:34:09.688918,21:34:09.690107,21:34:09.690107,21:34:09.691453,21:34:09.691453,21:34:09.705326,21:34:09.705355,21:34:09.720015,21:34:09.728734,21:34:10.156092,21:34:10.156124,21:34:10.162469,21:34:10.162496,21:34:10.168088,21:34:09.693698,21:34:09.693787,21:34:09.689589
5,leak,21:34:14.420477,21:34:14.420477,21:34:14.420807,21:34:14.420807,21:34:14.422013,21:34:14.422013,21:34:14.423403,21:34:14.423403,21:34:14.437811,21:34:14.437841,21:34:14.451845,21:34:14.460271,21:34:14.888022,21:34:14.888056,21:34:14.894007,21:34:14.894028,21:34:14.900046,21:34:14.425960,21:34:14.426057,21:34:14.421444
5,safe,21:34:18.149552,21:34:18.149552,21:34:18.150114,21:34:18.150114,21:34:18.151795,21:34:18.151795,21:34:18.153432,21:34:18.153432,21:34:18.167645,21:34:18.167675,21:34:18.182409,21:34:18.191337,21:34:18.616992,21:34:18.617018,21:34:18.623034,21:34:18.623061,21:34:18.628996,21:34:18.155009,21:34:18.155135,21:34:18.151008
5,leak,21:34:23.192958,21:34:23.192958,21:34:23.193345,21:34:23.193345,21:34:23.194819,21:34:23.194819,21:34:23.197062,21:34:23.197062,21:34:23.207088,21:34:23.207115,21:34:23.221601,21:34:23.230925,21:34:23.663141,21:34:23.663169,21:34:23.669733,21:34:23.669761,21:34:23.677658,21:34:23.210299,21:34:23.210403,21:34:23.194075
5,leak,21:34:26.549785,21:34:26.549785,21:34:26.550327,21:34:26.550327,21:34:26.552000,21:34:26.552000,21:34:26.553557,21:34:26.553557,21:34:26.567507,21:34:26.567546,21:34:26.582623,21:34:26.592022,21:34:27.019177,21:34:27.019205,21:34:27.025324,21:34:27.025350,21:34:27.030767,21:34:26.555051,21:34:26.555146,21:34:26.551124
5,safe,21:34:31.161812,21:34:31.161812,21:34:31.162410,21:34:31.162410,21:34:31.164015,21:34:31.164015,21:34:31.165733,21:34:31.165733,21:34:31.179670,21:34:31.179715,21:34:31.195924,21:34:31.216471,21:34:31.652184,21:34:31.652216,21:34:31.659469,21:34:31.659501,21:34:31.667832,21:34:31.167164,21:34:31.167305,21:34:31.163376
5,leak,21:34:36.376099,21:34:36.376099,21:34:36.376509,21:34:36.376509,21:34:36.377925,21:34:36.377925,21:34:36.380131,21:34:36.380131,21:34:36.389670,21:34:36.389695,21:34:36.404281,21:34:36.413123,21:34:36.839885,21:34:36.839915,21:34:36.846008,21:34:36.846035,21:34:36.851695,21:34:36.405700,21:34:36.405829,21:34:36.377290
5,leak,21:34:41.165985,21:34:41.165985,21:34:41.166483,21:34:41.166483,21:34:41.167995,21:34:41.167995,21:34:41.169455,21:34:41.169455,21:34:41.184457,21:34:41.184497,21:34:41.200321,21:34:41.209540,21:34:41.639752,21:34:41.639787,21:34:41.645814,21:34:41.645840,21:34:41.651564,21:34:41.171277,21:34:41.171381,21:34:41.167357
5,leak,21:34:45.887105,21:34:45.887105,21:34:45.887567,21:34:45.887567,21:34:45.888957,21:34:45.888957,21:34:45.890526,21:34:45.890526,21:34:45.913403,21:34:45.913451,21:34:45.928938,21:34:45.937898,21:34:46.372498,21:34:46.372531,21:34:46.379152,21:34:46.379179,21:34:46.385172,21:34:45.892729,21:34:45.892830,21:34:45.888343
5,leak,21:34:49.174811,21:34:49.174811,21:34:49.175285,21:34:49.175285,21:34:49.176681,21:34:49.176681,21:34:49.178367,21:34:49.178367,21:34:49.199006,21:34:49.199048,21:34:49.213418,21:34:49.222669,21:34:49.646730,21:34:49.646758,21:34:49.652891,21:34:49.652913,21:34:49.658769,21:34:49.179952,21:34:49.180042,21:34:49.176081
5,leak,21:34:53.899552,21:34:53.899552,21:34:53.900155,21:34:53.900155,21:34:53.901906,21:34:53.901906,21:34:53.903746,21:34:53.903746,21:34:53.918908,21:34:53.918952,21:34:53.937377,21:34:53.947418,21:34:54.377776,21:34:54.377806,21:34:54.384068,21:34:54.384093,21:34:54.389644,21:34:53.905275,21:34:53.905396,21:34:53.901081
5,leak,21:34:58.627076,21:34:58.627076,21:34:58.627433,21:34:58.627433,21:34:58.628619,21:34:58.628619,21:34:58.630032,21:34:58.630032,21:34:58.643699,21:34:58.643734,21:34:58.657777,21:34:58.666468,21:34:59.093803,21:34:59.093836,21:34:59.100293,21:34:59.100321,21:34:59.106597,21:34:58.632374,21:34:58.632467,21:34:58.628094
5,leak,21:35:03.364552,21:35:03.364552,21:35:03.364967,21:35:03.364967,21:35:03.366285,21:35:03.366285,21:35:03.367925,21:35:03.367925,21:35:03.381854,21:35:03.381888,21:35:03.396102,21:35:03.404910,21:35:03.838233,21:35:03.838284,21:35:03.846893,21:35:03.846927,21:35:03.858850,21:35:03.369618,21:35:03.369711,21:35:03.365672
5,leak,21:35:08.122758,21:35:08.122758,21:35:08.123105,21:35:08.123105,21:35:08.124425,21:35:08.124425,21:35:08.125924,21:35:08.125924,21:35:08.140312,21:35:08.140359,21:35:08.154766,21:35:08.163665,21:35:08.593165,21:35:08.593197,21:35:08.599542,21:35:08.599569,21:35:08.605547,21:35:08.128215,21:35:08.128305,21:35:08.123839
5,leak,21:35:11.848920,21:35:11.848920,21:35:11.849308,21:35:11.849308,21:35:11.850640,21:35:11.850640,21:35:11.852047,21:35:11.852047,21:35:11.866757,21:35:11.866783,21:35:11.881164,21:35:11.889763,21:35:12.316083,21:35:12.316113,21:35:12.322443,21:35:12.322469,21:35:12.328161,21:35:11.854469,21:35:11.854599,21:35:11.850051
5,leak,21:35:16.575024,21:35:16.575024,21:35:16.575472,21:35:16.575472,21:35:16.577071,21:35:16.577071,21:35:16.578482,21:35:16.578482,21:35:16.592934,21:35:16.592965,21:35:16.606891,21:35:16.615603,21:35:17.043980,21:35:17.044012,21:35:17.050620,21:35:17.050646,21:35:17.056855,21:35:16.580206,21:35:16.580291,21:35:16.576235
5,leak,21:35:21.298940,21:35:21.298940,21:35:21.299321,21:35:21.299321,21:35:21.300987,21:35:21.300987,21:35:21.302438,21:35:21.302438,21:35:21.316172,21:35:21.316192,21:35:21.330753,21:35:21.339578,21:35:21.767151,21:35:21.767185,21:35:21.773309,21:35:21.773336,21:35:21.778861,21:35:21.304372,21:35:21.304468,21:35:21.300089
5,leak,21:35:26.034271,21:35:26.034271,21:35:26.034751,21:35:26.034751,21:35:26.036176,21:35:26.036176,21:35:26.037622,21:35:26.037622,21:35:26.052527,21:35:26.052566,21:35:26.078250,21:35:26.087821,21:35:26.518099,21:35:26.518132,21:35:26.524250,21:35:26.524275,21:35:26.529937,21:35:26.039389,21:35:26.039488,21:35:26.035563
5,leak,21:35:30.850328,21:35:30.850328,21:35:30.850665,21:35:30.850665,21:35:30.851932,21:35:30.851932,21:35:30.853412,21:35:30.853412,21:35:30.866977,21:35:30.867010,21:35:30.881260,21:35:30.889953,21:35:31.319176,21:35:31.319205,21:35:31.325518,21:35:31.325550,21:35:31.331609,21:35:30.855807,21:35:30.855899,21:35:30.851336
5,leak,21:35:33.952377,21:35:33.952377,21:35:33.952884,21:35:33.952884,21:35:33.954767,21:35:33.954767,21:35:33.956459,21:35:33.956459,21:35:33.971574,21:35:33.971616,21:35:33.987174,21:35:33.996347,21:35:34.420803,21:35:34.420835,21:35:34.426719,21:35:34.426742,21:35:34.432395,21:35:33.957492,21:35:33.957599,21:35:33.953892
5,leak,21:35:38.705301,21:35:38.705301,21:35:38.705877,21:35:38.705877,21:35:38.707326,21:35:38.707326,21:35:38.709158,21:35:38.709158,21:35:38.725703,21:35:38.725738,21:35:38.741021,21:35:38.749780,21:35:39.180940,21:35:39.180972,21:35:39.186998,21:35:39.187024,21:35:39.192709,21:35:38.710773,21:35:38.710875,21:35:38.706718
5,leak,21:35:43.441380,21:35:43.441380,21:35:43.441875,21:35:43.441875,21:35:43.443355,21:35:43.443355,21:35:43.444899,21:35:43.444899,21:35:43.458763,21:35:43.458788,21:35:43.474270,21:35:43.483191,21:35:43.922264,21:35:43.922295,21:35:43.930095,21:35:43.930124,21:35:43.937283,21:35:43.446572,21:35:43.446668,21:35:43.442688
5,leak,21:35:48.201532,21:35:48.201532,21:35:48.202046,21:35:48.202046,21:35:48.203428,21:35:48.203428,21:35:48.205100,21:35:48.205100,21:35:48.219175,21:35:48.219220,21:35:48.234569,21:35:48.244131,21:35:48.676333,21:35:48.676365,21:35:48.682456,21:35:48.682479,21:35:48.688190,21:35:48.206744,21:35:48.206844,21:35:48.202868
5,leak,21:35:52.957307,21:35:52.957307,21:35:52.957802,21:35:52.957802,21:35:52.959239,21:35:52.959239,21:35:52.960660,21:35:52.960660,21:35:52.975345,21:35:52.975384,21:35:52.990790,21:35:52.999805,21:35:53.428956,21:35:53.428986,21:35:53.435140,21:35:53.435169,21:35:53.442046,21:35:52.962943,21:35:52.963089,21:35:52.958641
5,leak,21:35:57.717152,21:35:57.717152,21:35:57.717535,21:35:57.717535,21:35:57.718847,21:35:57.718847,21:35:57.720534,21:35:57.720534,21:35:57.734035,21:35:57.734062,21:35:57.748471,21:35:57.757087,21:35:58.187774,21:35:58.187806,21:35:58.194222,21:35:58.194249,21:35:58.200180,21:35:57.722761,21:35:57.722862,21:35:57.718210
5,leak,21:36:02.470442,21:36:02.470442,21:36:02.470966,21:36:02.470966,21:36:02.472498,21:36:02.472498,21:36:02.473965,21:36:02.473965,21:36:02.488287,21:36:02.488315,21:36:02.503466,21:36:02.512938,21:36:02.943645,21:36:02.943676,21:36:02.949980,21:36:02.950008,21:36:02.955845,21:36:02.475963,21:36:02.476064,21:36:02.471828
5,leak,21:36:07.362454,21:36:07.362454,21:36:07.363028,21:36:07.363028,21:36:07.364823,21:36:07.364823,21:36:07.366396,21:36:07.366396,21:36:07.381989,21:36:07.382036,21:36:07.399842,21:36:07.410247,21:36:07.844920,21:36:07.844952,21:36:07.851408,21:36:07.851439,21:36:07.857745,21:36:07.368157,21:36:07.368280,21:36:07.363936
5,leak,21:36:12.215602,21:36:12.215602,21:36:12.215977,21:36:12.215977,21:36:12.217395,21:36:12.217395,21:36:12.218792,21:36:12.218792,21:36:12.233151,21:36:12.233196,21:36:12.248081,21:36:12.256892,21:36:12.685747,21:36:12.685776,21:36:12.691773,21:36:12.691799,21:36:12.697837,21:36:12.220924,21:36:12.221030,21:36:12.216775
5,leak,21:36:16.995222,21:36:16.995222,21:36:16.995638,21:36:16.995638,21:36:16.997300,21:36:16.997300,21:36:16.998939,21:36:16.998939,21:36:17.012755,21:36:17.012791,21:36:17.027194,21:36:17.035964,21:36:17.468161,21:36:17.468193,21:36:17.474454,21:36:17.474480,21:36:17.480706,21:36:17.000669,21:36:17.000776,21:36:16.996425
5,leak,21:36:21.727288,21:36:21.727288,21:36:21.727609,21:36:21.727609,21:36:21.728837,21:36:21.728837,21:36:21.730662,21:36:21.730662,21:36:21.744805,21:36:21.744834,21:36:21.770562,21:36:21.779591,21:36:22.206733,21:36:22.206760,21:36:22.212698,21:36:22.212722,21:36:22.218667,21:36:21.732670,21:36:21.732774,21:36:21.728240
5,leak,21:36:26.457284,21:36:26.457284,21:36:26.457651,21:36:26.457651,21:36:26.458952,21:36:26.458952,21:36:26.460400,21:36:26.460400,21:36:26.474687,21:36:26.474720,21:36:26.489844,21:36:26.499331,21:36:26.928658,21:36:26.928691,21:36:26.934962,21:36:26.934992,21:36:26.940917,21:36:26.462424,21:36:26.462512,21:36:26.458362
5,safe,21:36:30.174690,21:36:30.174690,21:36:30.175098,21:36:30.175098,21:36:30.176465,21:36:30.176465,21:36:30.177759,21:36:30.177759,21:36:30.192182,21:36:30.192208,21:36:30.206595,21:36:30.215931,21:36:30.642191,21:36:30.642225,21:36:30.648630,21:36:30.648653,21:36:30.654106,21:36:30.180055,21:36:30.180152,21:36:30.175927
5,leak,21:36:35.280167,21:36:35.280167,21:36:35.281125,21:36:35.281125,21:36:35.283087,21:36:35.283087,21:36:35.286076,21:36:35.286076,21:36:35.295957,21:36:35.295994,21:36:35.310492,21:36:35.318988,21:36:35.748090,21:36:35.748119,21:36:35.754369,21:36:35.754396,21:36:35.760335,21:36:35.286212,21:36:35.286365,21:36:35.282321
5,safe,21:36:40.003553,21:36:40.003553,21:36:40.004154,21:36:40.004154,21:36:40.005814,21:36:40.005814,21:36:40.007287,21:36:40.007287,21:36:40.021657,21:36:40.021685,21:36:40.036177,21:36:40.045523,21:36:40.473476,21:36:40.473503,21:36:40.479292,21:36:40.479313,21:36:40.484630,21:36:40.008808,21:36:40.008900,21:36:40.004970
5,leak,21:36:45.052131,21:36:45.052131,21:36:45.052559,21:36:45.052559,21:36:45.053730,21:36:45.053730,21:36:45.055812,21:36:45.055812,21:36:45.065888,21:36:45.065964,21:36:45.080929,21:36:45.090669,21:36:45.519392,21:36:45.519420,21:36:45.525423,21:36:45.525448,21:36:45.531302,21:36:45.073130,21:36:45.073255,21:36:45.053228
5,leak,21:36:49.776989,21:36:49.776989,21:36:49.777421,21:36:49.777421,21:36:49.778778,21:36:49.778778,21:36:49.780621,21:36:49.780621,21:36:49.794711,21:36:49.794740,21:36:49.809060,21:36:49.818597,21:36:50.252615,21:36:50.252653,21:36:50.258977,21:36:50.259004,21:36:50.265325,21:36:49.782773,21:36:49.782887,21:36:49.778246
5,leak,21:36:54.561307,21:36:54.561307,21:36:54.561798,21:36:54.561798,21:36:54.563433,21:36:54.563433,21:36:54.564911,21:36:54.564911,21:36:54.578945,21:36:54.578969,21:36:54.593721,21:36:54.603326,21:36:55.035515,21:36:55.035554,21:36:55.042130,21:36:55.042160,21:36:55.048583,21:36:54.566927,21:36:54.567048,21:36:54.562707
5,leak,21:36:59.296903,21:36:59.296903,21:36:59.297492,21:36:59.297492,21:36:59.299106,21:36:59.299106,21:36:59.300593,21:36:59.300593,21:36:59.314801,21:36:59.314825,21:36:59.329250,21:36:59.338103,21:36:59.766990,21:36:59.767024,21:36:59.772968,21:36:59.772991,21:36:59.778632,21:36:59.302165,21:36:59.302260,21:36:59.298367
5,leak,21:37:04.033853,21:37:04.033853,21:37:04.034356,21:37:04.034356,21:37:04.035823,21:37:04.035823,21:37:04.037348,21:37:04.037348,21:37:04.052049,21:37:04.052098,21:37:04.066702,21:37:04.075340,21:37:04.504780,21:37:04.504809,21:37:04.510589,21:37:04.510613,21:37:04.516251,21:37:04.039323,21:37:04.039419,21:37:04.035206
5,leak,21:37:08.761645,21:37:08.761645,21:37:08.762115,21:37:08.762115,21:37:08.763779,21:37:08.763779,21:37:08.765458,21:37:08.765458,21:37:08.779755,21:37:08.779786,21:37:08.793724,21:37:08.802855,21:37:09.232045,21:37:09.232082,21:37:09.238274,21:37:09.238300,21:37:09.244304,21:37:08.767460,21:37:08.767557,21:37:08.762931
5,leak,21:37:13.491091,21:37:13.491091,21:37:13.491400,21:37:13.491400,21:37:13.492874,21:37:13.492874,21:37:13.494689,21:37:13.494689,21:37:13.508360,21:37:13.508392,21:37:13.522102,21:37:13.531501,21:37:13.969646,21:37:13.969676,21:37:13.977395,21:37:13.977446,21:37:13.986389,21:37:13.496459,21:37:13.496559,21:37:13.492032
5,leak,21:37:18.303397,21:37:18.303397,21:37:18.303823,21:37:18.303823,21:37:18.305204,21:37:18.305204,21:37:18.306953,21:37:18.306953,21:37:18.321382,21:37:18.321412,21:37:18.346589,21:37:18.355574,21:37:18.786892,21:37:18.786919,21:37:18.793391,21:37:18.793422,21:37:18.799437,21:37:18.308610,21:37:18.308717,21:37:18.304605
5,leak,21:37:23.049800,21:37:23.049800,21:37:23.050292,21:37:23.050292,21:37:23.051762,21:37:23.051762,21:37:23.053274,21:37:23.053274,21:37:23.067118,21:37:23.067150,21:37:23.083349,21:37:23.092823,21:37:23.521783,21:37:23.521813,21:37:23.528226,21:37:23.528255,21:37:23.534047,21:37:23.055050,21:37:23.055156,21:37:23.051095
5,leak,21:37:27.811511,21:37:27.811511,21:37:27.812065,21:37:27.812065,21:37:27.813514,21:37:27.813514,21:37:27.815147,21:37:27.815147,21:37:27.831228,21:37:27.831264,21:37:27.846207,21:37:27.854998,21:37:28.283644,21:37:28.283679,21:37:28.290078,21:37:28.290105,21:37:28.296250,21:37:27.817062,21:37:27.817168,21:37:27.812872
5,leak,21:37:32.571508,21:37:32.571508,21:37:32.572000,21:37:32.572000,21:37:32.573439,21:37:32.573439,21:37:32.574891,21:37:32.574891,21:37:32.588636,21:37:32.588668,21:37:32.604412,21:37:32.613913,21:37:33.042197,21:37:33.042224,21:37:33.048089,21:37:33.048114,21:37:33.054043,21:37:32.577055,21:37:32.577155,21:37:32.572893
5,leak,21:37:37.373664,21:37:37.373664,21:37:37.374243,21:37:37.374243,21:37:37.375747,21:37:37.375747,21:37:37.377199,21:37:37.377199,21:37:37.390786,21:37:37.390811,21:37:37.405174,21:37:37.414470,21:37:37.846555,21:37:37.846596,21:37:37.852807,21:37:37.852832,21:37:37.858488,21:37:37.378806,21:37:37.378919,21:37:37.375029
5,leak,21:37:42.126071,21:37:42.126071,21:37:42.126482,21:37:42.126482,21:37:42.127846,21:37:42.127846,21:37:42.129628,21:37:42.129628,21:37:42.143547,21:37:42.143576,21:37:42.158236,21:37:42.167359,21:37:42.597274,21:37:42.597301,21:37:42.603126,21:37:42.603147,21:37:42.608596,21:37:42.131713,21:37:42.131813,21:37:42.127191
5,leak,21:37:46.740797,21:37:46.740797,21:37:46.741206,21:37:46.741206,21:37:46.742513,21:37:46.742513,21:37:46.744280,21:37:46.744280,21:37:46.759245,21:37:46.759273,21:37:46.773826,21:37:46.783253,21:37:47.214957,21:37:47.214986,21:37:47.221838,21:37:47.221868,21:37:47.227723,21:37:46.746200,21:37:46.748357,21:37:46.741901
5,leak,21:37:51.503249,21:37:51.503249,21:37:51.503648,21:37:51.503648,21:37:51.504914,21:37:51.504914,21:37:51.506749,21:37:51.506749,21:37:51.520857,21:37:51.520878,21:37:51.535398,21:37:51.544138,21:37:51.972255,21:37:51.972287,21:37:51.978234,21:37:51.978257,21:37:51.983787,21:37:51.508487,21:37:51.508622,21:37:51.504326
5,leak,21:37:56.252727,21:37:56.252727,21:37:56.253091,21:37:56.253091,21:37:56.254445,21:37:56.254445,21:37:56.255863,21:37:56.255863,21:37:56.270413,21:37:56.270445,21:37:56.285287,21:37:56.294036,21:37:56.720127,21:37:56.720158,21:37:56.726120,21:37:56.726142,21:37:56.731778,21:37:56.258326,21:37:56.258416,21:37:56.253860
5,leak,21:38:00.058172,21:38:00.058172,21:38:00.058488,21:38:00.058488,21:38:00.060010,21:38:00.060010,21:38:00.061678,21:38:00.061678,21:38:00.075362,21:38:00.075388,21:38:00.090312,21:38:00.099788,21:38:00.525061,21:38:00.525092,21:38:00.531155,21:38:00.531178,21:38:00.536802,21:38:00.063978,21:38:00.064084,21:38:00.059084
5,leak,21:38:04.680795,21:38:04.680795,21:38:04.681168,21:38:04.681168,21:38:04.682475,21:38:04.682475,21:38:04.683928,21:38:04.683928,21:38:04.697906,21:38:04.697936,21:38:04.712310,21:38:04.721139,21:38:05.149789,21:38:05.149829,21:38:05.156136,21:38:05.156161,21:38:05.162020,21:38:04.686277,21:38:04.686371,21:38:04.681864
5,leak,21:38:09.412540,21:38:09.412540,21:38:09.412945,21:38:09.412945,21:38:09.414496,21:38:09.414496,21:38:09.416228,21:38:09.416228,21:38:09.429902,21:38:09.429929,21:38:09.443991,21:38:09.452693,21:38:09.881271,21:38:09.881305,21:38:09.887562,21:38:09.887586,21:38:09.893777,21:38:09.417970,21:38:09.418062,21:38:09.413691
5,leak,21:38:14.167983,21:38:14.167983,21:38:14.168475,21:38:14.168475,21:38:14.169819,21:38:14.169819,21:38:14.171480,21:38:14.171480,21:38:14.186094,21:38:14.186127,21:38:14.213637,21:38:14.222861,21:38:14.653459,21:38:14.653495,21:38:14.659890,21:38:14.659915,21:38:14.665752,21:38:14.173077,21:38:14.173181,21:38:14.169276
5,leak,21:38:18.945631,21:38:18.945631,21:38:18.946205,21:38:18.946205,21:38:18.947785,21:38:18.947785,21:38:18.949341,21:38:18.949341,21:38:18.964158,21:38:18.964194,21:38:18.980109,21:38:18.989197,21:38:19.419421,21:38:19.419454,21:38:19.425732,21:38:19.425760,21:38:19.431815,21:38:18.951041,21:38:18.951140,21:38:18.947087
5,leak,21:38:23.749677,21:38:23.749677,21:38:23.750765,21:38:23.750765,21:38:23.753295,21:38:23.753295,21:38:23.755912,21:38:23.755912,21:38:23.767123,21:38:23.767163,21:38:23.785356,21:38:23.798193,21:38:24.252394,21:38:24.252429,21:38:24.261562,21:38:24.261598,21:38:24.268278,21:38:23.754717,21:38:23.754848,21:38:23.752451
5,leak,21:38:28.531754,21:38:28.531754,21:38:28.532205,21:38:28.532205,21:38:28.533633,21:38:28.533633,21:38:28.535208,21:38:28.535208,21:38:28.549723,21:38:28.549758,21:38:28.564740,21:38:28.573942,21:38:29.002349,21:38:29.002377,21:38:29.008483,21:38:29.008508,21:38:29.013950,21:38:28.536914,21:38:28.537013,21:38:28.533008
5,leak,21:38:33.263574,21:38:33.263574,21:38:33.264171,21:38:33.264171,21:38:33.265672,21:38:33.265672,21:38:33.267100,21:38:33.267100,21:38:33.281017,21:38:33.281043,21:38:33.294803,21:38:33.303860,21:38:33.731330,21:38:33.731358,21:38:33.737244,21:38:33.737267,21:38:33.743364,21:38:33.268769,21:38:33.268859,21:38:33.264994
5,leak,21:38:38.029110,21:38:38.029110,21:38:38.029501,21:38:38.029501,21:38:38.030862,21:38:38.030862,21:38:38.032672,21:38:38.032672,21:38:38.047255,21:38:38.047290,21:38:38.062316,21:38:38.071757,21:38:38.501420,21:38:38.501449,21:38:38.507543,21:38:38.507566,21:38:38.513431,21:38:38.034401,21:38:38.034505,21:38:38.030267
5,leak,21:38:42.906228,21:38:42.906228,21:38:42.906699,21:38:42.906699,21:38:42.908389,21:38:42.908389,21:38:42.909835,21:38:42.909835,21:38:42.923804,21:38:42.923835,21:38:42.938284,21:38:42.947095,21:38:43.373520,21:38:43.373553,21:38:43.379535,21:38:43.379555,21:38:43.385363,21:38:42.911619,21:38:42.911727,21:38:42.907534
5,leak,21:38:47.633950,21:38:47.633950,21:38:47.634406,21:38:47.634406,21:38:47.635744,21:38:47.635744,21:38:47.637259,21:38:47.637259,21:38:47.651670,21:38:47.651706,21:38:47.666461,21:38:47.674860,21:38:48.102464,21:38:48.102504,21:38:48.108474,21:38:48.108499,21:38:48.114098,21:38:47.639545,21:38:47.639638,21:38:47.635142
5,leak,21:38:52.409189,21:38:52.409189,21:38:52.409597,21:38:52.409597,21:38:52.411048,21:38:52.411048,21:38:52.412814,21:38:52.412814,21:38:52.427554,21:38:52.427594,21:38:52.442965,21:38:52.452152,21:38:52.883598,21:38:52.883629,21:38:52.890469,21:38:52.890492,21:38:52.896364,21:38:52.414870,21:38:52.414967,21:38:52.410356
5,leak,21:38:57.156948,21:38:57.156948,21:38:57.157335,21:38:57.157335,21:38:57.158767,21:38:57.158767,21:38:57.160395,21:38:57.160395,21:38:57.174937,21:38:57.174964,21:38:57.189682,21:38:57.198554,21:38:57.626346,21:38:57.626375,21:38:57.632751,21:38:57.632774,21:38:57.638492,21:38:57.162189,21:38:57.162289,21:38:57.158163
5,leak,21:39:01.916838,21:39:01.916838,21:39:01.917258,21:39:01.917258,21:39:01.918732,21:39:01.918732,21:39:01.920354,21:39:01.920354,21:39:01.934471,21:39:01.934502,21:39:01.948651,21:39:01.957559,21:39:02.384655,21:39:02.384684,21:39:02.390794,21:39:02.390822,21:39:02.396998,21:39:01.922432,21:39:01.922521,21:39:01.917955
5,safe,21:39:06.670925,21:39:06.670925,21:39:06.671414,21:39:06.671414,21:39:06.672846,21:39:06.672846,21:39:06.674479,21:39:06.674479,21:39:06.688330,21:39:06.688359,21:39:06.703956,21:39:06.713245,21:39:07.141747,21:39:07.141776,21:39:07.148110,21:39:07.148137,21:39:07.153933,21:39:06.676291,21:39:06.676388,21:39:06.672165
5,leak,21:39:11.761951,21:39:11.761951,21:39:11.762435,21:39:11.762435,21:39:11.763771,21:39:11.763771,21:39:11.766422,21:39:11.766422,21:39:11.776632,21:39:11.776667,21:39:11.802802,21:39:11.811778,21:39:12.241207,21:39:12.241243,21:39:12.247617,21:39:12.247644,21:39:12.253648,21:39:11.781418,21:39:11.781553,21:39:11.763227
5,leak,21:39:16.595503,21:39:16.595503,21:39:16.595915,21:39:16.595915,21:39:16.597562,21:39:16.597562,21:39:16.599027,21:39:16.599027,21:39:16.616176,21:39:16.616206,21:39:16.631442,21:39:16.641021,21:39:17.068567,21:39:17.068596,21:39:17.074598,21:39:17.074624,21:39:17.080601,21:39:16.601183,21:39:16.601290,21:39:16.596735
5,leak,21:39:21.333275,21:39:21.333275,21:39:21.333659,21:39:21.333659,21:39:21.335030,21:39:21.335030,21:39:21.336462,21:39:21.336462,21:39:21.349935,21:39:21.349957,21:39:21.364019,21:39:21.372783,21:39:21.798808,21:39:21.798841,21:39:21.804882,21:39:21.804906,21:39:21.810723,21:39:21.338874,21:39:21.338973,21:39:21.334378
5,leak,21:39:26.046534,21:39:26.046534,21:39:26.046909,21:39:26.046909,21:39:26.048335,21:39:26.048335,21:39:26.049746,21:39:26.049746,21:39:26.063979,21:39:26.064012,21:39:26.078324,21:39:26.087076,21:39:26.514570,21:39:26.514605,21:39:26.520829,21:39:26.520852,21:39:26.526754,21:39:26.051956,21:39:26.052067,21:39:26.047645
5,leak,21:39:29.786071,21:39:29.786071,21:39:29.786434,21:39:29.786434,21:39:29.787702,21:39:29.787702,21:39:29.789137,21:39:29.789137,21:39:29.803778,21:39:29.803813,21:39:29.818924,21:39:29.828077,21:39:30.251691,21:39:30.251729,21:39:30.257946,21:39:30.257974,21:39:30.264450,21:39:29.791563,21:39:29.791669,21:39:29.787090
5,leak,21:39:34.542793,21:39:34.542793,21:39:34.543213,21:39:34.543213,21:39:34.544678,21:39:34.544678,21:39:34.546262,21:39:34.546262,21:39:34.559844,21:39:34.559879,21:39:34.575123,21:39:34.583895,21:39:35.011767,21:39:35.011802,21:39:35.017660,21:39:35.017683,21:39:35.023314,21:39:34.547922,21:39:34.548019,21:39:34.543891
5,leak,21:39:39.149440,21:39:39.149440,21:39:39.149873,21:39:39.149873,21:39:39.151295,21:39:39.151295,21:39:39.152793,21:39:39.152793,21:39:39.166930,21:39:39.166971,21:39:39.182238,21:39:39.191393,21:39:39.621684,21:39:39.621713,21:39:39.627926,21:39:39.627955,21:39:39.634012,21:39:39.155144,21:39:39.155265,21:39:39.150735
5,leak,21:39:43.950025,21:39:43.950025,21:39:43.950835,21:39:43.950835,21:39:43.952922,21:39:43.952922,21:39:43.955119,21:39:43.955119,21:39:43.965471,21:39:43.965514,21:39:43.985527,21:39:43.997339,21:39:44.448932,21:39:44.448966,21:39:44.455342,21:39:44.455366,21:39:44.461013,21:39:43.955535,21:39:43.955661,21:39:43.951975
5,leak,21:39:47.723255,21:39:47.723255,21:39:47.723582,21:39:47.723582,21:39:47.724805,21:39:47.724805,21:39:47.726578,21:39:47.726578,21:39:47.741357,21:39:47.741391,21:39:47.755585,21:39:47.764746,21:39:48.189311,21:39:48.189339,21:39:48.195506,21:39:48.195532,21:39:48.201603,21:39:47.728906,21:39:47.729006,21:39:47.724190
5,leak,21:39:52.529631,21:39:52.529631,21:39:52.530026,21:39:52.530026,21:39:52.531316,21:39:52.531316,21:39:52.532621,21:39:52.532621,21:39:52.546576,21:39:52.546636,21:39:52.560740,21:39:52.569969,21:39:52.996432,21:39:52.996460,21:39:53.002319,21:39:53.002339,21:39:53.007693,21:39:52.534863,21:39:52.534957,21:39:52.530763
5,leak,21:39:57.268058,21:39:57.268058,21:39:57.268495,21:39:57.268495,21:39:57.269828,21:39:57.269828,21:39:57.271177,21:39:57.271177,21:39:57.284903,21:39:57.284925,21:39:57.299272,21:39:57.308513,21:39:57.737887,21:39:57.737915,21:39:57.743707,21:39:57.743729,21:39:57.749011,21:39:57.273632,21:39:57.273724,21:39:57.269281
5,leak,21:40:00.841848,21:40:00.841848,21:40:00.842318,21:40:00.842318,21:40:00.843788,21:40:00.843788,21:40:00.845272,21:40:00.845272,21:40:00.858919,21:40:00.858945,21:40:00.876490,21:40:00.887395,21:40:01.322225,21:40:01.322263,21:40:01.329119,21:40:01.329153,21:40:01.336685,21:40:00.846998,21:40:00.847088,21:40:00.843220
5,safe,21:40:05.606324,21:40:05.606324,21:40:05.606822,21:40:05.606822,21:40:05.608413,21:40:05.608413,21:40:05.610094,21:40:05.610094,21:40:05.624848,21:40:05.624888,21:40:05.652720,21:40:05.662372,21:40:06.097633,21:40:06.097666,21:40:06.104148,21:40:06.104174,21:40:06.110245,21:40:05.611705,21:40:05.613510,21:40:05.607716
5,leak,21:40:10.713986,21:40:10.713986,21:40:10.714443,21:40:10.714443,21:40:10.715860,21:40:10.715860,21:40:10.718345,21:40:10.718345,21:40:10.733086,21:40:10.733128,21:40:10.748582,21:40:10.757233,21:40:11.186888,21:40:11.186917,21:40:11.192888,21:40:11.192915,21:40:11.198525,21:40:10.720352,21:40:10.720459,21:40:10.715237
5,leak,21:40:15.458321,21:40:15.458321,21:40:15.458742,21:40:15.458742,21:40:15.460089,21:40:15.460089,21:40:15.461597,21:40:15.461597,21:40:15.475532,21:40:15.475564,21:40:15.490503,21:40:15.500126,21:40:15.932647,21:40:15.932679,21:40:15.938807,21:40:15.938834,21:40:15.944768,21:40:15.463810,21:40:15.463914,21:40:15.459507
5,leak,21:40:20.207017,21:40:20.207017,21:40:20.207346,21:40:20.207346,21:40:20.208877,21:40:20.208877,21:40:20.210688,21:40:20.210688,21:40:20.224544,21:40:20.224574,21:40:20.239943,21:40:20.248991,21:40:20.678044,21:40:20.678072,21:40:20.683735,21:40:20.683755,21:40:20.689167,21:40:20.212623,21:40:20.212722,21:40:20.208058
5,leak,21:40:24.991890,21:40:24.991890,21:40:24.992348,21:40:24.992348,21:40:24.993631,21:40:24.993631,21:40:24.995123,21:40:24.995123,21:40:25.010085,21:40:25.010115,21:40:25.025061,21:40:25.034422,21:40:25.466532,21:40:25.466563,21:40:25.472859,21:40:25.472885,21:40:25.478209,21:40:24.997570,21:40:24.997672,21:40:24.993068
5,safe,21:40:29.752763,21:40:29.752763,21:40:29.753283,21:40:29.753283,21:40:29.754753,21:40:29.754753,21:40:29.756345,21:40:29.756345,21:40:29.770276,21:40:29.770314,21:40:29.785410,21:40:29.794442,21:40:30.228671,21:40:30.228700,21:40:30.235289,21:40:30.235317,21:40:30.241175,21:40:29.757808,21:40:29.757906,21:40:29.754143
5,leak,21:40:34.969933,21:40:34.969933,21:40:34.970383,21:40:34.970383,21:40:34.971749,21:40:34.971749,21:40:34.973927,21:40:34.973927,21:40:34.983379,21:40:34.983405,21:40:34.997549,21:40:35.006683,21:40:35.439759,21:40:35.439788,21:40:35.446227,21:40:35.446253,21:40:35.452110,21:40:34.998548,21:40:34.998698,21:40:34.971146
5,leak,21:40:39.739411,21:40:39.739411,21:40:39.739918,21:40:39.739918,21:40:39.741322,21:40:39.741322,21:40:39.742873,21:40:39.742873,21:40:39.757197,21:40:39.757222,21:40:39.771393,21:40:39.780169,21:40:40.208775,21:40:40.208812,21:40:40.215082,21:40:40.215106,21:40:40.220764,21:40:39.744952,21:40:39.745047,21:40:39.740736
5,leak,21:40:44.575874,21:40:44.575874,21:40:44.576419,21:40:44.576419,21:40:44.578148,21:40:44.578148,21:40:44.579802,21:40:44.579802,21:40:44.594427,21:40:44.594478,21:40:44.610794,21:40:44.620212,21:40:45.050624,21:40:45.050655,21:40:45.056767,21:40:45.056791,21:40:45.062530,21:40:44.580978,21:40:44.581084,21:40:44.577264
5,leak,21:40:49.343003,21:40:49.343003,21:40:49.343388,21:40:49.343388,21:40:49.344822,21:40:49.344822,21:40:49.346358,21:40:49.346358,21:40:49.359898,21:40:49.359927,21:40:49.374200,21:40:49.383127,21:40:49.812968,21:40:49.813001,21:40:49.819239,21:40:49.819275,21:40:49.825159,21:40:49.348189,21:40:49.348290,21:40:49.344146
5,leak,21:40:54.098689,21:40:54.098689,21:40:54.099179,21:40:54.099179,21:40:54.100975,21:40:54.100975,21:40:54.103156,21:40:54.103156,21:40:54.118570,21:40:54.118612,21:40:54.137904,21:40:54.149697,21:40:54.583514,21:40:54.583553,21:40:54.590018,21:40:54.590042,21:40:54.597748,21:40:54.104221,21:40:54.104378,21:40:54.100229
5,leak,21:40:58.886855,21:40:58.886855,21:40:58.887196,21:40:58.887196,21:40:58.888728,21:40:58.888728,21:40:58.890338,21:40:58.890338,21:40:58.905032,21:40:58.905065,21:40:58.919783,21:40:58.928943,21:40:59.359853,21:40:59.359889,21:40:59.366158,21:40:59.366184,21:40:59.372010,21:40:58.892132,21:40:58.892240,21:40:58.887895
5,leak,21:41:02.812195,21:41:02.812195,21:41:02.812740,21:41:02.812740,21:41:02.814524,21:41:02.814524,21:41:02.816258,21:41:02.816258,21:41:02.833564,21:41:02.833606,21:41:02.862053,21:41:02.871667,21:41:03.300574,21:41:03.300607,21:41:03.306648,21:41:03.306677,21:41:03.312617,21:41:02.817479,21:41:02.817763,21:41:02.813686
5,leak,21:41:07.588983,21:41:07.588983,21:41:07.589350,21:41:07.589350,21:41:07.590755,21:41:07.590755,21:41:07.592448,21:41:07.592448,21:41:07.606615,21:41:07.606645,21:41:07.621739,21:41:07.630544,21:41:08.063035,21:41:08.063072,21:41:08.069445,21:41:08.069471,21:41:08.075762,21:41:07.594557,21:41:07.594674,21:41:07.590065
6,leak,21:41:11.357406,21:41:11.357406,21:41:11.357849,21:41:11.357849,21:41:11.359289,21:41:11.359289,21:41:11.360733,21:41:11.360733,21:41:11.374555,21:41:11.374577,21:41:11.388563,21:41:11.397571,21:41:11.821770,21:41:11.821801,21:41:11.827875,21:41:11.827902,21:41:11.833672,21:41:11.363342,21:41:11.363445,21:41:11.358742
6,leak,21:41:16.098012,21:41:16.098012,21:41:16.098490,21:41:16.098490,21:41:16.099919,21:41:16.099919,21:41:16.101875,21:41:16.101875,21:41:16.117275,21:41:16.117323,21:41:16.133968,21:41:16.144688,21:41:16.574323,21:41:16.574353,21:41:16.580939,21:41:16.580967,21:41:16.586944,21:41:16.104388,21:41:16.104496,21:41:16.099277
6,leak,21:41:20.048069,21:41:20.048069,21:41:20.048626,21:41:20.048626,21:41:20.050212,21:41:20.050212,21:41:20.051661,21:41:20.051661,21:41:20.066098,21:41:20.066142,21:41:20.081103,21:41:20.090950,21:41:20.519707,21:41:20.519735,21:41:20.525815,21:41:20.525840,21:41:20.531979,21:41:20.054602,21:41:20.054738,21:41:20.049549
6,leak,21:41:23.833732,21:41:23.833732,21:41:23.834274,21:41:23.834274,21:41:23.835625,21:41:23.835625,21:41:23.837214,21:41:23.837214,21:41:23.851690,21:41:23.851722,21:41:23.866554,21:41:23.875139,21:41:24.308231,21:41:24.308264,21:41:24.314624,21:41:24.314646,21:41:24.320266,21:41:23.840325,21:41:23.840417,21:41:23.834996
6,leak,21:41:27.224136,21:41:27.224136,21:41:27.224504,21:41:27.224504,21:41:27.226032,21:41:27.226032,21:41:27.227658,21:41:27.227658,21:41:27.241623,21:41:27.241654,21:41:27.257575,21:41:27.266988,21:41:27.691866,21:41:27.691899,21:41:27.698311,21:41:27.698340,21:41:27.704281,21:41:27.230501,21:41:27.230620,21:41:27.225177
6,leak,21:41:31.950243,21:41:31.950243,21:41:31.950666,21:41:31.950666,21:41:31.952011,21:41:31.952011,21:41:31.953715,21:41:31.953715,21:41:31.967542,21:41:31.967575,21:41:31.982401,21:41:31.991769,21:41:32.419183,21:41:32.419212,21:41:32.425427,21:41:32.425455,21:41:32.431115,21:41:31.956797,21:41:31.956898,21:41:31.951391
6,leak,21:41:36.695299,21:41:36.695299,21:41:36.695722,21:41:36.695722,21:41:36.697066,21:41:36.697066,21:41:36.698631,21:41:36.698631,21:41:36.713112,21:41:36.713134,21:41:36.726638,21:41:36.735428,21:41:37.163826,21:41:37.163855,21:41:37.169776,21:41:37.169802,21:41:37.175447,21:41:36.701580,21:41:36.701675,21:41:36.696400
6,leak,21:41:41.585662,21:41:41.585662,21:41:41.586027,21:41:41.586027,21:41:41.587490,21:41:41.587490,21:41:41.589051,21:41:41.589051,21:41:41.603456,21:41:41.603488,21:41:41.617403,21:41:41.626092,21:41:42.054845,21:41:42.054873,21:41:42.061129,21:41:42.061158,21:41:42.067246,21:41:41.592404,21:41:41.592540,21:41:41.586629
6,leak,21:41:46.347001,21:41:46.347001,21:41:46.347421,21:41:46.347421,21:41:46.348827,21:41:46.348827,21:41:46.350495,21:41:46.350495,21:41:46.365692,21:41:46.365740,21:41:46.381792,21:41:46.393588,21:41:46.823664,21:41:46.823695,21:41:46.829958,21:41:46.829985,21:41:46.835706,21:41:46.353517,21:41:46.353637,21:41:46.348227
6,leak,21:41:51.088312,21:41:51.088312,21:41:51.088768,21:41:51.088768,21:41:51.090578,21:41:51.090578,21:41:51.092295,21:41:51.092295,21:41:51.106363,21:41:51.106393,21:41:51.121663,21:41:51.131032,21:41:51.563479,21:41:51.563511,21:41:51.569780,21:41:51.569805,21:41:51.575750,21:41:51.094709,21:41:51.094809,21:41:51.089658
6,leak,21:41:55.852990,21:41:55.852990,21:41:55.853369,21:41:55.853369,21:41:55.854790,21:41:55.854790,21:41:55.856252,21:41:55.856252,21:41:55.870202,21:41:55.870234,21:41:55.896302,21:41:55.905333,21:41:56.335986,21:41:56.336014,21:41:56.342071,21:41:56.342095,21:41:56.348101,21:41:55.859205,21:41:55.859300,21:41:55.854009
6,leak,21:42:00.662160,21:42:00.662160,21:42:00.662771,21:42:00.662771,21:42:00.664544,21:42:00.664544,21:42:00.666205,21:42:00.666205,21:42:00.680312,21:42:00.680357,21:42:00.699167,21:42:00.709906,21:42:01.140391,21:42:01.140423,21:42:01.146640,21:42:01.146688,21:42:01.152775,21:42:00.668291,21:42:00.668411,21:42:00.663670
6,safe,21:42:05.432304,21:42:05.432304,21:42:05.432845,21:42:05.432845,21:42:05.434799,21:42:05.434799,21:42:05.437213,21:42:05.437213,21:42:05.452254,21:42:05.452288,21:42:05.466939,21:42:05.476032,21:42:05.903831,21:42:05.903862,21:42:05.909839,21:42:05.909863,21:42:05.915508,21:42:05.439129,21:42:05.439300,21:42:05.433822
6,leak,21:42:10.650644,21:42:10.650644,21:42:10.651177,21:42:10.651177,21:42:10.652629,21:42:10.652629,21:42:10.654931,21:42:10.654931,21:42:10.664675,21:42:10.664710,21:42:10.681558,21:42:10.691565,21:42:11.124425,21:42:11.124458,21:42:11.131018,21:42:11.131045,21:42:11.138296,21:42:10.674399,21:42:10.674547,21:42:10.652002
6,leak,21:42:15.395989,21:42:15.395989,21:42:15.396365,21:42:15.396365,21:42:15.397583,21:42:15.397583,21:42:15.398996,21:42:15.398996,21:42:15.412708,21:42:15.412733,21:42:15.427138,21:42:15.435722,21:42:15.861635,21:42:15.861664,21:42:15.867478,21:42:15.867499,21:42:15.872979,21:42:15.402540,21:42:15.402640,21:42:15.397064
6,leak,21:42:20.144635,21:42:20.144635,21:42:20.145259,21:42:20.145259,21:42:20.146783,21:42:20.146783,21:42:20.148450,21:42:20.148450,21:42:20.163186,21:42:20.163263,21:42:20.177768,21:42:20.186472,21:42:20.614125,21:42:20.614156,21:42:20.620441,21:42:20.620466,21:42:20.626238,21:42:20.151205,21:42:20.151347,21:42:20.146073
6,leak,21:42:23.370560,21:42:23.370560,21:42:23.371045,21:42:23.371045,21:42:23.372556,21:42:23.372556,21:42:23.374176,21:42:23.374176,21:42:23.387990,21:42:23.388021,21:42:23.403299,21:42:23.412201,21:42:23.835151,21:42:23.835184,21:42:23.841558,21:42:23.841586,21:42:23.847504,21:42:23.376793,21:42:23.376894,21:42:23.371899
6,leak,21:42:28.144880,21:42:28.144880,21:42:28.145363,21:42:28.145363,21:42:28.146912,21:42:28.146912,21:42:28.148644,21:42:28.148644,21:42:28.163377,21:42:28.163419,21:42:28.180281,21:42:28.190039,21:42:28.628449,21:42:28.628485,21:42:28.634630,21:42:28.634658,21:42:28.640536,21:42:28.151460,21:42:28.151565,21:42:28.146152
6,leak,21:42:32.919013,21:42:32.919013,21:42:32.919488,21:42:32.919488,21:42:32.920968,21:42:32.920968,21:42:32.922582,21:42:32.922582,21:42:32.937366,21:42:32.937404,21:42:32.953724,21:42:32.963880,21:42:33.396714,21:42:33.396749,21:42:33.402979,21:42:33.403006,21:42:33.409274,21:42:32.925588,21:42:32.925686,21:42:32.920172
6,safe,21:42:37.722600,21:42:37.722600,21:42:37.723073,21:42:37.723073,21:42:37.724602,21:42:37.724602,21:42:37.726196,21:42:37.726196,21:42:37.740434,21:42:37.740466,21:42:37.755899,21:42:37.765351,21:42:38.195390,21:42:38.195422,21:42:38.201580,21:42:38.201607,21:42:38.207270,21:42:37.728931,21:42:37.729047,21:42:37.723890
6,safe,21:42:42.926251,21:42:42.926251,21:42:42.926693,21:42:42.926693,21:42:42.928320,21:42:42.928320,21:42:42.930861,21:42:42.930861,21:42:42.941241,21:42:42.941266,21:42:42.957751,21:42:42.967476,21:42:43.396373,21:42:43.396409,21:42:43.402691,21:42:43.402714,21:42:43.408154,21:42:42.948613,21:42:42.948746,21:42:42.927498
6,leak,21:42:48.133402,21:42:48.133402,21:42:48.133848,21:42:48.133848,21:42:48.135098,21:42:48.135098,21:42:48.137409,21:42:48.137409,21:42:48.149198,21:42:48.149223,21:42:48.163448,21:42:48.174528,21:42:48.608000,21:42:48.608035,21:42:48.614076,21:42:48.614100,21:42:48.620077,21:42:48.163689,21:42:48.163875,21:42:48.134573
6,leak,21:42:52.782467,21:42:52.782467,21:42:52.782888,21:42:52.782888,21:42:52.784341,21:42:52.784341,21:42:52.785814,21:42:52.785814,21:42:52.799833,21:42:52.799875,21:42:52.827313,21:42:52.836396,21:42:53.272197,21:42:53.272227,21:42:53.278410,21:42:53.278437,21:42:53.284474,21:42:52.788616,21:42:52.788724,21:42:52.783694
6,leak,21:42:57.628865,21:42:57.628865,21:42:57.629269,21:42:57.629269,21:42:57.630615,21:42:57.630615,21:42:57.632046,21:42:57.632046,21:42:57.646113,21:42:57.646143,21:42:57.661816,21:42:57.670833,21:42:58.100628,21:42:58.100659,21:42:58.106839,21:42:58.106866,21:42:58.112652,21:42:57.635199,21:42:57.635308,21:42:57.630067
6,leak,21:43:02.532813,21:43:02.532813,21:43:02.533214,21:43:02.533214,21:43:02.534507,21:43:02.534507,21:43:02.536056,21:43:02.536056,21:43:02.550650,21:43:02.550701,21:43:02.566430,21:43:02.575771,21:43:03.004882,21:43:03.004913,21:43:03.011185,21:43:03.011209,21:43:03.016729,21:43:02.539339,21:43:02.539453,21:43:02.533949
6,leak,21:43:07.295198,21:43:07.295198,21:43:07.295616,21:43:07.295616,21:43:07.296966,21:43:07.296966,21:43:07.298673,21:43:07.298673,21:43:07.312450,21:43:07.312480,21:43:07.327228,21:43:07.336215,21:43:07.764292,21:43:07.764323,21:43:07.770484,21:43:07.770512,21:43:07.776405,21:43:07.301878,21:43:07.302006,21:43:07.296373
6,leak,21:43:12.034064,21:43:12.034064,21:43:12.034500,21:43:12.034500,21:43:12.035843,21:43:12.035843,21:43:12.037496,21:43:12.037496,21:43:12.051324,21:43:12.051346,21:43:12.065934,21:43:12.074756,21:43:12.504401,21:43:12.504430,21:43:12.510208,21:43:12.510232,21:43:12.515758,21:43:12.040297,21:43:12.040396,21:43:12.035266
6,leak,21:43:16.932541,21:43:16.932541,21:43:16.932946,21:43:16.932946,21:43:16.934300,21:43:16.934300,21:43:16.935967,21:43:16.935967,21:43:16.950481,21:43:16.950513,21:43:16.965513,21:43:16.974419,21:43:17.402302,21:43:17.402335,21:43:17.408559,21:43:17.408586,21:43:17.414151,21:43:16.938990,21:43:16.939109,21:43:16.933768
6,leak,21:43:21.671504,21:43:21.671504,21:43:21.672004,21:43:21.672004,21:43:21.673782,21:43:21.673782,21:43:21.675504,21:43:21.675504,21:43:21.689433,21:43:21.689470,21:43:21.705359,21:43:21.715060,21:43:22.146599,21:43:22.146644,21:43:22.152789,21:43:22.152815,21:43:22.158573,21:43:21.677689,21:43:21.677795,21:43:21.672889
6,leak,21:43:26.424801,21:43:26.424801,21:43:26.425554,21:43:26.425554,21:43:26.427393,21:43:26.427393,21:43:26.428908,21:43:26.428908,21:43:26.442880,21:43:26.442920,21:43:26.459149,21:43:26.468511,21:43:26.898273,21:43:26.898304,21:43:26.904558,21:43:26.904580,21:43:26.910064,21:43:26.430797,21:43:26.430919,21:43:26.426710
6,leak,21:43:31.340194,21:43:31.340194,21:43:31.340708,21:43:31.340708,21:43:31.342272,21:43:31.342272,21:43:31.343755,21:43:31.343755,21:43:31.404928,21:43:31.404972,21:43:31.419381,21:43:31.428206,21:43:31.857632,21:43:31.857662,21:43:31.863716,21:43:31.863741,21:43:31.869528,21:43:31.346395,21:43:31.346494,21:43:31.341570
6,leak,21:43:36.238835,21:43:36.238835,21:43:36.239308,21:43:36.239308,21:43:36.241101,21:43:36.241101,21:43:36.242825,21:43:36.242825,21:43:36.303619,21:43:36.303663,21:43:36.317851,21:43:36.326752,21:43:36.759258,21:43:36.759287,21:43:36.765428,21:43:36.765456,21:43:36.771206,21:43:36.245370,21:43:36.245471,21:43:36.240206
6,leak,21:43:41.136103,21:43:41.136103,21:43:41.136487,21:43:41.136487,21:43:41.137869,21:43:41.137869,21:43:41.139378,21:43:41.139378,21:43:41.212270,21:43:41.212316,21:43:41.226631,21:43:41.235673,21:43:41.663903,21:43:41.663933,21:43:41.670212,21:43:41.670239,21:43:41.675558,21:43:41.142519,21:43:41.151666,21:43:41.137285
6,leak,21:43:46.049110,21:43:46.049110,21:43:46.049681,21:43:46.049681,21:43:46.051328,21:43:46.051328,21:43:46.052830,21:43:46.052830,21:43:46.114059,21:43:46.114109,21:43:46.129526,21:43:46.138704,21:43:46.571943,21:43:46.571975,21:43:46.577943,21:43:46.577968,21:43:46.583656,21:43:46.055368,21:43:46.055483,21:43:46.050566
6,leak,21:43:50.945977,21:43:50.945977,21:43:50.946529,21:43:50.946529,21:43:50.947931,21:43:50.947931,21:43:50.949359,21:43:50.949359,21:43:51.016978,21:43:51.017017,21:43:51.043028,21:43:51.052256,21:43:51.485771,21:43:51.485803,21:43:51.491870,21:43:51.491897,21:43:51.497323,21:43:50.952168,21:43:50.952268,21:43:50.947337
6,leak,21:43:55.868240,21:43:55.868240,21:43:55.868626,21:43:55.868626,21:43:55.869966,21:43:55.869966,21:43:55.871493,21:43:55.871493,21:43:55.939132,21:43:55.939177,21:43:55.954917,21:43:55.964122,21:43:56.398308,21:43:56.398339,21:43:56.404385,21:43:56.404409,21:43:56.410343,21:43:55.874448,21:43:55.874560,21:43:55.869416
6,safe,21:43:59.563650,21:43:59.563650,21:43:59.564154,21:43:59.564154,21:43:59.565588,21:43:59.565588,21:43:59.567384,21:43:59.567384,21:43:59.634086,21:43:59.634131,21:43:59.649076,21:43:59.658202,21:44:00.084459,21:44:00.084494,21:44:00.090679,21:44:00.090712,21:44:00.096609,21:43:59.570248,21:43:59.570346,21:43:59.564967
6,leak,21:44:04.830666,21:44:04.830666,21:44:04.831251,21:44:04.831251,21:44:04.832909,21:44:04.832909,21:44:04.835824,21:44:04.835824,21:44:04.879941,21:44:04.879989,21:44:04.896265,21:44:04.906223,21:44:05.336573,21:44:05.336601,21:44:05.342808,21:44:05.342830,21:44:05.348737,21:44:04.858092,21:44:04.858255,21:44:04.832156
6,leak,21:44:09.725162,21:44:09.725162,21:44:09.725670,21:44:09.725670,21:44:09.727089,21:44:09.727089,21:44:09.728451,21:44:09.728451,21:44:09.796426,21:44:09.796475,21:44:09.811649,21:44:09.820514,21:44:10.253775,21:44:10.253809,21:44:10.260294,21:44:10.260321,21:44:10.266555,21:44:09.731928,21:44:09.732036,21:44:09.726561
6,leak,21:44:14.780817,21:44:14.780817,21:44:14.781311,21:44:14.781311,21:44:14.782798,21:44:14.782798,21:44:14.785030,21:44:14.785030,21:44:14.845788,21:44:14.845833,21:44:14.859782,21:44:14.868850,21:44:15.299824,21:44:15.299856,21:44:15.305861,21:44:15.305885,21:44:15.312361,21:44:14.788585,21:44:14.797222,21:44:14.782173
6,leak,21:44:19.727208,21:44:19.727208,21:44:19.727654,21:44:19.727654,21:44:19.729461,21:44:19.729461,21:44:19.731273,21:44:19.731273,21:44:19.791236,21:44:19.791275,21:44:19.806417,21:44:19.815270,21:44:20.250171,21:44:20.250202,21:44:20.256444,21:44:20.256470,21:44:20.262626,21:44:19.733548,21:44:19.733653,21:44:19.728528
6,leak,21:44:23.574761,21:44:23.574761,21:44:23.575199,21:44:23.575199,21:44:23.576597,21:44:23.576597,21:44:23.577982,21:44:23.577982,21:44:23.638677,21:44:23.638719,21:44:23.652655,21:44:23.660956,21:44:24.087978,21:44:24.088019,21:44:24.097111,21:44:24.097146,21:44:24.104815,21:44:23.581326,21:44:23.581420,21:44:23.576060
6,leak,21:44:27.000719,21:44:27.000719,21:44:27.001179,21:44:27.001179,21:44:27.002779,21:44:27.002779,21:44:27.004440,21:44:27.004440,21:44:27.072153,21:44:27.072198,21:44:27.086784,21:44:27.095808,21:44:27.515745,21:44:27.515774,21:44:27.521991,21:44:27.522016,21:44:27.527604,21:44:27.007023,21:44:27.007117,21:44:27.001952
6,leak,21:44:32.142787,21:44:32.142787,21:44:32.143268,21:44:32.143268,21:44:32.144718,21:44:32.144718,21:44:32.152286,21:44:32.152286,21:44:32.190661,21:44:32.190696,21:44:32.220791,21:44:32.248208,21:44:32.683288,21:44:32.683319,21:44:32.689622,21:44:32.689645,21:44:32.694988,21:44:32.172351,21:44:32.172498,21:44:32.144102
6,leak,21:44:37.059488,21:44:37.059488,21:44:37.059823,21:44:37.059823,21:44:37.061026,21:44:37.061026,21:44:37.062769,21:44:37.062769,21:44:37.079641,21:44:37.079668,21:44:37.093156,21:44:37.103729,21:44:37.535140,21:44:37.535169,21:44:37.541230,21:44:37.541257,21:44:37.546717,21:44:37.065932,21:44:37.066072,21:44:37.060455
6,leak,21:44:41.806204,21:44:41.806204,21:44:41.806573,21:44:41.806573,21:44:41.807924,21:44:41.807924,21:44:41.809622,21:44:41.809622,21:44:41.824436,21:44:41.824462,21:44:41.838192,21:44:41.846476,21:44:42.275328,21:44:42.275361,21:44:42.281389,21:44:42.281413,21:44:42.287194,21:44:41.812626,21:44:41.812724,21:44:41.807312
6,leak,21:44:46.615848,21:44:46.615848,21:44:46.616288,21:44:46.616288,21:44:46.617606,21:44:46.617606,21:44:46.619106,21:44:46.619106,21:44:46.632942,21:44:46.632969,21:44:46.659785,21:44:46.668720,21:44:47.096346,21:44:47.096384,21:44:47.102408,21:44:47.102434,21:44:47.107968,21:44:46.622097,21:44:46.622651,21:44:46.616989
6,leak,21:44:51.360229,21:44:51.360229,21:44:51.360636,21:44:51.360636,21:44:51.361866,21:44:51.361866,21:44:51.363378,21:44:51.363378,21:44:51.376888,21:44:51.376911,21:44:51.391956,21:44:51.400584,21:44:51.828824,21:44:51.828851,21:44:51.834814,21:44:51.834837,21:44:51.840606,21:44:51.366779,21:44:51.366880,21:44:51.361260
6,leak,21:44:56.175674,21:44:56.175674,21:44:56.176009,21:44:56.176009,21:44:56.177109,21:44:56.177109,21:44:56.178460,21:44:56.178460,21:44:56.192853,21:44:56.192879,21:44:56.206599,21:44:56.215227,21:44:56.643922,21:44:56.643955,21:44:56.650228,21:44:56.650255,21:44:56.656136,21:44:56.182190,21:44:56.182295,21:44:56.176626
6,leak,21:45:00.957294,21:45:00.957294,21:45:00.957669,21:45:00.957669,21:45:00.958845,21:45:00.958845,21:45:00.960355,21:45:00.960355,21:45:00.973792,21:45:00.973819,21:45:00.987701,21:45:00.996270,21:45:01.425488,21:45:01.425515,21:45:01.431376,21:45:01.431399,21:45:01.437007,21:45:00.963785,21:45:00.963881,21:45:00.958362
6,leak,21:45:05.716200,21:45:05.716200,21:45:05.716575,21:45:05.716575,21:45:05.717911,21:45:05.717911,21:45:05.719535,21:45:05.719535,21:45:05.733813,21:45:05.733856,21:45:05.749238,21:45:05.758487,21:45:06.186917,21:45:06.186946,21:45:06.193119,21:45:06.193146,21:45:06.201265,21:45:05.722914,21:45:05.723013,21:45:05.717305
6,safe,21:45:10.443200,21:45:10.443200,21:45:10.443505,21:45:10.443505,21:45:10.444748,21:45:10.444748,21:45:10.446231,21:45:10.446231,21:45:10.459744,21:45:10.459764,21:45:10.473427,21:45:10.481777,21:45:10.909025,21:45:10.909058,21:45:10.915338,21:45:10.915367,21:45:10.921129,21:45:10.449497,21:45:10.449582,21:45:10.444138
6,leak,21:45:15.714900,21:45:15.714900,21:45:15.715370,21:45:15.715370,21:45:15.717059,21:45:15.717059,21:45:15.719749,21:45:15.719749,21:45:15.730341,21:45:15.730386,21:45:15.747529,21:45:15.756926,21:45:16.197939,21:45:16.197971,21:45:16.204228,21:45:16.204255,21:45:16.210473,21:45:15.739388,21:45:15.739534,21:45:15.716101
6,leak,21:45:19.174489,21:45:19.174489,21:45:19.174923,21:45:19.174923,21:45:19.176210,21:45:19.176210,21:45:19.177678,21:45:19.177678,21:45:19.191965,21:45:19.191986,21:45:19.206060,21:45:19.215024,21:45:19.640485,21:45:19.640519,21:45:19.647046,21:45:19.647070,21:45:19.654017,21:45:19.180911,21:45:19.181043,21:45:19.175670
6,leak,21:45:24.008186,21:45:24.008186,21:45:24.008688,21:45:24.008688,21:45:24.010084,21:45:24.010084,21:45:24.012000,21:45:24.012000,21:45:24.026521,21:45:24.026559,21:45:24.041328,21:45:24.050456,21:45:24.491258,21:45:24.491288,21:45:24.497527,21:45:24.497554,21:45:24.503610,21:45:24.014831,21:45:24.014962,21:45:24.009465
6,safe,21:45:28.765603,21:45:28.765603,21:45:28.766067,21:45:28.766067,21:45:28.767516,21:45:28.767516,21:45:28.768929,21:45:28.768929,21:45:28.782944,21:45:28.782972,21:45:28.796963,21:45:28.806047,21:45:29.233907,21:45:29.233936,21:45:29.239722,21:45:29.239744,21:45:29.245132,21:45:28.771963,21:45:28.772080,21:45:28.766849
6,leak,21:45:33.966139,21:45:33.966139,21:45:33.966669,21:45:33.966669,21:45:33.968355,21:45:33.968355,21:45:33.971067,21:45:33.971067,21:45:33.981494,21:45:33.981525,21:45:33.997367,21:45:34.007484,21:45:34.448986,21:45:34.449018,21:45:34.455524,21:45:34.455554,21:45:34.462174,21:45:33.987457,21:45:33.987622,21:45:33.967559
6,leak,21:45:38.746799,21:45:38.746799,21:45:38.747122,21:45:38.747122,21:45:38.748334,21:45:38.748334,21:45:38.750112,21:45:38.750112,21:45:38.764089,21:45:38.764121,21:45:38.778107,21:45:38.786728,21:45:39.214935,21:45:39.214969,21:45:39.221280,21:45:39.221316,21:45:39.227428,21:45:38.753237,21:45:38.753342,21:45:38.747726
6,leak,21:45:43.490482,21:45:43.490482,21:45:43.490808,21:45:43.490808,21:45:43.492093,21:45:43.492093,21:45:43.493520,21:45:43.493520,21:45:43.507832,21:45:43.507865,21:45:43.531820,21:45:43.541571,21:45:43.970745,21:45:43.970776,21:45:43.976864,21:45:43.976889,21:45:43.982315,21:45:43.496725,21:45:43.496822,21:45:43.491477
6,leak,21:45:46.874468,21:45:46.874468,21:45:46.874876,21:45:46.874876,21:45:46.876239,21:45:46.876239,21:45:46.878080,21:45:46.878080,21:45:46.892461,21:45:46.892495,21:45:46.907637,21:45:46.915935,21:45:47.338943,21:45:47.338981,21:45:47.345679,21:45:47.345705,21:45:47.351569,21:45:46.881139,21:45:46.881254,21:45:46.875624
6,leak,21:45:51.672485,21:45:51.672485,21:45:51.672962,21:45:51.672962,21:45:51.674299,21:45:51.674299,21:45:51.675678,21:45:51.675678,21:45:51.690624,21:45:51.690654,21:45:51.705760,21:45:51.714549,21:45:52.147214,21:45:52.147243,21:45:52.153133,21:45:52.153153,21:45:52.159080,21:45:51.679015,21:45:51.679126,21:45:51.673723
6,leak,21:45:56.413687,21:45:56.413687,21:45:56.414108,21:45:56.414108,21:45:56.415488,21:45:56.415488,21:45:56.416882,21:45:56.416882,21:45:56.431057,21:45:56.431091,21:45:56.445796,21:45:56.454481,21:45:56.886039,21:45:56.886067,21:45:56.892134,21:45:56.892162,21:45:56.898215,21:45:56.420018,21:45:56.420129,21:45:56.414911
6,leak,21:46:01.165899,21:46:01.165899,21:46:01.166364,21:46:01.166364,21:46:01.167698,21:46:01.167698,21:46:01.169228,21:46:01.169228,21:46:01.183592,21:46:01.183615,21:46:01.200365,21:46:01.210700,21:46:01.639198,21:46:01.639230,21:46:01.645409,21:46:01.645438,21:46:01.651382,21:46:01.172542,21:46:01.172651,21:46:01.167058
6,leak,21:46:05.924895,21:46:05.924895,21:46:05.925246,21:46:05.925246,21:46:05.926723,21:46:05.926723,21:46:05.928257,21:46:05.928257,21:46:05.941991,21:46:05.942019,21:46:05.955504,21:46:05.964079,21:46:06.392175,21:46:06.392208,21:46:06.398331,21:46:06.398357,21:46:06.404097,21:46:05.931447,21:46:05.931553,21:46:05.925854
6,leak,21:46:09.665995,21:46:09.665995,21:46:09.666600,21:46:09.666600,21:46:09.668200,21:46:09.668200,21:46:09.669748,21:46:09.669748,21:46:09.684133,21:46:09.684179,21:46:09.698629,21:46:09.708267,21:46:10.135256,21:46:10.135285,21:46:10.141073,21:46:10.141097,21:46:10.146576,21:46:09.672478,21:46:09.672588,21:46:09.667469
6,leak,21:46:14.522576,21:46:14.522576,21:46:14.523080,21:46:14.523080,21:46:14.524683,21:46:14.524683,21:46:14.526503,21:46:14.526503,21:46:14.540343,21:46:14.540374,21:46:14.554931,21:46:14.564134,21:46:14.996066,21:46:14.996095,21:46:15.002445,21:46:15.002466,21:46:15.008712,21:46:14.529007,21:46:14.529115,21:46:14.523964
6,leak,21:46:19.275632,21:46:19.275632,21:46:19.276083,21:46:19.276083,21:46:19.277402,21:46:19.277402,21:46:19.279126,21:46:19.279126,21:46:19.293069,21:46:19.293094,21:46:19.307561,21:46:19.316321,21:46:19.745204,21:46:19.745237,21:46:19.751466,21:46:19.751492,21:46:19.757173,21:46:19.282054,21:46:19.282156,21:46:19.276741
6,leak,21:46:24.038345,21:46:24.038345,21:46:24.038735,21:46:24.038735,21:46:24.040132,21:46:24.040132,21:46:24.041641,21:46:24.041641,21:46:24.058136,21:46:24.058168,21:46:24.072014,21:46:24.081261,21:46:24.515613,21:46:24.515649,21:46:24.522045,21:46:24.522074,21:46:24.527854,21:46:24.044491,21:46:24.044587,21:46:24.039512
6,leak,21:46:28.805853,21:46:28.805853,21:46:28.806272,21:46:28.806272,21:46:28.807734,21:46:28.807734,21:46:28.809144,21:46:28.809144,21:46:28.823156,21:46:28.823183,21:46:28.837077,21:46:28.846079,21:46:29.275785,21:46:29.275815,21:46:29.282008,21:46:29.282031,21:46:29.287962,21:46:28.812075,21:46:28.812177,21:46:28.807090
6,leak,21:46:33.625926,21:46:33.625926,21:46:33.626363,21:46:33.626363,21:46:33.627691,21:46:33.627691,21:46:33.629053,21:46:33.629053,21:46:33.643364,21:46:33.643403,21:46:33.657604,21:46:33.666366,21:46:34.095365,21:46:34.095396,21:46:34.101474,21:46:34.101499,21:46:34.106982,21:46:33.632395,21:46:33.632544,21:46:33.627160
6,leak,21:46:38.433545,21:46:38.433545,21:46:38.434044,21:46:38.434044,21:46:38.435404,21:46:38.435404,21:46:38.437071,21:46:38.437071,21:46:38.451240,21:46:38.451268,21:46:38.476511,21:46:38.486021,21:46:38.914713,21:46:38.914741,21:46:38.920523,21:46:38.920547,21:46:38.926278,21:46:38.439674,21:46:38.439795,21:46:38.434853
6,leak,21:46:43.170899,21:46:43.170899,21:46:43.171268,21:46:43.171268,21:46:43.172756,21:46:43.172756,21:46:43.174366,21:46:43.174366,21:46:43.189567,21:46:43.189601,21:46:43.323790,21:46:43.332841,21:46:43.759776,21:46:43.759807,21:46:43.765888,21:46:43.765916,21:46:43.771480,21:46:43.177086,21:46:43.177174,21:46:43.171943
6,leak,21:46:48.019854,21:46:48.019854,21:46:48.020330,21:46:48.020330,21:46:48.021730,21:46:48.021730,21:46:48.023276,21:46:48.023276,21:46:48.038046,21:46:48.038078,21:46:48.052247,21:46:48.060880,21:46:48.487342,21:46:48.487373,21:46:48.493421,21:46:48.493449,21:46:48.498907,21:46:48.026426,21:46:48.026531,21:46:48.021114
6,leak,21:46:52.686381,21:46:52.686381,21:46:52.686747,21:46:52.686747,21:46:52.688053,21:46:52.688053,21:46:52.689879,21:46:52.689879,21:46:52.704707,21:46:52.704741,21:46:52.718898,21:46:52.727709,21:46:53.156237,21:46:53.156271,21:46:53.162356,21:46:53.162380,21:46:53.168268,21:46:52.692985,21:46:52.693102,21:46:52.687434
6,leak,21:46:57.452548,21:46:57.452548,21:46:57.452916,21:46:57.452916,21:46:57.454270,21:46:57.454270,21:46:57.456038,21:46:57.456038,21:46:57.471094,21:46:57.471132,21:46:57.485847,21:46:57.494900,21:46:57.925895,21:46:57.925931,21:46:57.932151,21:46:57.932176,21:46:57.938103,21:46:57.458978,21:46:57.459083,21:46:57.453659
6,leak,21:47:02.267650,21:47:02.267650,21:47:02.268036,21:47:02.268036,21:47:02.269464,21:47:02.269464,21:47:02.270842,21:47:02.270842,21:47:02.284718,21:47:02.284747,21:47:02.300446,21:47:02.310674,21:47:02.738554,21:47:02.738586,21:47:02.745092,21:47:02.745115,21:47:02.750547,21:47:02.274383,21:47:02.274488,21:47:02.268801
6,leak,21:47:07.018338,21:47:07.018338,21:47:07.018712,21:47:07.018712,21:47:07.020365,21:47:07.020365,21:47:07.021943,21:47:07.021943,21:47:07.035813,21:47:07.035852,21:47:07.050452,21:47:07.059593,21:47:07.488861,21:47:07.488899,21:47:07.495488,21:47:07.495518,21:47:07.501650,21:47:07.024970,21:47:07.025078,21:47:07.019479
6,leak,21:47:10.623828,21:47:10.623828,21:47:10.624249,21:47:10.624249,21:47:10.625519,21:47:10.625519,21:47:10.626912,21:47:10.626912,21:47:10.640368,21:47:10.640392,21:47:10.655069,21:47:10.664155,21:47:11.092761,21:47:11.092792,21:47:11.098965,21:47:11.098991,21:47:11.104760,21:47:10.630502,21:47:10.630596,21:47:10.624975
6,leak,21:47:15.437856,21:47:15.437856,21:47:15.438391,21:47:15.438391,21:47:15.439872,21:47:15.439872,21:47:15.441316,21:47:15.441316,21:47:15.455045,21:47:15.455079,21:47:15.469258,21:47:15.478864,21:47:15.905384,21:47:15.905416,21:47:15.911623,21:47:15.911647,21:47:15.917630,21:47:15.443909,21:47:15.444000,21:47:15.439250
6,leak,21:47:20.171228,21:47:20.171228,21:47:20.171598,21:47:20.171598,21:47:20.173101,21:47:20.173101,21:47:20.174671,21:47:20.174671,21:47:20.188194,21:47:20.188226,21:47:20.203045,21:47:20.211704,21:47:20.639005,21:47:20.639037,21:47:20.645104,21:47:20.645130,21:47:20.650938,21:47:20.177650,21:47:20.177742,21:47:20.172300
6,leak,21:47:24.908386,21:47:24.908386,21:47:24.908770,21:47:24.908770,21:47:24.910518,21:47:24.910518,21:47:24.912156,21:47:24.912156,21:47:24.927082,21:47:24.927113,21:47:24.942405,21:47:24.951755,21:47:25.381470,21:47:25.381496,21:47:25.387352,21:47:25.387374,21:47:25.392719,21:47:24.914862,21:47:24.914963,21:47:24.909714
6,leak,21:47:28.530648,21:47:28.530648,21:47:28.531023,21:47:28.531023,21:47:28.532674,21:47:28.532674,21:47:28.534181,21:47:28.534181,21:47:28.549471,21:47:28.549503,21:47:28.563839,21:47:28.573177,21:47:28.998909,21:47:28.998938,21:47:29.005032,21:47:29.005060,21:47:29.010557,21:47:28.536867,21:47:28.536959,21:47:28.531878
6,leak,21:47:33.279705,21:47:33.279705,21:47:33.280138,21:47:33.280138,21:47:33.281758,21:47:33.281758,21:47:33.283298,21:47:33.283298,21:47:33.297854,21:47:33.297886,21:47:33.312726,21:47:33.322409,21:47:33.751135,21:47:33.751164,21:47:33.757639,21:47:33.757670,21:47:33.763975,21:47:33.286147,21:47:33.286265,21:47:33.280902
6,leak,21:47:38.049079,21:47:38.049079,21:47:38.049446,21:47:38.049446,21:47:38.050703,21:47:38.050703,21:47:38.052289,21:47:38.052289,21:47:38.067464,21:47:38.067498,21:47:38.090522,21:47:38.100405,21:47:38.530622,21:47:38.530654,21:47:38.536971,21:47:38.536996,21:47:38.542731,21:47:38.055353,21:47:38.055455,21:47:38.050185
6,leak,21:47:42.886260,21:47:42.886260,21:47:42.886708,21:47:42.886708,21:47:42.887942,21:47:42.887942,21:47:42.889521,21:47:42.889521,21:47:42.904112,21:47:42.904148,21:47:42.918444,21:47:42.927583,21:47:43.358999,21:47:43.359031,21:47:43.364895,21:47:43.364919,21:47:43.370356,21:47:42.892611,21:47:42.892712,21:47:42.887413
6,leak,21:47:47.907402,21:47:47.907402,21:47:47.907779,21:47:47.907779,21:47:47.908923,21:47:47.908923,21:47:47.911130,21:47:47.911130,21:47:47.921768,21:47:47.921788,21:47:47.935999,21:47:47.944692,21:47:48.374194,21:47:48.374226,21:47:48.380034,21:47:48.380057,21:47:48.385922,21:47:47.937915,21:47:47.938058,21:47:47.908408
6,leak,21:47:52.732345,21:47:52.732345,21:47:52.732793,21:47:52.732793,21:47:52.734160,21:47:52.734160,21:47:52.735613,21:47:52.735613,21:47:52.749770,21:47:52.749804,21:47:52.764657,21:47:52.773222,21:47:53.202014,21:47:53.202051,21:47:53.208151,21:47:53.208180,21:47:53.214303,21:47:52.738629,21:47:52.738725,21:47:52.733500
6,leak,21:47:57.585104,21:47:57.585104,21:47:57.585486,21:47:57.585486,21:47:57.586864,21:47:57.586864,21:47:57.588858,21:47:57.588858,21:47:57.602544,21:47:57.602581,21:47:57.616364,21:47:57.625165,21:47:58.053524,21:47:58.053556,21:47:58.059553,21:47:58.059577,21:47:58.065222,21:47:57.591534,21:47:57.591633,21:47:57.586271
6,leak,21:48:02.388872,21:48:02.388872,21:48:02.389234,21:48:02.389234,21:48:02.390724,21:48:02.390724,21:48:02.392418,21:48:02.392418,21:48:02.405980,21:48:02.406009,21:48:02.419842,21:48:02.428762,21:48:02.856901,21:48:02.856927,21:48:02.863017,21:48:02.863044,21:48:02.869230,21:48:02.395196,21:48:02.395298,21:48:02.389924
6,leak,21:48:07.275267,21:48:07.275267,21:48:07.275643,21:48:07.275643,21:48:07.277171,21:48:07.277171,21:48:07.278767,21:48:07.278767,21:48:07.292531,21:48:07.292566,21:48:07.307373,21:48:07.315810,21:48:07.745930,21:48:07.745959,21:48:07.751963,21:48:07.751992,21:48:07.757966,21:48:07.281729,21:48:07.281823,21:48:07.276290
6,leak,21:48:10.412018,21:48:10.412018,21:48:10.412474,21:48:10.412474,21:48:10.414055,21:48:10.414055,21:48:10.415587,21:48:10.415587,21:48:10.432209,21:48:10.432247,21:48:10.446567,21:48:10.455410,21:48:10.881958,21:48:10.881988,21:48:10.888392,21:48:10.888447,21:48:10.894620,21:48:10.418641,21:48:10.418750,21:48:10.413240
6,leak,21:48:15.279773,21:48:15.279773,21:48:15.280171,21:48:15.280171,21:48:15.281426,21:48:15.281426,21:48:15.282773,21:48:15.282773,21:48:15.296541,21:48:15.296569,21:48:15.311083,21:48:15.320187,21:48:15.749220,21:48:15.749253,21:48:15.755472,21:48:15.755501,21:48:15.761538,21:48:15.286149,21:48:15.286246,21:48:15.280876
6,leak,21:48:20.060000,21:48:20.060000,21:48:20.060337,21:48:20.060337,21:48:20.061587,21:48:20.061587,21:48:20.062972,21:48:20.062972,21:48:20.077513,21:48:20.077540,21:48:20.092031,21:48:20.100890,21:48:20.527490,21:48:20.527524,21:48:20.533860,21:48:20.533887,21:48:20.539393,21:48:20.066705,21:48:20.066790,21:48:20.061005
6,leak,21:48:24.939185,21:48:24.939185,21:48:24.939597,21:48:24.939597,21:48:24.941041,21:48:24.941041,21:48:24.942566,21:48:24.942566,21:48:24.957225,21:48:24.957254,21:48:24.972695,21:48:24.981989,21:48:25.411223,21:48:25.411259,21:48:25.417290,21:48:25.417311,21:48:25.422892,21:48:24.945573,21:48:24.945678,21:48:24.940396
6,leak,21:48:29.806447,21:48:29.806447,21:48:29.806805,21:48:29.806805,21:48:29.808093,21:48:29.808093,21:48:29.809415,21:48:29.809415,21:48:29.823016,21:48:29.823052,21:48:29.837702,21:48:29.846582,21:48:30.275737,21:48:30.275769,21:48:30.281890,21:48:30.281915,21:48:30.287507,21:48:29.813042,21:48:29.813135,21:48:29.807543
6,leak,21:48:34.589348,21:48:34.589348,21:48:34.589774,21:48:34.589774,21:48:34.591083,21:48:34.591083,21:48:34.592418,21:48:34.592418,21:48:34.606213,21:48:34.606249,21:48:34.629769,21:48:34.639111,21:48:35.070517,21:48:35.070548,21:48:35.076686,21:48:35.076710,21:48:35.082675,21:48:34.595839,21:48:34.596001,21:48:34.590538
6,leak,21:48:39.392120,21:48:39.392120,21:48:39.392609,21:48:39.392609,21:48:39.394171,21:48:39.394171,21:48:39.395731,21:48:39.395731,21:48:39.409442,21:48:39.409468,21:48:39.424406,21:48:39.433397,21:48:39.861578,21:48:39.861612,21:48:39.867839,21:48:39.867866,21:48:39.873420,21:48:39.398203,21:48:39.398294,21:48:39.393376
6,leak,21:48:43.097365,21:48:43.097365,21:48:43.097809,21:48:43.097809,21:48:43.099177,21:48:43.099177,21:48:43.100911,21:48:43.100911,21:48:43.114818,21:48:43.114847,21:48:43.129514,21:48:43.138392,21:48:43.568019,21:48:43.568051,21:48:43.574273,21:48:43.574299,21:48:43.582563,21:48:43.103998,21:48:43.104116,21:48:43.098543
6,leak,21:48:47.978767,21:48:47.978767,21:48:47.979277,21:48:47.979277,21:48:47.980579,21:48:47.980579,21:48:47.982047,21:48:47.982047,21:48:47.995592,21:48:47.995625,21:48:48.010342,21:48:48.019946,21:48:48.449067,21:48:48.449099,21:48:48.455500,21:48:48.455528,21:48:48.461674,21:48:47.985343,21:48:47.985440,21:48:47.979985
6,leak,21:48:52.860363,21:48:52.860363,21:48:52.860826,21:48:52.860826,21:48:52.862243,21:48:52.862243,21:48:52.863688,21:48:52.863688,21:48:52.877455,21:48:52.877480,21:48:52.891653,21:48:52.900397,21:48:53.327090,21:48:53.327122,21:48:53.332936,21:48:53.332958,21:48:53.338677,21:48:52.866625,21:48:52.866718,21:48:52.861587
7,leak,21:48:57.654207,21:48:57.654207,21:48:57.654629,21:48:57.654629,21:48:57.655907,21:48:57.655907,21:48:57.657570,21:48:57.657570,21:48:57.672500,21:48:57.672530,21:48:57.686759,21:48:57.695902,21:48:58.123812,21:48:58.123843,21:48:58.129788,21:48:58.129811,21:48:58.135750,21:48:57.661577,21:48:57.661686,21:48:57.655356
7,leak,21:49:02.498503,21:49:02.498503,21:49:02.499059,21:49:02.499059,21:49:02.500491,21:49:02.500491,21:49:02.502018,21:49:02.502018,21:49:02.516731,21:49:02.516767,21:49:02.533839,21:49:02.543818,21:49:02.971746,21:49:02.971781,21:49:02.978109,21:49:02.978136,21:49:02.983936,21:49:02.506262,21:49:02.506372,21:49:02.499929
7,leak,21:49:07.301785,21:49:07.301785,21:49:07.302132,21:49:07.302132,21:49:07.303397,21:49:07.303397,21:49:07.304855,21:49:07.304855,21:49:07.318389,21:49:07.318418,21:49:07.332497,21:49:07.341191,21:49:07.768423,21:49:07.768455,21:49:07.774448,21:49:07.774473,21:49:07.780476,21:49:07.309170,21:49:07.309280,21:49:07.302819
7,leak,21:49:12.081299,21:49:12.081299,21:49:12.081725,21:49:12.081725,21:49:12.083131,21:49:12.083131,21:49:12.084517,21:49:12.084517,21:49:12.098322,21:49:12.098354,21:49:12.111972,21:49:12.120993,21:49:12.550724,21:49:12.550752,21:49:12.556872,21:49:12.556900,21:49:12.562829,21:49:12.088586,21:49:12.089764,21:49:12.082517
7,leak,21:49:16.861167,21:49:16.861167,21:49:16.861604,21:49:16.861604,21:49:16.862876,21:49:16.862876,21:49:16.864210,21:49:16.864210,21:49:16.878841,21:49:16.878868,21:49:16.892295,21:49:16.901036,21:49:17.328530,21:49:17.328568,21:49:17.334770,21:49:17.334796,21:49:17.340397,21:49:16.868869,21:49:16.868982,21:49:16.862325
7,leak,21:49:21.628519,21:49:21.628519,21:49:21.628979,21:49:21.628979,21:49:21.630519,21:49:21.630519,21:49:21.632171,21:49:21.632171,21:49:21.646470,21:49:21.646491,21:49:21.660294,21:49:21.668788,21:49:22.096983,21:49:22.097021,21:49:22.103306,21:49:22.103332,21:49:22.109123,21:49:21.635772,21:49:21.635863,21:49:21.629735
7,leak,21:49:26.409642,21:49:26.409642,21:49:26.410041,21:49:26.410041,21:49:26.411367,21:49:26.411367,21:49:26.412807,21:49:26.412807,21:49:26.427053,21:49:26.427080,21:49:26.443433,21:49:26.452703,21:49:26.883061,21:49:26.883092,21:49:26.889117,21:49:26.889143,21:49:26.894753,21:49:26.417200,21:49:26.418145,21:49:26.410750
7,leak,21:49:30.149061,21:49:30.149061,21:49:30.149604,21:49:30.149604,21:49:30.151500,21:49:30.151500,21:49:30.153129,21:49:30.153129,21:49:30.168350,21:49:30.168393,21:49:30.230103,21:49:30.239437,21:49:30.668813,21:49:30.668844,21:49:30.675003,21:49:30.675028,21:49:30.680827,21:49:30.156572,21:49:30.156692,21:49:30.150492
7,leak,21:49:33.538574,21:49:33.538574,21:49:33.539098,21:49:33.539098,21:49:33.540733,21:49:33.540733,21:49:33.542435,21:49:33.542435,21:49:33.557372,21:49:33.557404,21:49:33.570602,21:49:33.579606,21:49:34.009176,21:49:34.009208,21:49:34.015315,21:49:34.015341,21:49:34.021033,21:49:33.546125,21:49:33.546246,21:49:33.540016
7,leak,21:49:38.421273,21:49:38.421273,21:49:38.421730,21:49:38.421730,21:49:38.423030,21:49:38.423030,21:49:38.424537,21:49:38.424537,21:49:38.438863,21:49:38.438895,21:49:38.450407,21:49:38.459120,21:49:38.886253,21:49:38.886281,21:49:38.892459,21:49:38.892486,21:49:38.898511,21:49:38.428850,21:49:38.428966,21:49:38.422467
7,leak,21:49:42.110582,21:49:42.110582,21:49:42.111091,21:49:42.111091,21:49:42.112409,21:49:42.112409,21:49:42.113750,21:49:42.113750,21:49:42.127938,21:49:42.127971,21:49:42.143234,21:49:42.152533,21:49:42.578570,21:49:42.578602,21:49:42.584626,21:49:42.584650,21:49:42.590110,21:49:42.118093,21:49:42.118185,21:49:42.111865
7,leak,21:49:47.000352,21:49:47.000352,21:49:47.000948,21:49:47.000948,21:49:47.002324,21:49:47.002324,21:49:47.003853,21:49:47.003853,21:49:47.017815,21:49:47.017849,21:49:47.030369,21:49:47.039279,21:49:47.465330,21:49:47.465358,21:49:47.471331,21:49:47.471353,21:49:47.476957,21:49:47.007770,21:49:47.007869,21:49:47.001784
7,leak,21:49:51.803617,21:49:51.803617,21:49:51.803997,21:49:51.803997,21:49:51.805397,21:49:51.805397,21:49:51.806903,21:49:51.806903,21:49:51.820667,21:49:51.820692,21:49:51.833232,21:49:51.842387,21:49:52.270406,21:49:52.270433,21:49:52.276059,21:49:52.276079,21:49:52.281664,21:49:51.811166,21:49:51.811271,21:49:51.804738
7,leak,21:49:56.628974,21:49:56.628974,21:49:56.629371,21:49:56.629371,21:49:56.630685,21:49:56.630685,21:49:56.632572,21:49:56.632572,21:49:56.649385,21:49:56.649411,21:49:56.662030,21:49:56.670730,21:49:57.098980,21:49:57.099011,21:49:57.105042,21:49:57.105064,21:49:57.110466,21:49:56.636308,21:49:56.636426,21:49:56.630140
7,leak,21:50:01.497121,21:50:01.497121,21:50:01.497585,21:50:01.497585,21:50:01.498877,21:50:01.498877,21:50:01.500286,21:50:01.500286,21:50:01.514656,21:50:01.514675,21:50:01.527195,21:50:01.536123,21:50:01.963681,21:50:01.963707,21:50:01.969612,21:50:01.969640,21:50:01.975298,21:50:01.504805,21:50:01.504898,21:50:01.498354
7,leak,21:50:06.292314,21:50:06.292314,21:50:06.292734,21:50:06.292734,21:50:06.294041,21:50:06.294041,21:50:06.295915,21:50:06.295915,21:50:06.309788,21:50:06.309818,21:50:06.321676,21:50:06.330938,21:50:06.763563,21:50:06.763592,21:50:06.769639,21:50:06.769664,21:50:06.775444,21:50:06.299873,21:50:06.299982,21:50:06.293495
7,leak,21:50:11.083885,21:50:11.083885,21:50:11.084294,21:50:11.084294,21:50:11.085532,21:50:11.085532,21:50:11.087059,21:50:11.087059,21:50:11.101280,21:50:11.101308,21:50:11.113596,21:50:11.122357,21:50:11.549751,21:50:11.549782,21:50:11.555586,21:50:11.555608,21:50:11.561376,21:50:11.091158,21:50:11.091251,21:50:11.084962
7,leak,21:50:15.870210,21:50:15.870210,21:50:15.870651,21:50:15.870651,21:50:15.871985,21:50:15.871985,21:50:15.873451,21:50:15.873451,21:50:15.887970,21:50:15.888003,21:50:15.899687,21:50:15.908806,21:50:16.337937,21:50:16.337970,21:50:16.344038,21:50:16.344061,21:50:16.349860,21:50:15.877472,21:50:15.877569,21:50:15.871408
7,leak,21:50:20.652650,21:50:20.652650,21:50:20.653010,21:50:20.653010,21:50:20.654479,21:50:20.654479,21:50:20.656113,21:50:20.656113,21:50:20.670089,21:50:20.670125,21:50:20.681749,21:50:20.690563,21:50:21.119553,21:50:21.119580,21:50:21.125272,21:50:21.125294,21:50:21.130686,21:50:20.660111,21:50:20.660227,21:50:20.653722
7,safe,21:50:25.436142,21:50:25.436142,21:50:25.436548,21:50:25.436548,21:50:25.437893,21:50:25.437893,21:50:25.439732,21:50:25.439732,21:50:25.453784,21:50:25.453807,21:50:25.475014,21:50:25.483844,21:50:25.912464,21:50:25.912497,21:50:25.918514,21:50:25.918538,21:50:25.924225,21:50:25.443838,21:50:25.443947,21:50:25.437254
7,leak,21:50:30.524911,21:50:30.524911,21:50:30.525320,21:50:30.525320,21:50:30.526894,21:50:30.526894,21:50:30.529444,21:50:30.529444,21:50:30.538956,21:50:30.538976,21:50:30.551004,21:50:30.559808,21:50:30.983811,21:50:30.983846,21:50:30.990097,21:50:30.990120,21:50:30.995791,21:50:30.548670,21:50:30.548777,21:50:30.526052
7,leak,21:50:35.311846,21:50:35.311846,21:50:35.312314,21:50:35.312314,21:50:35.313718,21:50:35.313718,21:50:35.315141,21:50:35.315141,21:50:35.328692,21:50:35.328720,21:50:35.341385,21:50:35.350135,21:50:35.776460,21:50:35.776492,21:50:35.782223,21:50:35.782243,21:50:35.788043,21:50:35.319027,21:50:35.319134,21:50:35.313132
7,safe,21:50:40.081598,21:50:40.081598,21:50:40.081968,21:50:40.081968,21:50:40.083202,21:50:40.083202,21:50:40.084657,21:50:40.084657,21:50:40.099136,21:50:40.099179,21:50:40.110382,21:50:40.119588,21:50:40.547982,21:50:40.548011,21:50:40.554050,21:50:40.554074,21:50:40.559617,21:50:40.089412,21:50:40.089531,21:50:40.082629
7,leak,21:50:45.160661,21:50:45.160661,21:50:45.161057,21:50:45.161057,21:50:45.162364,21:50:45.162364,21:50:45.164513,21:50:45.164513,21:50:45.178283,21:50:45.178317,21:50:45.190740,21:50:45.199604,21:50:45.627820,21:50:45.627852,21:50:45.633800,21:50:45.633821,21:50:45.639142,21:50:45.168779,21:50:45.168890,21:50:45.161778
7,leak,21:50:49.940399,21:50:49.940399,21:50:49.940752,21:50:49.940752,21:50:49.942392,21:50:49.942392,21:50:49.944026,21:50:49.944026,21:50:49.958179,21:50:49.958206,21:50:49.969552,21:50:49.978238,21:50:50.406447,21:50:50.406479,21:50:50.412549,21:50:50.412571,21:50:50.418472,21:50:49.947857,21:50:49.947960,21:50:49.941579
7,leak,21:50:54.707668,21:50:54.707668,21:50:54.708160,21:50:54.708160,21:50:54.709564,21:50:54.709564,21:50:54.711297,21:50:54.711297,21:50:54.725335,21:50:54.725358,21:50:54.738208,21:50:54.747472,21:50:55.176636,21:50:55.176669,21:50:55.182819,21:50:55.182853,21:50:55.188668,21:50:54.715314,21:50:54.715427,21:50:54.708895
7,leak,21:50:57.829842,21:50:57.829842,21:50:57.830174,21:50:57.830174,21:50:57.831361,21:50:57.831361,21:50:57.832763,21:50:57.832763,21:50:57.847391,21:50:57.847416,21:50:57.863649,21:50:57.872124,21:50:58.296812,21:50:58.296843,21:50:58.302810,21:50:58.302836,21:50:58.308133,21:50:57.837453,21:50:57.837560,21:50:57.830798
7,leak,21:51:02.612657,21:51:02.612657,21:51:02.613087,21:51:02.613087,21:51:02.614414,21:51:02.614414,21:51:02.615816,21:51:02.615816,21:51:02.630363,21:51:02.630386,21:51:02.641746,21:51:02.650469,21:51:03.077316,21:51:03.077344,21:51:03.083219,21:51:03.083240,21:51:03.088789,21:51:02.619979,21:51:02.620066,21:51:02.613824
7,leak,21:51:06.332858,21:51:06.332858,21:51:06.333185,21:51:06.333185,21:51:06.334328,21:51:06.334328,21:51:06.335875,21:51:06.335875,21:51:06.349291,21:51:06.349311,21:51:06.363007,21:51:06.371396,21:51:06.802571,21:51:06.802602,21:51:06.809478,21:51:06.809508,21:51:06.815411,21:51:06.340729,21:51:06.340873,21:51:06.333799
7,safe,21:51:11.128809,21:51:11.128809,21:51:11.129118,21:51:11.129118,21:51:11.130234,21:51:11.130234,21:51:11.131682,21:51:11.131682,21:51:11.145182,21:51:11.145206,21:51:11.156801,21:51:11.165197,21:51:11.592790,21:51:11.592821,21:51:11.599297,21:51:11.599324,21:51:11.605208,21:51:11.136472,21:51:11.136595,21:51:11.129717
7,safe,21:51:16.210244,21:51:16.210244,21:51:16.210688,21:51:16.210688,21:51:16.212221,21:51:16.212221,21:51:16.214669,21:51:16.214669,21:51:16.224050,21:51:16.224076,21:51:16.236097,21:51:16.245379,21:51:16.676150,21:51:16.676178,21:51:16.682513,21:51:16.682536,21:51:16.688289,21:51:16.233176,21:51:16.233336,21:51:16.211421
7,leak,21:51:21.458600,21:51:21.458600,21:51:21.458929,21:51:21.458929,21:51:21.460329,21:51:21.460329,21:51:21.463058,21:51:21.463058,21:51:21.472547,21:51:21.472570,21:51:21.490755,21:51:21.500027,21:51:21.926310,21:51:21.926337,21:51:21.932158,21:51:21.932181,21:51:21.939479,21:51:21.491477,21:51:21.491601,21:51:21.459681
7,leak,21:51:26.323963,21:51:26.323963,21:51:26.324315,21:51:26.324315,21:51:26.325488,21:51:26.325488,21:51:26.327195,21:51:26.327195,21:51:26.342147,21:51:26.342179,21:51:26.354353,21:51:26.363379,21:51:26.793767,21:51:26.793796,21:51:26.799963,21:51:26.799990,21:51:26.805938,21:51:26.331529,21:51:26.331646,21:51:26.324976
7,safe,21:51:31.132634,21:51:31.132634,21:51:31.133030,21:51:31.133030,21:51:31.134320,21:51:31.134320,21:51:31.135989,21:51:31.135989,21:51:31.149787,21:51:31.149815,21:51:31.161509,21:51:31.170860,21:51:31.600125,21:51:31.600158,21:51:31.606085,21:51:31.606109,21:51:31.611749,21:51:31.140091,21:51:31.140198,21:51:31.133789
7,leak,21:51:36.209645,21:51:36.209645,21:51:36.210079,21:51:36.210079,21:51:36.211455,21:51:36.211455,21:51:36.213918,21:51:36.213918,21:51:36.223951,21:51:36.223983,21:51:36.235962,21:51:36.245004,21:51:36.675057,21:51:36.675091,21:51:36.681440,21:51:36.681468,21:51:36.687066,21:51:36.231101,21:51:36.231214,21:51:36.210888
7,leak,21:51:39.517489,21:51:39.517489,21:51:39.518098,21:51:39.518098,21:51:39.519450,21:51:39.519450,21:51:39.520938,21:51:39.520938,21:51:39.535206,21:51:39.535237,21:51:39.548563,21:51:39.556959,21:51:39.980688,21:51:39.980715,21:51:39.987018,21:51:39.987046,21:51:39.993222,21:51:39.524616,21:51:39.524715,21:51:39.518843
7,leak,21:51:44.290331,21:51:44.290331,21:51:44.290808,21:51:44.290808,21:51:44.292144,21:51:44.292144,21:51:44.294032,21:51:44.294032,21:51:44.310024,21:51:44.310060,21:51:44.321064,21:51:44.330136,21:51:44.766662,21:51:44.766692,21:51:44.772536,21:51:44.772555,21:51:44.778341,21:51:44.297843,21:51:44.297950,21:51:44.291530
7,leak,21:51:49.086040,21:51:49.086040,21:51:49.086470,21:51:49.086470,21:51:49.087732,21:51:49.087732,21:51:49.089040,21:51:49.089040,21:51:49.103448,21:51:49.103478,21:51:49.114581,21:51:49.123353,21:51:49.549741,21:51:49.549792,21:51:49.555910,21:51:49.555932,21:51:49.561349,21:51:49.093574,21:51:49.093713,21:51:49.087221
7,leak,21:51:53.870084,21:51:53.870084,21:51:53.870526,21:51:53.870526,21:51:53.872269,21:51:53.872269,21:51:53.873851,21:51:53.873851,21:51:53.888614,21:51:53.888648,21:51:53.899913,21:51:53.909263,21:51:54.338065,21:51:54.338093,21:51:54.344364,21:51:54.344386,21:51:54.349598,21:51:53.877826,21:51:53.877941,21:51:53.871380
7,leak,21:51:58.741166,21:51:58.741166,21:51:58.741625,21:51:58.741625,21:51:58.742976,21:51:58.742976,21:51:58.744354,21:51:58.744354,21:51:58.758691,21:51:58.758720,21:51:58.773572,21:51:58.782635,21:51:59.213167,21:51:59.213201,21:51:59.219356,21:51:59.219379,21:51:59.225144,21:51:58.748581,21:51:58.748684,21:51:58.742400
7,safe,21:52:03.517510,21:52:03.517510,21:52:03.517899,21:52:03.517899,21:52:03.519189,21:52:03.519189,21:52:03.520701,21:52:03.520701,21:52:03.534120,21:52:03.534148,21:52:03.545681,21:52:03.554900,21:52:03.984336,21:52:03.984370,21:52:03.990388,21:52:03.990411,21:52:03.996643,21:52:03.525186,21:52:03.525334,21:52:03.518662
7,leak,21:52:08.794458,21:52:08.794458,21:52:08.794870,21:52:08.794870,21:52:08.796079,21:52:08.796079,21:52:08.798341,21:52:08.798341,21:52:08.812197,21:52:08.812246,21:52:08.823297,21:52:08.832449,21:52:09.260152,21:52:09.260179,21:52:09.266182,21:52:09.266205,21:52:09.271831,21:52:08.802704,21:52:08.802879,21:52:08.795580
7,leak,21:52:11.942195,21:52:11.942195,21:52:11.942652,21:52:11.942652,21:52:11.943933,21:52:11.943933,21:52:11.945274,21:52:11.945274,21:52:11.959617,21:52:11.959639,21:52:11.973815,21:52:11.982669,21:52:12.407471,21:52:12.407507,21:52:12.413608,21:52:12.413633,21:52:12.418894,21:52:11.949769,21:52:11.949861,21:52:11.943431
7,leak,21:52:16.759173,21:52:16.759173,21:52:16.759674,21:52:16.759674,21:52:16.761537,21:52:16.761537,21:52:16.763318,21:52:16.763318,21:52:16.778418,21:52:16.778444,21:52:16.800395,21:52:16.809999,21:52:17.241959,21:52:17.241996,21:52:17.248793,21:52:17.248824,21:52:17.255209,21:52:16.766682,21:52:16.766784,21:52:16.760527
7,leak,21:52:19.914414,21:52:19.914414,21:52:19.914828,21:52:19.914828,21:52:19.916552,21:52:19.916552,21:52:19.917971,21:52:19.917971,21:52:19.931779,21:52:19.931813,21:52:19.947491,21:52:19.956237,21:52:20.377804,21:52:20.377839,21:52:20.384195,21:52:20.384245,21:52:20.390105,21:52:19.921643,21:52:19.921734,21:52:19.915608
7,leak,21:52:24.705747,21:52:24.705747,21:52:24.706206,21:52:24.706206,21:52:24.707873,21:52:24.707873,21:52:24.709474,21:52:24.709474,21:52:24.723346,21:52:24.723374,21:52:24.738269,21:52:24.748140,21:52:25.179404,21:52:25.179438,21:52:25.185745,21:52:25.185780,21:52:25.192498,21:52:24.714082,21:52:24.714190,21:52:24.706987
7,leak,21:52:29.521772,21:52:29.521772,21:52:29.522172,21:52:29.522172,21:52:29.523408,21:52:29.523408,21:52:29.524948,21:52:29.524948,21:52:29.539203,21:52:29.539233,21:52:29.550911,21:52:29.559604,21:52:29.988134,21:52:29.988161,21:52:29.993886,21:52:29.993905,21:52:29.999422,21:52:29.528973,21:52:29.529071,21:52:29.522828
7,leak,21:52:34.370809,21:52:34.370809,21:52:34.371265,21:52:34.371265,21:52:34.372898,21:52:34.372898,21:52:34.374464,21:52:34.374464,21:52:34.388317,21:52:34.388344,21:52:34.400809,21:52:34.412979,21:52:34.852775,21:52:34.852803,21:52:34.858579,21:52:34.858601,21:52:34.864693,21:52:34.378227,21:52:34.378354,21:52:34.372011
7,leak,21:52:39.165012,21:52:39.165012,21:52:39.165412,21:52:39.165412,21:52:39.166964,21:52:39.166964,21:52:39.168542,21:52:39.168542,21:52:39.183524,21:52:39.183562,21:52:39.196185,21:52:39.205301,21:52:39.639769,21:52:39.639797,21:52:39.645890,21:52:39.645916,21:52:39.651574,21:52:39.172355,21:52:39.172466,21:52:39.166170
7,leak,21:52:42.596424,21:52:42.596424,21:52:42.596824,21:52:42.596824,21:52:42.598354,21:52:42.598354,21:52:42.599763,21:52:42.599763,21:52:42.614538,21:52:42.614570,21:52:42.628873,21:52:42.638342,21:52:43.058863,21:52:43.058891,21:52:43.064957,21:52:43.064983,21:52:43.070873,21:52:42.603929,21:52:42.604036,21:52:42.597558
7,leak,21:52:47.389176,21:52:47.389176,21:52:47.389631,21:52:47.389631,21:52:47.390871,21:52:47.390871,21:52:47.392614,21:52:47.392614,21:52:47.406411,21:52:47.406442,21:52:47.420037,21:52:47.428611,21:52:47.856306,21:52:47.856343,21:52:47.862580,21:52:47.862603,21:52:47.868789,21:52:47.396464,21:52:47.396555,21:52:47.390313
7,leak,21:52:52.245482,21:52:52.245482,21:52:52.245813,21:52:52.245813,21:52:52.247022,21:52:52.247022,21:52:52.248369,21:52:52.248369,21:52:52.262901,21:52:52.262933,21:52:52.278135,21:52:52.286695,21:52:52.715809,21:52:52.715839,21:52:52.721887,21:52:52.721914,21:52:52.727701,21:52:52.252858,21:52:52.252971,21:52:52.246446
7,leak,21:52:57.057642,21:52:57.057642,21:52:57.058030,21:52:57.058030,21:52:57.059331,21:52:57.059331,21:52:57.061021,21:52:57.061021,21:52:57.074943,21:52:57.074971,21:52:57.090495,21:52:57.099858,21:52:57.528660,21:52:57.528694,21:52:57.534994,21:52:57.535021,21:52:57.540674,21:52:57.064944,21:52:57.065055,21:52:57.058791
7,leak,21:53:01.920988,21:53:01.920988,21:53:01.921314,21:53:01.921314,21:53:01.922487,21:53:01.922487,21:53:01.923957,21:53:01.923957,21:53:01.937598,21:53:01.937628,21:53:01.951228,21:53:01.959638,21:53:02.388604,21:53:02.388632,21:53:02.395012,21:53:02.395034,21:53:02.400906,21:53:01.928197,21:53:01.928294,21:53:01.921957
7,leak,21:53:06.720084,21:53:06.720084,21:53:06.720540,21:53:06.720540,21:53:06.721918,21:53:06.721918,21:53:06.723440,21:53:06.723440,21:53:06.737096,21:53:06.737123,21:53:06.751774,21:53:06.760281,21:53:07.189698,21:53:07.189731,21:53:07.195993,21:53:07.196022,21:53:07.202021,21:53:06.727205,21:53:06.727312,21:53:06.721324
7,leak,21:53:11.576589,21:53:11.576589,21:53:11.577028,21:53:11.577028,21:53:11.578323,21:53:11.578323,21:53:11.580121,21:53:11.580121,21:53:11.593851,21:53:11.593884,21:53:11.616393,21:53:11.625196,21:53:12.057632,21:53:12.057664,21:53:12.063530,21:53:12.063553,21:53:12.068860,21:53:11.583752,21:53:11.583853,21:53:11.577804
7,leak,21:53:15.365565,21:53:15.365565,21:53:15.366084,21:53:15.366084,21:53:15.367676,21:53:15.367676,21:53:15.369339,21:53:15.369339,21:53:15.383740,21:53:15.383761,21:53:15.398725,21:53:15.407395,21:53:15.829747,21:53:15.829778,21:53:15.835959,21:53:15.835981,21:53:15.841995,21:53:15.372856,21:53:15.372952,21:53:15.366853
7,leak,21:53:20.217355,21:53:20.217355,21:53:20.217685,21:53:20.217685,21:53:20.218895,21:53:20.218895,21:53:20.220311,21:53:20.220311,21:53:20.233964,21:53:20.233991,21:53:20.249351,21:53:20.257805,21:53:20.685132,21:53:20.685159,21:53:20.690906,21:53:20.690927,21:53:20.696548,21:53:20.224937,21:53:20.225041,21:53:20.218344
7,leak,21:53:25.065134,21:53:25.065134,21:53:25.065578,21:53:25.065578,21:53:25.066990,21:53:25.066990,21:53:25.068390,21:53:25.068390,21:53:25.082175,21:53:25.082202,21:53:25.096307,21:53:25.106447,21:53:25.537298,21:53:25.537332,21:53:25.543258,21:53:25.543283,21:53:25.549131,21:53:25.072527,21:53:25.072619,21:53:25.066385
7,leak,21:53:28.875986,21:53:28.875986,21:53:28.876399,21:53:28.876399,21:53:28.877768,21:53:28.877768,21:53:28.879479,21:53:28.879479,21:53:28.895863,21:53:28.895892,21:53:28.910569,21:53:28.919856,21:53:29.346547,21:53:29.346574,21:53:29.352648,21:53:29.352675,21:53:29.358448,21:53:28.883168,21:53:28.883270,21:53:28.877181
7,leak,21:53:33.722498,21:53:33.722498,21:53:33.722850,21:53:33.722850,21:53:33.724232,21:53:33.724232,21:53:33.725680,21:53:33.725680,21:53:33.739265,21:53:33.739302,21:53:33.752925,21:53:33.761802,21:53:34.190816,21:53:34.190849,21:53:34.197366,21:53:34.197393,21:53:34.203080,21:53:33.729741,21:53:33.729847,21:53:33.723611
7,leak,21:53:37.564855,21:53:37.564855,21:53:37.565290,21:53:37.565290,21:53:37.566639,21:53:37.566639,21:53:37.568002,21:53:37.568002,21:53:37.582048,21:53:37.582081,21:53:37.595623,21:53:37.604847,21:53:38.031701,21:53:38.031737,21:53:38.038290,21:53:38.038317,21:53:38.044066,21:53:37.572113,21:53:37.572241,21:53:37.566055
7,leak,21:53:42.376394,21:53:42.376394,21:53:42.376762,21:53:42.376762,21:53:42.378380,21:53:42.378380,21:53:42.380001,21:53:42.380001,21:53:42.394265,21:53:42.394296,21:53:42.408777,21:53:42.417287,21:53:42.844814,21:53:42.844841,21:53:42.851136,21:53:42.851163,21:53:42.856976,21:53:42.384120,21:53:42.384216,21:53:42.377545
7,leak,21:53:47.246356,21:53:47.246356,21:53:47.246793,21:53:47.246793,21:53:47.248435,21:53:47.248435,21:53:47.250294,21:53:47.250294,21:53:47.264106,21:53:47.264143,21:53:47.278774,21:53:47.288243,21:53:47.715326,21:53:47.715352,21:53:47.721545,21:53:47.721573,21:53:47.727286,21:53:47.253590,21:53:47.253694,21:53:47.247813
7,leak,21:53:50.880966,21:53:50.880966,21:53:50.881372,21:53:50.881372,21:53:50.882723,21:53:50.882723,21:53:50.884166,21:53:50.884166,21:53:50.898702,21:53:50.898731,21:53:50.913303,21:53:50.922257,21:53:51.348164,21:53:51.348192,21:53:51.354374,21:53:51.354398,21:53:51.360487,21:53:50.888171,21:53:50.888280,21:53:50.882167
7,leak,21:53:55.682736,21:53:55.682736,21:53:55.683113,21:53:55.683113,21:53:55.684446,21:53:55.684446,21:53:55.685957,21:53:55.685957,21:53:55.699608,21:53:55.699633,21:53:55.714145,21:53:55.723047,21:53:56.150262,21:53:56.150293,21:53:56.156273,21:53:56.156300,21:53:56.162088,21:53:55.689965,21:53:55.690077,21:53:55.683838
7,leak,21:54:00.475169,21:54:00.475169,21:54:00.475644,21:54:00.475644,21:54:00.477068,21:54:00.477068,21:54:00.478466,21:54:00.478466,21:54:00.492490,21:54:00.492514,21:54:00.508628,21:54:00.519232,21:54:00.947265,21:54:00.947299,21:54:00.953592,21:54:00.953617,21:54:00.958895,21:54:00.482580,21:54:00.484071,21:54:00.476411
7,leak,21:54:05.286440,21:54:05.286440,21:54:05.287025,21:54:05.287025,21:54:05.288603,21:54:05.288603,21:54:05.290056,21:54:05.290056,21:54:05.303949,21:54:05.303987,21:54:05.326617,21:54:05.335887,21:54:05.766521,21:54:05.766556,21:54:05.772813,21:54:05.772840,21:54:05.778600,21:54:05.293104,21:54:05.293568,21:54:05.287832
7,leak,21:54:10.080797,21:54:10.080797,21:54:10.081195,21:54:10.081195,21:54:10.082454,21:54:10.082454,21:54:10.084117,21:54:10.084117,21:54:10.098821,21:54:10.098856,21:54:10.112955,21:54:10.121406,21:54:10.547917,21:54:10.547944,21:54:10.554018,21:54:10.554042,21:54:10.559361,21:54:10.088334,21:54:10.088434,21:54:10.081946
7,leak,21:54:13.847733,21:54:13.847733,21:54:13.848100,21:54:13.848100,21:54:13.849735,21:54:13.849735,21:54:13.852026,21:54:13.852026,21:54:13.865685,21:54:13.865718,21:54:13.881552,21:54:13.890741,21:54:14.316903,21:54:14.316930,21:54:14.323141,21:54:14.323168,21:54:14.328768,21:54:13.855168,21:54:13.855258,21:54:13.848845
7,leak,21:54:18.637347,21:54:18.637347,21:54:18.637724,21:54:18.637724,21:54:18.639298,21:54:18.639298,21:54:18.641022,21:54:18.641022,21:54:18.655144,21:54:18.655176,21:54:18.669571,21:54:18.678428,21:54:19.105352,21:54:19.105383,21:54:19.111372,21:54:19.111395,21:54:19.117147,21:54:18.645049,21:54:18.645155,21:54:18.638487
7,leak,21:54:23.410527,21:54:23.410527,21:54:23.410848,21:54:23.410848,21:54:23.412061,21:54:23.412061,21:54:23.413454,21:54:23.413454,21:54:23.426906,21:54:23.426931,21:54:23.440509,21:54:23.448948,21:54:23.875476,21:54:23.875504,21:54:23.881589,21:54:23.881609,21:54:23.886909,21:54:23.417830,21:54:23.417915,21:54:23.411472
7,leak,21:54:28.190073,21:54:28.190073,21:54:28.190523,21:54:28.190523,21:54:28.191944,21:54:28.191944,21:54:28.193484,21:54:28.193484,21:54:28.208177,21:54:28.208215,21:54:28.222893,21:54:28.231770,21:54:28.657923,21:54:28.657951,21:54:28.664124,21:54:28.664149,21:54:28.670107,21:54:28.197818,21:54:28.197938,21:54:28.191324
7,leak,21:54:31.869741,21:54:31.869741,21:54:31.870083,21:54:31.870083,21:54:31.871396,21:54:31.871396,21:54:31.873045,21:54:31.873045,21:54:31.886941,21:54:31.886967,21:54:31.900966,21:54:31.909477,21:54:32.333954,21:54:32.333982,21:54:32.339961,21:54:32.339986,21:54:32.345755,21:54:31.877094,21:54:31.877217,21:54:31.870806
7,leak,21:54:36.728136,21:54:36.728136,21:54:36.728515,21:54:36.728515,21:54:36.729768,21:54:36.729768,21:54:36.731556,21:54:36.731556,21:54:36.746227,21:54:36.746262,21:54:36.760140,21:54:36.768919,21:54:37.196872,21:54:37.196900,21:54:37.202970,21:54:37.202996,21:54:37.208911,21:54:36.735496,21:54:36.735625,21:54:36.729253
7,leak,21:54:41.566950,21:54:41.566950,21:54:41.567355,21:54:41.567355,21:54:41.568743,21:54:41.568743,21:54:41.570161,21:54:41.570161,21:54:41.583632,21:54:41.583651,21:54:41.597392,21:54:41.606084,21:54:42.034242,21:54:42.034273,21:54:42.040101,21:54:42.040123,21:54:42.046132,21:54:41.574591,21:54:41.574690,21:54:41.568106
7,leak,21:54:46.489927,21:54:46.489927,21:54:46.490327,21:54:46.490327,21:54:46.491546,21:54:46.491546,21:54:46.493036,21:54:46.493036,21:54:46.506549,21:54:46.506578,21:54:46.520720,21:54:46.529463,21:54:46.960160,21:54:46.960189,21:54:46.967191,21:54:46.967216,21:54:46.973076,21:54:46.497546,21:54:46.497649,21:54:46.490978
7,safe,21:54:50.208740,21:54:50.208740,21:54:50.209141,21:54:50.209141,21:54:50.210442,21:54:50.210442,21:54:50.212007,21:54:50.212007,21:54:50.226419,21:54:50.226444,21:54:50.241345,21:54:50.250948,21:54:50.680334,21:54:50.680371,21:54:50.686633,21:54:50.686655,21:54:50.692399,21:54:50.216004,21:54:50.216096,21:54:50.209821
7,safe,21:54:55.511278,21:54:55.511278,21:54:55.511679,21:54:55.511679,21:54:55.513018,21:54:55.513018,21:54:55.515398,21:54:55.515398,21:54:55.525713,21:54:55.525739,21:54:55.540067,21:54:55.548809,21:54:55.977458,21:54:55.977486,21:54:55.983866,21:54:55.983894,21:54:55.989954,21:54:55.534256,21:54:55.534375,21:54:55.512448
7,leak,21:55:00.599161,21:55:00.599161,21:55:00.599651,21:55:00.599651,21:55:00.601396,21:55:00.601396,21:55:00.604170,21:55:00.604170,21:55:00.619199,21:55:00.619230,21:55:00.644442,21:55:00.654659,21:55:01.081857,21:55:01.081886,21:55:01.088266,21:55:01.088293,21:55:01.093889,21:55:00.607206,21:55:00.607345,21:55:00.600568
7,leak,21:55:05.411291,21:55:05.411291,21:55:05.411722,21:55:05.411722,21:55:05.413314,21:55:05.413314,21:55:05.414783,21:55:05.414783,21:55:05.428942,21:55:05.428981,21:55:05.443631,21:55:05.452805,21:55:05.884518,21:55:05.884553,21:55:05.891140,21:55:05.891167,21:55:05.897696,21:55:05.418939,21:55:05.419064,21:55:05.412530
7,leak,21:55:10.331202,21:55:10.331202,21:55:10.331692,21:55:10.331692,21:55:10.332997,21:55:10.332997,21:55:10.334509,21:55:10.334509,21:55:10.348655,21:55:10.348683,21:55:10.362673,21:55:10.371253,21:55:10.802633,21:55:10.802661,21:55:10.808963,21:55:10.808991,21:55:10.815359,21:55:10.338766,21:55:10.338872,21:55:10.332370
7,leak,21:55:15.219922,21:55:15.219922,21:55:15.220413,21:55:15.220413,21:55:15.221751,21:55:15.221751,21:55:15.223204,21:55:15.223204,21:55:15.239803,21:55:15.239851,21:55:15.254789,21:55:15.263954,21:55:15.692944,21:55:15.692975,21:55:15.699378,21:55:15.699410,21:55:15.705460,21:55:15.227297,21:55:15.227427,21:55:15.221206
7,leak,21:55:18.939686,21:55:18.939686,21:55:18.940162,21:55:18.940162,21:55:18.941771,21:55:18.941771,21:55:18.943542,21:55:18.943542,21:55:18.957498,21:55:18.957530,21:55:18.972622,21:55:18.981548,21:55:19.417010,21:55:19.417046,21:55:19.423767,21:55:19.423793,21:55:19.430062,21:55:18.946976,21:55:18.947080,21:55:18.940994
7,leak,21:55:23.782430,21:55:23.782430,21:55:23.782893,21:55:23.782893,21:55:23.784223,21:55:23.784223,21:55:23.785643,21:55:23.785643,21:55:23.800009,21:55:23.800029,21:55:23.813139,21:55:23.821928,21:55:24.249528,21:55:24.249556,21:55:24.255388,21:55:24.255412,21:55:24.261027,21:55:23.789935,21:55:23.790044,21:55:23.783692
7,leak,21:55:27.474130,21:55:27.474130,21:55:27.474535,21:55:27.474535,21:55:27.475976,21:55:27.475976,21:55:27.477523,21:55:27.477523,21:55:27.490930,21:55:27.490958,21:55:27.504381,21:55:27.512987,21:55:27.938097,21:55:27.938134,21:55:27.944471,21:55:27.944496,21:55:27.950461,21:55:27.481375,21:55:27.481486,21:55:27.475345
7,leak,21:55:32.271638,21:55:32.271638,21:55:32.272008,21:55:32.272008,21:55:32.273292,21:55:32.273292,21:55:32.274925,21:55:32.274925,21:55:32.288840,21:55:32.288882,21:55:32.302939,21:55:32.312000,21:55:32.739005,21:55:32.739037,21:55:32.745153,21:55:32.745180,21:55:32.750599,21:55:32.279347,21:55:32.279467,21:55:32.272709
7,leak,21:55:37.145901,21:55:37.145901,21:55:37.146333,21:55:37.146333,21:55:37.147766,21:55:37.147766,21:55:37.149168,21:55:37.149168,21:55:37.163610,21:55:37.163628,21:55:37.178188,21:55:37.187044,21:55:37.616490,21:55:37.616518,21:55:37.622819,21:55:37.622846,21:55:37.628514,21:55:37.153664,21:55:37.153777,21:55:37.147191
7,leak,21:55:41.939251,21:55:41.939251,21:55:41.939709,21:55:41.939709,21:55:41.941238,21:55:41.941238,21:55:41.942621,21:55:41.942621,21:55:41.956248,21:55:41.956274,21:55:41.970647,21:55:41.979642,21:55:42.408350,21:55:42.408382,21:55:42.414413,21:55:42.414435,21:55:42.420530,21:55:41.946430,21:55:41.946530,21:55:41.940658
7,safe,21:55:46.792746,21:55:46.792746,21:55:46.793219,21:55:46.793219,21:55:46.794965,21:55:46.794965,21:55:46.796783,21:55:46.796783,21:55:46.811871,21:55:46.811916,21:55:46.827928,21:55:46.837119,21:55:47.267579,21:55:47.267612,21:55:47.273625,21:55:47.273652,21:55:47.279132,21:55:46.800486,21:55:46.800590,21:55:46.794053
7,leak,21:55:52.304292,21:55:52.304292,21:55:52.304790,21:55:52.304790,21:55:52.306172,21:55:52.306172,21:55:52.308644,21:55:52.308644,21:55:52.323347,21:55:52.323383,21:55:52.339230,21:55:52.348388,21:55:52.776873,21:55:52.776904,21:55:52.783100,21:55:52.783126,21:55:52.788809,21:55:52.312388,21:55:52.312507,21:55:52.305554
7,leak,21:55:57.211112,21:55:57.211112,21:55:57.211436,21:55:57.211436,21:55:57.212933,21:55:57.212933,21:55:57.214583,21:55:57.214583,21:55:57.228356,21:55:57.228376,21:55:57.251154,21:55:57.259989,21:55:57.688690,21:55:57.688722,21:55:57.694538,21:55:57.694560,21:55:57.700047,21:55:57.218461,21:55:57.218569,21:55:57.212134
7,leak,21:56:02.014067,21:56:02.014067,21:56:02.014488,21:56:02.014488,21:56:02.015836,21:56:02.015836,21:56:02.017356,21:56:02.017356,21:56:02.031739,21:56:02.031769,21:56:02.046794,21:56:02.055764,21:56:02.484715,21:56:02.484748,21:56:02.491055,21:56:02.491079,21:56:02.496568,21:56:02.021358,21:56:02.021462,21:56:02.015210
7,leak,21:56:06.844237,21:56:06.844237,21:56:06.844688,21:56:06.844688,21:56:06.846312,21:56:06.846312,21:56:06.848442,21:56:06.848442,21:56:06.863737,21:56:06.863779,21:56:06.879974,21:56:06.889869,21:56:07.320952,21:56:07.320986,21:56:07.326983,21:56:07.327008,21:56:07.333061,21:56:06.851623,21:56:06.851759,21:56:06.845517
7,leak,21:56:11.766853,21:56:11.766853,21:56:11.767314,21:56:11.767314,21:56:11.768893,21:56:11.768893,21:56:11.770402,21:56:11.770402,21:56:11.784206,21:56:11.784235,21:56:11.799211,21:56:11.808513,21:56:12.242780,21:56:12.242817,21:56:12.249738,21:56:12.249771,21:56:12.256881,21:56:11.774419,21:56:11.774544,21:56:11.768049
7,leak,21:56:16.604336,21:56:16.604336,21:56:16.604854,21:56:16.604854,21:56:16.606313,21:56:16.606313,21:56:16.608295,21:56:16.608295,21:56:16.622725,21:56:16.622760,21:56:16.638830,21:56:16.648168,21:56:17.079520,21:56:17.079551,21:56:17.086073,21:56:17.086104,21:56:17.091949,21:56:16.611833,21:56:16.611965,21:56:16.605651
7,leak,21:56:21.444764,21:56:21.444764,21:56:21.445192,21:56:21.445192,21:56:21.446458,21:56:21.446458,21:56:21.447875,21:56:21.447875,21:56:21.461856,21:56:21.461879,21:56:21.476787,21:56:21.485777,21:56:21.921077,21:56:21.921120,21:56:21.928121,21:56:21.928158,21:56:21.934486,21:56:21.452342,21:56:21.452449,21:56:21.445883
7,leak,21:56:26.267258,21:56:26.267258,21:56:26.267634,21:56:26.267634,21:56:26.268949,21:56:26.268949,21:56:26.270487,21:56:26.270487,21:56:26.285047,21:56:26.285073,21:56:26.299310,21:56:26.308395,21:56:26.739862,21:56:26.739893,21:56:26.745853,21:56:26.745877,21:56:26.751572,21:56:26.274881,21:56:26.274985,21:56:26.268379
7,leak,21:56:31.129089,21:56:31.129089,21:56:31.129599,21:56:31.129599,21:56:31.131136,21:56:31.131136,21:56:31.133366,21:56:31.133366,21:56:31.148085,21:56:31.148125,21:56:31.165297,21:56:31.175195,21:56:31.611833,21:56:31.611867,21:56:31.618235,21:56:31.618271,21:56:31.624819,21:56:31.136901,21:56:31.137020,21:56:31.130450
7,leak,21:56:34.980711,21:56:34.980711,21:56:34.981285,21:56:34.981285,21:56:34.982717,21:56:34.982717,21:56:34.984442,21:56:34.984442,21:56:34.998782,21:56:34.998829,21:56:35.014738,21:56:35.024671,21:56:35.458770,21:56:35.458798,21:56:35.465482,21:56:35.465512,21:56:35.472001,21:56:34.988214,21:56:34.988344,21:56:34.982108
8,leak,21:56:38.802085,21:56:38.802085,21:56:38.802584,21:56:38.802584,21:56:38.804133,21:56:38.804133,21:56:38.805765,21:56:38.805765,21:56:38.819942,21:56:38.819963,21:56:38.833843,21:56:38.842896,21:56:39.272728,21:56:39.272762,21:56:39.279287,21:56:39.279314,21:56:39.285406,21:56:38.810360,21:56:38.810469,21:56:38.803471
8,leak,21:56:43.670438,21:56:43.670438,21:56:43.670982,21:56:43.670982,21:56:43.672384,21:56:43.672384,21:56:43.673983,21:56:43.673983,21:56:43.689160,21:56:43.689201,21:56:43.705645,21:56:43.715310,21:56:44.148913,21:56:44.148942,21:56:44.155210,21:56:44.155234,21:56:44.160950,21:56:43.678989,21:56:43.679109,21:56:43.671780
8,leak,21:56:48.373600,21:56:48.373600,21:56:48.374047,21:56:48.374047,21:56:48.375357,21:56:48.375357,21:56:48.377135,21:56:48.377135,21:56:48.391599,21:56:48.391628,21:56:48.406322,21:56:48.414874,21:56:48.845041,21:56:48.845076,21:56:48.851338,21:56:48.851366,21:56:48.857270,21:56:48.382039,21:56:48.382137,21:56:48.374783
8,leak,21:56:53.179597,21:56:53.179597,21:56:53.180080,21:56:53.180080,21:56:53.181496,21:56:53.181496,21:56:53.183332,21:56:53.183332,21:56:53.197682,21:56:53.197725,21:56:53.223449,21:56:53.232973,21:56:53.672568,21:56:53.672605,21:56:53.679069,21:56:53.679099,21:56:53.684968,21:56:53.187927,21:56:53.188042,21:56:53.180843
8,leak,21:56:58.081807,21:56:58.081807,21:56:58.082280,21:56:58.082280,21:56:58.083817,21:56:58.083817,21:56:58.085691,21:56:58.085691,21:56:58.100196,21:56:58.100236,21:56:58.115838,21:56:58.125227,21:56:58.561047,21:56:58.561084,21:56:58.567549,21:56:58.567576,21:56:58.574115,21:56:58.090161,21:56:58.090278,21:56:58.083132
8,safe,21:57:02.963407,21:57:02.963407,21:57:02.963884,21:57:02.963884,21:57:02.965423,21:57:02.965423,21:57:02.967248,21:57:02.967248,21:57:02.984648,21:57:02.984686,21:57:03.000756,21:57:03.009640,21:57:03.445820,21:57:03.445853,21:57:03.452628,21:57:03.452661,21:57:03.460511,21:57:02.971786,21:57:02.971911,21:57:02.964717
8,leak,21:57:08.120044,21:57:08.120044,21:57:08.120529,21:57:08.120529,21:57:08.121958,21:57:08.121958,21:57:08.124154,21:57:08.124154,21:57:08.138204,21:57:08.138244,21:57:08.154018,21:57:08.162952,21:57:08.592781,21:57:08.592821,21:57:08.598947,21:57:08.598972,21:57:08.605089,21:57:08.129020,21:57:08.129144,21:57:08.121335
8,leak,21:57:11.294724,21:57:11.294724,21:57:11.295269,21:57:11.295269,21:57:11.296740,21:57:11.296740,21:57:11.298142,21:57:11.298142,21:57:11.312538,21:57:11.312580,21:57:11.327448,21:57:11.336634,21:57:11.768655,21:57:11.768691,21:57:11.775247,21:57:11.775273,21:57:11.781237,21:57:11.302956,21:57:11.303086,21:57:11.296160
8,leak,21:57:16.149788,21:57:16.149788,21:57:16.150274,21:57:16.150274,21:57:16.151705,21:57:16.151705,21:57:16.153139,21:57:16.153139,21:57:16.168268,21:57:16.168312,21:57:16.184356,21:57:16.194144,21:57:16.628395,21:57:16.628423,21:57:16.634842,21:57:16.634868,21:57:16.641104,21:57:16.158062,21:57:16.158182,21:57:16.151174
8,leak,21:57:21.080285,21:57:21.080285,21:57:21.080696,21:57:21.080696,21:57:21.082206,21:57:21.082206,21:57:21.083611,21:57:21.083611,21:57:21.097728,21:57:21.097770,21:57:21.112350,21:57:21.121218,21:57:21.555432,21:57:21.555467,21:57:21.561757,21:57:21.561781,21:57:21.568186,21:57:21.088854,21:57:21.088981,21:57:21.081572
8,leak,21:57:26.041255,21:57:26.041255,21:57:26.041786,21:57:26.041786,21:57:26.043176,21:57:26.043176,21:57:26.044562,21:57:26.044562,21:57:26.058424,21:57:26.058465,21:57:26.075032,21:57:26.084228,21:57:26.517741,21:57:26.517768,21:57:26.523786,21:57:26.523811,21:57:26.529589,21:57:26.049523,21:57:26.049637,21:57:26.042616
8,leak,21:57:30.919043,21:57:30.919043,21:57:30.919430,21:57:30.919430,21:57:30.920715,21:57:30.920715,21:57:30.922134,21:57:30.922134,21:57:30.931902,21:57:30.931928,21:57:30.946757,21:57:30.956112,21:57:31.384212,21:57:31.384243,21:57:31.390463,21:57:31.390487,21:57:31.395798,21:57:30.927608,21:57:30.927703,21:57:30.920135
8,leak,21:57:35.743195,21:57:35.743195,21:57:35.743555,21:57:35.743555,21:57:35.744730,21:57:35.744730,21:57:35.746247,21:57:35.746247,21:57:35.756266,21:57:35.756292,21:57:35.769997,21:57:35.778499,21:57:36.204213,21:57:36.204241,21:57:36.210093,21:57:36.210118,21:57:36.216007,21:57:35.751520,21:57:35.754073,21:57:35.744144
8,leak,21:57:40.244138,21:57:40.244138,21:57:40.244546,21:57:40.244546,21:57:40.245806,21:57:40.245806,21:57:40.247135,21:57:40.247135,21:57:40.256362,21:57:40.256386,21:57:40.269985,21:57:40.278414,21:57:40.701962,21:57:40.701990,21:57:40.708131,21:57:40.708182,21:57:40.713920,21:57:40.252409,21:57:40.252509,21:57:40.245223
8,leak,21:57:44.969934,21:57:44.969934,21:57:44.970322,21:57:44.970322,21:57:44.971480,21:57:44.971480,21:57:44.972998,21:57:44.972998,21:57:44.982455,21:57:44.982475,21:57:44.998043,21:57:45.006749,21:57:45.431659,21:57:45.431686,21:57:45.437652,21:57:45.437675,21:57:45.443574,21:57:44.978199,21:57:44.978287,21:57:44.970956
8,leak,21:57:49.676963,21:57:49.676963,21:57:49.677340,21:57:49.677340,21:57:49.678475,21:57:49.678475,21:57:49.680086,21:57:49.680086,21:57:49.689470,21:57:49.689491,21:57:49.714988,21:57:49.723434,21:57:50.147083,21:57:50.147114,21:57:50.153367,21:57:50.153390,21:57:50.158724,21:57:49.685390,21:57:49.685487,21:57:49.677906
8,leak,21:57:54.388679,21:57:54.388679,21:57:54.389003,21:57:54.389003,21:57:54.390173,21:57:54.390173,21:57:54.391676,21:57:54.391676,21:57:54.401018,21:57:54.401041,21:57:54.415274,21:57:54.423909,21:57:54.854704,21:57:54.854735,21:57:54.863053,21:57:54.863087,21:57:54.869836,21:57:54.397020,21:57:54.397116,21:57:54.389602
8,leak,21:57:59.170586,21:57:59.170586,21:57:59.170957,21:57:59.170957,21:57:59.172215,21:57:59.172215,21:57:59.173633,21:57:59.173633,21:57:59.182909,21:57:59.182931,21:57:59.196808,21:57:59.205185,21:57:59.628375,21:57:59.628403,21:57:59.635754,21:57:59.635780,21:57:59.641958,21:57:59.178943,21:57:59.181078,21:57:59.171592
8,safe,21:58:03.889814,21:58:03.889814,21:58:03.890288,21:58:03.890288,21:58:03.891507,21:58:03.891507,21:58:03.893004,21:58:03.893004,21:58:03.902918,21:58:03.902940,21:58:03.918918,21:58:03.927279,21:58:04.350582,21:58:04.350616,21:58:04.356507,21:58:04.356531,21:58:04.362505,21:58:03.898223,21:58:03.898318,21:58:03.890948
8,leak,21:58:09.078328,21:58:09.078328,21:58:09.078724,21:58:09.078724,21:58:09.079928,21:58:09.079928,21:58:09.082277,21:58:09.082277,21:58:09.096821,21:58:09.096846,21:58:09.110645,21:58:09.119140,21:58:09.542626,21:58:09.542654,21:58:09.548585,21:58:09.548607,21:58:09.553765,21:58:09.087539,21:58:09.087651,21:58:09.079355
8,safe,21:58:13.858192,21:58:13.858192,21:58:13.858566,21:58:13.858566,21:58:13.859781,21:58:13.859781,21:58:13.861367,21:58:13.861367,21:58:13.875367,21:58:13.875389,21:58:13.888962,21:58:13.897372,21:58:14.321040,21:58:14.321067,21:58:14.327127,21:58:14.327153,21:58:14.332413,21:58:13.866422,21:58:13.866532,21:58:13.859180
8,leak,21:58:18.927456,21:58:18.927456,21:58:18.927869,21:58:18.927869,21:58:18.929109,21:58:18.929109,21:58:18.931824,21:58:18.931824,21:58:18.941880,21:58:18.941902,21:58:18.955604,21:58:18.964367,21:58:19.386792,21:58:19.386818,21:58:19.392553,21:58:19.392574,21:58:19.398029,21:58:18.956903,21:58:18.957055,21:58:18.928523
8,leak,21:58:23.635994,21:58:23.635994,21:58:23.636342,21:58:23.636342,21:58:23.637531,21:58:23.637531,21:58:23.638991,21:58:23.638991,21:58:23.653524,21:58:23.653546,21:58:23.667183,21:58:23.676301,21:58:24.100047,21:58:24.100076,21:58:24.105975,21:58:24.106000,21:58:24.111915,21:58:23.644241,21:58:23.644328,21:58:23.636980
8,leak,21:58:27.243608,21:58:27.243608,21:58:27.243967,21:58:27.243967,21:58:27.245088,21:58:27.245088,21:58:27.246557,21:58:27.246557,21:58:27.256507,21:58:27.256531,21:58:27.270318,21:58:27.279125,21:58:27.699094,21:58:27.699124,21:58:27.705228,21:58:27.705252,21:58:27.710622,21:58:27.251752,21:58:27.251843,21:58:27.244573
8,leak,21:58:32.459113,21:58:32.459113,21:58:32.459517,21:58:32.459517,21:58:32.460968,21:58:32.460968,21:58:32.464027,21:58:32.464027,21:58:32.473649,21:58:32.473676,21:58:32.489038,21:58:32.498461,21:58:32.925277,21:58:32.925308,21:58:32.931440,21:58:32.931460,21:58:32.937186,21:58:32.478475,21:58:32.478606,21:58:32.460291
8,leak,21:58:35.681266,21:58:35.681266,21:58:35.681584,21:58:35.681584,21:58:35.682726,21:58:35.682726,21:58:35.684183,21:58:35.684183,21:58:35.693815,21:58:35.693842,21:58:35.709853,21:58:35.718748,21:58:36.140649,21:58:36.140680,21:58:36.147212,21:58:36.147247,21:58:36.153403,21:58:35.689633,21:58:35.689773,21:58:35.682219
8,leak,21:58:40.461293,21:58:40.461293,21:58:40.461609,21:58:40.461609,21:58:40.462697,21:58:40.462697,21:58:40.464040,21:58:40.464040,21:58:40.473979,21:58:40.474006,21:58:40.487874,21:58:40.496220,21:58:40.920234,21:58:40.920261,21:58:40.926794,21:58:40.926816,21:58:40.932148,21:58:40.469589,21:58:40.469726,21:58:40.462185
8,leak,21:58:45.300757,21:58:45.300757,21:58:45.301271,21:58:45.301271,21:58:45.302688,21:58:45.302688,21:58:45.304775,21:58:45.304775,21:58:45.320509,21:58:45.320545,21:58:45.346513,21:58:45.357344,21:58:45.794485,21:58:45.794533,21:58:45.802214,21:58:45.802241,21:58:45.808347,21:58:45.309500,21:58:45.309609,21:58:45.302093
8,leak,21:58:49.929260,21:58:49.929260,21:58:49.929573,21:58:49.929573,21:58:49.930737,21:58:49.930737,21:58:49.932312,21:58:49.932312,21:58:49.943919,21:58:49.943941,21:58:49.958554,21:58:49.966904,21:58:50.389038,21:58:50.389065,21:58:50.395573,21:58:50.395604,21:58:50.401746,21:58:49.937714,21:58:49.937813,21:58:49.930127
8,leak,21:58:54.642015,21:58:54.642015,21:58:54.642377,21:58:54.642377,21:58:54.643572,21:58:54.643572,21:58:54.645260,21:58:54.645260,21:58:54.659044,21:58:54.659065,21:58:54.675289,21:58:54.683711,21:58:55.116832,21:58:55.116860,21:58:55.123513,21:58:55.123541,21:58:55.129664,21:58:54.650478,21:58:54.650583,21:58:54.643012
8,leak,21:58:59.442694,21:58:59.442694,21:58:59.443006,21:58:59.443006,21:58:59.444249,21:58:59.444249,21:58:59.446030,21:58:59.446030,21:58:59.455280,21:58:59.455301,21:58:59.469906,21:58:59.478738,21:58:59.903178,21:58:59.903205,21:58:59.909960,21:58:59.909985,21:58:59.915350,21:58:59.451146,21:58:59.451252,21:58:59.443672
8,leak,21:59:03.143696,21:59:03.143696,21:59:03.144140,21:59:03.144140,21:59:03.145365,21:59:03.145365,21:59:03.146874,21:59:03.146874,21:59:03.161636,21:59:03.161658,21:59:03.175862,21:59:03.184684,21:59:03.604505,21:59:03.604537,21:59:03.610624,21:59:03.610648,21:59:03.616704,21:59:03.152038,21:59:03.152160,21:59:03.144809
8,leak,21:59:07.866084,21:59:07.866084,21:59:07.866441,21:59:07.866441,21:59:07.867728,21:59:07.867728,21:59:07.869217,21:59:07.869217,21:59:07.878399,21:59:07.878417,21:59:07.893924,21:59:07.902373,21:59:08.325787,21:59:08.325814,21:59:08.331941,21:59:08.331965,21:59:08.337430,21:59:07.874563,21:59:07.874653,21:59:07.867142
8,leak,21:59:12.587292,21:59:12.587292,21:59:12.587633,21:59:12.587633,21:59:12.588822,21:59:12.588822,21:59:12.590279,21:59:12.590279,21:59:12.599512,21:59:12.599534,21:59:12.614753,21:59:12.623245,21:59:13.048414,21:59:13.048446,21:59:13.054722,21:59:13.054749,21:59:13.062100,21:59:12.595862,21:59:12.595966,21:59:12.588248
8,leak,21:59:17.323299,21:59:17.323299,21:59:17.323692,21:59:17.323692,21:59:17.324927,21:59:17.324927,21:59:17.326529,21:59:17.326529,21:59:17.340736,21:59:17.340758,21:59:17.356334,21:59:17.364731,21:59:17.788151,21:59:17.788177,21:59:17.794070,21:59:17.794095,21:59:17.799674,21:59:17.331799,21:59:17.331897,21:59:17.324300
8,leak,21:59:21.069313,21:59:21.069313,21:59:21.069665,21:59:21.069665,21:59:21.070909,21:59:21.070909,21:59:21.072568,21:59:21.072568,21:59:21.081723,21:59:21.081743,21:59:21.095194,21:59:21.103858,21:59:21.523472,21:59:21.523498,21:59:21.529348,21:59:21.529369,21:59:21.534630,21:59:21.077710,21:59:21.077802,21:59:21.070302
8,leak,21:59:25.794830,21:59:25.794830,21:59:25.795220,21:59:25.795220,21:59:25.796479,21:59:25.796479,21:59:25.798052,21:59:25.798052,21:59:25.808018,21:59:25.808039,21:59:25.823207,21:59:25.831494,21:59:26.257202,21:59:26.257230,21:59:26.263642,21:59:26.263664,21:59:26.268956,21:59:25.803324,21:59:25.803422,21:59:25.795929
8,leak,21:59:30.577744,21:59:30.577744,21:59:30.578095,21:59:30.578095,21:59:30.579376,21:59:30.579376,21:59:30.581000,21:59:30.581000,21:59:30.590263,21:59:30.590283,21:59:30.604509,21:59:30.613011,21:59:31.037921,21:59:31.037953,21:59:31.044160,21:59:31.044183,21:59:31.049685,21:59:30.586245,21:59:30.586339,21:59:30.578745
8,safe,21:59:35.346123,21:59:35.346123,21:59:35.346442,21:59:35.346442,21:59:35.347607,21:59:35.347607,21:59:35.349169,21:59:35.349169,21:59:35.358852,21:59:35.358873,21:59:35.374711,21:59:35.385043,21:59:35.813736,21:59:35.813768,21:59:35.819977,21:59:35.820003,21:59:35.826047,21:59:35.354636,21:59:35.354738,21:59:35.347032
8,leak,21:59:40.364731,21:59:40.364731,21:59:40.365038,21:59:40.365038,21:59:40.366119,21:59:40.366119,21:59:40.368305,21:59:40.368305,21:59:40.377642,21:59:40.377663,21:59:40.399752,21:59:40.410001,21:59:40.832745,21:59:40.832777,21:59:40.839064,21:59:40.839090,21:59:40.844780,21:59:40.394516,21:59:40.394643,21:59:40.365641
8,leak,21:59:43.526359,21:59:43.526359,21:59:43.526814,21:59:43.526814,21:59:43.527994,21:59:43.527994,21:59:43.529456,21:59:43.529456,21:59:43.539201,21:59:43.539219,21:59:43.554860,21:59:43.564660,21:59:43.983621,21:59:43.983650,21:59:43.990136,21:59:43.990161,21:59:43.995838,21:59:43.534610,21:59:43.534725,21:59:43.527438
8,leak,21:59:48.315741,21:59:48.315741,21:59:48.316039,21:59:48.316039,21:59:48.317235,21:59:48.317235,21:59:48.318735,21:59:48.318735,21:59:48.328131,21:59:48.328153,21:59:48.342571,21:59:48.351238,21:59:48.778329,21:59:48.778362,21:59:48.784140,21:59:48.784161,21:59:48.789785,21:59:48.324094,21:59:48.324186,21:59:48.316644
8,leak,21:59:53.114263,21:59:53.114263,21:59:53.114666,21:59:53.114666,21:59:53.115866,21:59:53.115866,21:59:53.117409,21:59:53.117409,21:59:53.127219,21:59:53.127240,21:59:53.141703,21:59:53.150344,21:59:53.574653,21:59:53.574681,21:59:53.580572,21:59:53.580595,21:59:53.586154,21:59:53.122836,21:59:53.122927,21:59:53.115327
8,leak,21:59:57.840120,21:59:57.840120,21:59:57.840531,21:59:57.840531,21:59:57.841671,21:59:57.841671,21:59:57.843904,21:59:57.843904,21:59:57.858718,21:59:57.858736,21:59:57.874953,21:59:57.883482,21:59:58.307911,21:59:58.307939,21:59:58.313767,21:59:58.313789,21:59:58.318986,21:59:57.848452,21:59:57.848565,21:59:57.841144
8,leak,22:00:02.570349,22:00:02.570349,22:00:02.570704,22:00:02.570704,22:00:02.571934,22:00:02.571934,22:00:02.573470,22:00:02.573470,22:00:02.582754,22:00:02.582772,22:00:02.597086,22:00:02.605687,22:00:03.028933,22:00:03.028962,22:00:03.035110,22:00:03.035132,22:00:03.040495,22:00:02.578522,22:00:02.578616,22:00:02.571298
8,leak,22:00:07.273846,22:00:07.273846,22:00:07.274217,22:00:07.274217,22:00:07.275371,22:00:07.275371,22:00:07.276958,22:00:07.276958,22:00:07.286129,22:00:07.286150,22:00:07.300483,22:00:07.308500,22:00:07.730462,22:00:07.730488,22:00:07.736714,22:00:07.736738,22:00:07.742546,22:00:07.282160,22:00:07.282252,22:00:07.274819
8,leak,22:00:12.038150,22:00:12.038150,22:00:12.038504,22:00:12.038504,22:00:12.039776,22:00:12.039776,22:00:12.041275,22:00:12.041275,22:00:12.050447,22:00:12.050468,22:00:12.064529,22:00:12.073151,22:00:12.495390,22:00:12.495417,22:00:12.501427,22:00:12.501453,22:00:12.507555,22:00:12.046648,22:00:12.046730,22:00:12.039169
8,leak,22:00:16.760482,22:00:16.760482,22:00:16.760878,22:00:16.760878,22:00:16.762153,22:00:16.762153,22:00:16.763592,22:00:16.763592,22:00:16.772932,22:00:16.772953,22:00:16.786787,22:00:16.795259,22:00:17.218638,22:00:17.218666,22:00:17.224627,22:00:17.224653,22:00:17.230170,22:00:16.768891,22:00:16.769002,22:00:16.761575
8,leak,22:00:21.466748,22:00:21.466748,22:00:21.467110,22:00:21.467110,22:00:21.468169,22:00:21.468169,22:00:21.469466,22:00:21.469466,22:00:21.478673,22:00:21.478698,22:00:21.492424,22:00:21.501004,22:00:21.927543,22:00:21.927571,22:00:21.934247,22:00:21.934272,22:00:21.940864,22:00:21.475159,22:00:21.475250,22:00:21.467693
8,leak,22:00:26.187925,22:00:26.187925,22:00:26.188280,22:00:26.188280,22:00:26.189401,22:00:26.189401,22:00:26.190799,22:00:26.190799,22:00:26.199942,22:00:26.199963,22:00:26.213901,22:00:26.222105,22:00:26.646317,22:00:26.646348,22:00:26.653132,22:00:26.653159,22:00:26.658735,22:00:26.196222,22:00:26.196317,22:00:26.188922
8,leak,22:00:30.898699,22:00:30.898699,22:00:30.899048,22:00:30.899048,22:00:30.900203,22:00:30.900203,22:00:30.901723,22:00:30.901723,22:00:30.910947,22:00:30.910968,22:00:30.924459,22:00:30.933010,22:00:31.355432,22:00:31.355464,22:00:31.361807,22:00:31.361834,22:00:31.367938,22:00:30.907127,22:00:30.909132,22:00:30.899657
8,leak,22:00:35.678305,22:00:35.678305,22:00:35.678647,22:00:35.678647,22:00:35.679809,22:00:35.679809,22:00:35.681127,22:00:35.681127,22:00:35.693090,22:00:35.693110,22:00:35.714461,22:00:35.722576,22:00:36.145384,22:00:36.145413,22:00:36.151600,22:00:36.151624,22:00:36.157727,22:00:35.686844,22:00:35.686941,22:00:35.679257
8,leak,22:00:40.394555,22:00:40.394555,22:00:40.394930,22:00:40.394930,22:00:40.396001,22:00:40.396001,22:00:40.397359,22:00:40.397359,22:00:40.406682,22:00:40.406714,22:00:40.420831,22:00:40.428848,22:00:40.852096,22:00:40.852125,22:00:40.857875,22:00:40.857898,22:00:40.862963,22:00:40.403011,22:00:40.403138,22:00:40.395493
8,leak,22:00:45.103964,22:00:45.103964,22:00:45.104315,22:00:45.104315,22:00:45.105471,22:00:45.105471,22:00:45.106977,22:00:45.106977,22:00:45.116572,22:00:45.116594,22:00:45.130304,22:00:45.138897,22:00:45.562680,22:00:45.562723,22:00:45.569163,22:00:45.569186,22:00:45.574422,22:00:45.112575,22:00:45.112713,22:00:45.104925
8,leak,22:00:49.812439,22:00:49.812439,22:00:49.812797,22:00:49.812797,22:00:49.813916,22:00:49.813916,22:00:49.815389,22:00:49.815389,22:00:49.824533,22:00:49.824554,22:00:49.838942,22:00:49.847698,22:00:50.271429,22:00:50.271457,22:00:50.277273,22:00:50.277297,22:00:50.282832,22:00:49.820896,22:00:49.820979,22:00:49.813415
8,safe,22:00:54.522067,22:00:54.522067,22:00:54.522425,22:00:54.522425,22:00:54.523673,22:00:54.523673,22:00:54.525256,22:00:54.525256,22:00:54.534650,22:00:54.534672,22:00:54.550656,22:00:54.560791,22:00:54.994272,22:00:54.994310,22:00:55.004186,22:00:55.004245,22:00:55.011462,22:00:54.530424,22:00:54.530520,22:00:54.523103
8,leak,22:00:59.700855,22:00:59.700855,22:00:59.701179,22:00:59.701179,22:00:59.702228,22:00:59.702228,22:00:59.704648,22:00:59.704648,22:00:59.713924,22:00:59.713943,22:00:59.728555,22:00:59.737027,22:01:00.160051,22:01:00.160081,22:01:00.166038,22:01:00.166060,22:01:00.171368,22:00:59.730231,22:00:59.730369,22:00:59.701762
8,leak,22:01:03.000404,22:01:03.000404,22:01:03.000718,22:01:03.000718,22:01:03.001787,22:01:03.001787,22:01:03.003070,22:01:03.003070,22:01:03.012209,22:01:03.012233,22:01:03.025755,22:01:03.034391,22:01:03.451794,22:01:03.451822,22:01:03.458298,22:01:03.458328,22:01:03.464671,22:01:03.008820,22:01:03.008907,22:01:03.001296
8,leak,22:01:07.782263,22:01:07.782263,22:01:07.782611,22:01:07.782611,22:01:07.783776,22:01:07.783776,22:01:07.785260,22:01:07.785260,22:01:07.794581,22:01:07.794602,22:01:07.808809,22:01:07.817158,22:01:08.242127,22:01:08.242158,22:01:08.248298,22:01:08.248320,22:01:08.254302,22:01:07.790560,22:01:07.790681,22:01:07.783226
8,leak,22:01:12.493415,22:01:12.493415,22:01:12.493766,22:01:12.493766,22:01:12.494911,22:01:12.494911,22:01:12.496441,22:01:12.496441,22:01:12.505754,22:01:12.505774,22:01:12.521410,22:01:12.531529,22:01:12.954756,22:01:12.954784,22:01:12.960794,22:01:12.960818,22:01:12.966130,22:01:12.501744,22:01:12.501837,22:01:12.494386
8,leak,22:01:17.270151,22:01:17.270151,22:01:17.270495,22:01:17.270495,22:01:17.271532,22:01:17.271532,22:01:17.273051,22:01:17.273051,22:01:17.282446,22:01:17.282467,22:01:17.296383,22:01:17.306219,22:01:17.728584,22:01:17.728610,22:01:17.734476,22:01:17.734501,22:01:17.740312,22:01:17.278506,22:01:17.278604,22:01:17.271048
8,leak,22:01:21.973915,22:01:21.973915,22:01:21.974274,22:01:21.974274,22:01:21.975363,22:01:21.975363,22:01:21.976718,22:01:21.976718,22:01:21.985930,22:01:21.985954,22:01:22.001334,22:01:22.009878,22:01:22.431003,22:01:22.431031,22:01:22.436872,22:01:22.436894,22:01:22.442671,22:01:21.982305,22:01:21.982399,22:01:21.974867
8,leak,22:01:26.756461,22:01:26.756461,22:01:26.756834,22:01:26.756834,22:01:26.758094,22:01:26.758094,22:01:26.759565,22:01:26.759565,22:01:26.769374,22:01:26.769396,22:01:26.783687,22:01:26.791871,22:01:27.215848,22:01:27.215878,22:01:27.223449,22:01:27.223475,22:01:27.229501,22:01:26.764728,22:01:26.764811,22:01:26.757420
8,leak,22:01:31.470160,22:01:31.470160,22:01:31.470466,22:01:31.470466,22:01:31.471516,22:01:31.471516,22:01:31.472792,22:01:31.472792,22:01:31.481956,22:01:31.481974,22:01:31.503537,22:01:31.511879,22:01:31.934192,22:01:31.934220,22:01:31.940143,22:01:31.940167,22:01:31.945376,22:01:31.478815,22:01:31.478897,22:01:31.471043
8,leak,22:01:36.213729,22:01:36.213729,22:01:36.214066,22:01:36.214066,22:01:36.215176,22:01:36.215176,22:01:36.216701,22:01:36.216701,22:01:36.226387,22:01:36.226405,22:01:36.241157,22:01:36.249788,22:01:36.674256,22:01:36.674287,22:01:36.680513,22:01:36.680541,22:01:36.686130,22:01:36.222438,22:01:36.222541,22:01:36.214685
8,leak,22:01:40.993306,22:01:40.993306,22:01:40.993680,22:01:40.993680,22:01:40.995211,22:01:40.995211,22:01:40.996768,22:01:40.996768,22:01:41.010206,22:01:41.010226,22:01:41.025431,22:01:41.033861,22:01:41.456896,22:01:41.456924,22:01:41.463331,22:01:41.463358,22:01:41.469251,22:01:41.001697,22:01:41.001968,22:01:40.994706
8,leak,22:01:45.711784,22:01:45.711784,22:01:45.712159,22:01:45.712159,22:01:45.713313,22:01:45.713313,22:01:45.714732,22:01:45.714732,22:01:45.724046,22:01:45.724065,22:01:45.738913,22:01:45.746971,22:01:46.171645,22:01:46.171678,22:01:46.177796,22:01:46.177822,22:01:46.183617,22:01:45.720048,22:01:45.720140,22:01:45.712786
8,leak,22:01:50.490888,22:01:50.490888,22:01:50.491233,22:01:50.491233,22:01:50.492428,22:01:50.492428,22:01:50.493783,22:01:50.493783,22:01:50.503576,22:01:50.503598,22:01:50.517027,22:01:50.525396,22:01:50.948592,22:01:50.948621,22:01:50.955203,22:01:50.955224,22:01:50.960461,22:01:50.499516,22:01:50.499618,22:01:50.491803
8,leak,22:01:55.193656,22:01:55.193656,22:01:55.194048,22:01:55.194048,22:01:55.195330,22:01:55.195330,22:01:55.196796,22:01:55.196796,22:01:55.211586,22:01:55.211609,22:01:55.224997,22:01:55.233087,22:01:55.657786,22:01:55.657813,22:01:55.664304,22:01:55.664329,22:01:55.671141,22:01:55.201901,22:01:55.202011,22:01:55.194691
8,safe,22:01:59.941792,22:01:59.941792,22:01:59.942116,22:01:59.942116,22:01:59.943342,22:01:59.943342,22:01:59.944734,22:01:59.944734,22:01:59.959031,22:01:59.959052,22:01:59.973344,22:01:59.981739,22:02:00.405475,22:02:00.405503,22:02:00.411524,22:02:00.411548,22:02:00.417133,22:01:59.950093,22:01:59.950191,22:01:59.942771
8,safe,22:02:05.085974,22:02:05.085974,22:02:05.086561,22:02:05.086561,22:02:05.087958,22:02:05.087958,22:02:05.090196,22:02:05.090196,22:02:05.100805,22:02:05.100841,22:02:05.119260,22:02:05.130897,22:02:05.556179,22:02:05.556206,22:02:05.562045,22:02:05.562067,22:02:05.567330,22:02:05.112475,22:02:05.112635,22:02:05.087344
8,leak,22:02:10.270873,22:02:10.270873,22:02:10.271229,22:02:10.271229,22:02:10.272311,22:02:10.272311,22:02:10.274473,22:02:10.274473,22:02:10.283764,22:02:10.283785,22:02:10.299012,22:02:10.309426,22:02:10.730221,22:02:10.730252,22:02:10.736651,22:02:10.736672,22:02:10.742768,22:02:10.296654,22:02:10.296780,22:02:10.271851
8,leak,22:02:14.988876,22:02:14.988876,22:02:14.989934,22:02:14.989934,22:02:14.991625,22:02:14.991625,22:02:14.993440,22:02:14.993440,22:02:15.008027,22:02:15.008101,22:02:15.032228,22:02:15.044438,22:02:15.477265,22:02:15.477295,22:02:15.483379,22:02:15.483402,22:02:15.488680,22:02:14.996926,22:02:14.997054,22:02:14.991002
8,leak,22:02:18.594475,22:02:18.594475,22:02:18.594868,22:02:18.594868,22:02:18.596032,22:02:18.596032,22:02:18.597398,22:02:18.597398,22:02:18.607351,22:02:18.607376,22:02:18.622462,22:02:18.631074,22:02:19.050649,22:02:19.050677,22:02:19.056633,22:02:19.056659,22:02:19.062327,22:02:18.603526,22:02:18.603607,22:02:18.595500
8,safe,22:02:21.737147,22:02:21.737147,22:02:21.737510,22:02:21.737510,22:02:21.738761,22:02:21.738761,22:02:21.740246,22:02:21.740246,22:02:21.756864,22:02:21.756885,22:02:21.771357,22:02:21.780990,22:02:22.200888,22:02:22.200915,22:02:22.206992,22:02:22.207016,22:02:22.213077,22:02:21.745929,22:02:21.746033,22:02:21.738138
8,leak,22:02:26.995128,22:02:26.995128,22:02:26.995588,22:02:26.995588,22:02:26.997060,22:02:26.997060,22:02:26.999649,22:02:26.999649,22:02:27.013824,22:02:27.013875,22:02:27.036716,22:02:27.045440,22:02:27.470109,22:02:27.470140,22:02:27.477968,22:02:27.477992,22:02:27.483747,22:02:27.004703,22:02:27.004928,22:02:26.996448
8,leak,22:02:31.724157,22:02:31.724157,22:02:31.724486,22:02:31.724486,22:02:31.725647,22:02:31.725647,22:02:31.727148,22:02:31.727148,22:02:31.736277,22:02:31.736298,22:02:31.750848,22:02:31.760465,22:02:32.183365,22:02:32.183392,22:02:32.189254,22:02:32.189275,22:02:32.194569,22:02:31.732473,22:02:31.732570,22:02:31.725085
8,leak,22:02:36.511900,22:02:36.511900,22:02:36.512210,22:02:36.512210,22:02:36.513270,22:02:36.513270,22:02:36.514691,22:02:36.514691,22:02:36.524459,22:02:36.524482,22:02:36.538269,22:02:36.546249,22:02:36.970433,22:02:36.970462,22:02:36.976477,22:02:36.976501,22:02:36.981725,22:02:36.520390,22:02:36.520487,22:02:36.512785
8,leak,22:02:41.223643,22:02:41.223643,22:02:41.223966,22:02:41.223966,22:02:41.225047,22:02:41.225047,22:02:41.226502,22:02:41.226502,22:02:41.240997,22:02:41.241018,22:02:41.254871,22:02:41.262783,22:02:41.685339,22:02:41.685365,22:02:41.691438,22:02:41.691461,22:02:41.696779,22:02:41.231781,22:02:41.231863,22:02:41.224520
8,leak,22:02:45.952106,22:02:45.952106,22:02:45.952448,22:02:45.952448,22:02:45.953600,22:02:45.953600,22:02:45.955049,22:02:45.955049,22:02:45.964571,22:02:45.964591,22:02:45.978605,22:02:45.986932,22:02:46.408637,22:02:46.408668,22:02:46.414664,22:02:46.414685,22:02:46.419658,22:02:45.960467,22:02:45.960564,22:02:45.953089
8,safe,22:02:49.672973,22:02:49.672973,22:02:49.673362,22:02:49.673362,22:02:49.674495,22:02:49.674495,22:02:49.675878,22:02:49.675878,22:02:49.685074,22:02:49.685095,22:02:49.699422,22:02:49.707729,22:02:50.127774,22:02:50.127803,22:02:50.133970,22:02:50.134000,22:02:50.139559,22:02:49.681338,22:02:49.681430,22:02:49.673947
8,leak,22:02:54.776938,22:02:54.776938,22:02:54.777305,22:02:54.777305,22:02:54.778468,22:02:54.778468,22:02:54.780835,22:02:54.780835,22:02:54.790092,22:02:54.790114,22:02:54.804001,22:02:54.812275,22:02:55.241316,22:02:55.241347,22:02:55.247631,22:02:55.247657,22:02:55.253462,22:02:54.802466,22:02:54.802565,22:02:54.777919
8,leak,22:02:59.501372,22:02:59.501372,22:02:59.501686,22:02:59.501686,22:02:59.502667,22:02:59.502667,22:02:59.504139,22:02:59.504139,22:02:59.513621,22:02:59.513650,22:02:59.528209,22:02:59.536767,22:02:59.959322,22:02:59.959353,22:02:59.965959,22:02:59.965986,22:02:59.971820,22:02:59.509960,22:02:59.510056,22:02:59.502203
8,safe,22:03:04.211440,22:03:04.211440,22:03:04.211849,22:03:04.211849,22:03:04.212909,22:03:04.212909,22:03:04.214336,22:03:04.214336,22:03:04.223953,22:03:04.223975,22:03:04.238313,22:03:04.246686,22:03:04.671365,22:03:04.671396,22:03:04.677648,22:03:04.677669,22:03:04.683155,22:03:04.219755,22:03:04.219851,22:03:04.212434
8,leak,22:03:09.306671,22:03:09.306671,22:03:09.307018,22:03:09.307018,22:03:09.308237,22:03:09.308237,22:03:09.310565,22:03:09.310565,22:03:09.319778,22:03:09.319799,22:03:09.332896,22:03:09.341227,22:03:09.763066,22:03:09.763095,22:03:09.769389,22:03:09.769417,22:03:09.775709,22:03:09.338245,22:03:09.338371,22:03:09.307689
8,leak,22:03:14.026807,22:03:14.026807,22:03:14.027169,22:03:14.027169,22:03:14.028431,22:03:14.028431,22:03:14.029931,22:03:14.029931,22:03:14.039412,22:03:14.039504,22:03:14.053960,22:03:14.063217,22:03:14.488123,22:03:14.488158,22:03:14.493845,22:03:14.493868,22:03:14.499384,22:03:14.035646,22:03:14.035833,22:03:14.027896
8,leak,22:03:18.747769,22:03:18.747769,22:03:18.748110,22:03:18.748110,22:03:18.749252,22:03:18.749252,22:03:18.750765,22:03:18.750765,22:03:18.760342,22:03:18.760363,22:03:18.775088,22:03:18.783332,22:03:19.207443,22:03:19.207503,22:03:19.213495,22:03:19.213517,22:03:19.218862,22:03:18.756364,22:03:18.756493,22:03:18.748708
8,leak,22:03:23.451518,22:03:23.451518,22:03:23.451820,22:03:23.451820,22:03:23.452822,22:03:23.452822,22:03:23.454195,22:03:23.454195,22:03:23.464543,22:03:23.464563,22:03:23.488791,22:03:23.497397,22:03:23.920677,22:03:23.920708,22:03:23.926473,22:03:23.926494,22:03:23.931683,22:03:23.459991,22:03:23.460084,22:03:23.452359
8,leak,22:03:28.242267,22:03:28.242267,22:03:28.242615,22:03:28.242615,22:03:28.243751,22:03:28.243751,22:03:28.245190,22:03:28.245190,22:03:28.255205,22:03:28.255225,22:03:28.270908,22:03:28.280364,22:03:28.702298,22:03:28.702326,22:03:28.708692,22:03:28.708714,22:03:28.714781,22:03:28.250527,22:03:28.250609,22:03:28.243169
8,leak,22:03:32.942678,22:03:32.942678,22:03:32.943028,22:03:32.943028,22:03:32.944166,22:03:32.944166,22:03:32.945546,22:03:32.945546,22:03:32.955584,22:03:32.955613,22:03:32.970509,22:03:32.980234,22:03:33.402506,22:03:33.402535,22:03:33.408233,22:03:33.408253,22:03:33.413543,22:03:32.951342,22:03:32.951434,22:03:32.943667
8,leak,22:03:37.662204,22:03:37.662204,22:03:37.662592,22:03:37.662592,22:03:37.663741,22:03:37.663741,22:03:37.665110,22:03:37.665110,22:03:37.679410,22:03:37.679431,22:03:37.693234,22:03:37.701634,22:03:38.126050,22:03:38.126083,22:03:38.133074,22:03:38.133100,22:03:38.138587,22:03:37.670499,22:03:37.670593,22:03:37.663214
8,leak,22:03:42.396991,22:03:42.396991,22:03:42.397356,22:03:42.397356,22:03:42.398524,22:03:42.398524,22:03:42.399952,22:03:42.399952,22:03:42.414644,22:03:42.414666,22:03:42.428030,22:03:42.436497,22:03:42.862326,22:03:42.862359,22:03:42.868320,22:03:42.868343,22:03:42.874219,22:03:42.405407,22:03:42.405503,22:03:42.398001
8,leak,22:03:46.040352,22:03:46.040352,22:03:46.040713,22:03:46.040713,22:03:46.041977,22:03:46.041977,22:03:46.043759,22:03:46.043759,22:03:46.057748,22:03:46.057807,22:03:46.071662,22:03:46.080152,22:03:46.498323,22:03:46.498358,22:03:46.506137,22:03:46.506159,22:03:46.511807,22:03:46.048442,22:03:46.048557,22:03:46.041384
8,leak,22:03:50.758525,22:03:50.758525,22:03:50.758902,22:03:50.758902,22:03:50.760237,22:03:50.760237,22:03:50.761758,22:03:50.761758,22:03:50.775619,22:03:50.775641,22:03:50.788973,22:03:50.797164,22:03:51.219772,22:03:51.219801,22:03:51.225859,22:03:51.225885,22:03:51.231198,22:03:50.766925,22:03:50.767024,22:03:50.759536
8,leak,22:03:55.516069,22:03:55.516069,22:03:55.516377,22:03:55.516377,22:03:55.517591,22:03:55.517591,22:03:55.519007,22:03:55.519007,22:03:55.528263,22:03:55.528286,22:03:55.541966,22:03:55.550437,22:03:55.976280,22:03:55.976307,22:03:55.982201,22:03:55.982225,22:03:55.987748,22:03:55.524604,22:03:55.524686,22:03:55.516974
8,leak,22:04:00.231375,22:04:00.231375,22:04:00.231751,22:04:00.231751,22:04:00.233016,22:04:00.233016,22:04:00.234476,22:04:00.234476,22:04:00.243818,22:04:00.243838,22:04:00.257628,22:04:00.266034,22:04:00.688738,22:04:00.688765,22:04:00.694861,22:04:00.694883,22:04:00.701421,22:04:00.239669,22:04:00.239789,22:04:00.232358
8,leak,22:04:04.942882,22:04:04.942882,22:04:04.943295,22:04:04.943295,22:04:04.944746,22:04:04.944746,22:04:04.946655,22:04:04.946655,22:04:04.961736,22:04:04.961801,22:04:04.982574,22:04:04.996480,22:04:05.435654,22:04:05.435681,22:04:05.441941,22:04:05.441968,22:04:05.447598,22:04:04.951430,22:04:04.951543,22:04:04.944150
8,leak,22:04:09.696657,22:04:09.696657,22:04:09.697073,22:04:09.697073,22:04:09.698486,22:04:09.698486,22:04:09.699963,22:04:09.699963,22:04:09.716339,22:04:09.716373,22:04:09.730782,22:04:09.739295,22:04:10.163475,22:04:10.163503,22:04:10.169560,22:04:10.169583,22:04:10.175322,22:04:09.705172,22:04:09.705293,22:04:09.697860
8,safe,22:04:14.430397,22:04:14.430397,22:04:14.430719,22:04:14.430719,22:04:14.431890,22:04:14.431890,22:04:14.433501,22:04:14.433501,22:04:14.442728,22:04:14.442750,22:04:14.457535,22:04:14.465999,22:04:14.888777,22:04:14.888808,22:04:14.894788,22:04:14.894810,22:04:14.900079,22:04:14.439018,22:04:14.439109,22:04:14.431325
8,safe,22:04:19.314733,22:04:19.314733,22:04:19.315078,22:04:19.315078,22:04:19.316211,22:04:19.316211,22:04:19.317744,22:04:19.317744,22:04:19.327035,22:04:19.327062,22:04:19.348228,22:04:19.356815,22:04:19.778175,22:04:19.778205,22:04:19.784088,22:04:19.784113,22:04:19.789469,22:04:19.323248,22:04:19.325223,22:04:19.315713
9,leak,22:04:24.633872,22:04:24.633872,22:04:24.634244,22:04:24.634244,22:04:24.635512,22:04:24.635512,22:04:24.637972,22:04:24.637972,22:04:24.647730,22:04:24.647752,22:04:24.663332,22:04:24.671544,22:04:25.099983,22:04:25.100013,22:04:25.108305,22:04:25.108338,22:04:25.116831,22:04:24.662444,22:04:24.662561,22:04:24.634887
9,leak,22:04:29.368078,22:04:29.368078,22:04:29.368421,22:04:29.368421,22:04:29.369663,22:04:29.369663,22:04:29.371146,22:04:29.371146,22:04:29.380372,22:04:29.380393,22:04:29.393943,22:04:29.402273,22:04:29.823720,22:04:29.823749,22:04:29.829805,22:04:29.829827,22:04:29.835043,22:04:29.377776,22:04:29.377868,22:04:29.369035
9,leak,22:04:34.183858,22:04:34.183858,22:04:34.184287,22:04:34.184287,22:04:34.185523,22:04:34.185523,22:04:34.186915,22:04:34.186915,22:04:34.248684,22:04:34.248708,22:04:34.262190,22:04:34.270533,22:04:34.697062,22:04:34.697092,22:04:34.703321,22:04:34.703343,22:04:34.709525,22:04:34.193299,22:04:34.193397,22:04:34.184951
9,leak,22:04:39.074851,22:04:39.074851,22:04:39.075225,22:04:39.075225,22:04:39.076479,22:04:39.076479,22:04:39.077889,22:04:39.077889,22:04:39.145753,22:04:39.145783,22:04:39.159739,22:04:39.169315,22:04:39.591162,22:04:39.591190,22:04:39.597626,22:04:39.597649,22:04:39.604042,22:04:39.084371,22:04:39.084477,22:04:39.075903
9,leak,22:04:43.923602,22:04:43.923602,22:04:43.923910,22:04:43.923910,22:04:43.924996,22:04:43.924996,22:04:43.926371,22:04:43.926371,22:04:43.993854,22:04:43.993884,22:04:44.007374,22:04:44.015796,22:04:44.436222,22:04:44.436250,22:04:44.442770,22:04:44.442796,22:04:44.448561,22:04:43.933225,22:04:43.933323,22:04:43.924510
9,leak,22:04:48.862316,22:04:48.862316,22:04:48.862658,22:04:48.862658,22:04:48.863785,22:04:48.863785,22:04:48.865272,22:04:48.865272,22:04:48.932800,22:04:48.932828,22:04:48.946736,22:04:48.955921,22:04:49.387230,22:04:49.387261,22:04:49.392996,22:04:49.393016,22:04:49.398034,22:04:48.871544,22:04:48.871627,22:04:48.863239
9,leak,22:04:53.767743,22:04:53.767743,22:04:53.768096,22:04:53.768096,22:04:53.769336,22:04:53.769336,22:04:53.770840,22:04:53.770840,22:04:53.837524,22:04:53.837549,22:04:53.851491,22:04:53.861033,22:04:54.283577,22:04:54.283608,22:04:54.289369,22:04:54.289389,22:04:54.294716,22:04:53.777542,22:04:53.777643,22:04:53.768787
9,leak,22:04:58.510984,22:04:58.510984,22:04:58.511287,22:04:58.511287,22:04:58.512499,22:04:58.512499,22:04:58.513893,22:04:58.513893,22:04:58.575171,22:04:58.575200,22:04:58.588845,22:04:58.596921,22:04:59.020108,22:04:59.020140,22:04:59.026468,22:04:59.026493,22:04:59.032312,22:04:58.520636,22:04:58.520746,22:04:58.511934
9,leak,22:05:01.700192,22:05:01.700192,22:05:01.700506,22:05:01.700506,22:05:01.701660,22:05:01.701660,22:05:01.703257,22:05:01.703257,22:05:01.766341,22:05:01.766367,22:05:01.780322,22:05:01.788619,22:05:02.205391,22:05:02.205418,22:05:02.211412,22:05:02.211436,22:05:02.217116,22:05:01.709497,22:05:01.709594,22:05:01.701091
9,leak,22:05:06.566056,22:05:06.566056,22:05:06.566469,22:05:06.566469,22:05:06.567695,22:05:06.567695,22:05:06.569142,22:05:06.569142,22:05:06.637679,22:05:06.637709,22:05:06.651485,22:05:06.659738,22:05:07.083272,22:05:07.083303,22:05:07.089855,22:05:07.089884,22:05:07.095924,22:05:06.575203,22:05:06.575301,22:05:06.567135
9,leak,22:05:11.515066,22:05:11.515066,22:05:11.515383,22:05:11.515383,22:05:11.516450,22:05:11.516450,22:05:11.517767,22:05:11.517767,22:05:11.585445,22:05:11.585476,22:05:11.598673,22:05:11.606678,22:05:12.029096,22:05:12.029126,22:05:12.034847,22:05:12.034868,22:05:12.039940,22:05:11.524586,22:05:11.524687,22:05:11.515987
9,leak,22:05:16.397814,22:05:16.397814,22:05:16.398166,22:05:16.398166,22:05:16.399256,22:05:16.399256,22:05:16.400679,22:05:16.400679,22:05:16.462068,22:05:16.462088,22:05:16.482970,22:05:16.491556,22:05:16.914306,22:05:16.914334,22:05:16.920604,22:05:16.920630,22:05:16.926663,22:05:16.407150,22:05:16.407245,22:05:16.398719
9,leak,22:05:21.281178,22:05:21.281178,22:05:21.281538,22:05:21.281538,22:05:21.282813,22:05:21.282813,22:05:21.284281,22:05:21.284281,22:05:21.352359,22:05:21.352383,22:05:21.366751,22:05:21.375000,22:05:21.795535,22:05:21.795563,22:05:21.801657,22:05:21.801683,22:05:21.807122,22:05:21.290811,22:05:21.290912,22:05:21.282233
9,leak,22:05:26.164808,22:05:26.164808,22:05:26.165137,22:05:26.165137,22:05:26.166265,22:05:26.166265,22:05:26.167661,22:05:26.167661,22:05:26.235342,22:05:26.235375,22:05:26.249541,22:05:26.258193,22:05:26.682180,22:05:26.682207,22:05:26.688297,22:05:26.688323,22:05:26.694178,22:05:26.174416,22:05:26.174513,22:05:26.165708
9,leak,22:05:31.037324,22:05:31.037324,22:05:31.037654,22:05:31.037654,22:05:31.038902,22:05:31.038902,22:05:31.040302,22:05:31.040302,22:05:31.102712,22:05:31.102742,22:05:31.116406,22:05:31.124697,22:05:31.548496,22:05:31.548528,22:05:31.555035,22:05:31.555057,22:05:31.560554,22:05:31.046698,22:05:31.046796,22:05:31.038351
9,leak,22:05:34.897906,22:05:34.897906,22:05:34.898275,22:05:34.898275,22:05:34.899595,22:05:34.899595,22:05:34.901108,22:05:34.901108,22:05:34.962895,22:05:34.962942,22:05:34.977073,22:05:34.986816,22:05:35.419885,22:05:35.419913,22:05:35.426066,22:05:35.426089,22:05:35.431620,22:05:34.907502,22:05:34.907625,22:05:34.899020
9,leak,22:05:39.840859,22:05:39.840859,22:05:39.841304,22:05:39.841304,22:05:39.842746,22:05:39.842746,22:05:39.844191,22:05:39.844191,22:05:39.936927,22:05:39.936961,22:05:39.950695,22:05:39.960197,22:05:40.389956,22:05:40.389985,22:05:40.396020,22:05:40.396043,22:05:40.401712,22:05:39.850430,22:05:39.850540,22:05:39.842200
9,leak,22:05:44.647600,22:05:44.647600,22:05:44.647994,22:05:44.647994,22:05:44.649428,22:05:44.649428,22:05:44.650966,22:05:44.650966,22:05:44.663113,22:05:44.663136,22:05:44.676941,22:05:44.686349,22:05:45.114930,22:05:45.115202,22:05:45.127141,22:05:45.127196,22:05:45.135820,22:05:44.657021,22:05:44.657119,22:05:44.648855
9,leak,22:05:49.310108,22:05:49.310108,22:05:49.310461,22:05:49.310461,22:05:49.311635,22:05:49.311635,22:05:49.313087,22:05:49.313087,22:05:49.322687,22:05:49.322705,22:05:49.337133,22:05:49.345187,22:05:49.766863,22:05:49.766890,22:05:49.772968,22:05:49.772992,22:05:49.779039,22:05:49.319406,22:05:49.319498,22:05:49.311074
9,leak,22:05:54.010669,22:05:54.010669,22:05:54.011026,22:05:54.011026,22:05:54.012174,22:05:54.012174,22:05:54.013505,22:05:54.013505,22:05:54.023364,22:05:54.023386,22:05:54.036968,22:05:54.045324,22:05:54.468067,22:05:54.468095,22:05:54.474185,22:05:54.474211,22:05:54.479896,22:05:54.020208,22:05:54.020314,22:05:54.011652
9,leak,22:05:58.734242,22:05:58.734242,22:05:58.734587,22:05:58.734587,22:05:58.735660,22:05:58.735660,22:05:58.737132,22:05:58.737132,22:05:58.749940,22:05:58.749960,22:05:58.763925,22:05:58.771856,22:05:59.195976,22:05:59.196003,22:05:59.202197,22:05:59.202222,22:05:59.208327,22:05:58.743660,22:05:58.743757,22:05:58.735190
9,leak,22:06:03.445799,22:06:03.445799,22:06:03.446160,22:06:03.446160,22:06:03.447352,22:06:03.447352,22:06:03.448842,22:06:03.448842,22:06:03.458159,22:06:03.458187,22:06:03.472950,22:06:03.481383,22:06:03.903410,22:06:03.903440,22:06:03.909808,22:06:03.909830,22:06:03.916515,22:06:03.455638,22:06:03.455737,22:06:03.446727
9,leak,22:06:08.239094,22:06:08.239094,22:06:08.239452,22:06:08.239452,22:06:08.240599,22:06:08.240599,22:06:08.242029,22:06:08.242029,22:06:08.252403,22:06:08.252424,22:06:08.265912,22:06:08.273993,22:06:08.695734,22:06:08.695765,22:06:08.701926,22:06:08.701950,22:06:08.707478,22:06:08.248579,22:06:08.248673,22:06:08.240013
9,leak,22:06:12.975428,22:06:12.975428,22:06:12.976037,22:06:12.976037,22:06:12.977635,22:06:12.977635,22:06:12.979235,22:06:12.979235,22:06:12.994187,22:06:12.994235,22:06:13.021440,22:06:13.031920,22:06:13.472469,22:06:13.472525,22:06:13.483220,22:06:13.483260,22:06:13.490984,22:06:12.984888,22:06:12.985203,22:06:12.977018
9,safe,22:06:17.796381,22:06:17.796381,22:06:17.796767,22:06:17.796767,22:06:17.797841,22:06:17.797841,22:06:17.799402,22:06:17.799402,22:06:17.808792,22:06:17.808815,22:06:17.824728,22:06:17.833352,22:06:18.254982,22:06:18.255018,22:06:18.260824,22:06:18.260858,22:06:18.266286,22:06:17.805936,22:06:17.806042,22:06:17.797385
9,safe,22:06:22.858286,22:06:22.858286,22:06:22.858757,22:06:22.858757,22:06:22.860141,22:06:22.860141,22:06:22.862461,22:06:22.862461,22:06:22.872529,22:06:22.872555,22:06:22.887662,22:06:22.896343,22:06:23.320561,22:06:23.320592,22:06:23.326871,22:06:23.326894,22:06:23.333375,22:06:22.868323,22:06:22.868428,22:06:22.859567
9,leak,22:06:28.002766,22:06:28.002766,22:06:28.003180,22:06:28.003180,22:06:28.004283,22:06:28.004283,22:06:28.006418,22:06:28.006418,22:06:28.016153,22:06:28.016174,22:06:28.030154,22:06:28.039094,22:06:28.463895,22:06:28.463926,22:06:28.469932,22:06:28.469956,22:06:28.475819,22:06:28.028950,22:06:28.029080,22:06:28.003814
9,leak,22:06:32.720391,22:06:32.720391,22:06:32.720734,22:06:32.720734,22:06:32.721883,22:06:32.721883,22:06:32.723412,22:06:32.723412,22:06:32.732838,22:06:32.732861,22:06:32.747077,22:06:32.755050,22:06:33.179288,22:06:33.179315,22:06:33.184997,22:06:33.185020,22:06:33.190424,22:06:32.729566,22:06:32.729663,22:06:32.721318
9,leak,22:06:37.496514,22:06:37.496514,22:06:37.496980,22:06:37.496980,22:06:37.498447,22:06:37.498447,22:06:37.499844,22:06:37.499844,22:06:37.511246,22:06:37.511270,22:06:37.526478,22:06:37.536063,22:06:37.961917,22:06:37.961944,22:06:37.967665,22:06:37.967685,22:06:37.972951,22:06:37.506129,22:06:37.506243,22:06:37.497879
9,safe,22:06:42.390524,22:06:42.390524,22:06:42.390831,22:06:42.390831,22:06:42.391951,22:06:42.391951,22:06:42.393306,22:06:42.393306,22:06:42.402563,22:06:42.402584,22:06:42.416669,22:06:42.425493,22:06:42.847943,22:06:42.847976,22:06:42.854552,22:06:42.854579,22:06:42.860376,22:06:42.399888,22:06:42.399980,22:06:42.391347
9,leak,22:06:47.677762,22:06:47.677762,22:06:47.678102,22:06:47.678102,22:06:47.679411,22:06:47.679411,22:06:47.681878,22:06:47.681878,22:06:47.691511,22:06:47.691533,22:06:47.705910,22:06:47.715835,22:06:48.138485,22:06:48.138515,22:06:48.144572,22:06:48.144597,22:06:48.151423,22:06:47.704634,22:06:47.704754,22:06:47.678820
9,leak,22:06:52.400799,22:06:52.400799,22:06:52.401174,22:06:52.401174,22:06:52.402415,22:06:52.402415,22:06:52.403766,22:06:52.403766,22:06:52.412874,22:06:52.412895,22:06:52.427585,22:06:52.436822,22:06:52.859185,22:06:52.859212,22:06:52.865399,22:06:52.865423,22:06:52.870887,22:06:52.410026,22:06:52.410121,22:06:52.401855
9,leak,22:06:57.135969,22:06:57.135969,22:06:57.136325,22:06:57.136325,22:06:57.137459,22:06:57.137459,22:06:57.138840,22:06:57.138840,22:06:57.148174,22:06:57.148198,22:06:57.161879,22:06:57.170390,22:06:57.599490,22:06:57.599517,22:06:57.605758,22:06:57.605783,22:06:57.611845,22:06:57.145510,22:06:57.145607,22:06:57.136938
9,leak,22:07:01.943185,22:07:01.943185,22:07:01.943491,22:07:01.943491,22:07:01.944613,22:07:01.944613,22:07:01.946033,22:07:01.946033,22:07:01.955719,22:07:01.955741,22:07:01.970555,22:07:01.980341,22:07:02.404945,22:07:02.404974,22:07:02.411165,22:07:02.411191,22:07:02.416428,22:07:01.952554,22:07:01.952645,22:07:01.944060
9,safe,22:07:06.684545,22:07:06.684545,22:07:06.684897,22:07:06.684897,22:07:06.686008,22:07:06.686008,22:07:06.687398,22:07:06.687398,22:07:06.696849,22:07:06.696870,22:07:06.710865,22:07:06.718780,22:07:07.141925,22:07:07.141960,22:07:07.148743,22:07:07.148766,22:07:07.154174,22:07:06.693918,22:07:06.694000,22:07:06.685524
9,leak,22:07:11.731609,22:07:11.731609,22:07:11.732035,22:07:11.732035,22:07:11.733395,22:07:11.733395,22:07:11.735819,22:07:11.735819,22:07:11.746020,22:07:11.746049,22:07:11.768033,22:07:11.778655,22:07:12.200561,22:07:12.200593,22:07:12.206579,22:07:12.206600,22:07:12.211971,22:07:11.766182,22:07:11.766303,22:07:11.732839
9,leak,22:07:16.476589,22:07:16.476589,22:07:16.476965,22:07:16.476965,22:07:16.478095,22:07:16.478095,22:07:16.479651,22:07:16.479651,22:07:16.489867,22:07:16.489889,22:07:16.504365,22:07:16.512699,22:07:16.937647,22:07:16.937675,22:07:16.944410,22:07:16.944433,22:07:16.950095,22:07:16.485849,22:07:16.487786,22:07:16.477559
9,leak,22:07:19.865235,22:07:19.865235,22:07:19.865591,22:07:19.865591,22:07:19.866708,22:07:19.866708,22:07:19.868067,22:07:19.868067,22:07:19.877631,22:07:19.877650,22:07:19.892427,22:07:19.900870,22:07:20.321607,22:07:20.321635,22:07:20.327883,22:07:20.327907,22:07:20.334155,22:07:19.875366,22:07:19.875465,22:07:19.866222
9,leak,22:07:24.576071,22:07:24.576071,22:07:24.576375,22:07:24.576375,22:07:24.577414,22:07:24.577414,22:07:24.578692,22:07:24.578692,22:07:24.588161,22:07:24.588179,22:07:24.601588,22:07:24.609535,22:07:25.031240,22:07:25.031267,22:07:25.037574,22:07:25.037600,22:07:25.043166,22:07:24.585837,22:07:24.585948,22:07:24.576936
9,leak,22:07:29.294617,22:07:29.294617,22:07:29.294964,22:07:29.294964,22:07:29.296103,22:07:29.296103,22:07:29.297541,22:07:29.297541,22:07:29.307119,22:07:29.307141,22:07:29.321225,22:07:29.329327,22:07:29.753066,22:07:29.753096,22:07:29.758870,22:07:29.758891,22:07:29.764231,22:07:29.304161,22:07:29.304259,22:07:29.295612
9,safe,22:07:34.000421,22:07:34.000421,22:07:34.000725,22:07:34.000725,22:07:34.002190,22:07:34.002190,22:07:34.003598,22:07:34.003598,22:07:34.012768,22:07:34.012789,22:07:34.027369,22:07:34.035624,22:07:34.460899,22:07:34.460927,22:07:34.467472,22:07:34.467498,22:07:34.472692,22:07:34.009998,22:07:34.010107,22:07:34.001597
9,leak,22:07:39.244010,22:07:39.244010,22:07:39.244360,22:07:39.244360,22:07:39.245486,22:07:39.245486,22:07:39.247682,22:07:39.247682,22:07:39.257127,22:07:39.257149,22:07:39.270656,22:07:39.279298,22:07:39.700939,22:07:39.700973,22:07:39.707674,22:07:39.707699,22:07:39.713356,22:07:39.266428,22:07:39.266718,22:07:39.244944
9,leak,22:07:43.963005,22:07:43.963005,22:07:43.963352,22:07:43.963352,22:07:43.964466,22:07:43.964466,22:07:43.965879,22:07:43.965879,22:07:43.975081,22:07:43.975098,22:07:43.988500,22:07:43.996739,22:07:44.419622,22:07:44.419653,22:07:44.425461,22:07:44.425483,22:07:44.431112,22:07:43.972392,22:07:43.972485,22:07:43.963953
9,leak,22:07:48.776640,22:07:48.776640,22:07:48.776940,22:07:48.776940,22:07:48.778254,22:07:48.778254,22:07:48.779782,22:07:48.779782,22:07:48.791599,22:07:48.791624,22:07:48.806996,22:07:48.815499,22:07:49.240358,22:07:49.240389,22:07:49.246232,22:07:49.246256,22:07:49.251594,22:07:48.786229,22:07:48.786335,22:07:48.777533
9,leak,22:07:52.484150,22:07:52.484150,22:07:52.484450,22:07:52.484450,22:07:52.485682,22:07:52.485682,22:07:52.487244,22:07:52.487244,22:07:52.497508,22:07:52.497528,22:07:52.510576,22:07:52.519248,22:07:52.939906,22:07:52.939939,22:07:52.945752,22:07:52.945777,22:07:52.952345,22:07:52.493669,22:07:52.493760,22:07:52.485006
9,leak,22:07:57.214976,22:07:57.214976,22:07:57.215324,22:07:57.215324,22:07:57.216478,22:07:57.216478,22:07:57.217882,22:07:57.217882,22:07:57.227143,22:07:57.227164,22:07:57.241717,22:07:57.253947,22:07:57.680601,22:07:57.680631,22:07:57.687040,22:07:57.687067,22:07:57.692536,22:07:57.224428,22:07:57.224521,22:07:57.215948
9,leak,22:08:01.092904,22:08:01.092904,22:08:01.093250,22:08:01.093250,22:08:01.094613,22:08:01.094613,22:08:01.096162,22:08:01.096162,22:08:01.105520,22:08:01.105551,22:08:01.119031,22:08:01.127347,22:08:01.547548,22:08:01.547577,22:08:01.553357,22:08:01.553379,22:08:01.558992,22:08:01.102480,22:08:01.102601,22:08:01.093897
9,leak,22:08:05.889380,22:08:05.889380,22:08:05.889724,22:08:05.889724,22:08:05.890820,22:08:05.890820,22:08:05.892212,22:08:05.892212,22:08:05.902095,22:08:05.902118,22:08:05.923453,22:08:05.932049,22:08:06.357168,22:08:06.357196,22:08:06.362841,22:08:06.362866,22:08:06.369197,22:08:05.898906,22:08:05.899006,22:08:05.890259
9,leak,22:08:10.617220,22:08:10.617220,22:08:10.617659,22:08:10.617659,22:08:10.618812,22:08:10.618812,22:08:10.620230,22:08:10.620230,22:08:10.629486,22:08:10.629507,22:08:10.643470,22:08:10.651582,22:08:11.075759,22:08:11.075788,22:08:11.082029,22:08:11.082057,22:08:11.088442,22:08:10.626570,22:08:10.626672,22:08:10.618258
9,leak,22:08:15.410930,22:08:15.410930,22:08:15.411360,22:08:15.411360,22:08:15.412694,22:08:15.412694,22:08:15.414193,22:08:15.414193,22:08:15.424183,22:08:15.424206,22:08:15.439147,22:08:15.447729,22:08:15.872079,22:08:15.872105,22:08:15.878195,22:08:15.878220,22:08:15.884522,22:08:15.420330,22:08:15.420435,22:08:15.412070
9,leak,22:08:20.144991,22:08:20.144991,22:08:20.145311,22:08:20.145311,22:08:20.146474,22:08:20.146474,22:08:20.147949,22:08:20.147949,22:08:20.157160,22:08:20.157177,22:08:20.170508,22:08:20.179185,22:08:20.603488,22:08:20.603518,22:08:20.609290,22:08:20.609311,22:08:20.614716,22:08:20.154382,22:08:20.154465,22:08:20.145930
9,leak,22:08:24.862653,22:08:24.862653,22:08:24.863000,22:08:24.863000,22:08:24.864185,22:08:24.864185,22:08:24.865723,22:08:24.865723,22:08:24.874994,22:08:24.875014,22:08:24.888521,22:08:24.896965,22:08:25.326472,22:08:25.326520,22:08:25.335988,22:08:25.336015,22:08:25.344246,22:08:24.872021,22:08:24.872112,22:08:24.863651
9,leak,22:08:29.599780,22:08:29.599780,22:08:29.600080,22:08:29.600080,22:08:29.601134,22:08:29.601134,22:08:29.602505,22:08:29.602505,22:08:29.611794,22:08:29.611815,22:08:29.625852,22:08:29.634483,22:08:30.056983,22:08:30.057016,22:08:30.062825,22:08:30.062845,22:08:30.068257,22:08:29.609549,22:08:29.609645,22:08:29.600586
9,leak,22:08:34.316300,22:08:34.316300,22:08:34.316657,22:08:34.316657,22:08:34.317876,22:08:34.317876,22:08:34.319288,22:08:34.319288,22:08:34.328533,22:08:34.328555,22:08:34.343707,22:08:34.352107,22:08:34.775589,22:08:34.775619,22:08:34.781879,22:08:34.781906,22:08:34.788248,22:08:34.325974,22:08:34.326078,22:08:34.317316
9,leak,22:08:39.064509,22:08:39.064509,22:08:39.064829,22:08:39.064829,22:08:39.065971,22:08:39.065971,22:08:39.067506,22:08:39.067506,22:08:39.077071,22:08:39.077101,22:08:39.091034,22:08:39.098952,22:08:39.522836,22:08:39.522867,22:08:39.528930,22:08:39.528955,22:08:39.535385,22:08:39.073929,22:08:39.074029,22:08:39.065409
9,leak,22:08:42.188033,22:08:42.188033,22:08:42.188388,22:08:42.188388,22:08:42.189566,22:08:42.189566,22:08:42.190999,22:08:42.190999,22:08:42.201217,22:08:42.201237,22:08:42.215207,22:08:42.223651,22:08:42.643547,22:08:42.643575,22:08:42.649687,22:08:42.649712,22:08:42.654892,22:08:42.197534,22:08:42.197627,22:08:42.189001
9,leak,22:08:47.015622,22:08:47.015622,22:08:47.015980,22:08:47.015980,22:08:47.017105,22:08:47.017105,22:08:47.018555,22:08:47.018555,22:08:47.028670,22:08:47.028692,22:08:47.043331,22:08:47.052447,22:08:47.475275,22:08:47.475304,22:08:47.481139,22:08:47.481159,22:08:47.486394,22:08:47.025161,22:08:47.025261,22:08:47.016614
9,leak,22:08:50.835912,22:08:50.835912,22:08:50.836297,22:08:50.836297,22:08:50.837543,22:08:50.837543,22:08:50.839154,22:08:50.839154,22:08:50.849215,22:08:50.849237,22:08:50.863756,22:08:50.873155,22:08:51.295479,22:08:51.295506,22:08:51.301567,22:08:51.301592,22:08:51.307121,22:08:50.845273,22:08:50.845350,22:08:50.836887
9,leak,22:08:55.583193,22:08:55.583193,22:08:55.583570,22:08:55.583570,22:08:55.585018,22:08:55.585018,22:08:55.586441,22:08:55.586441,22:08:55.596212,22:08:55.596241,22:08:55.610424,22:08:55.618828,22:08:56.043586,22:08:56.043619,22:08:56.049718,22:08:56.049741,22:08:56.056208,22:08:55.592585,22:08:55.592696,22:08:55.584381
9,leak,22:09:00.306591,22:09:00.306591,22:09:00.306934,22:09:00.306934,22:09:00.308035,22:09:00.308035,22:09:00.309510,22:09:00.309510,22:09:00.318733,22:09:00.318754,22:09:00.340363,22:09:00.349638,22:09:00.771964,22:09:00.771994,22:09:00.778392,22:09:00.778418,22:09:00.784887,22:09:00.315840,22:09:00.315942,22:09:00.307539
9,leak,22:09:05.034410,22:09:05.034410,22:09:05.034761,22:09:05.034761,22:09:05.035993,22:09:05.035993,22:09:05.037481,22:09:05.037481,22:09:05.046725,22:09:05.046746,22:09:05.062115,22:09:05.070407,22:09:05.500891,22:09:05.500919,22:09:05.507255,22:09:05.507283,22:09:05.513308,22:09:05.043813,22:09:05.043907,22:09:05.035426
9,leak,22:09:09.767320,22:09:09.767320,22:09:09.767674,22:09:09.767674,22:09:09.768941,22:09:09.768941,22:09:09.770418,22:09:09.770418,22:09:09.780078,22:09:09.780099,22:09:09.793677,22:09:09.802237,22:09:10.225643,22:09:10.225675,22:09:10.231316,22:09:10.231336,22:09:10.236537,22:09:09.776551,22:09:09.776646,22:09:09.768305
9,leak,22:09:14.484889,22:09:14.484889,22:09:14.485229,22:09:14.485229,22:09:14.486378,22:09:14.486378,22:09:14.487738,22:09:14.487738,22:09:14.496932,22:09:14.496953,22:09:14.510946,22:09:14.519881,22:09:14.942415,22:09:14.942447,22:09:14.948430,22:09:14.948451,22:09:14.953855,22:09:14.494480,22:09:14.494575,22:09:14.485853
9,leak,22:09:19.231655,22:09:19.231655,22:09:19.232029,22:09:19.232029,22:09:19.233439,22:09:19.233439,22:09:19.235095,22:09:19.235095,22:09:19.244935,22:09:19.244959,22:09:19.258412,22:09:19.267414,22:09:19.692097,22:09:19.692124,22:09:19.698171,22:09:19.698194,22:09:19.703398,22:09:19.241078,22:09:19.241188,22:09:19.232823
9,leak,22:09:23.813101,22:09:23.813101,22:09:23.813439,22:09:23.813439,22:09:23.814648,22:09:23.814648,22:09:23.816037,22:09:23.816037,22:09:23.826172,22:09:23.826189,22:09:23.839703,22:09:23.847760,22:09:24.270629,22:09:24.270657,22:09:24.276676,22:09:24.276700,22:09:24.282001,22:09:23.822592,22:09:23.822693,22:09:23.814086
9,leak,22:09:28.550818,22:09:28.550818,22:09:28.551173,22:09:28.551173,22:09:28.552288,22:09:28.552288,22:09:28.553776,22:09:28.553776,22:09:28.562998,22:09:28.563020,22:09:28.576822,22:09:28.585825,22:09:29.009276,22:09:29.009306,22:09:29.015430,22:09:29.015458,22:09:29.021905,22:09:28.560366,22:09:28.560464,22:09:28.551787
9,leak,22:09:33.269958,22:09:33.269958,22:09:33.270312,22:09:33.270312,22:09:33.271448,22:09:33.271448,22:09:33.272785,22:09:33.272785,22:09:33.284384,22:09:33.284413,22:09:33.300139,22:09:33.309801,22:09:33.732538,22:09:33.732566,22:09:33.738782,22:09:33.738809,22:09:33.745916,22:09:33.279326,22:09:33.279418,22:09:33.270911
9,leak,22:09:38.026673,22:09:38.026673,22:09:38.027000,22:09:38.027000,22:09:38.028132,22:09:38.028132,22:09:38.029699,22:09:38.029699,22:09:38.039302,22:09:38.039324,22:09:38.054573,22:09:38.064465,22:09:38.489139,22:09:38.489167,22:09:38.495093,22:09:38.495113,22:09:38.500681,22:09:38.036044,22:09:38.036142,22:09:38.027572
9,leak,22:09:42.695977,22:09:42.695977,22:09:42.696358,22:09:42.696358,22:09:42.697494,22:09:42.697494,22:09:42.698970,22:09:42.698970,22:09:42.708957,22:09:42.708977,22:09:42.722479,22:09:42.730860,22:09:43.153072,22:09:43.153099,22:09:43.159449,22:09:43.159472,22:09:43.165137,22:09:42.705347,22:09:42.705444,22:09:42.696951
9,leak,22:09:47.494272,22:09:47.494272,22:09:47.494618,22:09:47.494618,22:09:47.495764,22:09:47.495764,22:09:47.497286,22:09:47.497286,22:09:47.506561,22:09:47.506584,22:09:47.522386,22:09:47.531254,22:09:47.954312,22:09:47.954341,22:09:47.962038,22:09:47.962065,22:09:47.967333,22:09:47.503642,22:09:47.503733,22:09:47.495220
9,leak,22:09:52.214742,22:09:52.214742,22:09:52.215085,22:09:52.215085,22:09:52.216230,22:09:52.216230,22:09:52.217728,22:09:52.217728,22:09:52.226968,22:09:52.226990,22:09:52.242391,22:09:52.252777,22:09:52.676705,22:09:52.676731,22:09:52.683030,22:09:52.683053,22:09:52.689965,22:09:52.224259,22:09:52.224397,22:09:52.215676
9,leak,22:09:56.813852,22:09:56.813852,22:09:56.814218,22:09:56.814218,22:09:56.815412,22:09:56.815412,22:09:56.816912,22:09:56.816912,22:09:56.826225,22:09:56.826245,22:09:56.850557,22:09:56.860709,22:09:57.283082,22:09:57.283113,22:09:57.289280,22:09:57.289301,22:09:57.294926,22:09:56.823141,22:09:56.823228,22:09:56.814866
9,leak,22:10:01.632507,22:10:01.632507,22:10:01.632854,22:10:01.632854,22:10:01.633969,22:10:01.633969,22:10:01.635413,22:10:01.635413,22:10:01.645329,22:10:01.645350,22:10:01.659558,22:10:01.668157,22:10:02.092509,22:10:02.092540,22:10:02.098561,22:10:02.098585,22:10:02.104085,22:10:01.641892,22:10:01.641972,22:10:01.633430
9,leak,22:10:06.375246,22:10:06.375246,22:10:06.375597,22:10:06.375597,22:10:06.376703,22:10:06.376703,22:10:06.378145,22:10:06.378145,22:10:06.388089,22:10:06.388111,22:10:06.403415,22:10:06.411780,22:10:06.835256,22:10:06.835284,22:10:06.841288,22:10:06.841312,22:10:06.847420,22:10:06.384669,22:10:06.384771,22:10:06.376201
9,leak,22:10:11.149373,22:10:11.149373,22:10:11.149729,22:10:11.149729,22:10:11.150932,22:10:11.150932,22:10:11.152433,22:10:11.152433,22:10:11.161614,22:10:11.161636,22:10:11.177480,22:10:11.186130,22:10:11.608400,22:10:11.608427,22:10:11.614289,22:10:11.614311,22:10:11.619691,22:10:11.158831,22:10:11.158951,22:10:11.150334
9,leak,22:10:15.912883,22:10:15.912883,22:10:15.913235,22:10:15.913235,22:10:15.914304,22:10:15.914304,22:10:15.915610,22:10:15.915610,22:10:15.925518,22:10:15.925539,22:10:15.939195,22:10:15.947660,22:10:16.373942,22:10:16.373970,22:10:16.380395,22:10:16.380419,22:10:16.386173,22:10:15.922360,22:10:15.922452,22:10:15.913798
9,leak,22:10:19.687586,22:10:19.687586,22:10:19.687936,22:10:19.687936,22:10:19.689239,22:10:19.689239,22:10:19.690744,22:10:19.690744,22:10:19.699928,22:10:19.699948,22:10:19.714763,22:10:19.722861,22:10:20.144278,22:10:20.144308,22:10:20.150118,22:10:20.150139,22:10:20.155319,22:10:19.697265,22:10:19.697362,22:10:19.688559
9,leak,22:10:24.420772,22:10:24.420772,22:10:24.421206,22:10:24.421206,22:10:24.422385,22:10:24.422385,22:10:24.423888,22:10:24.423888,22:10:24.434100,22:10:24.434121,22:10:24.449071,22:10:24.457220,22:10:24.879540,22:10:24.879569,22:10:24.885170,22:10:24.885192,22:10:24.890430,22:10:24.430100,22:10:24.430575,22:10:24.421842
9,leak,22:10:28.059857,22:10:28.059857,22:10:28.060231,22:10:28.060231,22:10:28.061464,22:10:28.061464,22:10:28.062918,22:10:28.062918,22:10:28.072150,22:10:28.072172,22:10:28.085405,22:10:28.093706,22:10:28.513881,22:10:28.513912,22:10:28.520043,22:10:28.520065,22:10:28.525442,22:10:28.069140,22:10:28.069236,22:10:28.060859
9,leak,22:10:32.847111,22:10:32.847111,22:10:32.847466,22:10:32.847466,22:10:32.848587,22:10:32.848587,22:10:32.849934,22:10:32.849934,22:10:32.860200,22:10:32.860222,22:10:32.874656,22:10:32.882790,22:10:33.305922,22:10:33.305950,22:10:33.312708,22:10:33.312731,22:10:33.319039,22:10:32.856422,22:10:32.856516,22:10:32.848057
9,leak,22:10:37.592771,22:10:37.592771,22:10:37.593117,22:10:37.593117,22:10:37.594324,22:10:37.594324,22:10:37.595815,22:10:37.595815,22:10:37.605860,22:10:37.605882,22:10:37.619615,22:10:37.628211,22:10:38.053374,22:10:38.053404,22:10:38.059407,22:10:38.059433,22:10:38.065813,22:10:37.603075,22:10:37.603176,22:10:37.593786
9,leak,22:10:42.319497,22:10:42.319497,22:10:42.319844,22:10:42.319844,22:10:42.321003,22:10:42.321003,22:10:42.322386,22:10:42.322386,22:10:42.331453,22:10:42.331480,22:10:42.346177,22:10:42.354564,22:10:42.776401,22:10:42.776432,22:10:42.782695,22:10:42.782720,22:10:42.788157,22:10:42.328745,22:10:42.328840,22:10:42.320440
9,leak,22:10:47.039306,22:10:47.039306,22:10:47.039616,22:10:47.039616,22:10:47.040656,22:10:47.040656,22:10:47.042093,22:10:47.042093,22:10:47.051321,22:10:47.051356,22:10:47.065837,22:10:47.074466,22:10:47.499224,22:10:47.499253,22:10:47.506354,22:10:47.506381,22:10:47.512066,22:10:47.048547,22:10:47.048630,22:10:47.040152
9,leak,22:10:50.650285,22:10:50.650285,22:10:50.650693,22:10:50.650693,22:10:50.651916,22:10:50.651916,22:10:50.653467,22:10:50.653467,22:10:50.662636,22:10:50.662658,22:10:50.684095,22:10:50.692975,22:10:51.112444,22:10:51.112472,22:10:51.118726,22:10:51.118747,22:10:51.124169,22:10:50.659702,22:10:50.659799,22:10:50.651296
9,leak,22:10:55.443636,22:10:55.443636,22:10:55.444389,22:10:55.444389,22:10:55.446229,22:10:55.446229,22:10:55.447774,22:10:55.447774,22:10:55.463689,22:10:55.463732,22:10:55.484469,22:10:55.496596,22:10:55.924736,22:10:55.924768,22:10:55.931467,22:10:55.931494,22:10:55.936958,22:10:55.452996,22:10:55.453186,22:10:55.445410
9,leak,22:11:00.271134,22:11:00.271134,22:11:00.271482,22:11:00.271482,22:11:00.272598,22:11:00.272598,22:11:00.274037,22:11:00.274037,22:11:00.283333,22:11:00.283354,22:11:00.296908,22:11:00.305209,22:11:00.726970,22:11:00.727005,22:11:00.732957,22:11:00.732983,22:11:00.738411,22:11:00.280807,22:11:00.280905,22:11:00.272085
9,leak,22:11:04.992300,22:11:04.992300,22:11:04.992611,22:11:04.992611,22:11:04.993707,22:11:04.993707,22:11:04.995361,22:11:04.995361,22:11:05.005215,22:11:05.005238,22:11:05.019425,22:11:05.028583,22:11:05.461290,22:11:05.461330,22:11:05.471850,22:11:05.471888,22:11:05.478730,22:11:05.001810,22:11:05.001914,22:11:04.993221
9,leak,22:11:09.818704,22:11:09.818704,22:11:09.819084,22:11:09.819084,22:11:09.820252,22:11:09.820252,22:11:09.821664,22:11:09.821664,22:11:09.831892,22:11:09.831914,22:11:09.846024,22:11:09.853917,22:11:10.277291,22:11:10.277321,22:11:10.283239,22:11:10.283262,22:11:10.288566,22:11:09.828183,22:11:09.828284,22:11:09.819696
9,leak,22:11:13.396364,22:11:13.396364,22:11:13.396746,22:11:13.396746,22:11:13.397902,22:11:13.397902,22:11:13.399316,22:11:13.399316,22:11:13.409117,22:11:13.409134,22:11:13.422720,22:11:13.431404,22:11:13.851107,22:11:13.851136,22:11:13.856997,22:11:13.857020,22:11:13.862505,22:11:13.405846,22:11:13.405949,22:11:13.397425
9,leak,22:11:18.132527,22:11:18.132527,22:11:18.132913,22:11:18.132913,22:11:18.133979,22:11:18.133979,22:11:18.135302,22:11:18.135302,22:11:18.147041,22:11:18.147062,22:11:18.160657,22:11:18.168784,22:11:18.591015,22:11:18.591046,22:11:18.597028,22:11:18.597053,22:11:18.603161,22:11:18.142133,22:11:18.142233,22:11:18.133516
9,leak,22:11:22.924737,22:11:22.924737,22:11:22.925116,22:11:22.925116,22:11:22.926261,22:11:22.926261,22:11:22.927789,22:11:22.927789,22:11:22.937450,22:11:22.937472,22:11:22.951543,22:11:22.959895,22:11:23.383896,22:11:23.383927,22:11:23.389710,22:11:23.389734,22:11:23.396753,22:11:22.934102,22:11:22.934202,22:11:22.925682
9,leak,22:11:27.721144,22:11:27.721144,22:11:27.721493,22:11:27.721493,22:11:27.722679,22:11:27.722679,22:11:27.724160,22:11:27.724160,22:11:27.733445,22:11:27.733467,22:11:27.747108,22:11:27.755408,22:11:28.177922,22:11:28.177949,22:11:28.184142,22:11:28.184164,22:11:28.189960,22:11:27.730452,22:11:27.730546,22:11:27.722082
9,leak,22:11:32.460054,22:11:32.460054,22:11:32.460428,22:11:32.460428,22:11:32.461634,22:11:32.461634,22:11:32.463167,22:11:32.463167,22:11:32.472731,22:11:32.472754,22:11:32.487226,22:11:32.495886,22:11:32.918928,22:11:32.918957,22:11:32.925111,22:11:32.925134,22:11:32.931457,22:11:32.469465,22:11:32.469554,22:11:32.461016
9,leak,22:11:37.272354,22:11:37.272354,22:11:37.272741,22:11:37.272741,22:11:37.273810,22:11:37.273810,22:11:37.275270,22:11:37.275270,22:11:37.284640,22:11:37.284666,22:11:37.299549,22:11:37.307551,22:11:37.732346,22:11:37.732374,22:11:37.738251,22:11:37.738273,22:11:37.743384,22:11:37.281905,22:11:37.281995,22:11:37.273272
9,leak,22:11:42.177511,22:11:42.177511,22:11:42.177811,22:11:42.177811,22:11:42.178945,22:11:42.178945,22:11:42.180386,22:11:42.180386,22:11:42.189566,22:11:42.189587,22:11:42.204370,22:11:42.213132,22:11:42.634390,22:11:42.634422,22:11:42.640511,22:11:42.640532,22:11:42.645562,22:11:42.186948,22:11:42.187082,22:11:42.178372
9,leak,22:11:45.952185,22:11:45.952185,22:11:45.952559,22:11:45.952559,22:11:45.953723,22:11:45.953723,22:11:45.955110,22:11:45.955110,22:11:45.965392,22:11:45.965414,22:11:45.988557,22:11:45.998941,22:11:46.417606,22:11:46.417634,22:11:46.424260,22:11:46.424284,22:11:46.430800,22:11:45.961453,22:11:45.961582,22:11:45.953178
9,leak,22:11:50.688322,22:11:50.688322,22:11:50.688700,22:11:50.688700,22:11:50.689830,22:11:50.689830,22:11:50.691135,22:11:50.691135,22:11:50.700500,22:11:50.700521,22:11:50.716924,22:11:50.726460,22:11:51.148056,22:11:51.148085,22:11:51.154142,22:11:51.154167,22:11:51.161050,22:11:50.697426,22:11:50.697517,22:11:50.689325
9,leak,22:11:55.481846,22:11:55.481846,22:11:55.482457,22:11:55.482457,22:11:55.484278,22:11:55.484278,22:11:55.486459,22:11:55.486459,22:11:55.501077,22:11:55.501122,22:11:55.519461,22:11:55.529885,22:11:55.957607,22:11:55.957636,22:11:55.963770,22:11:55.963803,22:11:55.970416,22:11:55.491429,22:11:55.491562,22:11:55.483508
9,leak,22:12:00.227974,22:12:00.227974,22:12:00.228336,22:12:00.228336,22:12:00.229486,22:12:00.229486,22:12:00.231049,22:12:00.231049,22:12:00.240288,22:12:00.240309,22:12:00.254692,22:12:00.263392,22:12:00.683700,22:12:00.683730,22:12:00.689657,22:12:00.689679,22:12:00.694955,22:12:00.237417,22:12:00.237507,22:12:00.228944
9,leak,22:12:04.948547,22:12:04.948547,22:12:04.948876,22:12:04.948876,22:12:04.949994,22:12:04.949994,22:12:04.951407,22:12:04.951407,22:12:04.960662,22:12:04.960683,22:12:04.974939,22:12:04.983289,22:12:05.409896,22:12:05.409937,22:12:05.417080,22:12:05.417124,22:12:05.425446,22:12:04.957774,22:12:04.957870,22:12:04.949452
10,leak,22:12:09.756442,22:12:09.756442,22:12:09.756844,22:12:09.756844,22:12:09.757969,22:12:09.757969,22:12:09.759332,22:12:09.759332,22:12:09.769806,22:12:09.769826,22:12:09.784792,22:12:09.793220,22:12:10.215688,22:12:10.215715,22:12:10.221746,22:12:10.221770,22:12:10.227745,22:12:09.766773,22:12:09.766900,22:12:09.757454
10,leak,22:12:14.482419,22:12:14.482419,22:12:14.482779,22:12:14.482779,22:12:14.483856,22:12:14.483856,22:12:14.485257,22:12:14.485257,22:12:14.494867,22:12:14.494888,22:12:14.508066,22:12:14.516460,22:12:14.939701,22:12:14.939729,22:12:14.945582,22:12:14.945604,22:12:14.950978,22:12:14.492931,22:12:14.493026,22:12:14.483415
10,leak,22:12:19.220594,22:12:19.220594,22:12:19.221033,22:12:19.221033,22:12:19.222418,22:12:19.222418,22:12:19.223821,22:12:19.223821,22:12:19.233296,22:12:19.233313,22:12:19.246641,22:12:19.255106,22:12:19.677477,22:12:19.677507,22:12:19.683883,22:12:19.683909,22:12:19.690952,22:12:19.231022,22:12:19.231129,22:12:19.221859
10,leak,22:12:23.950708,22:12:23.950708,22:12:23.951024,22:12:23.951024,22:12:23.952195,22:12:23.952195,22:12:23.953652,22:12:23.953652,22:12:23.964103,22:12:23.964124,22:12:23.978495,22:12:23.987131,22:12:24.408436,22:12:24.408463,22:12:24.414196,22:12:24.414217,22:12:24.419228,22:12:23.961312,22:12:23.961408,22:12:23.951645
10,leak,22:12:28.686613,22:12:28.686613,22:12:28.687005,22:12:28.687005,22:12:28.688121,22:12:28.688121,22:12:28.689456,22:12:28.689456,22:12:28.698869,22:12:28.698890,22:12:28.712488,22:12:28.721085,22:12:29.145835,22:12:29.145868,22:12:29.152151,22:12:29.152175,22:12:29.157596,22:12:28.697089,22:12:28.697186,22:12:28.687594
10,leak,22:12:33.415082,22:12:33.415082,22:12:33.415466,22:12:33.415466,22:12:33.416710,22:12:33.416710,22:12:33.418254,22:12:33.418254,22:12:33.427429,22:12:33.427451,22:12:33.441187,22:12:33.449566,22:12:33.871357,22:12:33.871384,22:12:33.877592,22:12:33.877617,22:12:33.882915,22:12:33.425637,22:12:33.425741,22:12:33.416080
10,safe,22:12:36.523665,22:12:36.523665,22:12:36.524068,22:12:36.524068,22:12:36.525178,22:12:36.525178,22:12:36.526684,22:12:36.526684,22:12:36.535820,22:12:36.535844,22:12:36.550644,22:12:36.559370,22:12:36.980141,22:12:36.980170,22:12:36.986436,22:12:36.986457,22:12:36.991716,22:12:36.534123,22:12:36.534218,22:12:36.524649
10,leak,22:12:41.563735,22:12:41.563735,22:12:41.564141,22:12:41.564141,22:12:41.565388,22:12:41.565388,22:12:41.567661,22:12:41.567661,22:12:41.577707,22:12:41.577728,22:12:41.599955,22:12:41.608826,22:12:42.031206,22:12:42.031234,22:12:42.036963,22:12:42.036984,22:12:42.042069,22:12:41.586136,22:12:41.586250,22:12:41.564806
10,leak,22:12:46.319267,22:12:46.319267,22:12:46.319633,22:12:46.319633,22:12:46.320818,22:12:46.320818,22:12:46.322207,22:12:46.322207,22:12:46.331298,22:12:46.331318,22:12:46.346821,22:12:46.354967,22:12:46.777774,22:12:46.777802,22:12:46.784485,22:12:46.784512,22:12:46.790909,22:12:46.329599,22:12:46.329701,22:12:46.320311
10,leak,22:12:51.113500,22:12:51.113500,22:12:51.113897,22:12:51.113897,22:12:51.115176,22:12:51.115176,22:12:51.116539,22:12:51.116539,22:12:51.125704,22:12:51.125723,22:12:51.140541,22:12:51.148911,22:12:51.571624,22:12:51.571651,22:12:51.577688,22:12:51.577711,22:12:51.583082,22:12:51.123989,22:12:51.124082,22:12:51.114694
10,leak,22:12:54.327556,22:12:54.327556,22:12:54.327952,22:12:54.327952,22:12:54.329098,22:12:54.329098,22:12:54.330500,22:12:54.330500,22:12:54.339639,22:12:54.339656,22:12:54.353374,22:12:54.361809,22:12:54.781981,22:12:54.782012,22:12:54.788448,22:12:54.788475,22:12:54.794783,22:12:54.337791,22:12:54.337893,22:12:54.328557
10,leak,22:12:59.057070,22:12:59.057070,22:12:59.057393,22:12:59.057393,22:12:59.058407,22:12:59.058407,22:12:59.059714,22:12:59.059714,22:12:59.068955,22:12:59.068975,22:12:59.082398,22:12:59.090773,22:12:59.513261,22:12:59.513289,22:12:59.519291,22:12:59.519312,22:12:59.524498,22:12:59.067336,22:12:59.067432,22:12:59.057942
10,leak,22:13:03.842515,22:13:03.842515,22:13:03.842923,22:13:03.842923,22:13:03.843987,22:13:03.843987,22:13:03.845361,22:13:03.845361,22:13:03.857695,22:13:03.857723,22:13:03.871546,22:13:03.879994,22:13:04.301958,22:13:04.301987,22:13:04.308136,22:13:04.308176,22:13:04.315386,22:13:03.852841,22:13:03.852922,22:13:03.843499
10,leak,22:13:08.648982,22:13:08.648982,22:13:08.649335,22:13:08.649335,22:13:08.650585,22:13:08.650585,22:13:08.652061,22:13:08.652061,22:13:08.661237,22:13:08.661258,22:13:08.676504,22:13:08.685825,22:13:09.108924,22:13:09.108955,22:13:09.115122,22:13:09.115145,22:13:09.121730,22:13:08.659695,22:13:08.659779,22:13:08.649976
10,leak,22:13:13.430459,22:13:13.430459,22:13:13.430821,22:13:13.430821,22:13:13.432018,22:13:13.432018,22:13:13.433549,22:13:13.433549,22:13:13.443002,22:13:13.443023,22:13:13.456521,22:13:13.464996,22:13:13.889470,22:13:13.889498,22:13:13.895733,22:13:13.895757,22:13:13.901048,22:13:13.440936,22:13:13.441039,22:13:13.431474
10,leak,22:13:18.170597,22:13:18.170597,22:13:18.170971,22:13:18.170971,22:13:18.172066,22:13:18.172066,22:13:18.173470,22:13:18.173470,22:13:18.183376,22:13:18.183398,22:13:18.196793,22:13:18.205192,22:13:18.628946,22:13:18.628974,22:13:18.635102,22:13:18.635125,22:13:18.640375,22:13:18.181168,22:13:18.181264,22:13:18.171537
10,leak,22:13:22.899794,22:13:22.899794,22:13:22.900150,22:13:22.900150,22:13:22.901223,22:13:22.901223,22:13:22.902721,22:13:22.902721,22:13:22.912010,22:13:22.912031,22:13:22.924915,22:13:22.933349,22:13:23.357858,22:13:23.357889,22:13:23.364079,22:13:23.364101,22:13:23.370456,22:13:22.910148,22:13:22.910272,22:13:22.900730
10,leak,22:13:27.643560,22:13:27.643560,22:13:27.643928,22:13:27.643928,22:13:27.645188,22:13:27.645188,22:13:27.646746,22:13:27.646746,22:13:27.656154,22:13:27.656175,22:13:27.671969,22:13:27.680571,22:13:28.105696,22:13:28.105724,22:13:28.111674,22:13:28.111699,22:13:28.117209,22:13:27.653951,22:13:27.654045,22:13:27.644596
10,leak,22:13:32.429236,22:13:32.429236,22:13:32.429555,22:13:32.429555,22:13:32.430637,22:13:32.430637,22:13:32.432067,22:13:32.432067,22:13:32.441314,22:13:32.441338,22:13:32.454798,22:13:32.462701,22:13:32.887708,22:13:32.887734,22:13:32.894184,22:13:32.894209,22:13:32.899923,22:13:32.439679,22:13:32.439774,22:13:32.430136
10,safe,22:13:36.262508,22:13:36.262508,22:13:36.262809,22:13:36.262809,22:13:36.263926,22:13:36.263926,22:13:36.265420,22:13:36.265420,22:13:36.275115,22:13:36.275136,22:13:36.296305,22:13:36.304827,22:13:36.724127,22:13:36.724158,22:13:36.730358,22:13:36.730383,22:13:36.736993,22:13:36.272884,22:13:36.272988,22:13:36.263394
10,leak,22:13:41.445465,22:13:41.445465,22:13:41.445783,22:13:41.445783,22:13:41.446878,22:13:41.446878,22:13:41.449456,22:13:41.449456,22:13:41.458775,22:13:41.458797,22:13:41.473381,22:13:41.482027,22:13:41.905358,22:13:41.905389,22:13:41.911145,22:13:41.911167,22:13:41.916267,22:13:41.456371,22:13:41.456458,22:13:41.446378
10,leak,22:13:46.268712,22:13:46.268712,22:13:46.269025,22:13:46.269025,22:13:46.270158,22:13:46.270158,22:13:46.271533,22:13:46.271533,22:13:46.281214,22:13:46.281235,22:13:46.294690,22:13:46.303207,22:13:46.726819,22:13:46.726850,22:13:46.733272,22:13:46.733297,22:13:46.738863,22:13:46.279058,22:13:46.279160,22:13:46.269615
10,leak,22:13:50.989435,22:13:50.989435,22:13:50.989777,22:13:50.989777,22:13:50.990845,22:13:50.990845,22:13:50.992177,22:13:50.992177,22:13:51.001818,22:13:51.001839,22:13:51.015542,22:13:51.023796,22:13:51.446394,22:13:51.446425,22:13:51.452607,22:13:51.452633,22:13:51.458081,22:13:51.000008,22:13:51.000100,22:13:50.990358
10,safe,22:13:55.725742,22:13:55.725742,22:13:55.726171,22:13:55.726171,22:13:55.727405,22:13:55.727405,22:13:55.728908,22:13:55.728908,22:13:55.738242,22:13:55.738266,22:13:55.754227,22:13:55.764114,22:13:56.189611,22:13:56.189640,22:13:56.196196,22:13:56.196220,22:13:56.201515,22:13:55.736892,22:13:55.737000,22:13:55.726875
10,leak,22:14:00.843003,22:14:00.843003,22:14:00.843376,22:14:00.843376,22:14:00.844422,22:14:00.844422,22:14:00.846654,22:14:00.846654,22:14:00.856127,22:14:00.856148,22:14:00.870261,22:14:00.878623,22:14:01.301095,22:14:01.301127,22:14:01.307542,22:14:01.307565,22:14:01.312861,22:14:00.867238,22:14:00.867361,22:14:00.843895
10,leak,22:14:05.575417,22:14:05.575417,22:14:05.576053,22:14:05.576053,22:14:05.578161,22:14:05.578161,22:14:05.580323,22:14:05.580323,22:14:05.596405,22:14:05.596482,22:14:05.620164,22:14:05.633876,22:14:06.061878,22:14:06.061910,22:14:06.068251,22:14:06.068278,22:14:06.074224,22:14:05.586224,22:14:05.586353,22:14:05.577292
10,leak,22:14:10.341476,22:14:10.341476,22:14:10.341775,22:14:10.341775,22:14:10.342907,22:14:10.342907,22:14:10.344346,22:14:10.344346,22:14:10.354521,22:14:10.354546,22:14:10.369780,22:14:10.379562,22:14:10.803370,22:14:10.803398,22:14:10.809408,22:14:10.809430,22:14:10.814533,22:14:10.352008,22:14:10.352104,22:14:10.342335
10,leak,22:14:15.080408,22:14:15.080408,22:14:15.080806,22:14:15.080806,22:14:15.082086,22:14:15.082086,22:14:15.083845,22:14:15.083845,22:14:15.094477,22:14:15.094508,22:14:15.108574,22:14:15.117957,22:14:15.546956,22:14:15.546989,22:14:15.554903,22:14:15.554935,22:14:15.564285,22:14:15.091376,22:14:15.091485,22:14:15.081487
10,leak,22:14:19.896656,22:14:19.896656,22:14:19.897013,22:14:19.897013,22:14:19.898184,22:14:19.898184,22:14:19.899547,22:14:19.899547,22:14:19.909030,22:14:19.909050,22:14:19.922644,22:14:19.930619,22:14:20.354300,22:14:20.354327,22:14:20.360358,22:14:20.360383,22:14:20.365842,22:14:19.907267,22:14:19.907367,22:14:19.897629
10,leak,22:14:24.614339,22:14:24.614339,22:14:24.614685,22:14:24.614685,22:14:24.615764,22:14:24.615764,22:14:24.617211,22:14:24.617211,22:14:24.626745,22:14:24.626767,22:14:24.640585,22:14:24.648711,22:14:25.075838,22:14:25.075868,22:14:25.082449,22:14:25.082473,22:14:25.088639,22:14:24.624678,22:14:24.624761,22:14:24.615267
10,leak,22:14:29.369088,22:14:29.369088,22:14:29.369448,22:14:29.369448,22:14:29.370630,22:14:29.370630,22:14:29.371980,22:14:29.371980,22:14:29.381266,22:14:29.381286,22:14:29.395758,22:14:29.404089,22:14:29.827692,22:14:29.827720,22:14:29.833720,22:14:29.833744,22:14:29.840078,22:14:29.379624,22:14:29.379726,22:14:29.370092
10,leak,22:14:34.096659,22:14:34.096659,22:14:34.096963,22:14:34.096963,22:14:34.098112,22:14:34.098112,22:14:34.099471,22:14:34.099471,22:14:34.108989,22:14:34.109010,22:14:34.131555,22:14:34.140168,22:14:34.564809,22:14:34.564842,22:14:34.570810,22:14:34.570835,22:14:34.577707,22:14:34.107377,22:14:34.107473,22:14:34.097545
10,leak,22:14:38.860947,22:14:38.860947,22:14:38.861268,22:14:38.861268,22:14:38.862427,22:14:38.862427,22:14:38.863780,22:14:38.863780,22:14:38.872937,22:14:38.872958,22:14:38.887357,22:14:38.895665,22:14:39.320181,22:14:39.320209,22:14:39.326162,22:14:39.326184,22:14:39.331645,22:14:38.871423,22:14:38.871517,22:14:38.861942
10,leak,22:14:43.675041,22:14:43.675041,22:14:43.675410,22:14:43.675410,22:14:43.676626,22:14:43.676626,22:14:43.678164,22:14:43.678164,22:14:43.687495,22:14:43.687548,22:14:43.702170,22:14:43.710208,22:14:44.134262,22:14:44.134289,22:14:44.140621,22:14:44.140645,22:14:44.147100,22:14:43.685596,22:14:43.685699,22:14:43.676064
10,leak,22:14:48.489355,22:14:48.489355,22:14:48.489698,22:14:48.489698,22:14:48.490975,22:14:48.490975,22:14:48.492415,22:14:48.492415,22:14:48.501955,22:14:48.501975,22:14:48.546727,22:14:48.555554,22:14:48.978039,22:14:48.978069,22:14:48.983866,22:14:48.983888,22:14:48.989194,22:14:48.499801,22:14:48.499897,22:14:48.490302
10,leak,22:14:53.251180,22:14:53.251180,22:14:53.251488,22:14:53.251488,22:14:53.252609,22:14:53.252609,22:14:53.254071,22:14:53.254071,22:14:53.266425,22:14:53.266446,22:14:53.277793,22:14:53.285749,22:14:53.711512,22:14:53.711543,22:14:53.717604,22:14:53.717624,22:14:53.723184,22:14:53.261618,22:14:53.261711,22:14:53.252051
10,leak,22:14:58.009056,22:14:58.009056,22:14:58.009387,22:14:58.009387,22:14:58.010464,22:14:58.010464,22:14:58.011926,22:14:58.011926,22:14:58.022375,22:14:58.022396,22:14:58.033806,22:14:58.042605,22:14:58.464577,22:14:58.464608,22:14:58.470657,22:14:58.470680,22:14:58.476619,22:14:58.019393,22:14:58.019523,22:14:58.009988
10,safe,22:15:02.739349,22:15:02.739349,22:15:02.739641,22:15:02.739641,22:15:02.740779,22:15:02.740779,22:15:02.742170,22:15:02.742170,22:15:02.751719,22:15:02.751740,22:15:02.764021,22:15:02.772309,22:15:03.198522,22:15:03.198554,22:15:03.204481,22:15:03.204504,22:15:03.209920,22:15:02.750028,22:15:02.750117,22:15:02.740231
10,leak,22:15:08.122915,22:15:08.122915,22:15:08.123300,22:15:08.123300,22:15:08.124473,22:15:08.124473,22:15:08.126688,22:15:08.126688,22:15:08.136641,22:15:08.136670,22:15:08.148030,22:15:08.156675,22:15:08.580530,22:15:08.580563,22:15:08.586794,22:15:08.586818,22:15:08.593160,22:15:08.153607,22:15:08.153735,22:15:08.123879
10,leak,22:15:12.863684,22:15:12.863684,22:15:12.864046,22:15:12.864046,22:15:12.865267,22:15:12.865267,22:15:12.866760,22:15:12.866760,22:15:12.876007,22:15:12.876060,22:15:12.887124,22:15:12.895287,22:15:13.317933,22:15:13.317961,22:15:13.324053,22:15:13.324076,22:15:13.329440,22:15:12.874349,22:15:12.874448,22:15:12.864699
10,leak,22:15:17.609225,22:15:17.609225,22:15:17.609534,22:15:17.609534,22:15:17.610658,22:15:17.610658,22:15:17.612581,22:15:17.612581,22:15:17.623765,22:15:17.623802,22:15:17.640336,22:15:17.650871,22:15:18.077973,22:15:18.078004,22:15:18.083807,22:15:18.083827,22:15:18.089577,22:15:17.620078,22:15:17.620315,22:15:17.610089
10,leak,22:15:22.353739,22:15:22.353739,22:15:22.354104,22:15:22.354104,22:15:22.355349,22:15:22.355349,22:15:22.356877,22:15:22.356877,22:15:22.366019,22:15:22.366040,22:15:22.377567,22:15:22.386196,22:15:22.809162,22:15:22.809193,22:15:22.815434,22:15:22.815458,22:15:22.820911,22:15:22.364082,22:15:22.364182,22:15:22.354766
10,leak,22:15:27.081099,22:15:27.081099,22:15:27.081502,22:15:27.081502,22:15:27.082663,22:15:27.082663,22:15:27.084113,22:15:27.084113,22:15:27.093441,22:15:27.093458,22:15:27.104738,22:15:27.113365,22:15:27.535143,22:15:27.535171,22:15:27.541206,22:15:27.541232,22:15:27.546663,22:15:27.091225,22:15:27.091344,22:15:27.082137
10,leak,22:15:31.810851,22:15:31.810851,22:15:31.811213,22:15:31.811213,22:15:31.812431,22:15:31.812431,22:15:31.813872,22:15:31.813872,22:15:31.823262,22:15:31.823284,22:15:31.843537,22:15:31.852783,22:15:32.277490,22:15:32.277518,22:15:32.283147,22:15:32.283167,22:15:32.288315,22:15:31.821203,22:15:31.821294,22:15:31.811856
10,leak,22:15:36.565420,22:15:36.565420,22:15:36.565729,22:15:36.565729,22:15:36.566942,22:15:36.566942,22:15:36.568424,22:15:36.568424,22:15:36.577711,22:15:36.577732,22:15:36.589690,22:15:36.598251,22:15:37.024381,22:15:37.024414,22:15:37.030432,22:15:37.030457,22:15:37.035682,22:15:36.576054,22:15:36.576142,22:15:36.566379
10,leak,22:15:41.282704,22:15:41.282704,22:15:41.283086,22:15:41.283086,22:15:41.284271,22:15:41.284271,22:15:41.285696,22:15:41.285696,22:15:41.295004,22:15:41.295023,22:15:41.306596,22:15:41.314739,22:15:41.739384,22:15:41.739411,22:15:41.745186,22:15:41.745208,22:15:41.750623,22:15:41.293297,22:15:41.293398,22:15:41.283775
10,leak,22:15:46.134346,22:15:46.134346,22:15:46.134687,22:15:46.134687,22:15:46.135847,22:15:46.135847,22:15:46.137326,22:15:46.137326,22:15:46.146555,22:15:46.146576,22:15:46.162349,22:15:46.170942,22:15:46.594291,22:15:46.594319,22:15:46.600286,22:15:46.600309,22:15:46.605938,22:15:46.144950,22:15:46.145047,22:15:46.135295
10,leak,22:15:50.866636,22:15:50.866636,22:15:50.867074,22:15:50.867074,22:15:50.868126,22:15:50.868126,22:15:50.869567,22:15:50.869567,22:15:50.879176,22:15:50.879197,22:15:50.890509,22:15:50.899203,22:15:51.322866,22:15:51.322893,22:15:51.328711,22:15:51.328733,22:15:51.334310,22:15:50.876766,22:15:50.876854,22:15:50.867654
10,leak,22:15:54.518207,22:15:54.518207,22:15:54.518568,22:15:54.518568,22:15:54.519696,22:15:54.519696,22:15:54.521119,22:15:54.521119,22:15:54.531111,22:15:54.531134,22:15:54.545703,22:15:54.553919,22:15:54.973037,22:15:54.973068,22:15:54.979227,22:15:54.979252,22:15:54.985635,22:15:54.528773,22:15:54.528883,22:15:54.519182
10,leak,22:15:59.254617,22:15:59.254617,22:15:59.254961,22:15:59.254961,22:15:59.256094,22:15:59.256094,22:15:59.257521,22:15:59.257521,22:15:59.266767,22:15:59.266789,22:15:59.277764,22:15:59.285771,22:15:59.709022,22:15:59.709049,22:15:59.715068,22:15:59.715089,22:15:59.720227,22:15:59.265127,22:15:59.265214,22:15:59.255568
10,leak,22:16:04.196035,22:16:04.196035,22:16:04.196362,22:16:04.196362,22:16:04.197466,22:16:04.197466,22:16:04.198870,22:16:04.198870,22:16:04.209019,22:16:04.209036,22:16:04.220165,22:16:04.228252,22:16:04.652058,22:16:04.652086,22:16:04.658114,22:16:04.658137,22:16:04.663597,22:16:04.206226,22:16:04.206318,22:16:04.196941
10,leak,22:16:08.937657,22:16:08.937657,22:16:08.938013,22:16:08.938013,22:16:08.939133,22:16:08.939133,22:16:08.940533,22:16:08.940533,22:16:08.950117,22:16:08.950138,22:16:08.961192,22:16:08.970595,22:16:09.394086,22:16:09.394118,22:16:09.400302,22:16:09.400328,22:16:09.405601,22:16:08.948029,22:16:08.948125,22:16:08.938621
10,leak,22:16:13.731592,22:16:13.731592,22:16:13.731947,22:16:13.731947,22:16:13.733290,22:16:13.733290,22:16:13.734761,22:16:13.734761,22:16:13.744056,22:16:13.744077,22:16:13.756438,22:16:13.764953,22:16:14.189023,22:16:14.189053,22:16:14.195207,22:16:14.195232,22:16:14.201161,22:16:13.742067,22:16:13.742169,22:16:13.732629
10,leak,22:16:17.489134,22:16:17.489134,22:16:17.489505,22:16:17.489505,22:16:17.490891,22:16:17.490891,22:16:17.492299,22:16:17.492299,22:16:17.501529,22:16:17.501550,22:16:17.517876,22:16:17.525962,22:16:17.946099,22:16:17.946133,22:16:17.952197,22:16:17.952223,22:16:17.957695,22:16:17.499649,22:16:17.499747,22:16:17.490362
10,leak,22:16:22.226507,22:16:22.226507,22:16:22.226901,22:16:22.226901,22:16:22.228486,22:16:22.228486,22:16:22.229986,22:16:22.229986,22:16:22.239459,22:16:22.239481,22:16:22.251343,22:16:22.259632,22:16:22.683800,22:16:22.683831,22:16:22.690032,22:16:22.690055,22:16:22.695811,22:16:22.237030,22:16:22.237145,22:16:22.227709
10,leak,22:16:25.336124,22:16:25.336124,22:16:25.336423,22:16:25.336423,22:16:25.337446,22:16:25.337446,22:16:25.338727,22:16:25.338727,22:16:25.347895,22:16:25.347916,22:16:25.369528,22:16:25.378348,22:16:25.806442,22:16:25.806472,22:16:25.812623,22:16:25.812647,22:16:25.818130,22:16:25.346602,22:16:25.346694,22:16:25.336970
10,leak,22:16:30.093759,22:16:30.093759,22:16:30.094118,22:16:30.094118,22:16:30.095397,22:16:30.095397,22:16:30.096843,22:16:30.096843,22:16:30.105959,22:16:30.105980,22:16:30.118555,22:16:30.127206,22:16:30.550716,22:16:30.550749,22:16:30.556853,22:16:30.556877,22:16:30.563276,22:16:30.104240,22:16:30.104344,22:16:30.094733
10,leak,22:16:34.886845,22:16:34.886845,22:16:34.887290,22:16:34.887290,22:16:34.888481,22:16:34.888481,22:16:34.889829,22:16:34.889829,22:16:34.899039,22:16:34.899056,22:16:34.910313,22:16:34.918514,22:16:35.343105,22:16:35.343132,22:16:35.348910,22:16:35.348933,22:16:35.354225,22:16:34.897310,22:16:34.897393,22:16:34.887930
10,leak,22:16:39.632024,22:16:39.632024,22:16:39.632372,22:16:39.632372,22:16:39.633615,22:16:39.633615,22:16:39.635078,22:16:39.635078,22:16:39.646975,22:16:39.647004,22:16:39.659024,22:16:39.667311,22:16:40.090735,22:16:40.090764,22:16:40.096663,22:16:40.096684,22:16:40.102134,22:16:39.642642,22:16:39.642863,22:16:39.632979
10,leak,22:16:44.367014,22:16:44.367014,22:16:44.367326,22:16:44.367326,22:16:44.368413,22:16:44.368413,22:16:44.369708,22:16:44.369708,22:16:44.378816,22:16:44.378837,22:16:44.392984,22:16:44.401394,22:16:44.823229,22:16:44.823258,22:16:44.829262,22:16:44.829286,22:16:44.834679,22:16:44.377466,22:16:44.377561,22:16:44.367933
10,leak,22:16:49.096711,22:16:49.096711,22:16:49.097027,22:16:49.097027,22:16:49.098194,22:16:49.098194,22:16:49.099767,22:16:49.099767,22:16:49.109311,22:16:49.109331,22:16:49.123751,22:16:49.131781,22:16:49.556850,22:16:49.556880,22:16:49.562676,22:16:49.562697,22:16:49.567754,22:16:49.107349,22:16:49.107446,22:16:49.097612
10,leak,22:16:53.819522,22:16:53.819522,22:16:53.819870,22:16:53.819870,22:16:53.820962,22:16:53.820962,22:16:53.822349,22:16:53.822349,22:16:53.832766,22:16:53.832794,22:16:53.845396,22:16:53.853693,22:16:54.275909,22:16:54.275936,22:16:54.282134,22:16:54.282159,22:16:54.287691,22:16:53.830154,22:16:53.830242,22:16:53.820442
10,leak,22:16:58.434628,22:16:58.434628,22:16:58.434951,22:16:58.434951,22:16:58.436115,22:16:58.436115,22:16:58.437562,22:16:58.437562,22:16:58.448000,22:16:58.448021,22:16:58.460468,22:16:58.469809,22:16:58.893398,22:16:58.893424,22:16:58.899330,22:16:58.899355,22:16:58.905131,22:16:58.445087,22:16:58.445186,22:16:58.435559
10,leak,22:17:03.218906,22:17:03.218906,22:17:03.219258,22:17:03.219258,22:17:03.220346,22:17:03.220346,22:17:03.221709,22:17:03.221709,22:17:03.232060,22:17:03.232080,22:17:03.244487,22:17:03.255106,22:17:03.677552,22:17:03.677580,22:17:03.683398,22:17:03.683422,22:17:03.688669,22:17:03.229560,22:17:03.229676,22:17:03.219876
10,leak,22:17:06.718068,22:17:06.718068,22:17:06.718448,22:17:06.718448,22:17:06.719585,22:17:06.719585,22:17:06.721039,22:17:06.721039,22:17:06.730265,22:17:06.730285,22:17:06.744880,22:17:06.755074,22:17:07.175006,22:17:07.175035,22:17:07.181183,22:17:07.181202,22:17:07.187212,22:17:06.728329,22:17:06.728424,22:17:06.719065
10,leak,22:17:11.452709,22:17:11.452709,22:17:11.453060,22:17:11.453060,22:17:11.454248,22:17:11.454248,22:17:11.455626,22:17:11.455626,22:17:11.464666,22:17:11.464685,22:17:11.476172,22:17:11.486230,22:17:11.910494,22:17:11.910523,22:17:11.916362,22:17:11.916386,22:17:11.921511,22:17:11.463029,22:17:11.463115,22:17:11.453705
10,leak,22:17:14.559534,22:17:14.559534,22:17:14.559899,22:17:14.559899,22:17:14.561037,22:17:14.561037,22:17:14.562487,22:17:14.562487,22:17:14.578932,22:17:14.578968,22:17:14.593086,22:17:14.601260,22:17:15.020270,22:17:15.020298,22:17:15.026722,22:17:15.026746,22:17:15.032139,22:17:14.569453,22:17:14.569574,22:17:14.560536
10,safe,22:17:19.306016,22:17:19.306016,22:17:19.306397,22:17:19.306397,22:17:19.307529,22:17:19.307529,22:17:19.308940,22:17:19.308940,22:17:19.318768,22:17:19.318788,22:17:19.342600,22:17:19.351417,22:17:19.774182,22:17:19.774211,22:17:19.780132,22:17:19.780153,22:17:19.785328,22:17:19.316430,22:17:19.316523,22:17:19.306993
10,leak,22:17:24.418852,22:17:24.418852,22:17:24.419220,22:17:24.419220,22:17:24.420345,22:17:24.420345,22:17:24.422549,22:17:24.422549,22:17:24.431772,22:17:24.431792,22:17:24.444812,22:17:24.453244,22:17:24.874097,22:17:24.874124,22:17:24.879990,22:17:24.880012,22:17:24.886158,22:17:24.440921,22:17:24.441031,22:17:24.419831
10,leak,22:17:29.241499,22:17:29.241499,22:17:29.242031,22:17:29.242031,22:17:29.243651,22:17:29.243651,22:17:29.245263,22:17:29.245263,22:17:29.254931,22:17:29.254956,22:17:29.267084,22:17:29.275891,22:17:29.702328,22:17:29.702357,22:17:29.708531,22:17:29.708557,22:17:29.714429,22:17:29.251749,22:17:29.251859,22:17:29.243050
10,leak,22:17:34.043590,22:17:34.043590,22:17:34.043999,22:17:34.043999,22:17:34.045190,22:17:34.045190,22:17:34.046589,22:17:34.046589,22:17:34.055861,22:17:34.055882,22:17:34.067190,22:17:34.075684,22:17:34.499864,22:17:34.499891,22:17:34.506701,22:17:34.506725,22:17:34.512426,22:17:34.054229,22:17:34.054337,22:17:34.044694
10,safe,22:17:37.850689,22:17:37.850689,22:17:37.850991,22:17:37.850991,22:17:37.852180,22:17:37.852180,22:17:37.853747,22:17:37.853747,22:17:37.862917,22:17:37.862938,22:17:37.876883,22:17:37.885400,22:17:38.307036,22:17:38.307067,22:17:38.313122,22:17:38.313163,22:17:38.318387,22:17:37.861169,22:17:37.861271,22:17:37.851617
10,safe,22:17:42.920528,22:17:42.920528,22:17:42.920836,22:17:42.920836,22:17:42.922148,22:17:42.922148,22:17:42.924450,22:17:42.924450,22:17:42.933834,22:17:42.933856,22:17:42.946907,22:17:42.955032,22:17:43.378001,22:17:43.378028,22:17:43.383732,22:17:43.383760,22:17:43.389891,22:17:42.931387,22:17:42.931490,22:17:42.921423
10,safe,22:17:47.993860,22:17:47.993860,22:17:47.994211,22:17:47.994211,22:17:47.995446,22:17:47.995446,22:17:47.997721,22:17:47.997721,22:17:48.006872,22:17:48.006896,22:17:48.020339,22:17:48.029062,22:17:48.453630,22:17:48.453657,22:17:48.459656,22:17:48.459679,22:17:48.466168,22:17:48.004997,22:17:48.005110,22:17:47.994861
10,leak,22:17:53.165388,22:17:53.165388,22:17:53.165737,22:17:53.165737,22:17:53.166837,22:17:53.166837,22:17:53.168977,22:17:53.168977,22:17:53.178414,22:17:53.178439,22:17:53.190220,22:17:53.198755,22:17:53.620151,22:17:53.620182,22:17:53.626188,22:17:53.626210,22:17:53.631285,22:17:53.198381,22:17:53.198498,22:17:53.166384
10,leak,22:17:57.892307,22:17:57.892307,22:17:57.892671,22:17:57.892671,22:17:57.893946,22:17:57.893946,22:17:57.895363,22:17:57.895363,22:17:57.904562,22:17:57.904584,22:17:57.917227,22:17:57.925832,22:17:58.350856,22:17:58.350887,22:17:58.356726,22:17:58.356753,22:17:58.362724,22:17:57.902817,22:17:57.902923,22:17:57.893356
10,leak,22:18:02.632186,22:18:02.632186,22:18:02.632580,22:18:02.632580,22:18:02.633860,22:18:02.633860,22:18:02.635268,22:18:02.635268,22:18:02.645000,22:18:02.645021,22:18:02.656700,22:18:02.664941,22:18:03.088720,22:18:03.088752,22:18:03.095038,22:18:03.095062,22:18:03.102136,22:18:02.642643,22:18:02.642732,22:18:02.633278
10,leak,22:18:07.377964,22:18:07.377964,22:18:07.378275,22:18:07.378275,22:18:07.379322,22:18:07.379322,22:18:07.380795,22:18:07.380795,22:18:07.390455,22:18:07.390473,22:18:07.404925,22:18:07.412921,22:18:07.836493,22:18:07.836522,22:18:07.842614,22:18:07.842636,22:18:07.848322,22:18:07.388338,22:18:07.388437,22:18:07.378835
10,leak,22:18:12.182208,22:18:12.182208,22:18:12.182496,22:18:12.182496,22:18:12.183568,22:18:12.183568,22:18:12.185057,22:18:12.185057,22:18:12.195259,22:18:12.195277,22:18:12.208739,22:18:12.218263,22:18:12.644056,22:18:12.644084,22:18:12.650122,22:18:12.650147,22:18:12.655938,22:18:12.192622,22:18:12.192721,22:18:12.183015
10,leak,22:18:17.007096,22:18:17.007096,22:18:17.007412,22:18:17.007412,22:18:17.008548,22:18:17.008548,22:18:17.009973,22:18:17.009973,22:18:17.019304,22:18:17.019326,22:18:17.041071,22:18:17.049456,22:18:17.473243,22:18:17.473277,22:18:17.479179,22:18:17.479200,22:18:17.484312,22:18:17.017519,22:18:17.017607,22:18:17.007977
10,leak,22:18:21.755881,22:18:21.755881,22:18:21.756231,22:18:21.756231,22:18:21.757368,22:18:21.757368,22:18:21.758820,22:18:21.758820,22:18:21.769015,22:18:21.769036,22:18:21.783368,22:18:21.791418,22:18:22.216038,22:18:22.216070,22:18:22.221870,22:18:22.221890,22:18:22.227037,22:18:21.766346,22:18:21.766440,22:18:21.756842
10,leak,22:18:26.503424,22:18:26.503424,22:18:26.503738,22:18:26.503738,22:18:26.504825,22:18:26.504825,22:18:26.506267,22:18:26.506267,22:18:26.518725,22:18:26.518746,22:18:26.534046,22:18:26.542189,22:18:26.966676,22:18:26.966707,22:18:26.973000,22:18:26.973026,22:18:26.978710,22:18:26.514088,22:18:26.514177,22:18:26.504321
10,leak,22:18:30.275754,22:18:30.275754,22:18:30.276139,22:18:30.276139,22:18:30.277271,22:18:30.277271,22:18:30.278675,22:18:30.278675,22:18:30.287793,22:18:30.287812,22:18:30.302665,22:18:30.310917,22:18:30.731528,22:18:30.731560,22:18:30.737645,22:18:30.737667,22:18:30.743078,22:18:30.286087,22:18:30.286181,22:18:30.276726
10,leak,22:18:35.009059,22:18:35.009059,22:18:35.009401,22:18:35.009401,22:18:35.010458,22:18:35.010458,22:18:35.011754,22:18:35.011754,22:18:35.021484,22:18:35.021505,22:18:35.037398,22:18:35.047777,22:18:35.469480,22:18:35.469511,22:18:35.475269,22:18:35.475292,22:18:35.480311,22:18:35.019668,22:18:35.019759,22:18:35.009961
10,leak,22:18:39.752769,22:18:39.752769,22:18:39.753129,22:18:39.753129,22:18:39.754415,22:18:39.754415,22:18:39.755869,22:18:39.755869,22:18:39.765074,22:18:39.765095,22:18:39.779083,22:18:39.787499,22:18:40.211556,22:18:40.211581,22:18:40.217586,22:18:40.217611,22:18:40.223344,22:18:39.763246,22:18:39.763330,22:18:39.753741
10,leak,22:18:44.490637,22:18:44.490637,22:18:44.490941,22:18:44.490941,22:18:44.492077,22:18:44.492077,22:18:44.493476,22:18:44.493476,22:18:44.502845,22:18:44.502866,22:18:44.516351,22:18:44.524755,22:18:44.947916,22:18:44.947943,22:18:44.953996,22:18:44.954020,22:18:44.959828,22:18:44.501138,22:18:44.501231,22:18:44.491519
10,leak,22:18:49.236640,22:18:49.236640,22:18:49.236949,22:18:49.236949,22:18:49.238184,22:18:49.238184,22:18:49.239696,22:18:49.239696,22:18:49.248937,22:18:49.248958,22:18:49.262199,22:18:49.270548,22:18:49.694909,22:18:49.694936,22:18:49.700589,22:18:49.700609,22:18:49.705880,22:18:49.247285,22:18:49.247378,22:18:49.237564
10,leak,22:18:53.933902,22:18:53.933902,22:18:53.934252,22:18:53.934252,22:18:53.935510,22:18:53.935510,22:18:53.936844,22:18:53.936844,22:18:53.945970,22:18:53.945993,22:18:53.959715,22:18:53.968018,22:18:54.393805,22:18:54.393839,22:18:54.399742,22:18:54.399764,22:18:54.404834,22:18:53.945099,22:18:53.945195,22:18:53.934852
10,leak,22:18:58.696754,22:18:58.696754,22:18:58.697051,22:18:58.697051,22:18:58.698198,22:18:58.698198,22:18:58.699596,22:18:58.699596,22:18:58.708844,22:18:58.708865,22:18:58.722338,22:18:58.731856,22:18:59.155208,22:18:59.155238,22:18:59.161261,22:18:59.161284,22:18:59.166763,22:18:58.707233,22:18:58.707329,22:18:58.697643
10,safe,22:19:03.436851,22:19:03.436851,22:19:03.437195,22:19:03.437195,22:19:03.438456,22:19:03.438456,22:19:03.439868,22:19:03.439868,22:19:03.449323,22:19:03.449344,22:19:03.464482,22:19:03.472850,22:19:03.894434,22:19:03.894465,22:19:03.900142,22:19:03.900164,22:19:03.905584,22:19:03.447398,22:19:03.447493,22:19:03.437886
10,leak,22:19:08.738834,22:19:08.738834,22:19:08.739194,22:19:08.739194,22:19:08.740377,22:19:08.740377,22:19:08.742689,22:19:08.742689,22:19:08.752203,22:19:08.752224,22:19:08.765487,22:19:08.774702,22:19:09.202263,22:19:09.202292,22:19:09.208339,22:19:09.208365,22:19:09.214403,22:19:08.762922,22:19:08.763045,22:19:08.739763
10,leak,22:19:13.344226,22:19:13.344226,22:19:13.344619,22:19:13.344619,22:19:13.345645,22:19:13.345645,22:19:13.347029,22:19:13.347029,22:19:13.356251,22:19:13.356281,22:19:13.377717,22:19:13.386163,22:19:13.808404,22:19:13.808435,22:19:13.814226,22:19:13.814247,22:19:13.820446,22:19:13.354686,22:19:13.354780,22:19:13.345188
10,leak,22:19:18.151849,22:19:18.151849,22:19:18.152243,22:19:18.152243,22:19:18.153396,22:19:18.153396,22:19:18.154906,22:19:18.154906,22:19:18.164174,22:19:18.164194,22:19:18.178049,22:19:18.186944,22:19:18.610198,22:19:18.610227,22:19:18.616583,22:19:18.616609,22:19:18.622577,22:19:18.162562,22:19:18.162651,22:19:18.152835
10,leak,22:19:22.887817,22:19:22.887817,22:19:22.888155,22:19:22.888155,22:19:22.889282,22:19:22.889282,22:19:22.890701,22:19:22.890701,22:19:22.899960,22:19:22.899977,22:19:22.913639,22:19:22.921958,22:19:23.345226,22:19:23.345254,22:19:23.351379,22:19:23.351406,22:19:23.356801,22:19:22.898196,22:19:22.898287,22:19:22.888740
10,leak,22:19:27.620640,22:19:27.620640,22:19:27.620992,22:19:27.620992,22:19:27.622252,22:19:27.622252,22:19:27.623817,22:19:27.623817,22:19:27.633864,22:19:27.633891,22:19:27.647925,22:19:27.656391,22:19:28.083250,22:19:28.083276,22:19:28.090066,22:19:28.090090,22:19:28.095857,22:19:27.631259,22:19:27.631350,22:19:27.621637
10,leak,22:19:32.351707,22:19:32.351707,22:19:32.351998,22:19:32.351998,22:19:32.353052,22:19:32.353052,22:19:32.354573,22:19:32.354573,22:19:32.364767,22:19:32.364788,22:19:32.378724,22:19:32.388689,22:19:32.811309,22:19:32.811336,22:19:32.817579,22:19:32.817604,22:19:32.822821,22:19:32.362132,22:19:32.362224,22:19:32.352530
10,leak,22:19:37.098380,22:19:37.098380,22:19:37.098724,22:19:37.098724,22:19:37.099754,22:19:37.099754,22:19:37.101165,22:19:37.101165,22:19:37.110686,22:19:37.110704,22:19:37.125320,22:19:37.133371,22:19:37.556361,22:19:37.556389,22:19:37.562180,22:19:37.562205,22:19:37.567772,22:19:37.108671,22:19:37.108766,22:19:37.099310
10,leak,22:19:41.838291,22:19:41.838291,22:19:41.838582,22:19:41.838582,22:19:41.839571,22:19:41.839571,22:19:41.840865,22:19:41.840865,22:19:41.850213,22:19:41.850234,22:19:41.864481,22:19:41.873905,22:19:42.301746,22:19:42.301773,22:19:42.307702,22:19:42.307726,22:19:42.313080,22:19:41.849130,22:19:41.849228,22:19:41.839096
10,safe,22:19:46.676407,22:19:46.676407,22:19:46.676718,22:19:46.676718,22:19:46.677895,22:19:46.677895,22:19:46.679369,22:19:46.679369,22:19:46.689337,22:19:46.689364,22:19:46.703510,22:19:46.711668,22:19:47.135304,22:19:47.135334,22:19:47.141764,22:19:47.141789,22:19:47.147186,22:19:46.686904,22:19:46.687001,22:19:46.677320
10,safe,22:19:52.082159,22:19:52.082159,22:19:52.082513,22:19:52.082513,22:19:52.083701,22:19:52.083701,22:19:52.086214,22:19:52.086214,22:19:52.095393,22:19:52.095414,22:19:52.109449,22:19:52.118102,22:19:52.555005,22:19:52.555034,22:19:52.561143,22:19:52.561172,22:19:52.567851,22:19:52.108084,22:19:52.108186,22:19:52.083146
20,leak,22:19:57.336097,22:19:57.336097,22:19:57.336453,22:19:57.336453,22:19:57.337703,22:19:57.337703,22:19:57.339908,22:19:57.339908,22:19:57.349635,22:19:57.349657,22:19:57.363964,22:19:57.373754,22:19:57.808167,22:19:57.808195,22:19:57.814471,22:19:57.814496,22:19:57.821462,22:19:57.380283,22:19:57.380439,22:19:57.337099
20,leak,22:20:02.159181,22:20:02.159181,22:20:02.159588,22:20:02.159588,22:20:02.160784,22:20:02.160784,22:20:02.162278,22:20:02.162278,22:20:02.171909,22:20:02.171930,22:20:02.184929,22:20:02.193345,22:20:02.629985,22:20:02.630015,22:20:02.635872,22:20:02.635893,22:20:02.641122,22:20:02.179927,22:20:02.180098,22:20:02.160232
20,safe,22:20:06.923829,22:20:06.923829,22:20:06.924223,22:20:06.924223,22:20:06.925448,22:20:06.925448,22:20:06.926815,22:20:06.926815,22:20:06.936032,22:20:06.936055,22:20:06.951304,22:20:06.959627,22:20:07.397434,22:20:07.397464,22:20:07.403366,22:20:07.403389,22:20:07.408562,22:20:06.944343,22:20:06.944440,22:20:06.924943
20,safe,22:20:12.163535,22:20:12.163535,22:20:12.163872,22:20:12.163872,22:20:12.165377,22:20:12.165377,22:20:12.167797,22:20:12.167797,22:20:12.177217,22:20:12.177240,22:20:12.199237,22:20:12.207584,22:20:12.642237,22:20:12.642268,22:20:12.648777,22:20:12.648804,22:20:12.654559,22:20:12.209451,22:20:12.209594,22:20:12.164524
20,safe,22:20:17.369678,22:20:17.369678,22:20:17.370082,22:20:17.370082,22:20:17.371243,22:20:17.371243,22:20:17.373732,22:20:17.373732,22:20:17.386720,22:20:17.386740,22:20:17.401110,22:20:17.409034,22:20:17.842905,22:20:17.842934,22:20:17.849664,22:20:17.849693,22:20:17.855591,22:20:17.391017,22:20:17.391121,22:20:17.370707
20,leak,22:20:22.566219,22:20:22.566219,22:20:22.566518,22:20:22.566518,22:20:22.567598,22:20:22.567598,22:20:22.569740,22:20:22.569740,22:20:22.579691,22:20:22.579712,22:20:22.594540,22:20:22.603870,22:20:23.037920,22:20:23.037969,22:20:23.043757,22:20:23.043781,22:20:23.048974,22:20:22.600737,22:20:22.600863,22:20:22.567098
20,leak,22:20:26.427520,22:20:26.427520,22:20:26.427921,22:20:26.427921,22:20:26.429110,22:20:26.429110,22:20:26.430570,22:20:26.430570,22:20:26.439800,22:20:26.439819,22:20:26.454873,22:20:26.463494,22:20:26.897569,22:20:26.897597,22:20:26.903556,22:20:26.903582,22:20:26.909788,22:20:26.447999,22:20:26.448111,22:20:26.428552
20,leak,22:20:30.094290,22:20:30.094290,22:20:30.094609,22:20:30.094609,22:20:30.095677,22:20:30.095677,22:20:30.097188,22:20:30.097188,22:20:30.107483,22:20:30.107504,22:20:30.121314,22:20:30.129291,22:20:30.563073,22:20:30.563103,22:20:30.568967,22:20:30.568991,22:20:30.575213,22:20:30.114694,22:20:30.114786,22:20:30.095177
20,leak,22:20:34.849534,22:20:34.849534,22:20:34.849847,22:20:34.849847,22:20:34.851040,22:20:34.851040,22:20:34.852503,22:20:34.852503,22:20:34.861814,22:20:34.861835,22:20:34.875915,22:20:34.884304,22:20:35.318045,22:20:35.318073,22:20:35.323619,22:20:35.323640,22:20:35.328770,22:20:34.870767,22:20:34.870881,22:20:34.850454
20,safe,22:20:38.252962,22:20:38.252962,22:20:38.253308,22:20:38.253308,22:20:38.254341,22:20:38.254341,22:20:38.255795,22:20:38.255795,22:20:38.264960,22:20:38.264978,22:20:38.279743,22:20:38.288019,22:20:38.721751,22:20:38.721781,22:20:38.727854,22:20:38.727878,22:20:38.733094,22:20:38.273593,22:20:38.273701,22:20:38.253825
20,leak,22:20:43.679479,22:20:43.679479,22:20:43.679912,22:20:43.679912,22:20:43.681118,22:20:43.681118,22:20:43.683527,22:20:43.683527,22:20:43.692815,22:20:43.692835,22:20:43.706269,22:20:43.714856,22:20:44.151571,22:20:44.151602,22:20:44.157701,22:20:44.157723,22:20:44.163158,22:20:43.725417,22:20:43.725606,22:20:43.680560
20,leak,22:20:47.440093,22:20:47.440093,22:20:47.440451,22:20:47.440451,22:20:47.441762,22:20:47.441762,22:20:47.443233,22:20:47.443233,22:20:47.452383,22:20:47.452403,22:20:47.466867,22:20:47.476960,22:20:47.910167,22:20:47.910195,22:20:47.915977,22:20:47.915998,22:20:47.921234,22:20:47.460768,22:20:47.460860,22:20:47.441154
20,safe,22:20:51.369265,22:20:51.369265,22:20:51.369577,22:20:51.369577,22:20:51.370663,22:20:51.370663,22:20:51.372056,22:20:51.372056,22:20:51.381218,22:20:51.381239,22:20:51.394685,22:20:51.402830,22:20:51.835764,22:20:51.835791,22:20:51.841756,22:20:51.841782,22:20:51.847217,22:20:51.389947,22:20:51.390037,22:20:51.370181
20,leak,22:20:56.682729,22:20:56.682729,22:20:56.683026,22:20:56.683026,22:20:56.684279,22:20:56.684279,22:20:56.686521,22:20:56.686521,22:20:56.697123,22:20:56.697152,22:20:56.711359,22:20:56.719616,22:20:57.155567,22:20:57.155600,22:20:57.161600,22:20:57.161622,22:20:57.167129,22:20:56.717108,22:20:56.717235,22:20:56.683550
20,leak,22:21:01.422633,22:21:01.422633,22:21:01.422987,22:21:01.422987,22:21:01.424290,22:21:01.424290,22:21:01.425806,22:21:01.425806,22:21:01.435597,22:21:01.435618,22:21:01.449758,22:21:01.457809,22:21:01.892278,22:21:01.892310,22:21:01.898253,22:21:01.898275,22:21:01.903516,22:21:01.443024,22:21:01.443119,22:21:01.423596
20,leak,22:21:06.308828,22:21:06.308828,22:21:06.309219,22:21:06.309219,22:21:06.310478,22:21:06.310478,22:21:06.312020,22:21:06.312020,22:21:06.321331,22:21:06.321352,22:21:06.343906,22:21:06.352249,22:21:06.788104,22:21:06.788132,22:21:06.793961,22:21:06.793983,22:21:06.799185,22:21:06.329645,22:21:06.329767,22:21:06.309904
20,leak,22:21:09.771674,22:21:09.771674,22:21:09.772036,22:21:09.772036,22:21:09.773203,22:21:09.773203,22:21:09.774652,22:21:09.774652,22:21:09.783986,22:21:09.784003,22:21:09.799497,22:21:09.807813,22:21:10.238901,22:21:10.238931,22:21:10.244925,22:21:10.244950,22:21:10.250919,22:21:09.792344,22:21:09.792448,22:21:09.772680
20,leak,22:21:13.538856,22:21:13.538856,22:21:13.539220,22:21:13.539220,22:21:13.540491,22:21:13.540491,22:21:13.541857,22:21:13.541857,22:21:13.552309,22:21:13.552329,22:21:13.566169,22:21:13.575056,22:21:14.008383,22:21:14.008415,22:21:14.014346,22:21:14.014370,22:21:14.020067,22:21:13.559170,22:21:13.559303,22:21:13.539812
20,leak,22:21:16.676917,22:21:16.676917,22:21:16.677305,22:21:16.677305,22:21:16.678360,22:21:16.678360,22:21:16.679804,22:21:16.679804,22:21:16.688998,22:21:16.689019,22:21:16.703069,22:21:16.712485,22:21:17.146224,22:21:17.146254,22:21:17.152463,22:21:17.152488,22:21:17.158043,22:21:16.697430,22:21:16.697535,22:21:16.677834
20,leak,22:21:20.197200,22:21:20.197200,22:21:20.197587,22:21:20.197587,22:21:20.198875,22:21:20.198875,22:21:20.200308,22:21:20.200308,22:21:20.209447,22:21:20.209475,22:21:20.223369,22:21:20.231772,22:21:20.662458,22:21:20.662502,22:21:20.668913,22:21:20.668939,22:21:20.674860,22:21:20.218030,22:21:20.218120,22:21:20.198184
20,leak,22:21:24.954241,22:21:24.954241,22:21:24.954623,22:21:24.954623,22:21:24.955771,22:21:24.955771,22:21:24.957173,22:21:24.957173,22:21:24.966330,22:21:24.966351,22:21:24.980056,22:21:24.988406,22:21:25.423641,22:21:25.423668,22:21:25.429442,22:21:25.429466,22:21:25.435311,22:21:24.974709,22:21:24.974804,22:21:24.955237
20,leak,22:21:28.249583,22:21:28.249583,22:21:28.249935,22:21:28.249935,22:21:28.251069,22:21:28.251069,22:21:28.252497,22:21:28.252497,22:21:28.261738,22:21:28.261759,22:21:28.275350,22:21:28.283820,22:21:28.718639,22:21:28.718668,22:21:28.724903,22:21:28.724928,22:21:28.730329,22:21:28.270038,22:21:28.270149,22:21:28.250539
20,safe,22:21:31.549464,22:21:31.549464,22:21:31.549758,22:21:31.549758,22:21:31.550822,22:21:31.550822,22:21:31.552209,22:21:31.552209,22:21:31.561510,22:21:31.561531,22:21:31.575478,22:21:31.584944,22:21:32.017412,22:21:32.017442,22:21:32.023772,22:21:32.023797,22:21:32.029484,22:21:31.570092,22:21:31.570190,22:21:31.550356
20,leak,22:21:36.792712,22:21:36.792712,22:21:36.793065,22:21:36.793065,22:21:36.794214,22:21:36.794214,22:21:36.796356,22:21:36.796356,22:21:36.806313,22:21:36.806333,22:21:36.820386,22:21:36.828683,22:21:37.264871,22:21:37.264898,22:21:37.271026,22:21:37.271053,22:21:37.277079,22:21:36.814064,22:21:36.814210,22:21:36.793744
20,safe,22:21:41.546392,22:21:41.546392,22:21:41.546742,22:21:41.546742,22:21:41.547820,22:21:41.547820,22:21:41.549153,22:21:41.549153,22:21:41.559169,22:21:41.559188,22:21:41.574508,22:21:41.583943,22:21:42.019208,22:21:42.019240,22:21:42.025336,22:21:42.025359,22:21:42.030554,22:21:41.566791,22:21:41.566901,22:21:41.547353
20,leak,22:21:46.762752,22:21:46.762752,22:21:46.763104,22:21:46.763104,22:21:46.764220,22:21:46.764220,22:21:46.766483,22:21:46.766483,22:21:46.775669,22:21:46.775687,22:21:46.790275,22:21:46.798368,22:21:47.235601,22:21:47.235630,22:21:47.241843,22:21:47.241868,22:21:47.247762,22:21:46.804336,22:21:46.804474,22:21:46.763687
20,leak,22:21:51.520777,22:21:51.520777,22:21:51.521138,22:21:51.521138,22:21:51.522326,22:21:51.522326,22:21:51.523713,22:21:51.523713,22:21:51.532946,22:21:51.532974,22:21:51.546854,22:21:51.556130,22:21:51.993278,22:21:51.993305,22:21:51.999535,22:21:51.999559,22:21:52.005378,22:21:51.541554,22:21:51.541696,22:21:51.521778
20,leak,22:21:54.810331,22:21:54.810331,22:21:54.810633,22:21:54.810633,22:21:54.811821,22:21:54.811821,22:21:54.813119,22:21:54.813119,22:21:54.824796,22:21:54.824816,22:21:54.847084,22:21:54.855579,22:21:55.290325,22:21:55.290356,22:21:55.296965,22:21:55.296987,22:21:55.302279,22:21:54.830562,22:21:54.830660,22:21:54.811358
20,safe,22:21:58.154148,22:21:58.154148,22:21:58.154448,22:21:58.154448,22:21:58.155614,22:21:58.155614,22:21:58.157082,22:21:58.157082,22:21:58.166460,22:21:58.166481,22:21:58.181110,22:21:58.189819,22:21:58.623690,22:21:58.623717,22:21:58.629904,22:21:58.629930,22:21:58.636434,22:21:58.174886,22:21:58.174987,22:21:58.155018
20,safe,22:22:03.380389,22:22:03.380389,22:22:03.380749,22:22:03.380749,22:22:03.382198,22:22:03.382198,22:22:03.384463,22:22:03.384463,22:22:03.394272,22:22:03.394300,22:22:03.408441,22:22:03.416537,22:22:03.849348,22:22:03.849378,22:22:03.855321,22:22:03.855343,22:22:03.860912,22:22:03.427650,22:22:03.427905,22:22:03.381573
20,leak,22:22:08.578523,22:22:08.578523,22:22:08.578908,22:22:08.578908,22:22:08.580129,22:22:08.580129,22:22:08.582617,22:22:08.582617,22:22:08.591741,22:22:08.591762,22:22:08.606404,22:22:08.615911,22:22:09.050619,22:22:09.050649,22:22:09.056520,22:22:09.056540,22:22:09.061612,22:22:08.622067,22:22:08.623021,22:22:08.579469
20,safe,22:22:12.345808,22:22:12.345808,22:22:12.346132,22:22:12.346132,22:22:12.347364,22:22:12.347364,22:22:12.348986,22:22:12.348986,22:22:12.358221,22:22:12.358239,22:22:12.372889,22:22:12.381459,22:22:12.814144,22:22:12.814173,22:22:12.820118,22:22:12.820144,22:22:12.825652,22:22:12.366236,22:22:12.366345,22:22:12.346725
20,leak,22:22:17.511546,22:22:17.511546,22:22:17.511892,22:22:17.511892,22:22:17.512989,22:22:17.512989,22:22:17.515348,22:22:17.515348,22:22:17.525392,22:22:17.525413,22:22:17.538938,22:22:17.547384,22:22:17.981878,22:22:17.981910,22:22:17.988066,22:22:17.988092,22:22:17.993661,22:22:17.555144,22:22:17.555357,22:22:17.512477
20,leak,22:22:20.647716,22:22:20.647716,22:22:20.648078,22:22:20.648078,22:22:20.649215,22:22:20.649215,22:22:20.650666,22:22:20.650666,22:22:20.660583,22:22:20.660603,22:22:20.675269,22:22:20.685618,22:22:21.119177,22:22:21.119207,22:22:21.125133,22:22:21.125156,22:22:21.130495,22:22:20.668094,22:22:20.668225,22:22:20.648687
20,safe,22:22:24.235223,22:22:24.235223,22:22:24.235567,22:22:24.235567,22:22:24.236643,22:22:24.236643,22:22:24.237998,22:22:24.237998,22:22:24.247962,22:22:24.247985,22:22:24.261958,22:22:24.270433,22:22:24.704232,22:22:24.704260,22:22:24.710829,22:22:24.710854,22:22:24.716471,22:22:24.255559,22:22:24.255669,22:22:24.236101
20,leak,22:22:29.317867,22:22:29.317867,22:22:29.318262,22:22:29.318262,22:22:29.319485,22:22:29.319485,22:22:29.321893,22:22:29.321893,22:22:29.331084,22:22:29.331105,22:22:29.344593,22:22:29.352829,22:22:29.786617,22:22:29.786646,22:22:29.792594,22:22:29.792615,22:22:29.798235,22:22:29.360833,22:22:29.361058,22:22:29.318843
20,safe,22:22:34.128617,22:22:34.128617,22:22:34.128912,22:22:34.128912,22:22:34.129961,22:22:34.129961,22:22:34.131604,22:22:34.131604,22:22:34.140904,22:22:34.140931,22:22:34.156181,22:22:34.164579,22:22:34.600112,22:22:34.600140,22:22:34.607400,22:22:34.607428,22:22:34.612948,22:22:34.149086,22:22:34.149204,22:22:34.129428
20,leak,22:22:39.766770,22:22:39.766770,22:22:39.767189,22:22:39.767189,22:22:39.768329,22:22:39.768329,22:22:39.770566,22:22:39.770566,22:22:39.780249,22:22:39.780270,22:22:39.795372,22:22:39.805935,22:22:40.245850,22:22:40.245878,22:22:40.253062,22:22:40.253088,22:22:40.258539,22:22:39.809876,22:22:39.810069,22:22:39.767794
20,leak,22:22:42.770127,22:22:42.770127,22:22:42.770481,22:22:42.770481,22:22:42.771601,22:22:42.771601,22:22:42.772995,22:22:42.772995,22:22:42.782227,22:22:42.782246,22:22:42.796675,22:22:42.805081,22:22:43.241550,22:22:43.241578,22:22:43.247748,22:22:43.247772,22:22:43.254209,22:22:42.790585,22:22:42.790685,22:22:42.771125
20,safe,22:22:46.501581,22:22:46.501581,22:22:46.501873,22:22:46.501873,22:22:46.502927,22:22:46.502927,22:22:46.504310,22:22:46.504310,22:22:46.513412,22:22:46.513432,22:22:46.537498,22:22:46.546177,22:22:46.981519,22:22:46.981547,22:22:46.988182,22:22:46.988207,22:22:46.994549,22:22:46.522036,22:22:46.522125,22:22:46.502384
20,safe,22:22:51.706611,22:22:51.706611,22:22:51.706937,22:22:51.706937,22:22:51.707955,22:22:51.707955,22:22:51.710241,22:22:51.710241,22:22:51.721241,22:22:51.721262,22:22:51.735624,22:22:51.745039,22:22:52.180384,22:22:52.180411,22:22:52.186321,22:22:52.186345,22:22:52.191959,22:22:51.745189,22:22:51.745340,22:22:51.707446
20,leak,22:22:57.256441,22:22:57.256441,22:22:57.256809,22:22:57.256809,22:22:57.257998,22:22:57.257998,22:22:57.260211,22:22:57.260211,22:22:57.269512,22:22:57.269533,22:22:57.283175,22:22:57.291180,22:22:57.726401,22:22:57.726433,22:22:57.732869,22:22:57.732893,22:22:57.738190,22:22:57.277610,22:22:57.277730,22:22:57.257497
20,leak,22:23:00.386655,22:23:00.386655,22:23:00.387007,22:23:00.387007,22:23:00.388270,22:23:00.388270,22:23:00.389583,22:23:00.389583,22:23:00.398817,22:23:00.398839,22:23:00.413969,22:23:00.422496,22:23:00.855720,22:23:00.855750,22:23:00.861970,22:23:00.861998,22:23:00.867996,22:23:00.407384,22:23:00.407482,22:23:00.387763
20,leak,22:23:03.917514,22:23:03.917514,22:23:03.917878,22:23:03.917878,22:23:03.919031,22:23:03.919031,22:23:03.920433,22:23:03.920433,22:23:03.929584,22:23:03.929604,22:23:03.943454,22:23:03.951966,22:23:04.383507,22:23:04.383539,22:23:04.389843,22:23:04.389867,22:23:04.395359,22:23:03.938106,22:23:03.938199,22:23:03.918488
20,leak,22:23:08.688079,22:23:08.688079,22:23:08.688437,22:23:08.688437,22:23:08.689648,22:23:08.689648,22:23:08.691007,22:23:08.691007,22:23:08.700965,22:23:08.700986,22:23:08.714542,22:23:08.722833,22:23:09.158494,22:23:09.158528,22:23:09.164318,22:23:09.164339,22:23:09.169454,22:23:08.708745,22:23:08.708850,22:23:08.689065
20,safe,22:23:13.511210,22:23:13.511210,22:23:13.511523,22:23:13.511523,22:23:13.512666,22:23:13.512666,22:23:13.514043,22:23:13.514043,22:23:13.523428,22:23:13.523449,22:23:13.537852,22:23:13.545899,22:23:13.980871,22:23:13.980898,22:23:13.986671,22:23:13.986695,22:23:13.992047,22:23:13.531484,22:23:13.531579,22:23:13.512094
20,leak,22:23:18.651262,22:23:18.651262,22:23:18.651615,22:23:18.651615,22:23:18.652730,22:23:18.652730,22:23:18.655062,22:23:18.655062,22:23:18.664243,22:23:18.664264,22:23:18.678884,22:23:18.688528,22:23:19.122747,22:23:19.122773,22:23:19.128783,22:23:19.128810,22:23:19.135020,22:23:18.687555,22:23:18.687697,22:23:18.652225
20,leak,22:23:23.466870,22:23:23.466870,22:23:23.467208,22:23:23.467208,22:23:23.468509,22:23:23.468509,22:23:23.470015,22:23:23.470015,22:23:23.479401,22:23:23.479430,22:23:23.494399,22:23:23.504474,22:23:23.941834,22:23:23.941862,22:23:23.947988,22:23:23.948014,22:23:23.953366,22:23:23.487449,22:23:23.487558,22:23:23.467870
20,leak,22:23:26.912568,22:23:26.912568,22:23:26.912873,22:23:26.912873,22:23:26.914066,22:23:26.914066,22:23:26.915440,22:23:26.915440,22:23:26.925709,22:23:26.925730,22:23:26.939281,22:23:26.947803,22:23:27.379870,22:23:27.379897,22:23:27.385675,22:23:27.385697,22:23:27.390998,22:23:26.932979,22:23:26.933087,22:23:26.913489
20,safe,22:23:31.527182,22:23:31.527182,22:23:31.527582,22:23:31.527582,22:23:31.528689,22:23:31.528689,22:23:31.530156,22:23:31.530156,22:23:31.539392,22:23:31.539413,22:23:31.553066,22:23:31.561109,22:23:31.997233,22:23:31.997288,22:23:32.003296,22:23:32.003317,22:23:32.008528,22:23:31.547766,22:23:31.547910,22:23:31.528164
20,leak,22:23:36.692246,22:23:36.692246,22:23:36.692627,22:23:36.692627,22:23:36.693803,22:23:36.693803,22:23:36.696165,22:23:36.696165,22:23:36.707892,22:23:36.707914,22:23:36.722612,22:23:36.731016,22:23:37.166666,22:23:37.166699,22:23:37.174809,22:23:37.174837,22:23:37.180662,22:23:36.723104,22:23:36.723242,22:23:36.693265
20,leak,22:23:41.474832,22:23:41.474832,22:23:41.475182,22:23:41.475182,22:23:41.476321,22:23:41.476321,22:23:41.477731,22:23:41.477731,22:23:41.488067,22:23:41.488085,22:23:41.511666,22:23:41.519827,22:23:41.956955,22:23:41.956982,22:23:41.962735,22:23:41.962758,22:23:41.967966,22:23:41.495451,22:23:41.495559,22:23:41.475774
20,leak,22:23:46.263019,22:23:46.263019,22:23:46.263366,22:23:46.263366,22:23:46.264608,22:23:46.264608,22:23:46.266108,22:23:46.266108,22:23:46.275658,22:23:46.275679,22:23:46.292436,22:23:46.300911,22:23:46.735608,22:23:46.735636,22:23:46.741650,22:23:46.741673,22:23:46.747574,22:23:46.283377,22:23:46.283471,22:23:46.264017
20,leak,22:23:50.195695,22:23:50.195695,22:23:50.196071,22:23:50.196071,22:23:50.197173,22:23:50.197173,22:23:50.198572,22:23:50.198572,22:23:50.207773,22:23:50.207800,22:23:50.221745,22:23:50.230137,22:23:50.664747,22:23:50.664779,22:23:50.670482,22:23:50.670503,22:23:50.675526,22:23:50.215912,22:23:50.216044,22:23:50.196653
20,leak,22:23:53.901498,22:23:53.901498,22:23:53.901795,22:23:53.901795,22:23:53.902870,22:23:53.902870,22:23:53.904331,22:23:53.904331,22:23:53.913476,22:23:53.913495,22:23:53.927050,22:23:53.935311,22:23:54.366902,22:23:54.366930,22:23:54.372968,22:23:54.372991,22:23:54.378829,22:23:53.922114,22:23:53.922219,22:23:53.902333
20,safe,22:23:57.719424,22:23:57.719424,22:23:57.719756,22:23:57.719756,22:23:57.720938,22:23:57.720938,22:23:57.722441,22:23:57.722441,22:23:57.732817,22:23:57.732838,22:23:57.748113,22:23:57.756086,22:23:58.188312,22:23:58.188341,22:23:58.194341,22:23:58.194362,22:23:58.199500,22:23:57.740086,22:23:57.740191,22:23:57.720376
20,leak,22:24:02.998181,22:24:02.998181,22:24:02.998543,22:24:02.998543,22:24:02.999706,22:24:02.999706,22:24:03.002085,22:24:03.002085,22:24:03.012638,22:24:03.012663,22:24:03.027343,22:24:03.035674,22:24:03.471213,22:24:03.471246,22:24:03.477142,22:24:03.477171,22:24:03.482234,22:24:03.019484,22:24:03.019631,22:24:02.999152
20,leak,22:24:06.705230,22:24:06.705230,22:24:06.705583,22:24:06.705583,22:24:06.706727,22:24:06.706727,22:24:06.708199,22:24:06.708199,22:24:06.717421,22:24:06.717443,22:24:06.732744,22:24:06.740896,22:24:07.175355,22:24:07.175382,22:24:07.181162,22:24:07.181184,22:24:07.186699,22:24:06.725632,22:24:06.725774,22:24:06.706227
20,leak,22:24:09.969310,22:24:09.969310,22:24:09.969658,22:24:09.969658,22:24:09.970792,22:24:09.970792,22:24:09.972217,22:24:09.972217,22:24:09.982613,22:24:09.982642,22:24:09.997582,22:24:10.005674,22:24:10.430901,22:24:10.430930,22:24:10.436527,22:24:10.436549,22:24:10.441703,22:24:09.989689,22:24:09.989782,22:24:09.970241
20,safe,22:24:13.232344,22:24:13.232344,22:24:13.232653,22:24:13.232653,22:24:13.233798,22:24:13.233798,22:24:13.235186,22:24:13.235186,22:24:13.244330,22:24:13.244351,22:24:13.258145,22:24:13.266515,22:24:13.698191,22:24:13.698222,22:24:13.704106,22:24:13.704128,22:24:13.709176,22:24:13.253197,22:24:13.253405,22:24:13.233245
20,leak,22:24:18.766933,22:24:18.766933,22:24:18.767283,22:24:18.767283,22:24:18.768392,22:24:18.768392,22:24:18.770354,22:24:18.770354,22:24:18.779849,22:24:18.779870,22:24:18.793743,22:24:18.802196,22:24:19.238241,22:24:19.238269,22:24:19.244067,22:24:19.244088,22:24:19.249387,22:24:18.801506,22:24:18.801652,22:24:18.767883
20,safe,22:24:22.539999,22:24:22.539999,22:24:22.540359,22:24:22.540359,22:24:22.541725,22:24:22.541725,22:24:22.543196,22:24:22.543196,22:24:22.552555,22:24:22.552576,22:24:22.566122,22:24:22.574919,22:24:23.006988,22:24:23.007018,22:24:23.012587,22:24:23.012609,22:24:23.018159,22:24:22.560534,22:24:22.560657,22:24:22.541043
20,leak,22:24:27.746770,22:24:27.746770,22:24:27.747077,22:24:27.747077,22:24:27.748112,22:24:27.748112,22:24:27.750328,22:24:27.750328,22:24:27.759643,22:24:27.759666,22:24:27.773792,22:24:27.781840,22:24:28.217649,22:24:28.217681,22:24:28.224435,22:24:28.224459,22:24:28.229804,22:24:27.781218,22:24:27.781735,22:24:27.747627
20,leak,22:24:30.966161,22:24:30.966161,22:24:30.966520,22:24:30.966520,22:24:30.967637,22:24:30.967637,22:24:30.969034,22:24:30.969034,22:24:30.978307,22:24:30.978334,22:24:31.001286,22:24:31.010722,22:24:31.444567,22:24:31.444595,22:24:31.450556,22:24:31.450579,22:24:31.455654,22:24:30.986895,22:24:30.987004,22:24:30.967135
20,leak,22:24:35.792526,22:24:35.792526,22:24:35.792879,22:24:35.792879,22:24:35.794077,22:24:35.794077,22:24:35.795452,22:24:35.795452,22:24:35.805066,22:24:35.805087,22:24:35.821301,22:24:35.830521,22:24:36.273750,22:24:36.273779,22:24:36.279834,22:24:36.279858,22:24:36.286309,22:24:35.812877,22:24:35.812994,22:24:35.793524
20,leak,22:24:38.941446,22:24:38.941446,22:24:38.941790,22:24:38.941790,22:24:38.942885,22:24:38.942885,22:24:38.944297,22:24:38.944297,22:24:38.954755,22:24:38.954775,22:24:38.968537,22:24:38.976755,22:24:39.409341,22:24:39.409369,22:24:39.415672,22:24:39.415695,22:24:39.421223,22:24:38.962251,22:24:38.962341,22:24:38.942371
20,leak,22:24:42.709855,22:24:42.709855,22:24:42.710216,22:24:42.710216,22:24:42.711355,22:24:42.711355,22:24:42.712771,22:24:42.712771,22:24:42.722101,22:24:42.722122,22:24:42.737020,22:24:42.745531,22:24:43.177555,22:24:43.177583,22:24:43.183287,22:24:43.183314,22:24:43.189566,22:24:42.730274,22:24:42.730375,22:24:42.710812
20,leak,22:24:47.467017,22:24:47.467017,22:24:47.467367,22:24:47.467367,22:24:47.468500,22:24:47.468500,22:24:47.469938,22:24:47.469938,22:24:47.479893,22:24:47.479919,22:24:47.494280,22:24:47.502746,22:24:47.937992,22:24:47.938023,22:24:47.944077,22:24:47.944103,22:24:47.949991,22:24:47.487408,22:24:47.487502,22:24:47.467982
20,safe,22:24:51.293421,22:24:51.293421,22:24:51.293769,22:24:51.293769,22:24:51.295133,22:24:51.295133,22:24:51.296713,22:24:51.296713,22:24:51.306598,22:24:51.306617,22:24:51.322362,22:24:51.331900,22:24:51.764647,22:24:51.764679,22:24:51.770879,22:24:51.770905,22:24:51.777054,22:24:51.313770,22:24:51.313871,22:24:51.294436
20,leak,22:24:56.590278,22:24:56.590278,22:24:56.590633,22:24:56.590633,22:24:56.591874,22:24:56.591874,22:24:56.594276,22:24:56.594276,22:24:56.604567,22:24:56.604588,22:24:56.619115,22:24:56.627573,22:24:57.063454,22:24:57.063483,22:24:57.069396,22:24:57.069425,22:24:57.074407,22:24:56.634215,22:24:56.634427,22:24:56.591223
20,leak,22:25:00.015328,22:25:00.015328,22:25:00.015830,22:25:00.015830,22:25:00.017399,22:25:00.017399,22:25:00.019192,22:25:00.019192,22:25:00.029766,22:25:00.029804,22:25:00.045270,22:25:00.053819,22:25:00.483903,22:25:00.483934,22:25:00.489827,22:25:00.489849,22:25:00.495044,22:25:00.036095,22:25:00.036215,22:25:00.016761
20,safe,22:25:03.208644,22:25:03.208644,22:25:03.208998,22:25:03.208998,22:25:03.210110,22:25:03.210110,22:25:03.211539,22:25:03.211539,22:25:03.221657,22:25:03.221678,22:25:03.234797,22:25:03.243197,22:25:03.677307,22:25:03.677339,22:25:03.683407,22:25:03.683434,22:25:03.689584,22:25:03.230023,22:25:03.230131,22:25:03.209610
20,leak,22:25:08.370492,22:25:08.370492,22:25:08.370819,22:25:08.370819,22:25:08.372169,22:25:08.372169,22:25:08.374435,22:25:08.374435,22:25:08.384499,22:25:08.384519,22:25:08.399882,22:25:08.409024,22:25:08.843086,22:25:08.843118,22:25:08.849296,22:25:08.849320,22:25:08.855610,22:25:08.404418,22:25:08.404544,22:25:08.371545
20,leak,22:25:12.149210,22:25:12.149210,22:25:12.149561,22:25:12.149561,22:25:12.150636,22:25:12.150636,22:25:12.152128,22:25:12.152128,22:25:12.164000,22:25:12.164021,22:25:12.177594,22:25:12.185915,22:25:12.621274,22:25:12.621306,22:25:12.627443,22:25:12.627467,22:25:12.632895,22:25:12.169721,22:25:12.169823,22:25:12.150157
20,safe,22:25:16.995282,22:25:16.995282,22:25:16.995660,22:25:16.995660,22:25:16.996747,22:25:16.996747,22:25:16.998196,22:25:16.998196,22:25:17.007444,22:25:17.007471,22:25:17.021410,22:25:17.029416,22:25:17.464485,22:25:17.464517,22:25:17.470401,22:25:17.470425,22:25:17.475675,22:25:17.015906,22:25:17.016018,22:25:16.996225
20,leak,22:25:22.077958,22:25:22.077958,22:25:22.078329,22:25:22.078329,22:25:22.079503,22:25:22.079503,22:25:22.082075,22:25:22.082075,22:25:22.092507,22:25:22.092528,22:25:22.115803,22:25:22.124774,22:25:22.559931,22:25:22.559960,22:25:22.566568,22:25:22.566593,22:25:22.573313,22:25:22.117507,22:25:22.117669,22:25:22.078973
20,leak,22:25:25.871070,22:25:25.871070,22:25:25.871421,22:25:25.871421,22:25:25.872730,22:25:25.872730,22:25:25.874142,22:25:25.874142,22:25:25.883888,22:25:25.883911,22:25:25.897900,22:25:25.906572,22:25:26.344722,22:25:26.344749,22:25:26.351254,22:25:26.351277,22:25:26.357781,22:25:25.891644,22:25:25.891730,22:25:25.872043
20,leak,22:25:29.713182,22:25:29.713182,22:25:29.713539,22:25:29.713539,22:25:29.714730,22:25:29.714730,22:25:29.716137,22:25:29.716137,22:25:29.725433,22:25:29.725453,22:25:29.740196,22:25:29.748725,22:25:30.188309,22:25:30.188339,22:25:30.194095,22:25:30.194116,22:25:30.199337,22:25:29.733724,22:25:29.733842,22:25:29.714175
20,leak,22:25:33.790739,22:25:33.790739,22:25:33.791052,22:25:33.791052,22:25:33.792379,22:25:33.792379,22:25:33.793925,22:25:33.793925,22:25:33.803548,22:25:33.803568,22:25:33.817019,22:25:33.825415,22:25:34.258417,22:25:34.258450,22:25:34.264439,22:25:34.264464,22:25:34.269980,22:25:33.811300,22:25:33.811402,22:25:33.791830
20,leak,22:25:38.565490,22:25:38.565490,22:25:38.565946,22:25:38.565946,22:25:38.567110,22:25:38.567110,22:25:38.568608,22:25:38.568608,22:25:38.579018,22:25:38.579039,22:25:38.593241,22:25:38.601214,22:25:39.037182,22:25:39.037217,22:25:39.044495,22:25:39.044521,22:25:39.050477,22:25:38.586056,22:25:38.586158,22:25:38.566576
20,leak,22:25:43.201090,22:25:43.201090,22:25:43.201467,22:25:43.201467,22:25:43.202617,22:25:43.202617,22:25:43.204540,22:25:43.204540,22:25:43.215175,22:25:43.215203,22:25:43.231125,22:25:43.239716,22:25:43.674293,22:25:43.674340,22:25:43.680422,22:25:43.680445,22:25:43.687261,22:25:43.221419,22:25:43.221541,22:25:43.202078
20,leak,22:25:46.762187,22:25:46.762187,22:25:46.762560,22:25:46.762560,22:25:46.763740,22:25:46.763740,22:25:46.765092,22:25:46.765092,22:25:46.774367,22:25:46.774388,22:25:46.790526,22:25:46.799989,22:25:47.233842,22:25:47.233870,22:25:47.241151,22:25:47.241178,22:25:47.247088,22:25:46.782675,22:25:46.782786,22:25:46.763178
20,leak,22:25:50.642585,22:25:50.642585,22:25:50.642945,22:25:50.642945,22:25:50.644118,22:25:50.644118,22:25:50.645497,22:25:50.645497,22:25:50.654625,22:25:50.654646,22:25:50.668508,22:25:50.677930,22:25:51.112476,22:25:51.112508,22:25:51.118699,22:25:51.118723,22:25:51.124274,22:25:50.663322,22:25:50.663416,22:25:50.643567
20,safe,22:25:55.405221,22:25:55.405221,22:25:55.405610,22:25:55.405610,22:25:55.406921,22:25:55.406921,22:25:55.408251,22:25:55.408251,22:25:55.417696,22:25:55.417716,22:25:55.431623,22:25:55.440087,22:25:55.877865,22:25:55.877892,22:25:55.883679,22:25:55.883702,22:25:55.888786,22:25:55.425779,22:25:55.425887,22:25:55.406252
20,leak,22:26:00.732914,22:26:00.732914,22:26:00.733225,22:26:00.733225,22:26:00.734332,22:26:00.734332,22:26:00.736538,22:26:00.736538,22:26:00.745665,22:26:00.745693,22:26:00.759604,22:26:00.767603,22:26:01.202592,22:26:01.202624,22:26:01.208670,22:26:01.208698,22:26:01.214332,22:26:00.778018,22:26:00.778260,22:26:00.733792
20,safe,22:26:03.863393,22:26:03.863393,22:26:03.863731,22:26:03.863731,22:26:03.864861,22:26:03.864861,22:26:03.866237,22:26:03.866237,22:26:03.875943,22:26:03.875965,22:26:03.889901,22:26:03.899011,22:26:04.330162,22:26:04.330194,22:26:04.336206,22:26:04.336230,22:26:04.342573,22:26:03.883816,22:26:03.883926,22:26:03.864292
20,safe,22:26:09.075106,22:26:09.075106,22:26:09.075452,22:26:09.075452,22:26:09.076666,22:26:09.076666,22:26:09.078979,22:26:09.078979,22:26:09.088630,22:26:09.088651,22:26:09.102709,22:26:09.111530,22:26:09.546625,22:26:09.546656,22:26:09.552635,22:26:09.552656,22:26:09.558125,22:26:09.096304,22:26:09.096400,22:26:09.076106
20,leak,22:26:14.419485,22:26:14.419485,22:26:14.419832,22:26:14.419832,22:26:14.420954,22:26:14.420954,22:26:14.423244,22:26:14.423244,22:26:14.432496,22:26:14.432517,22:26:14.458196,22:26:14.466632,22:26:14.901822,22:26:14.901849,22:26:14.907417,22:26:14.907442,22:26:14.912639,22:26:14.457030,22:26:14.457179,22:26:14.420415
20,safe,22:26:18.196550,22:26:18.196550,22:26:18.196939,22:26:18.196939,22:26:18.198192,22:26:18.198192,22:26:18.199589,22:26:18.199589,22:26:18.209555,22:26:18.209575,22:26:18.224103,22:26:18.232702,22:26:18.664953,22:26:18.664982,22:26:18.671201,22:26:18.671226,22:26:18.676446,22:26:18.217022,22:26:18.217121,22:26:18.197644
20,safe,22:26:23.483021,22:26:23.483021,22:26:23.483332,22:26:23.483332,22:26:23.484500,22:26:23.484500,22:26:23.486817,22:26:23.486817,22:26:23.496066,22:26:23.496086,22:26:23.511304,22:26:23.519417,22:26:23.953828,22:26:23.953857,22:26:23.959571,22:26:23.959593,22:26:23.964909,22:26:23.504386,22:26:23.504490,22:26:23.483949
20,leak,22:26:28.756554,22:26:28.756554,22:26:28.756935,22:26:28.756935,22:26:28.758039,22:26:28.758039,22:26:28.760192,22:26:28.760192,22:26:28.770100,22:26:28.770118,22:26:28.784585,22:26:28.792863,22:26:29.227841,22:26:29.227870,22:26:29.233619,22:26:29.233643,22:26:29.239018,22:26:28.799997,22:26:28.800173,22:26:28.757516
20,safe,22:26:32.043831,22:26:32.043831,22:26:32.044183,22:26:32.044183,22:26:32.045345,22:26:32.045345,22:26:32.046705,22:26:32.046705,22:26:32.056281,22:26:32.056301,22:26:32.071548,22:26:32.079734,22:26:32.513516,22:26:32.513548,22:26:32.519833,22:26:32.519859,22:26:32.526596,22:26:32.064447,22:26:32.064554,22:26:32.044780
20,safe,22:26:37.359576,22:26:37.359576,22:26:37.359926,22:26:37.359926,22:26:37.361048,22:26:37.361048,22:26:37.363594,22:26:37.363594,22:26:37.373165,22:26:37.373186,22:26:37.387419,22:26:37.397243,22:26:37.833227,22:26:37.833253,22:26:37.839265,22:26:37.839288,22:26:37.844580,22:26:37.380603,22:26:37.380705,22:26:37.360525
20,leak,22:26:42.578211,22:26:42.578211,22:26:42.578550,22:26:42.578550,22:26:42.579571,22:26:42.579571,22:26:42.581813,22:26:42.581813,22:26:42.592348,22:26:42.592371,22:26:42.606002,22:26:42.614583,22:26:43.048157,22:26:43.048189,22:26:43.054163,22:26:43.054188,22:26:43.059388,22:26:42.612228,22:26:42.612355,22:26:42.579114
20,leak,22:26:46.002568,22:26:46.002568,22:26:46.003136,22:26:46.003136,22:26:46.004662,22:26:46.004662,22:26:46.006433,22:26:46.006433,22:26:46.017041,22:26:46.017086,22:26:46.033984,22:26:46.045799,22:26:46.487672,22:26:46.487700,22:26:46.494331,22:26:46.494353,22:26:46.500285,22:26:46.023649,22:26:46.023818,22:26:46.004039
20,safe,22:26:50.099793,22:26:50.099793,22:26:50.100151,22:26:50.100151,22:26:50.101281,22:26:50.101281,22:26:50.102723,22:26:50.102723,22:26:50.112285,22:26:50.112301,22:26:50.127480,22:26:50.137016,22:26:50.569475,22:26:50.569500,22:26:50.575477,22:26:50.575499,22:26:50.581708,22:26:50.120310,22:26:50.120436,22:26:50.100753
20,safe,22:26:55.443481,22:26:55.443481,22:26:55.443832,22:26:55.443832,22:26:55.444944,22:26:55.444944,22:26:55.447180,22:26:55.447180,22:26:55.459136,22:26:55.459157,22:26:55.472546,22:26:55.480560,22:26:55.916830,22:26:55.916861,22:26:55.922658,22:26:55.922682,22:26:55.928189,22:26:55.484786,22:26:55.484931,22:26:55.444447
20,leak,22:27:00.720347,22:27:00.720347,22:27:00.720703,22:27:00.720703,22:27:00.721829,22:27:00.721829,22:27:00.724039,22:27:00.724039,22:27:00.733836,22:27:00.733864,22:27:00.747608,22:27:00.755977,22:27:01.191522,22:27:01.191551,22:27:01.198164,22:27:01.198188,22:27:01.204801,22:27:00.741366,22:27:00.741480,22:27:00.721297
20,safe,22:27:04.542030,22:27:04.542030,22:27:04.542385,22:27:04.542385,22:27:04.543553,22:27:04.543553,22:27:04.544962,22:27:04.544962,22:27:04.554218,22:27:04.554239,22:27:04.567855,22:27:04.576067,22:27:05.021302,22:27:05.021352,22:27:05.028766,22:27:05.028789,22:27:05.035637,22:27:04.562586,22:27:04.562741,22:27:04.543004
20,safe,22:27:09.631669,22:27:09.631669,22:27:09.632026,22:27:09.632026,22:27:09.633322,22:27:09.633322,22:27:09.636350,22:27:09.636350,22:27:09.645723,22:27:09.645748,22:27:09.672810,22:27:09.681345,22:27:10.115737,22:27:10.115767,22:27:10.122185,22:27:10.122213,22:27:10.129321,22:27:09.668776,22:27:09.668920,22:27:09.632752
40,safe,22:27:14.845487,22:27:14.845487,22:27:14.845877,22:27:14.845877,22:27:14.847001,22:27:14.847001,22:27:14.849325,22:27:14.849325,22:27:14.858533,22:27:14.858551,22:27:14.951772,22:27:14.960858,22:27:15.402078,22:27:15.402106,22:27:15.408577,22:27:15.408605,22:27:15.414458,22:27:14.908128,22:27:14.908304,22:27:14.846482
40,leak,22:27:20.292639,22:27:20.292639,22:27:20.293020,22:27:20.293020,22:27:20.294095,22:27:20.294095,22:27:20.296370,22:27:20.296370,22:27:20.306263,22:27:20.306285,22:27:20.320615,22:27:20.328897,22:27:20.763698,22:27:20.763726,22:27:20.770027,22:27:20.770053,22:27:20.775352,22:27:20.334103,22:27:20.334247,22:27:20.293576
40,safe,22:27:25.054265,22:27:25.054265,22:27:25.054667,22:27:25.054667,22:27:25.055810,22:27:25.055810,22:27:25.057305,22:27:25.057305,22:27:25.066560,22:27:25.066581,22:27:25.080229,22:27:25.088734,22:27:25.524836,22:27:25.524863,22:27:25.530744,22:27:25.530769,22:27:25.535877,22:27:25.095285,22:27:25.095430,22:27:25.055281
40,leak,22:27:30.388163,22:27:30.388163,22:27:30.388511,22:27:30.388511,22:27:30.389541,22:27:30.389541,22:27:30.392031,22:27:30.392031,22:27:30.401289,22:27:30.401306,22:27:30.415994,22:27:30.423978,22:27:30.859076,22:27:30.859107,22:27:30.865148,22:27:30.865174,22:27:30.871641,22:27:30.450722,22:27:30.450980,22:27:30.389053
40,leak,22:27:34.158840,22:27:34.158840,22:27:34.159145,22:27:34.159145,22:27:34.160180,22:27:34.160180,22:27:34.161681,22:27:34.161681,22:27:34.170864,22:27:34.170884,22:27:34.184180,22:27:34.192620,22:27:34.624631,22:27:34.624665,22:27:34.630574,22:27:34.630596,22:27:34.635868,22:27:34.199782,22:27:34.199941,22:27:34.159708
40,leak,22:27:37.491323,22:27:37.491323,22:27:37.491729,22:27:37.491729,22:27:37.492929,22:27:37.492929,22:27:37.494490,22:27:37.494490,22:27:37.504345,22:27:37.504399,22:27:37.518864,22:27:37.529033,22:27:37.960817,22:27:37.960849,22:27:37.966587,22:27:37.966609,22:27:37.971809,22:27:37.532106,22:27:37.532240,22:27:37.492388
40,leak,22:27:40.840207,22:27:40.840207,22:27:40.840629,22:27:40.840629,22:27:40.841772,22:27:40.841772,22:27:40.843304,22:27:40.843304,22:27:40.852492,22:27:40.852512,22:27:40.865600,22:27:40.873861,22:27:41.304634,22:27:41.304660,22:27:41.310635,22:27:41.310660,22:27:41.316056,22:27:40.880685,22:27:40.880840,22:27:40.841235
40,safe,22:27:44.563247,22:27:44.563247,22:27:44.563642,22:27:44.563642,22:27:44.564835,22:27:44.564835,22:27:44.566354,22:27:44.566354,22:27:44.575626,22:27:44.575647,22:27:44.588867,22:27:44.597286,22:27:45.031624,22:27:45.031656,22:27:45.037433,22:27:45.037454,22:27:45.042502,22:27:44.603844,22:27:44.604001,22:27:44.564256
40,leak,22:27:49.644744,22:27:49.644744,22:27:49.645109,22:27:49.645109,22:27:49.646258,22:27:49.646258,22:27:49.648642,22:27:49.648642,22:27:49.657992,22:27:49.658013,22:27:49.671135,22:27:49.679926,22:27:50.114485,22:27:50.114514,22:27:50.120668,22:27:50.120697,22:27:50.127478,22:27:49.703726,22:27:49.703923,22:27:49.645751
40,leak,22:27:53.427947,22:27:53.427947,22:27:53.428242,22:27:53.428242,22:27:53.429333,22:27:53.429333,22:27:53.430706,22:27:53.430706,22:27:53.440898,22:27:53.440920,22:27:53.455173,22:27:53.465585,22:27:53.897830,22:27:53.897863,22:27:53.904000,22:27:53.904023,22:27:53.910214,22:27:53.468451,22:27:53.468595,22:27:53.428789
40,safe,22:27:58.276306,22:27:58.276306,22:27:58.276694,22:27:58.276694,22:27:58.277913,22:27:58.277913,22:27:58.279279,22:27:58.279279,22:27:58.289572,22:27:58.289592,22:27:58.303585,22:27:58.311921,22:27:58.748725,22:27:58.748752,22:27:58.754524,22:27:58.754544,22:27:58.759729,22:27:58.317375,22:27:58.317542,22:27:58.277345
40,leak,22:28:03.519726,22:28:03.519726,22:28:03.520054,22:28:03.520054,22:28:03.521205,22:28:03.521205,22:28:03.523468,22:28:03.523468,22:28:03.534008,22:28:03.534028,22:28:03.547161,22:28:03.555175,22:28:03.992113,22:28:03.992146,22:28:03.998915,22:28:03.998941,22:28:04.004242,22:28:03.574837,22:28:03.575027,22:28:03.520706
40,leak,22:28:08.370063,22:28:08.370063,22:28:08.370464,22:28:08.370464,22:28:08.371788,22:28:08.371788,22:28:08.373576,22:28:08.373576,22:28:08.383223,22:28:08.383254,22:28:08.403965,22:28:08.412789,22:28:08.851285,22:28:08.851317,22:28:08.857611,22:28:08.857636,22:28:08.864172,22:28:08.411011,22:28:08.411165,22:28:08.371180
40,safe,22:28:11.683245,22:28:11.683245,22:28:11.683576,22:28:11.683576,22:28:11.684680,22:28:11.684680,22:28:11.686084,22:28:11.686084,22:28:11.695991,22:28:11.696012,22:28:11.709303,22:28:11.718015,22:28:12.150526,22:28:12.150555,22:28:12.156647,22:28:12.156672,22:28:12.162591,22:28:11.723841,22:28:11.723974,22:28:11.684154
40,safe,22:28:16.991932,22:28:16.991932,22:28:16.992256,22:28:16.992256,22:28:16.993406,22:28:16.993406,22:28:16.995760,22:28:16.995760,22:28:17.041190,22:28:17.041214,22:28:17.054778,22:28:17.064670,22:28:17.500875,22:28:17.500902,22:28:17.507124,22:28:17.507148,22:28:17.512893,22:28:17.054516,22:28:17.054641,22:28:16.992918
40,safe,22:28:22.396942,22:28:22.396942,22:28:22.397253,22:28:22.397253,22:28:22.398378,22:28:22.398378,22:28:22.400676,22:28:22.400676,22:28:22.441477,22:28:22.441500,22:28:22.455022,22:28:22.464318,22:28:22.900255,22:28:22.900283,22:28:22.906486,22:28:22.906509,22:28:22.912385,22:28:22.448048,22:28:22.448149,22:28:22.397832
40,leak,22:28:27.794852,22:28:27.794852,22:28:27.795215,22:28:27.795215,22:28:27.796552,22:28:27.796552,22:28:27.798688,22:28:27.798688,22:28:27.846110,22:28:27.846132,22:28:27.859645,22:28:27.869320,22:28:28.314765,22:28:28.314797,22:28:28.320657,22:28:28.320681,22:28:28.326370,22:28:27.858482,22:28:27.858611,22:28:27.795973
40,leak,22:28:31.459448,22:28:31.459448,22:28:31.459806,22:28:31.459806,22:28:31.461122,22:28:31.461122,22:28:31.462993,22:28:31.462993,22:28:31.503086,22:28:31.503109,22:28:31.516345,22:28:31.525111,22:28:31.960746,22:28:31.960773,22:28:31.967019,22:28:31.967040,22:28:31.972239,22:28:31.499844,22:28:31.499948,22:28:31.460492
40,leak,22:28:36.294578,22:28:36.294578,22:28:36.295146,22:28:36.295146,22:28:36.296672,22:28:36.296672,22:28:36.298745,22:28:36.298745,22:28:36.337467,22:28:36.337509,22:28:36.352764,22:28:36.361959,22:28:36.802589,22:28:36.802615,22:28:36.808605,22:28:36.808632,22:28:36.814659,22:28:36.335189,22:28:36.335320,22:28:36.296038
40,leak,22:28:40.040026,22:28:40.040026,22:28:40.040404,22:28:40.040404,22:28:40.041657,22:28:40.041657,22:28:40.043090,22:28:40.043090,22:28:40.108878,22:28:40.108906,22:28:40.122138,22:28:40.130639,22:28:40.570660,22:28:40.570687,22:28:40.576452,22:28:40.576475,22:28:40.582671,22:28:40.080430,22:28:40.080564,22:28:40.041132
40,leak,22:28:45.038414,22:28:45.038414,22:28:45.038880,22:28:45.038880,22:28:45.040109,22:28:45.040109,22:28:45.041646,22:28:45.041646,22:28:45.083831,22:28:45.083863,22:28:45.098435,22:28:45.106886,22:28:45.543444,22:28:45.543472,22:28:45.550130,22:28:45.550154,22:28:45.556486,22:28:45.078625,22:28:45.078727,22:28:45.039548
40,safe,22:28:48.855395,22:28:48.855395,22:28:48.855706,22:28:48.855706,22:28:48.856848,22:28:48.856848,22:28:48.858247,22:28:48.858247,22:28:48.899197,22:28:48.899220,22:28:48.912793,22:28:48.921411,22:28:49.355406,22:28:49.355437,22:28:49.361351,22:28:49.361375,22:28:49.366801,22:28:48.895626,22:28:48.895727,22:28:48.856293
40,safe,22:28:54.080126,22:28:54.080126,22:28:54.080429,22:28:54.080429,22:28:54.081535,22:28:54.081535,22:28:54.083767,22:28:54.083767,22:28:54.124730,22:28:54.124752,22:28:54.139311,22:28:54.149575,22:28:54.594876,22:28:54.594906,22:28:54.601156,22:28:54.601179,22:28:54.607262,22:28:54.135028,22:28:54.135135,22:28:54.081022
40,leak,22:28:59.567656,22:28:59.567656,22:28:59.567958,22:28:59.567958,22:28:59.568996,22:28:59.568996,22:28:59.571350,22:28:59.571350,22:28:59.617385,22:28:59.617413,22:28:59.630966,22:28:59.639136,22:29:00.077826,22:29:00.077855,22:29:00.083720,22:29:00.083742,22:29:00.088843,22:28:59.622563,22:28:59.622679,22:28:59.568504
40,leak,22:29:04.483199,22:29:04.483199,22:29:04.483573,22:29:04.483573,22:29:04.485041,22:29:04.485041,22:29:04.486502,22:29:04.486502,22:29:04.526397,22:29:04.526419,22:29:04.546204,22:29:04.554346,22:29:05.000357,22:29:05.000388,22:29:05.006564,22:29:05.006588,22:29:05.012702,22:29:04.523801,22:29:04.523919,22:29:04.484362
40,leak,22:29:08.072591,22:29:08.072591,22:29:08.072997,22:29:08.072997,22:29:08.074170,22:29:08.074170,22:29:08.075742,22:29:08.075742,22:29:08.117207,22:29:08.117230,22:29:08.131465,22:29:08.140408,22:29:08.573997,22:29:08.574026,22:29:08.579886,22:29:08.579911,22:29:08.585383,22:29:08.112874,22:29:08.112987,22:29:08.073590
40,leak,22:29:13.037822,22:29:13.037822,22:29:13.038226,22:29:13.038226,22:29:13.039534,22:29:13.039534,22:29:13.040977,22:29:13.040977,22:29:13.082288,22:29:13.082312,22:29:13.096077,22:29:13.105429,22:29:13.546671,22:29:13.546704,22:29:13.552885,22:29:13.552909,22:29:13.558505,22:29:13.078052,22:29:13.078153,22:29:13.039011
40,safe,22:29:16.406739,22:29:16.406739,22:29:16.407150,22:29:16.407150,22:29:16.408550,22:29:16.408550,22:29:16.410198,22:29:16.410198,22:29:16.450661,22:29:16.450685,22:29:16.465189,22:29:16.474044,22:29:16.905952,22:29:16.905980,22:29:16.912214,22:29:16.912235,22:29:16.917466,22:29:16.447217,22:29:16.447336,22:29:16.407882
40,leak,22:29:21.622894,22:29:21.622894,22:29:21.623244,22:29:21.623244,22:29:21.624539,22:29:21.624539,22:29:21.626996,22:29:21.626996,22:29:21.637414,22:29:21.637435,22:29:21.651965,22:29:21.660003,22:29:22.098258,22:29:22.098290,22:29:22.104583,22:29:22.104609,22:29:22.110682,22:29:21.688062,22:29:21.688287,22:29:21.623816
40,leak,22:29:24.767233,22:29:24.767233,22:29:24.767545,22:29:24.767545,22:29:24.768965,22:29:24.768965,22:29:24.770340,22:29:24.770340,22:29:24.780261,22:29:24.780280,22:29:24.794657,22:29:24.802668,22:29:25.231536,22:29:25.231568,22:29:25.237749,22:29:25.237772,22:29:25.243665,22:29:24.808023,22:29:24.808182,22:29:24.768461
40,safe,22:29:28.200313,22:29:28.200313,22:29:28.200625,22:29:28.200625,22:29:28.201666,22:29:28.201666,22:29:28.203104,22:29:28.203104,22:29:28.212388,22:29:28.212433,22:29:28.226361,22:29:28.234878,22:29:28.669904,22:29:28.669937,22:29:28.675959,22:29:28.675983,22:29:28.681538,22:29:28.240813,22:29:28.240950,22:29:28.201166
40,leak,22:29:33.416994,22:29:33.416994,22:29:33.417346,22:29:33.417346,22:29:33.418415,22:29:33.418415,22:29:33.420744,22:29:33.420744,22:29:33.430260,22:29:33.430278,22:29:33.444194,22:29:33.452180,22:29:33.888317,22:29:33.888345,22:29:33.894360,22:29:33.894383,22:29:33.900537,22:29:33.473227,22:29:33.473442,22:29:33.417942
40,leak,22:29:36.794855,22:29:36.794855,22:29:36.795228,22:29:36.795228,22:29:36.796598,22:29:36.796598,22:29:36.798081,22:29:36.798081,22:29:36.807726,22:29:36.807744,22:29:36.822268,22:29:36.830487,22:29:37.259898,22:29:37.259927,22:29:37.265930,22:29:37.265953,22:29:37.271227,22:29:36.835600,22:29:36.835750,22:29:36.796063
40,leak,22:29:40.624207,22:29:40.624207,22:29:40.624559,22:29:40.624559,22:29:40.625671,22:29:40.625671,22:29:40.627073,22:29:40.627073,22:29:40.636204,22:29:40.636225,22:29:40.650748,22:29:40.659153,22:29:41.092360,22:29:41.092392,22:29:41.098629,22:29:41.098655,22:29:41.104558,22:29:40.664795,22:29:40.664941,22:29:40.625167
40,safe,22:29:43.851003,22:29:43.851003,22:29:43.851409,22:29:43.851409,22:29:43.852547,22:29:43.852547,22:29:43.854015,22:29:43.854015,22:29:43.863216,22:29:43.863235,22:29:43.877337,22:29:43.885641,22:29:44.319079,22:29:44.319111,22:29:44.324913,22:29:44.324935,22:29:44.330125,22:29:43.891703,22:29:43.891865,22:29:43.852019
40,leak,22:29:49.107692,22:29:49.107692,22:29:49.108047,22:29:49.108047,22:29:49.109208,22:29:49.109208,22:29:49.111503,22:29:49.111503,22:29:49.121045,22:29:49.121066,22:29:49.134440,22:29:49.142733,22:29:49.577435,22:29:49.577467,22:29:49.583679,22:29:49.583703,22:29:49.588959,22:29:49.169099,22:29:49.169376,22:29:49.108653
40,leak,22:29:53.944902,22:29:53.944902,22:29:53.945304,22:29:53.945304,22:29:53.946469,22:29:53.946469,22:29:53.947981,22:29:53.947981,22:29:53.957610,22:29:53.957630,22:29:53.978452,22:29:53.987905,22:29:54.424939,22:29:54.424967,22:29:54.430804,22:29:54.430823,22:29:54.436082,22:29:53.985644,22:29:53.985764,22:29:53.945922
40,safe,22:29:57.277493,22:29:57.277493,22:29:57.277874,22:29:57.277874,22:29:57.279237,22:29:57.279237,22:29:57.280891,22:29:57.280891,22:29:57.290306,22:29:57.290327,22:29:57.304173,22:29:57.312743,22:29:57.744195,22:29:57.744227,22:29:57.750279,22:29:57.750300,22:29:57.755560,22:29:57.318197,22:29:57.318357,22:29:57.278581
40,safe,22:30:02.486117,22:30:02.486117,22:30:02.486414,22:30:02.486414,22:30:02.487435,22:30:02.487435,22:30:02.489834,22:30:02.489834,22:30:02.499165,22:30:02.499186,22:30:02.512242,22:30:02.520885,22:30:02.957079,22:30:02.957110,22:30:02.963205,22:30:02.963227,22:30:02.968364,22:30:02.527295,22:30:02.527517,22:30:02.486951
40,leak,22:30:07.746057,22:30:07.746057,22:30:07.746368,22:30:07.746368,22:30:07.747494,22:30:07.747494,22:30:07.749647,22:30:07.749647,22:30:07.758816,22:30:07.758836,22:30:07.773509,22:30:07.781969,22:30:08.215979,22:30:08.216007,22:30:08.222095,22:30:08.222118,22:30:08.227230,22:30:07.787539,22:30:07.787916,22:30:07.746975
40,safe,22:30:11.402445,22:30:11.402445,22:30:11.402805,22:30:11.402805,22:30:11.404082,22:30:11.404082,22:30:11.405677,22:30:11.405677,22:30:11.414991,22:30:11.415011,22:30:11.428307,22:30:11.436959,22:30:11.866371,22:30:11.866397,22:30:11.872262,22:30:11.872289,22:30:11.877483,22:30:11.443363,22:30:11.443576,22:30:11.403411
40,leak,22:30:16.667810,22:30:16.667810,22:30:16.668176,22:30:16.668176,22:30:16.669443,22:30:16.669443,22:30:16.671857,22:30:16.671857,22:30:16.681715,22:30:16.681736,22:30:16.695644,22:30:16.704072,22:30:17.138528,22:30:17.138559,22:30:17.144656,22:30:17.144681,22:30:17.151269,22:30:16.720018,22:30:16.720213,22:30:16.668785
40,leak,22:30:20.003086,22:30:20.003086,22:30:20.003432,22:30:20.003432,22:30:20.004487,22:30:20.004487,22:30:20.005884,22:30:20.005884,22:30:20.017587,22:30:20.017609,22:30:20.031215,22:30:20.040658,22:30:20.471220,22:30:20.471250,22:30:20.477475,22:30:20.477500,22:30:20.482697,22:30:20.043903,22:30:20.044047,22:30:20.004021
40,leak,22:30:24.759845,22:30:24.759845,22:30:24.760144,22:30:24.760144,22:30:24.761189,22:30:24.761189,22:30:24.762628,22:30:24.762628,22:30:24.772253,22:30:24.772272,22:30:24.786999,22:30:24.795181,22:30:25.230865,22:30:25.230894,22:30:25.237184,22:30:25.237208,22:30:25.242416,22:30:24.800515,22:30:24.800658,22:30:24.760668
40,leak,22:30:28.560676,22:30:28.560676,22:30:28.561034,22:30:28.561034,22:30:28.562198,22:30:28.562198,22:30:28.563585,22:30:28.563585,22:30:28.573555,22:30:28.573576,22:30:28.587004,22:30:28.595533,22:30:29.030521,22:30:29.030551,22:30:29.036906,22:30:29.036931,22:30:29.042331,22:30:28.601512,22:30:28.601724,22:30:28.561623
40,leak,22:30:33.327700,22:30:33.327700,22:30:33.328045,22:30:33.328045,22:30:33.329189,22:30:33.329189,22:30:33.330748,22:30:33.330748,22:30:33.341190,22:30:33.341208,22:30:33.355865,22:30:33.365225,22:30:33.802221,22:30:33.802249,22:30:33.808146,22:30:33.808168,22:30:33.813298,22:30:33.368502,22:30:33.368624,22:30:33.328645
40,safe,22:30:36.677612,22:30:36.677612,22:30:36.677956,22:30:36.677956,22:30:36.679366,22:30:36.679366,22:30:36.681041,22:30:36.681041,22:30:36.690342,22:30:36.690364,22:30:36.703518,22:30:36.711462,22:30:37.146186,22:30:37.146216,22:30:37.151984,22:30:37.152005,22:30:37.157054,22:30:36.718551,22:30:36.718726,22:30:36.678671
40,leak,22:30:41.883227,22:30:41.883227,22:30:41.883630,22:30:41.883630,22:30:41.884793,22:30:41.884793,22:30:41.887119,22:30:41.887119,22:30:41.896988,22:30:41.897008,22:30:41.911507,22:30:41.919838,22:30:42.355746,22:30:42.355776,22:30:42.361689,22:30:42.361713,22:30:42.368111,22:30:41.945752,22:30:41.945995,22:30:41.884271
40,leak,22:30:45.598403,22:30:45.598403,22:30:45.598745,22:30:45.598745,22:30:45.599933,22:30:45.599933,22:30:45.601406,22:30:45.601406,22:30:45.611180,22:30:45.611202,22:30:45.631368,22:30:45.639512,22:30:46.070468,22:30:46.070495,22:30:46.076601,22:30:46.076626,22:30:46.081988,22:30:45.638946,22:30:45.639081,22:30:45.599402
40,safe,22:30:49.295814,22:30:49.295814,22:30:49.296162,22:30:49.296162,22:30:49.297295,22:30:49.297295,22:30:49.298631,22:30:49.298631,22:30:49.307795,22:30:49.307815,22:30:49.321250,22:30:49.329552,22:30:49.763731,22:30:49.763763,22:30:49.770486,22:30:49.770509,22:30:49.777020,22:30:49.336686,22:30:49.336858,22:30:49.296778
40,leak,22:30:54.632861,22:30:54.632861,22:30:54.633252,22:30:54.633252,22:30:54.634343,22:30:54.634343,22:30:54.636815,22:30:54.636815,22:30:54.646079,22:30:54.646106,22:30:54.661658,22:30:54.671390,22:30:55.108568,22:30:55.108599,22:30:55.114837,22:30:55.114861,22:30:55.120230,22:30:54.694681,22:30:54.694881,22:30:54.633832
40,leak,22:30:57.655782,22:30:57.655782,22:30:57.656140,22:30:57.656140,22:30:57.657378,22:30:57.657378,22:30:57.658834,22:30:57.658834,22:30:57.668108,22:30:57.668128,22:30:57.681795,22:30:57.690972,22:30:58.121669,22:30:58.121695,22:30:58.127360,22:30:58.127381,22:30:58.132541,22:30:57.696668,22:30:57.696832,22:30:57.656781
40,safe,22:31:02.407447,22:31:02.407447,22:31:02.407803,22:31:02.407803,22:31:02.408908,22:31:02.408908,22:31:02.410343,22:31:02.410343,22:31:02.419545,22:31:02.419566,22:31:02.432625,22:31:02.440623,22:31:02.877963,22:31:02.877994,22:31:02.884521,22:31:02.884544,22:31:02.890042,22:31:02.448143,22:31:02.448351,22:31:02.408369
40,leak,22:31:07.735250,22:31:07.735250,22:31:07.735561,22:31:07.735561,22:31:07.736582,22:31:07.736582,22:31:07.738866,22:31:07.738866,22:31:07.748219,22:31:07.748240,22:31:07.762068,22:31:07.772135,22:31:08.208749,22:31:08.208777,22:31:08.214629,22:31:08.214649,22:31:08.219878,22:31:07.799140,22:31:07.799396,22:31:07.736102
40,leak,22:31:12.441621,22:31:12.441621,22:31:12.442014,22:31:12.442014,22:31:12.443128,22:31:12.443128,22:31:12.444426,22:31:12.444426,22:31:12.454554,22:31:12.454575,22:31:12.468578,22:31:12.476825,22:31:12.912289,22:31:12.912316,22:31:12.918392,22:31:12.918413,22:31:12.923907,22:31:12.482280,22:31:12.482411,22:31:12.442603
40,safe,22:31:16.404223,22:31:16.404223,22:31:16.404871,22:31:16.404871,22:31:16.407067,22:31:16.407067,22:31:16.409072,22:31:16.409072,22:31:16.419162,22:31:16.419197,22:31:16.435953,22:31:16.446304,22:31:16.882693,22:31:16.882722,22:31:16.888665,22:31:16.888690,22:31:16.894009,22:31:16.444608,22:31:16.444753,22:31:16.405970
40,safe,22:31:21.498384,22:31:21.498384,22:31:21.498770,22:31:21.498770,22:31:21.499906,22:31:21.499906,22:31:21.502186,22:31:21.502186,22:31:21.512497,22:31:21.512524,22:31:21.527041,22:31:21.537188,22:31:21.973670,22:31:21.973704,22:31:21.979792,22:31:21.979818,22:31:21.985135,22:31:21.553410,22:31:21.553611,22:31:21.499360
40,safe,22:31:26.753389,22:31:26.753389,22:31:26.753734,22:31:26.753734,22:31:26.754911,22:31:26.754911,22:31:26.757348,22:31:26.757348,22:31:26.766550,22:31:26.766571,22:31:26.781462,22:31:26.789892,22:31:27.227094,22:31:27.227121,22:31:27.233164,22:31:27.233190,22:31:27.239227,22:31:26.817136,22:31:26.817395,22:31:26.754349
40,safe,22:31:32.040567,22:31:32.040567,22:31:32.040888,22:31:32.040888,22:31:32.041951,22:31:32.041951,22:31:32.044223,22:31:32.044223,22:31:32.053777,22:31:32.053805,22:31:32.066724,22:31:32.074854,22:31:32.513612,22:31:32.513638,22:31:32.519379,22:31:32.519400,22:31:32.525579,22:31:32.101191,22:31:32.101413,22:31:32.041410
40,leak,22:31:37.347963,22:31:37.347963,22:31:37.348344,22:31:37.348344,22:31:37.349668,22:31:37.349668,22:31:37.352174,22:31:37.352174,22:31:37.362083,22:31:37.362104,22:31:37.375527,22:31:37.383970,22:31:37.819160,22:31:37.819188,22:31:37.825551,22:31:37.825581,22:31:37.832229,22:31:37.406511,22:31:37.406743,22:31:37.348974
40,leak,22:31:41.242030,22:31:41.242030,22:31:41.242400,22:31:41.242400,22:31:41.243562,22:31:41.243562,22:31:41.244902,22:31:41.244902,22:31:41.254809,22:31:41.254826,22:31:41.279743,22:31:41.288104,22:31:41.720887,22:31:41.720918,22:31:41.726614,22:31:41.726635,22:31:41.731754,22:31:41.282490,22:31:41.282621,22:31:41.243032
40,leak,22:31:44.928529,22:31:44.928529,22:31:44.928839,22:31:44.928839,22:31:44.930001,22:31:44.930001,22:31:44.931534,22:31:44.931534,22:31:44.940960,22:31:44.940984,22:31:44.955248,22:31:44.964684,22:31:45.398833,22:31:45.398861,22:31:45.405016,22:31:45.405044,22:31:45.410701,22:31:44.968970,22:31:44.969110,22:31:44.929415
40,leak,22:31:49.769770,22:31:49.769770,22:31:49.770103,22:31:49.770103,22:31:49.771241,22:31:49.771241,22:31:49.772754,22:31:49.772754,22:31:49.781979,22:31:49.782000,22:31:49.795326,22:31:49.803570,22:31:50.240120,22:31:50.240148,22:31:50.246257,22:31:50.246284,22:31:50.252621,22:31:49.810748,22:31:49.810903,22:31:49.770647
40,leak,22:31:53.664590,22:31:53.664590,22:31:53.664945,22:31:53.664945,22:31:53.666224,22:31:53.666224,22:31:53.667531,22:31:53.667531,22:31:53.677301,22:31:53.677326,22:31:53.692257,22:31:53.701374,22:31:54.133713,22:31:54.133745,22:31:54.139548,22:31:54.139572,22:31:54.144951,22:31:53.705084,22:31:53.705220,22:31:53.665594
40,leak,22:31:58.498483,22:31:58.498483,22:31:58.498921,22:31:58.498921,22:31:58.500276,22:31:58.500276,22:31:58.502078,22:31:58.502078,22:31:58.511320,22:31:58.511341,22:31:58.524846,22:31:58.534199,22:31:58.971494,22:31:58.971522,22:31:58.977976,22:31:58.978004,22:31:58.984401,22:31:58.539506,22:31:58.539660,22:31:58.499626
40,safe,22:32:02.286264,22:32:02.286264,22:32:02.286632,22:32:02.286632,22:32:02.287764,22:32:02.287764,22:32:02.289220,22:32:02.289220,22:32:02.301339,22:32:02.301360,22:32:02.316004,22:32:02.325408,22:32:02.758964,22:32:02.758992,22:32:02.764708,22:32:02.764729,22:32:02.769817,22:32:02.327095,22:32:02.327223,22:32:02.287197
40,leak,22:32:07.512296,22:32:07.512296,22:32:07.512736,22:32:07.512736,22:32:07.513999,22:32:07.513999,22:32:07.516235,22:32:07.516235,22:32:07.525439,22:32:07.525459,22:32:07.539993,22:32:07.548804,22:32:07.990010,22:32:07.990039,22:32:07.996052,22:32:07.996079,22:32:08.002499,22:32:07.553496,22:32:07.553684,22:32:07.513367
40,safe,22:32:11.288059,22:32:11.288059,22:32:11.288460,22:32:11.288460,22:32:11.289565,22:32:11.289565,22:32:11.290957,22:32:11.290957,22:32:11.300681,22:32:11.300710,22:32:11.314732,22:32:11.323668,22:32:11.755623,22:32:11.755652,22:32:11.761924,22:32:11.761950,22:32:11.768396,22:32:11.328731,22:32:11.328907,22:32:11.289094
40,leak,22:32:16.463420,22:32:16.463420,22:32:16.464148,22:32:16.464148,22:32:16.466425,22:32:16.466425,22:32:16.469987,22:32:16.469987,22:32:16.479947,22:32:16.479996,22:32:16.496634,22:32:16.508258,22:32:16.945270,22:32:16.945299,22:32:16.951574,22:32:16.951598,22:32:16.957404,22:32:16.516477,22:32:16.516641,22:32:16.465403
40,safe,22:32:19.628642,22:32:19.628642,22:32:19.629034,22:32:19.629034,22:32:19.630309,22:32:19.630309,22:32:19.631811,22:32:19.631811,22:32:19.641814,22:32:19.641835,22:32:19.656020,22:32:19.664479,22:32:20.096150,22:32:20.096177,22:32:20.102401,22:32:20.102423,22:32:20.108773,22:32:19.669102,22:32:19.669240,22:32:19.629803
40,leak,22:32:24.846897,22:32:24.846897,22:32:24.847323,22:32:24.847323,22:32:24.848437,22:32:24.848437,22:32:24.850743,22:32:24.850743,22:32:24.859927,22:32:24.859948,22:32:24.874863,22:32:24.883688,22:32:25.318755,22:32:25.318784,22:32:25.324715,22:32:25.324734,22:32:25.329999,22:32:24.909667,22:32:24.909925,22:32:24.847913
40,safe,22:32:29.718491,22:32:29.718491,22:32:29.718839,22:32:29.718839,22:32:29.720150,22:32:29.720150,22:32:29.721698,22:32:29.721698,22:32:29.731761,22:32:29.731790,22:32:29.745312,22:32:29.754562,22:32:30.192460,22:32:30.192488,22:32:30.198739,22:32:30.198761,22:32:30.205143,22:32:29.759331,22:32:29.759467,22:32:29.719576
40,leak,22:32:34.926411,22:32:34.926411,22:32:34.926757,22:32:34.926757,22:32:34.928151,22:32:34.928151,22:32:34.930436,22:32:34.930436,22:32:34.939750,22:32:34.939770,22:32:34.960383,22:32:34.969699,22:32:35.406574,22:32:35.406603,22:32:35.412401,22:32:35.412422,22:32:35.417805,22:32:34.983073,22:32:34.983281,22:32:34.927614
40,leak,22:32:38.415184,22:32:38.415184,22:32:38.415641,22:32:38.415641,22:32:38.417302,22:32:38.417302,22:32:38.419068,22:32:38.419068,22:32:38.428669,22:32:38.428710,22:32:38.443904,22:32:38.453935,22:32:38.888180,22:32:38.888209,22:32:38.894997,22:32:38.895026,22:32:38.900408,22:32:38.456178,22:32:38.456347,22:32:38.416470
40,leak,22:32:43.190697,22:32:43.190697,22:32:43.191059,22:32:43.191059,22:32:43.192564,22:32:43.192564,22:32:43.194098,22:32:43.194098,22:32:43.203512,22:32:43.203531,22:32:43.218873,22:32:43.228437,22:32:43.662537,22:32:43.662564,22:32:43.668953,22:32:43.668977,22:32:43.674750,22:32:43.231238,22:32:43.231377,22:32:43.191792
40,leak,22:32:47.024094,22:32:47.024094,22:32:47.024469,22:32:47.024469,22:32:47.025700,22:32:47.025700,22:32:47.027246,22:32:47.027246,22:32:47.037848,22:32:47.037869,22:32:47.052896,22:32:47.061377,22:32:47.494017,22:32:47.494049,22:32:47.499887,22:32:47.499909,22:32:47.505154,22:32:47.064506,22:32:47.064629,22:32:47.025127
40,safe,22:32:50.172072,22:32:50.172072,22:32:50.172424,22:32:50.172424,22:32:50.173595,22:32:50.173595,22:32:50.175191,22:32:50.175191,22:32:50.184470,22:32:50.184492,22:32:50.198767,22:32:50.207240,22:32:50.637741,22:32:50.637769,22:32:50.643664,22:32:50.643688,22:32:50.649051,22:32:50.212736,22:32:50.212886,22:32:50.173028
40,safe,22:32:55.295051,22:32:55.295051,22:32:55.295371,22:32:55.295371,22:32:55.296529,22:32:55.296529,22:32:55.298858,22:32:55.298858,22:32:55.308407,22:32:55.308427,22:32:55.322854,22:32:55.331229,22:32:55.764776,22:32:55.764809,22:32:55.770968,22:32:55.770989,22:32:55.777074,22:32:55.357614,22:32:55.357828,22:32:55.295943
40,leak,22:33:00.362008,22:33:00.362008,22:33:00.362489,22:33:00.362489,22:33:00.363957,22:33:00.363957,22:33:00.366376,22:33:00.366376,22:33:00.375951,22:33:00.375973,22:33:00.389032,22:33:00.397308,22:33:00.831174,22:33:00.831203,22:33:00.837116,22:33:00.837138,22:33:00.842576,22:33:00.413631,22:33:00.413833,22:33:00.363328
40,leak,22:33:03.940567,22:33:03.940567,22:33:03.940923,22:33:03.940923,22:33:03.942116,22:33:03.942116,22:33:03.943469,22:33:03.943469,22:33:03.952696,22:33:03.952717,22:33:03.966242,22:33:03.974514,22:33:04.405584,22:33:04.405615,22:33:04.411357,22:33:04.411376,22:33:04.416775,22:33:03.981176,22:33:03.981345,22:33:03.941542
40,safe,22:33:07.750956,22:33:07.750956,22:33:07.751273,22:33:07.751273,22:33:07.752429,22:33:07.752429,22:33:07.753848,22:33:07.753848,22:33:07.763068,22:33:07.763089,22:33:07.776219,22:33:07.784629,22:33:08.216708,22:33:08.216736,22:33:08.222815,22:33:08.222837,22:33:08.227876,22:33:07.791895,22:33:07.792069,22:33:07.751881
40,leak,22:33:12.930714,22:33:12.930714,22:33:12.931044,22:33:12.931044,22:33:12.932216,22:33:12.932216,22:33:12.934585,22:33:12.934585,22:33:12.944223,22:33:12.944244,22:33:12.957322,22:33:12.965161,22:33:13.399561,22:33:13.399588,22:33:13.405518,22:33:13.405540,22:33:13.410612,22:33:12.995326,22:33:12.995551,22:33:12.931615
40,safe,22:33:16.492704,22:33:16.492704,22:33:16.493116,22:33:16.493116,22:33:16.494782,22:33:16.494782,22:33:16.496966,22:33:16.496966,22:33:16.508655,22:33:16.508720,22:33:16.529141,22:33:16.540672,22:33:16.975709,22:33:16.975737,22:33:16.981685,22:33:16.981706,22:33:16.986871,22:33:16.533700,22:33:16.533847,22:33:16.494056
40,safe,22:33:21.719488,22:33:21.719488,22:33:21.719876,22:33:21.719876,22:33:21.721012,22:33:21.721012,22:33:21.723293,22:33:21.723293,22:33:21.732460,22:33:21.732488,22:33:21.746010,22:33:21.754139,22:33:22.191469,22:33:22.191497,22:33:22.197206,22:33:22.197227,22:33:22.202277,22:33:21.775228,22:33:21.775427,22:33:21.720500
40,safe,22:33:26.787801,22:33:26.787801,22:33:26.788208,22:33:26.788208,22:33:26.789485,22:33:26.789485,22:33:26.791577,22:33:26.791577,22:33:26.801918,22:33:26.801938,22:33:26.823451,22:33:26.831986,22:33:27.267403,22:33:27.267429,22:33:27.273265,22:33:27.273289,22:33:27.278587,22:33:26.828865,22:33:26.829051,22:33:26.788898
40,safe,22:33:32.078281,22:33:32.078281,22:33:32.078633,22:33:32.078633,22:33:32.079794,22:33:32.079794,22:33:32.082049,22:33:32.082049,22:33:32.091337,22:33:32.091365,22:33:32.105452,22:33:32.114768,22:33:32.550351,22:33:32.550384,22:33:32.556282,22:33:32.556308,22:33:32.562703,22:33:32.144558,22:33:32.144801,22:33:32.079237
40,safe,22:33:37.319570,22:33:37.319570,22:33:37.319925,22:33:37.319925,22:33:37.321130,22:33:37.321130,22:33:37.323556,22:33:37.323556,22:33:37.332801,22:33:37.332829,22:33:37.346309,22:33:37.354289,22:33:37.790103,22:33:37.790130,22:33:37.796506,22:33:37.796531,22:33:37.802000,22:33:37.381777,22:33:37.382012,22:33:37.320576
40,safe,22:33:42.539200,22:33:42.539200,22:33:42.539560,22:33:42.539560,22:33:42.540779,22:33:42.540779,22:33:42.543153,22:33:42.543153,22:33:42.552435,22:33:42.552456,22:33:42.565854,22:33:42.574134,22:33:43.009742,22:33:43.009774,22:33:43.015517,22:33:43.015540,22:33:43.020742,22:33:42.598971,22:33:42.599154,22:33:42.540194
40,leak,22:33:48.054849,22:33:48.054849,22:33:48.055186,22:33:48.055186,22:33:48.056276,22:33:48.056276,22:33:48.058334,22:33:48.058334,22:33:48.070531,22:33:48.070551,22:33:48.084910,22:33:48.093341,22:33:48.529676,22:33:48.529707,22:33:48.535933,22:33:48.535956,22:33:48.541523,22:33:48.120611,22:33:48.120826,22:33:48.055757
40,leak,22:33:51.348758,22:33:51.348758,22:33:51.349110,22:33:51.349110,22:33:51.350173,22:33:51.350173,22:33:51.351463,22:33:51.351463,22:33:51.360724,22:33:51.360745,22:33:51.375009,22:33:51.383250,22:33:51.815202,22:33:51.815229,22:33:51.821367,22:33:51.821397,22:33:51.827524,22:33:51.389110,22:33:51.389253,22:33:51.349709
40,leak,22:33:54.665964,22:33:54.665964,22:33:54.666312,22:33:54.666312,22:33:54.667405,22:33:54.667405,22:33:54.668902,22:33:54.668902,22:33:54.678050,22:33:54.678070,22:33:54.690956,22:33:54.699294,22:33:55.130611,22:33:55.130639,22:33:55.136725,22:33:55.136750,22:33:55.142425,22:33:54.706609,22:33:54.706759,22:33:54.666927
40,safe,22:33:59.451390,22:33:59.451390,22:33:59.451754,22:33:59.451754,22:33:59.453059,22:33:59.453059,22:33:59.454601,22:33:59.454601,22:33:59.463785,22:33:59.463806,22:33:59.477519,22:33:59.485814,22:33:59.921487,22:33:59.921516,22:33:59.927217,22:33:59.927239,22:33:59.932860,22:33:59.492005,22:33:59.492158,22:33:59.452427
40,safe,22:34:04.784879,22:34:04.784879,22:34:04.785220,22:34:04.785220,22:34:04.786326,22:34:04.786326,22:34:04.788498,22:34:04.788498,22:34:04.797659,22:34:04.797687,22:34:04.811437,22:34:04.819602,22:34:05.253460,22:34:05.253488,22:34:05.259399,22:34:05.259424,22:34:05.265598,22:34:04.848097,22:34:04.848331,22:34:04.785794
40,safe,22:34:09.916324,22:34:09.916324,22:34:09.916683,22:34:09.916683,22:34:09.917942,22:34:09.917942,22:34:09.920174,22:34:09.920174,22:34:09.930279,22:34:09.930307,22:34:09.943859,22:34:09.951997,22:34:10.389848,22:34:10.389876,22:34:10.395633,22:34:10.395653,22:34:10.400829,22:34:09.957878,22:34:09.958026,22:34:09.917249
40,leak,22:34:15.163608,22:34:15.163608,22:34:15.163907,22:34:15.163907,22:34:15.164960,22:34:15.164960,22:34:15.167311,22:34:15.167311,22:34:15.176590,22:34:15.176611,22:34:15.189666,22:34:15.197892,22:34:15.638165,22:34:15.638191,22:34:15.644278,22:34:15.644302,22:34:15.649358,22:34:15.223669,22:34:15.223897,22:34:15.164445
40,leak,22:34:19.043387,22:34:19.043387,22:34:19.043743,22:34:19.043743,22:34:19.045002,22:34:19.045002,22:34:19.046438,22:34:19.046438,22:34:19.055651,22:34:19.055671,22:34:19.069255,22:34:19.077592,22:34:19.507321,22:34:19.507349,22:34:19.513424,22:34:19.513447,22:34:19.519412,22:34:19.083993,22:34:19.084121,22:34:19.044340
40,leak,22:34:22.848191,22:34:22.848191,22:34:22.848541,22:34:22.848541,22:34:22.849664,22:34:22.849664,22:34:22.851050,22:34:22.851050,22:34:22.860167,22:34:22.860184,22:34:22.881967,22:34:22.890612,22:34:23.323722,22:34:23.323749,22:34:23.329871,22:34:23.329895,22:34:23.335547,22:34:22.888930,22:34:22.889061,22:34:22.849178
40,safe,22:34:26.704824,22:34:26.704824,22:34:26.705167,22:34:26.705167,22:34:26.706289,22:34:26.706289,22:34:26.707722,22:34:26.707722,22:34:26.716926,22:34:26.716947,22:34:26.732650,22:34:26.741230,22:34:27.178786,22:34:27.178830,22:34:27.185349,22:34:27.185373,22:34:27.191187,22:34:26.745294,22:34:26.745424,22:34:26.705742
40,safe,22:34:32.087375,22:34:32.087375,22:34:32.087749,22:34:32.087749,22:34:32.088881,22:34:32.088881,22:34:32.091224,22:34:32.091224,22:34:32.100428,22:34:32.100449,22:34:32.114085,22:34:32.123040,22:34:32.558012,22:34:32.558042,22:34:32.564190,22:34:32.564217,22:34:32.570373,22:34:32.152695,22:34:32.152916,22:34:32.088368
40,leak,22:34:37.449425,22:34:37.449425,22:34:37.449723,22:34:37.449723,22:34:37.450819,22:34:37.450819,22:34:37.453121,22:34:37.453121,22:34:37.462755,22:34:37.462773,22:34:37.476512,22:34:37.484700,22:34:37.923378,22:34:37.923405,22:34:37.929353,22:34:37.929382,22:34:37.934924,22:34:37.490635,22:34:37.490788,22:34:37.450299
60,safe,22:34:40.599876,22:34:40.599876,22:34:40.600223,22:34:40.600223,22:34:40.601457,22:34:40.601457,22:34:40.602927,22:34:40.602927,22:34:40.613225,22:34:40.613253,22:34:40.628321,22:34:40.636630,22:34:41.070371,22:34:41.070403,22:34:41.076779,22:34:41.076804,22:34:41.082524,22:34:40.660979,22:34:40.661211,22:34:40.600836
60,leak,22:34:45.919845,22:34:45.919845,22:34:45.920140,22:34:45.920140,22:34:45.921249,22:34:45.921249,22:34:45.923601,22:34:45.923601,22:34:45.933241,22:34:45.933260,22:34:45.947195,22:34:45.955256,22:34:46.392562,22:34:46.392600,22:34:46.400367,22:34:46.400405,22:34:46.409157,22:34:45.981262,22:34:45.981434,22:34:45.920681
60,safe,22:34:50.777482,22:34:50.777482,22:34:50.777807,22:34:50.777807,22:34:50.778954,22:34:50.778954,22:34:50.780429,22:34:50.780429,22:34:50.789749,22:34:50.789777,22:34:50.803367,22:34:50.811558,22:34:51.251872,22:34:51.251898,22:34:51.257895,22:34:51.257918,22:34:51.263924,22:34:50.838884,22:34:50.839086,22:34:50.778398
60,leak,22:34:56.017341,22:34:56.017341,22:34:56.017733,22:34:56.017733,22:34:56.018828,22:34:56.018828,22:34:56.021198,22:34:56.021198,22:34:56.030800,22:34:56.030821,22:34:56.045236,22:34:56.054784,22:34:56.494463,22:34:56.494493,22:34:56.502557,22:34:56.502596,22:34:56.515997,22:34:56.097827,22:34:56.098009,22:34:56.018339
60,leak,22:35:00.802852,22:35:00.802852,22:35:00.803254,22:35:00.803254,22:35:00.804388,22:35:00.804388,22:35:00.805773,22:35:00.805773,22:35:00.815563,22:35:00.815583,22:35:00.829234,22:35:00.838172,22:35:01.277035,22:35:01.277066,22:35:01.283137,22:35:01.283162,22:35:01.289271,22:35:00.863984,22:35:00.864170,22:35:00.803875
60,safe,22:35:05.647050,22:35:05.647050,22:35:05.647361,22:35:05.647361,22:35:05.648415,22:35:05.648415,22:35:05.649877,22:35:05.649877,22:35:05.659119,22:35:05.659140,22:35:05.673313,22:35:05.681284,22:35:06.115098,22:35:06.115126,22:35:06.121011,22:35:06.121037,22:35:06.127116,22:35:05.707998,22:35:05.708255,22:35:05.647912
60,leak,22:35:10.857292,22:35:10.857292,22:35:10.857657,22:35:10.857657,22:35:10.858759,22:35:10.858759,22:35:10.861100,22:35:10.861100,22:35:10.870613,22:35:10.870633,22:35:10.886143,22:35:10.895600,22:35:11.330209,22:35:11.330240,22:35:11.336387,22:35:11.336411,22:35:11.342055,22:35:10.918890,22:35:10.919082,22:35:10.858262
60,leak,22:35:15.639096,22:35:15.639096,22:35:15.639398,22:35:15.639398,22:35:15.640475,22:35:15.640475,22:35:15.641986,22:35:15.641986,22:35:15.651251,22:35:15.651321,22:35:15.665009,22:35:15.673342,22:35:16.109965,22:35:16.109992,22:35:16.115938,22:35:16.115961,22:35:16.121199,22:35:15.700295,22:35:15.700457,22:35:15.639924
60,safe,22:35:19.475723,22:35:19.475723,22:35:19.476077,22:35:19.476077,22:35:19.477304,22:35:19.477304,22:35:19.478770,22:35:19.478770,22:35:19.487962,22:35:19.487982,22:35:19.509206,22:35:19.518052,22:35:19.950081,22:35:19.950110,22:35:19.956634,22:35:19.956659,22:35:19.962028,22:35:19.536352,22:35:19.536540,22:35:19.476803
60,safe,22:35:24.837855,22:35:24.837855,22:35:24.838205,22:35:24.838205,22:35:24.839350,22:35:24.839350,22:35:24.841542,22:35:24.841542,22:35:24.850696,22:35:24.850718,22:35:24.866170,22:35:24.875615,22:35:25.311182,22:35:25.311213,22:35:25.317264,22:35:25.317288,22:35:25.323148,22:35:24.924495,22:35:24.924720,22:35:24.838808
60,leak,22:35:30.122701,22:35:30.122701,22:35:30.123058,22:35:30.123058,22:35:30.124174,22:35:30.124174,22:35:30.126367,22:35:30.126367,22:35:30.135528,22:35:30.135549,22:35:30.149767,22:35:30.159009,22:35:30.593403,22:35:30.593431,22:35:30.599296,22:35:30.599320,22:35:30.604686,22:35:30.195035,22:35:30.195262,22:35:30.123619
60,leak,22:35:33.421294,22:35:33.421294,22:35:33.421642,22:35:33.421642,22:35:33.422758,22:35:33.422758,22:35:33.424244,22:35:33.424244,22:35:33.435745,22:35:33.435766,22:35:33.449342,22:35:33.457597,22:35:33.889697,22:35:33.889723,22:35:33.895580,22:35:33.895608,22:35:33.900826,22:35:33.482251,22:35:33.482482,22:35:33.422237
60,safe,22:35:36.565031,22:35:36.565031,22:35:36.565751,22:35:36.565751,22:35:36.567644,22:35:36.567644,22:35:36.569779,22:35:36.569779,22:35:36.580437,22:35:36.580490,22:35:36.597695,22:35:36.610860,22:35:37.048902,22:35:37.048935,22:35:37.055131,22:35:37.055155,22:35:37.060571,22:35:36.626341,22:35:36.626613,22:35:36.566804
60,safe,22:35:42.015150,22:35:42.015150,22:35:42.015512,22:35:42.015512,22:35:42.016674,22:35:42.016674,22:35:42.019010,22:35:42.019010,22:35:42.029373,22:35:42.029394,22:35:42.044280,22:35:42.052156,22:35:42.488681,22:35:42.488707,22:35:42.494553,22:35:42.494574,22:35:42.499748,22:35:42.096657,22:35:42.096818,22:35:42.016125
60,safe,22:35:47.277015,22:35:47.277015,22:35:47.277322,22:35:47.277322,22:35:47.278392,22:35:47.278392,22:35:47.280691,22:35:47.280691,22:35:47.289995,22:35:47.290011,22:35:47.303689,22:35:47.311961,22:35:47.745973,22:35:47.746006,22:35:47.752311,22:35:47.752334,22:35:47.758331,22:35:47.360485,22:35:47.360668,22:35:47.277907
60,leak,22:35:52.481507,22:35:52.481507,22:35:52.481860,22:35:52.481860,22:35:52.482977,22:35:52.482977,22:35:52.485414,22:35:52.485414,22:35:52.495069,22:35:52.495097,22:35:52.508414,22:35:52.516506,22:35:52.953962,22:35:52.953990,22:35:52.960283,22:35:52.960305,22:35:52.965462,22:35:52.559429,22:35:52.559640,22:35:52.482450
60,leak,22:35:56.152606,22:35:56.152606,22:35:56.153007,22:35:56.153007,22:35:56.154188,22:35:56.154188,22:35:56.155771,22:35:56.155771,22:35:56.166111,22:35:56.166132,22:35:56.179744,22:35:56.188974,22:35:56.632733,22:35:56.632777,22:35:56.639454,22:35:56.639488,22:35:56.647221,22:35:56.213180,22:35:56.213373,22:35:56.153609
60,safe,22:35:59.347108,22:35:59.347108,22:35:59.347455,22:35:59.347455,22:35:59.348645,22:35:59.348645,22:35:59.350040,22:35:59.350040,22:35:59.359292,22:35:59.359313,22:35:59.372908,22:35:59.381400,22:35:59.823213,22:35:59.823254,22:35:59.830341,22:35:59.830365,22:35:59.836232,22:35:59.408178,22:35:59.408372,22:35:59.348087
60,safe,22:36:04.560708,22:36:04.560708,22:36:04.561059,22:36:04.561059,22:36:04.562258,22:36:04.562258,22:36:04.564915,22:36:04.564915,22:36:04.575269,22:36:04.575290,22:36:04.588763,22:36:04.597055,22:36:05.032255,22:36:05.032287,22:36:05.038095,22:36:05.038116,22:36:05.043532,22:36:04.622675,22:36:04.622903,22:36:04.561744
60,leak,22:36:09.758574,22:36:09.758574,22:36:09.758952,22:36:09.758952,22:36:09.760079,22:36:09.760079,22:36:09.762431,22:36:09.762431,22:36:09.771695,22:36:09.771712,22:36:09.786045,22:36:09.794199,22:36:10.230452,22:36:10.230486,22:36:10.236745,22:36:10.236771,22:36:10.243143,22:36:09.831098,22:36:09.831339,22:36:09.759616
60,leak,22:36:14.615228,22:36:14.615228,22:36:14.615581,22:36:14.615581,22:36:14.616765,22:36:14.616765,22:36:14.618363,22:36:14.618363,22:36:14.628353,22:36:14.628375,22:36:14.650074,22:36:14.658766,22:36:15.096301,22:36:15.096333,22:36:15.102380,22:36:15.102406,22:36:15.108226,22:36:14.676212,22:36:14.676411,22:36:14.616216
60,leak,22:36:17.923206,22:36:17.923206,22:36:17.923500,22:36:17.923500,22:36:17.924608,22:36:17.924608,22:36:17.926002,22:36:17.926002,22:36:17.936080,22:36:17.936101,22:36:17.950659,22:36:17.959536,22:36:18.394961,22:36:18.394994,22:36:18.401382,22:36:18.401407,22:36:18.406912,22:36:17.984175,22:36:17.984392,22:36:17.924004
60,leak,22:36:21.267187,22:36:21.267187,22:36:21.267533,22:36:21.267533,22:36:21.268658,22:36:21.268658,22:36:21.270081,22:36:21.270081,22:36:21.279333,22:36:21.279361,22:36:21.294120,22:36:21.302111,22:36:21.734959,22:36:21.734987,22:36:21.740801,22:36:21.740823,22:36:21.745984,22:36:21.328091,22:36:21.328306,22:36:21.268122
60,leak,22:36:24.635892,22:36:24.635892,22:36:24.636267,22:36:24.636267,22:36:24.637517,22:36:24.637517,22:36:24.638912,22:36:24.638912,22:36:24.648161,22:36:24.648182,22:36:24.663411,22:36:24.671728,22:36:25.103255,22:36:25.103284,22:36:25.109244,22:36:25.109272,22:36:25.115584,22:36:24.696668,22:36:24.696893,22:36:24.636945
60,leak,22:36:29.408924,22:36:29.408924,22:36:29.409309,22:36:29.409309,22:36:29.410331,22:36:29.410331,22:36:29.411723,22:36:29.411723,22:36:29.420940,22:36:29.420960,22:36:29.434982,22:36:29.444462,22:36:29.882532,22:36:29.882565,22:36:29.889126,22:36:29.889153,22:36:29.894974,22:36:29.470183,22:36:29.470452,22:36:29.409857
60,leak,22:36:34.262391,22:36:34.262391,22:36:34.262774,22:36:34.262774,22:36:34.263951,22:36:34.263951,22:36:34.265595,22:36:34.265595,22:36:34.274674,22:36:34.274695,22:36:34.289650,22:36:34.297836,22:36:34.740604,22:36:34.740635,22:36:34.746596,22:36:34.746620,22:36:34.751812,22:36:34.323048,22:36:34.323251,22:36:34.263387
60,leak,22:36:39.119046,22:36:39.119046,22:36:39.119396,22:36:39.119396,22:36:39.120711,22:36:39.120711,22:36:39.122207,22:36:39.122207,22:36:39.131477,22:36:39.131499,22:36:39.146246,22:36:39.154742,22:36:39.590006,22:36:39.590037,22:36:39.595912,22:36:39.595934,22:36:39.601108,22:36:39.180060,22:36:39.180266,22:36:39.120133
60,leak,22:36:42.905745,22:36:42.905745,22:36:42.906168,22:36:42.906168,22:36:42.907355,22:36:42.907355,22:36:42.909063,22:36:42.909063,22:36:42.918364,22:36:42.918384,22:36:42.932301,22:36:42.940870,22:36:43.376642,22:36:43.376682,22:36:43.382556,22:36:43.382578,22:36:43.387765,22:36:42.966310,22:36:42.966614,22:36:42.906773
60,leak,22:36:46.056556,22:36:46.056556,22:36:46.056930,22:36:46.056930,22:36:46.058129,22:36:46.058129,22:36:46.059623,22:36:46.059623,22:36:46.070477,22:36:46.070498,22:36:46.083642,22:36:46.092005,22:36:46.522870,22:36:46.522900,22:36:46.530249,22:36:46.530280,22:36:46.538547,22:36:46.117623,22:36:46.117834,22:36:46.057454
60,safe,22:36:49.224108,22:36:49.224108,22:36:49.224459,22:36:49.224459,22:36:49.225679,22:36:49.225679,22:36:49.227064,22:36:49.227064,22:36:49.236678,22:36:49.236698,22:36:49.250959,22:36:49.260345,22:36:49.692995,22:36:49.693026,22:36:49.698873,22:36:49.698896,22:36:49.704270,22:36:49.285383,22:36:49.285578,22:36:49.225130
60,leak,22:36:54.502275,22:36:54.502275,22:36:54.502752,22:36:54.502752,22:36:54.504007,22:36:54.504007,22:36:54.506315,22:36:54.506315,22:36:54.516415,22:36:54.516435,22:36:54.529393,22:36:54.537911,22:36:54.972335,22:36:54.972365,22:36:54.978378,22:36:54.978404,22:36:54.983786,22:36:54.564197,22:36:54.564370,22:36:54.503512
60,leak,22:36:57.668633,22:36:57.668633,22:36:57.668985,22:36:57.668985,22:36:57.670115,22:36:57.670115,22:36:57.671473,22:36:57.671473,22:36:57.680561,22:36:57.680582,22:36:57.695073,22:36:57.703756,22:36:58.137025,22:36:58.137055,22:36:58.142790,22:36:58.142815,22:36:58.148514,22:36:57.729865,22:36:57.730123,22:36:57.669575
60,leak,22:37:00.974563,22:37:00.974563,22:37:00.974916,22:37:00.974916,22:37:00.976069,22:37:00.976069,22:37:00.977575,22:37:00.977575,22:37:00.987761,22:37:00.987780,22:37:01.009284,22:37:01.017753,22:37:01.446815,22:37:01.446844,22:37:01.452575,22:37:01.452596,22:37:01.458421,22:37:01.035659,22:37:01.035870,22:37:00.975531
60,leak,22:37:04.314350,22:37:04.314350,22:37:04.314748,22:37:04.314748,22:37:04.315885,22:37:04.315885,22:37:04.317265,22:37:04.317265,22:37:04.327381,22:37:04.327402,22:37:04.341296,22:37:04.350628,22:37:04.781612,22:37:04.781641,22:37:04.787770,22:37:04.787795,22:37:04.793420,22:37:04.375685,22:37:04.375933,22:37:04.315347
60,leak,22:37:07.883366,22:37:07.883366,22:37:07.883666,22:37:07.883666,22:37:07.884754,22:37:07.884754,22:37:07.886111,22:37:07.886111,22:37:07.897654,22:37:07.897674,22:37:07.911194,22:37:07.919529,22:37:08.352529,22:37:08.352560,22:37:08.358219,22:37:08.358240,22:37:08.363290,22:37:07.944113,22:37:07.944292,22:37:07.884223
60,leak,22:37:11.750415,22:37:11.750415,22:37:11.750782,22:37:11.750782,22:37:11.751930,22:37:11.751930,22:37:11.753311,22:37:11.753311,22:37:11.763300,22:37:11.763322,22:37:11.777030,22:37:11.785345,22:37:12.218546,22:37:12.218577,22:37:12.224779,22:37:12.224799,22:37:12.230517,22:37:11.811775,22:37:11.811979,22:37:11.751428
60,leak,22:37:14.904307,22:37:14.904307,22:37:14.904664,22:37:14.904664,22:37:14.905918,22:37:14.905918,22:37:14.907300,22:37:14.907300,22:37:14.916537,22:37:14.916557,22:37:14.930040,22:37:14.939191,22:37:15.370507,22:37:15.370535,22:37:15.376684,22:37:15.376707,22:37:15.381871,22:37:14.965324,22:37:14.965555,22:37:14.905248
60,safe,22:37:18.623163,22:37:18.623163,22:37:18.623601,22:37:18.623601,22:37:18.625219,22:37:18.625219,22:37:18.627321,22:37:18.627321,22:37:18.637956,22:37:18.638001,22:37:18.654514,22:37:18.663827,22:37:19.098042,22:37:19.098070,22:37:19.104403,22:37:19.104424,22:37:19.110145,22:37:18.684578,22:37:18.684793,22:37:18.624456
60,leak,22:37:23.839614,22:37:23.839614,22:37:23.839960,22:37:23.839960,22:37:23.841151,22:37:23.841151,22:37:23.843488,22:37:23.843488,22:37:23.852667,22:37:23.852686,22:37:23.867208,22:37:23.875366,22:37:24.310941,22:37:24.310971,22:37:24.317039,22:37:24.317065,22:37:24.322791,22:37:23.912133,22:37:23.912358,22:37:23.840596
60,safe,22:37:27.593740,22:37:27.593740,22:37:27.594120,22:37:27.594120,22:37:27.595226,22:37:27.595226,22:37:27.596680,22:37:27.596680,22:37:27.605931,22:37:27.605952,22:37:27.619648,22:37:27.629996,22:37:28.062721,22:37:28.062753,22:37:28.068740,22:37:28.068763,22:37:28.075455,22:37:27.655015,22:37:27.655181,22:37:27.594691
60,leak,22:37:32.841099,22:37:32.841099,22:37:32.841463,22:37:32.841463,22:37:32.842549,22:37:32.842549,22:37:32.844637,22:37:32.844637,22:37:32.853804,22:37:32.853824,22:37:32.867556,22:37:32.875861,22:37:33.311900,22:37:33.311926,22:37:33.317623,22:37:33.317646,22:37:33.323046,22:37:32.917199,22:37:32.917402,22:37:32.842091
60,safe,22:37:36.138006,22:37:36.138006,22:37:36.138363,22:37:36.138363,22:37:36.139453,22:37:36.139453,22:37:36.140826,22:37:36.140826,22:37:36.150053,22:37:36.150074,22:37:36.164430,22:37:36.172638,22:37:36.609517,22:37:36.609546,22:37:36.616299,22:37:36.616328,22:37:36.626951,22:37:36.198983,22:37:36.199197,22:37:36.138980
60,leak,22:37:41.342219,22:37:41.342219,22:37:41.342523,22:37:41.342523,22:37:41.343643,22:37:41.343643,22:37:41.345895,22:37:41.345895,22:37:41.355008,22:37:41.355028,22:37:41.369379,22:37:41.377727,22:37:41.811287,22:37:41.811314,22:37:41.817422,22:37:41.817447,22:37:41.823411,22:37:41.424089,22:37:41.424264,22:37:41.343116
60,leak,22:37:45.025677,22:37:45.025677,22:37:45.026032,22:37:45.026032,22:37:45.027255,22:37:45.027255,22:37:45.028730,22:37:45.028730,22:37:45.037936,22:37:45.037957,22:37:45.050869,22:37:45.059412,22:37:45.492095,22:37:45.492123,22:37:45.497806,22:37:45.497827,22:37:45.502935,22:37:45.086817,22:37:45.087049,22:37:45.026639
60,leak,22:37:48.185043,22:37:48.185043,22:37:48.185412,22:37:48.185412,22:37:48.186532,22:37:48.186532,22:37:48.188012,22:37:48.188012,22:37:48.198122,22:37:48.198143,22:37:48.219355,22:37:48.230728,22:37:48.663065,22:37:48.663095,22:37:48.669772,22:37:48.669796,22:37:48.675864,22:37:48.245859,22:37:48.246070,22:37:48.185958
60,leak,22:37:52.179621,22:37:52.179621,22:37:52.179968,22:37:52.179968,22:37:52.181093,22:37:52.181093,22:37:52.182457,22:37:52.182457,22:37:52.191986,22:37:52.192009,22:37:52.206130,22:37:52.214751,22:37:52.647631,22:37:52.647661,22:37:52.654167,22:37:52.654192,22:37:52.659700,22:37:52.240341,22:37:52.240520,22:37:52.180566
60,leak,22:37:55.446243,22:37:55.446243,22:37:55.446663,22:37:55.446663,22:37:55.447940,22:37:55.447940,22:37:55.449635,22:37:55.449635,22:37:55.460089,22:37:55.460110,22:37:55.475003,22:37:55.483218,22:37:55.914105,22:37:55.914134,22:37:55.919789,22:37:55.919810,22:37:55.925042,22:37:55.507269,22:37:55.507490,22:37:55.447242
60,leak,22:38:00.231599,22:38:00.231599,22:38:00.232101,22:38:00.232101,22:38:00.233403,22:38:00.233403,22:38:00.234899,22:38:00.234899,22:38:00.244515,22:38:00.244536,22:38:00.258166,22:38:00.266459,22:38:00.702374,22:38:00.702402,22:38:00.708009,22:38:00.708030,22:38:00.713298,22:38:00.292616,22:38:00.292846,22:38:00.232837
60,leak,22:38:04.994323,22:38:04.994323,22:38:04.994657,22:38:04.994657,22:38:04.995961,22:38:04.995961,22:38:04.997803,22:38:04.997803,22:38:05.007112,22:38:05.007133,22:38:05.020997,22:38:05.029619,22:38:05.467335,22:38:05.467366,22:38:05.473381,22:38:05.473404,22:38:05.479513,22:38:05.055252,22:38:05.055455,22:38:04.995259
60,leak,22:38:08.161807,22:38:08.161807,22:38:08.162118,22:38:08.162118,22:38:08.163181,22:38:08.163181,22:38:08.164618,22:38:08.164618,22:38:08.173730,22:38:08.173751,22:38:08.187427,22:38:08.195519,22:38:08.623034,22:38:08.623067,22:38:08.628942,22:38:08.628965,22:38:08.634927,22:38:08.223350,22:38:08.223617,22:38:08.162674
60,leak,22:38:12.059608,22:38:12.059608,22:38:12.059993,22:38:12.059993,22:38:12.061286,22:38:12.061286,22:38:12.062666,22:38:12.062666,22:38:12.071866,22:38:12.071884,22:38:12.086388,22:38:12.095222,22:38:12.531802,22:38:12.531852,22:38:12.538152,22:38:12.538175,22:38:12.544962,22:38:12.120493,22:38:12.120676,22:38:12.060724
60,leak,22:38:16.935645,22:38:16.935645,22:38:16.936027,22:38:16.936027,22:38:16.937197,22:38:16.937197,22:38:16.938575,22:38:16.938575,22:38:16.948426,22:38:16.948445,22:38:16.962918,22:38:16.971209,22:38:17.408463,22:38:17.408490,22:38:17.414498,22:38:17.414520,22:38:17.419552,22:38:16.996428,22:38:16.996605,22:38:16.936644
60,safe,22:38:20.290625,22:38:20.290625,22:38:20.290932,22:38:20.290932,22:38:20.292074,22:38:20.292074,22:38:20.293486,22:38:20.293486,22:38:20.302806,22:38:20.302827,22:38:20.317558,22:38:20.326687,22:38:20.759007,22:38:20.759037,22:38:20.765360,22:38:20.765385,22:38:20.770651,22:38:20.351545,22:38:20.351765,22:38:20.291499
60,leak,22:38:25.546280,22:38:25.546280,22:38:25.546675,22:38:25.546675,22:38:25.547804,22:38:25.547804,22:38:25.550241,22:38:25.550241,22:38:25.559404,22:38:25.559421,22:38:25.573622,22:38:25.581714,22:38:26.017268,22:38:26.017298,22:38:26.023238,22:38:26.023264,22:38:26.029755,22:38:25.619152,22:38:25.619358,22:38:25.547258
60,leak,22:38:28.772464,22:38:28.772464,22:38:28.772874,22:38:28.772874,22:38:28.774319,22:38:28.774319,22:38:28.775767,22:38:28.775767,22:38:28.785430,22:38:28.785456,22:38:28.799862,22:38:28.808328,22:38:29.238472,22:38:29.238499,22:38:29.244263,22:38:29.244283,22:38:29.249457,22:38:28.833888,22:38:28.834129,22:38:28.773695
60,leak,22:38:32.075471,22:38:32.075471,22:38:32.075819,22:38:32.075819,22:38:32.076958,22:38:32.076958,22:38:32.078369,22:38:32.078369,22:38:32.087497,22:38:32.087526,22:38:32.101517,22:38:32.109703,22:38:32.543318,22:38:32.543345,22:38:32.550370,22:38:32.550393,22:38:32.556078,22:38:32.136244,22:38:32.136497,22:38:32.076439
60,leak,22:38:36.872066,22:38:36.872066,22:38:36.872468,22:38:36.872468,22:38:36.873600,22:38:36.873600,22:38:36.875093,22:38:36.875093,22:38:36.884357,22:38:36.884381,22:38:36.905815,22:38:36.914702,22:38:37.350535,22:38:37.350566,22:38:37.356626,22:38:37.356651,22:38:37.363500,22:38:36.933659,22:38:36.933861,22:38:36.873058
60,leak,22:38:40.037075,22:38:40.037075,22:38:40.037431,22:38:40.037431,22:38:40.038721,22:38:40.038721,22:38:40.040090,22:38:40.040090,22:38:40.051609,22:38:40.051626,22:38:40.065551,22:38:40.073898,22:38:40.508077,22:38:40.508105,22:38:40.514444,22:38:40.514467,22:38:40.519862,22:38:40.097784,22:38:40.097993,22:38:40.038150
60,leak,22:38:43.281186,22:38:43.281186,22:38:43.281533,22:38:43.281533,22:38:43.282664,22:38:43.282664,22:38:43.284023,22:38:43.284023,22:38:43.293659,22:38:43.293679,22:38:43.307311,22:38:43.315855,22:38:43.749129,22:38:43.749156,22:38:43.755476,22:38:43.755498,22:38:43.760677,22:38:43.341925,22:38:43.342154,22:38:43.282148
60,safe,22:38:46.429382,22:38:46.429382,22:38:46.429694,22:38:46.429694,22:38:46.430874,22:38:46.430874,22:38:46.432310,22:38:46.432310,22:38:46.441484,22:38:46.441501,22:38:46.454891,22:38:46.463238,22:38:46.902584,22:38:46.902618,22:38:46.909162,22:38:46.909189,22:38:46.915690,22:38:46.490775,22:38:46.491009,22:38:46.430300
60,safe,22:38:51.506061,22:38:51.506061,22:38:51.506410,22:38:51.506410,22:38:51.507546,22:38:51.507546,22:38:51.509728,22:38:51.509728,22:38:51.518893,22:38:51.518914,22:38:51.533024,22:38:51.541391,22:38:51.976695,22:38:51.976727,22:38:51.983020,22:38:51.983052,22:38:51.988911,22:38:51.567817,22:38:51.568049,22:38:51.507011
60,leak,22:38:56.707735,22:38:56.707735,22:38:56.708434,22:38:56.708434,22:38:56.710299,22:38:56.710299,22:38:56.717081,22:38:56.717081,22:38:56.729456,22:38:56.729515,22:38:56.752014,22:38:56.764578,22:38:57.206359,22:38:57.206391,22:38:57.212275,22:38:57.212297,22:38:57.217948,22:38:56.789694,22:38:56.789879,22:38:56.709525
60,leak,22:39:01.515931,22:39:01.515931,22:39:01.516238,22:39:01.516238,22:39:01.517360,22:39:01.517360,22:39:01.518823,22:39:01.518823,22:39:01.529360,22:39:01.529381,22:39:01.543246,22:39:01.551729,22:39:01.987161,22:39:01.987189,22:39:01.993353,22:39:01.993380,22:39:02.000096,22:39:01.576578,22:39:01.576747,22:39:01.516814
60,leak,22:39:05.413123,22:39:05.413123,22:39:05.413496,22:39:05.413496,22:39:05.414588,22:39:05.414588,22:39:05.416115,22:39:05.416115,22:39:05.426439,22:39:05.426460,22:39:05.439365,22:39:05.447313,22:39:05.881621,22:39:05.881647,22:39:05.888096,22:39:05.888119,22:39:05.894339,22:39:05.474364,22:39:05.474553,22:39:05.414068
60,safe,22:39:09.181089,22:39:09.181089,22:39:09.181613,22:39:09.181613,22:39:09.183113,22:39:09.183113,22:39:09.184726,22:39:09.184726,22:39:09.195507,22:39:09.195539,22:39:09.211647,22:39:09.220711,22:39:09.653578,22:39:09.653609,22:39:09.659316,22:39:09.659337,22:39:09.664412,22:39:09.241893,22:39:09.242100,22:39:09.182465
60,leak,22:39:14.652406,22:39:14.652406,22:39:14.652701,22:39:14.652701,22:39:14.653693,22:39:14.653693,22:39:14.655817,22:39:14.655817,22:39:14.665947,22:39:14.665968,22:39:14.680234,22:39:14.689845,22:39:15.125514,22:39:15.125543,22:39:15.131265,22:39:15.131286,22:39:15.136310,22:39:14.736574,22:39:14.736750,22:39:14.653249
60,leak,22:39:18.473093,22:39:18.473093,22:39:18.473437,22:39:18.473437,22:39:18.474523,22:39:18.474523,22:39:18.475980,22:39:18.475980,22:39:18.485376,22:39:18.485398,22:39:18.499584,22:39:18.509365,22:39:18.944255,22:39:18.944287,22:39:18.950345,22:39:18.950369,22:39:18.955999,22:39:18.534293,22:39:18.534508,22:39:18.473984
60,safe,22:39:22.292626,22:39:22.292626,22:39:22.292978,22:39:22.292978,22:39:22.294172,22:39:22.294172,22:39:22.295646,22:39:22.295646,22:39:22.305097,22:39:22.305118,22:39:22.319345,22:39:22.327538,22:39:22.760257,22:39:22.760286,22:39:22.766740,22:39:22.766764,22:39:22.772134,22:39:22.353388,22:39:22.353626,22:39:22.293630
60,safe,22:39:27.373539,22:39:27.373539,22:39:27.373886,22:39:27.373886,22:39:27.375073,22:39:27.375073,22:39:27.377411,22:39:27.377411,22:39:27.388136,22:39:27.388157,22:39:27.409238,22:39:27.417603,22:39:27.851500,22:39:27.851528,22:39:27.857296,22:39:27.857319,22:39:27.863153,22:39:27.435237,22:39:27.435428,22:39:27.374548
60,leak,22:39:32.945402,22:39:32.945402,22:39:32.945771,22:39:32.945771,22:39:32.947043,22:39:32.947043,22:39:32.949224,22:39:32.949224,22:39:32.958514,22:39:32.958535,22:39:32.974060,22:39:32.982109,22:39:33.418326,22:39:33.418354,22:39:33.424385,22:39:33.424410,22:39:33.429764,22:39:33.007002,22:39:33.007289,22:39:32.946481
60,leak,22:39:36.094532,22:39:36.094532,22:39:36.094878,22:39:36.094878,22:39:36.096105,22:39:36.096105,22:39:36.097559,22:39:36.097559,22:39:36.106742,22:39:36.106763,22:39:36.119827,22:39:36.128149,22:39:36.562471,22:39:36.562499,22:39:36.569371,22:39:36.569399,22:39:36.577734,22:39:36.155680,22:39:36.155876,22:39:36.095505
60,leak,22:39:39.486399,22:39:39.486399,22:39:39.486717,22:39:39.486717,22:39:39.488041,22:39:39.488041,22:39:39.489434,22:39:39.489434,22:39:39.498644,22:39:39.498661,22:39:39.513312,22:39:39.522586,22:39:39.954551,22:39:39.954580,22:39:39.960635,22:39:39.960658,22:39:39.966271,22:39:39.547458,22:39:39.547687,22:39:39.487545
60,safe,22:39:42.658521,22:39:42.658521,22:39:42.658905,22:39:42.658905,22:39:42.660014,22:39:42.660014,22:39:42.661711,22:39:42.661711,22:39:42.671436,22:39:42.671456,22:39:42.715400,22:39:42.725009,22:39:43.157907,22:39:43.157938,22:39:43.164122,22:39:43.164146,22:39:43.169123,22:39:42.718990,22:39:42.719135,22:39:42.659530
60,leak,22:39:47.814552,22:39:47.814552,22:39:47.814908,22:39:47.814908,22:39:47.816195,22:39:47.816195,22:39:47.818534,22:39:47.818534,22:39:47.827734,22:39:47.827755,22:39:47.840689,22:39:47.849127,22:39:48.285331,22:39:48.285362,22:39:48.291297,22:39:48.291319,22:39:48.296749,22:39:47.890998,22:39:47.891216,22:39:47.815526
60,safe,22:39:51.122616,22:39:51.122616,22:39:51.123013,22:39:51.123013,22:39:51.124251,22:39:51.124251,22:39:51.125757,22:39:51.125757,22:39:51.135066,22:39:51.135094,22:39:51.149143,22:39:51.157882,22:39:51.589379,22:39:51.589407,22:39:51.595729,22:39:51.595753,22:39:51.602306,22:39:51.184029,22:39:51.184259,22:39:51.123657
60,leak,22:39:56.346907,22:39:56.346907,22:39:56.347244,22:39:56.347244,22:39:56.348412,22:39:56.348412,22:39:56.350699,22:39:56.350699,22:39:56.359897,22:39:56.359918,22:39:56.371778,22:39:56.381079,22:39:56.823488,22:39:56.823516,22:39:56.829796,22:39:56.829818,22:39:56.836178,22:39:56.421010,22:39:56.421224,22:39:56.347875
60,safe,22:39:59.589625,22:39:59.589625,22:39:59.589977,22:39:59.589977,22:39:59.591135,22:39:59.591135,22:39:59.592673,22:39:59.592673,22:39:59.602090,22:39:59.602111,22:39:59.615367,22:39:59.623614,22:40:00.053654,22:40:00.053689,22:40:00.059674,22:40:00.059697,22:40:00.064897,22:39:59.650586,22:39:59.650810,22:39:59.590600
60,safe,22:40:04.701819,22:40:04.701819,22:40:04.702144,22:40:04.702144,22:40:04.703392,22:40:04.703392,22:40:04.705566,22:40:04.705566,22:40:04.714753,22:40:04.714774,22:40:04.725828,22:40:04.735139,22:40:05.171074,22:40:05.171102,22:40:05.176930,22:40:05.176953,22:40:05.182606,22:40:04.786467,22:40:04.786641,22:40:04.702808
60,leak,22:40:09.859252,22:40:09.859252,22:40:09.859553,22:40:09.859553,22:40:09.860777,22:40:09.860777,22:40:09.863003,22:40:09.863003,22:40:09.872191,22:40:09.872212,22:40:09.883468,22:40:09.891846,22:40:10.332683,22:40:10.332710,22:40:10.338349,22:40:10.338370,22:40:10.343766,22:40:09.931932,22:40:09.932182,22:40:09.860290
60,leak,22:40:14.703516,22:40:14.703516,22:40:14.703903,22:40:14.703903,22:40:14.705022,22:40:14.705022,22:40:14.706421,22:40:14.706421,22:40:14.715733,22:40:14.715754,22:40:14.730917,22:40:14.739261,22:40:15.175275,22:40:15.175302,22:40:15.181004,22:40:15.181026,22:40:15.186294,22:40:14.764142,22:40:14.764320,22:40:14.704501
60,safe,22:40:18.524561,22:40:18.524561,22:40:18.524864,22:40:18.524864,22:40:18.525875,22:40:18.525875,22:40:18.527217,22:40:18.527217,22:40:18.538746,22:40:18.538767,22:40:18.559768,22:40:18.568377,22:40:19.002129,22:40:19.002158,22:40:19.007968,22:40:19.007989,22:40:19.013582,22:40:18.585571,22:40:18.585763,22:40:18.525412
60,leak,22:40:23.750396,22:40:23.750396,22:40:23.750693,22:40:23.750693,22:40:23.751772,22:40:23.751772,22:40:23.753914,22:40:23.753914,22:40:23.763082,22:40:23.763103,22:40:23.775121,22:40:23.784509,22:40:24.219692,22:40:24.219721,22:40:24.226181,22:40:24.226206,22:40:24.231934,22:40:23.832987,22:40:23.833165,22:40:23.751273
60,leak,22:40:27.520530,22:40:27.520530,22:40:27.520960,22:40:27.520960,22:40:27.522299,22:40:27.522299,22:40:27.524027,22:40:27.524027,22:40:27.533397,22:40:27.533418,22:40:27.548290,22:40:27.557021,22:40:27.991378,22:40:27.991408,22:40:27.997816,22:40:27.997841,22:40:28.004861,22:40:27.581530,22:40:27.581709,22:40:27.521718
60,safe,22:40:31.188118,22:40:31.188118,22:40:31.188467,22:40:31.188467,22:40:31.189635,22:40:31.189635,22:40:31.191072,22:40:31.191072,22:40:31.201171,22:40:31.201191,22:40:31.216397,22:40:31.224711,22:40:31.654968,22:40:31.654995,22:40:31.661110,22:40:31.661134,22:40:31.667234,22:40:31.249216,22:40:31.249431,22:40:31.189098
60,leak,22:40:36.377696,22:40:36.377696,22:40:36.378110,22:40:36.378110,22:40:36.379340,22:40:36.379340,22:40:36.381914,22:40:36.381914,22:40:36.404002,22:40:36.404026,22:40:36.417150,22:40:36.425839,22:40:36.873098,22:40:36.873139,22:40:36.880460,22:40:36.880489,22:40:36.886964,22:40:36.459516,22:40:36.459770,22:40:36.378780
60,leak,22:40:41.272236,22:40:41.272236,22:40:41.272531,22:40:41.272531,22:40:41.273520,22:40:41.273520,22:40:41.274956,22:40:41.274956,22:40:41.284191,22:40:41.284212,22:40:41.295435,22:40:41.304861,22:40:41.742652,22:40:41.742683,22:40:41.748613,22:40:41.748635,22:40:41.753887,22:40:41.333489,22:40:41.333790,22:40:41.273077
60,leak,22:40:44.603934,22:40:44.603934,22:40:44.604282,22:40:44.604282,22:40:44.605473,22:40:44.605473,22:40:44.606956,22:40:44.606956,22:40:44.616404,22:40:44.616425,22:40:44.629892,22:40:44.639487,22:40:45.072067,22:40:45.072099,22:40:45.078296,22:40:45.078321,22:40:45.083580,22:40:44.665158,22:40:44.665334,22:40:44.604883
60,leak,22:40:49.482109,22:40:49.482109,22:40:49.482415,22:40:49.482415,22:40:49.483553,22:40:49.483553,22:40:49.485153,22:40:49.485153,22:40:49.494342,22:40:49.494362,22:40:49.509477,22:40:49.518048,22:40:49.955382,22:40:49.955410,22:40:49.961534,22:40:49.961555,22:40:49.966563,22:40:49.543121,22:40:49.543294,22:40:49.482962
60,leak,22:40:53.324138,22:40:53.324138,22:40:53.324492,22:40:53.324492,22:40:53.325701,22:40:53.325701,22:40:53.327169,22:40:53.327169,22:40:53.337674,22:40:53.337695,22:40:53.352018,22:40:53.360230,22:40:53.792632,22:40:53.792659,22:40:53.798816,22:40:53.798840,22:40:53.803926,22:40:53.385248,22:40:53.385487,22:40:53.325141
60,leak,22:40:58.187210,22:40:58.187210,22:40:58.187523,22:40:58.187523,22:40:58.188540,22:40:58.188540,22:40:58.189819,22:40:58.189819,22:40:58.198874,22:40:58.198895,22:40:58.210050,22:40:58.219409,22:40:58.654166,22:40:58.654194,22:40:58.660096,22:40:58.660118,22:40:58.665747,22:40:58.247876,22:40:58.248122,22:40:58.188084
60,safe,22:41:03.036417,22:41:03.036417,22:41:03.036781,22:41:03.036781,22:41:03.038062,22:41:03.038062,22:41:03.039554,22:41:03.039554,22:41:03.048883,22:41:03.048902,22:41:03.060820,22:41:03.069725,22:41:03.506025,22:41:03.506056,22:41:03.512206,22:41:03.512231,22:41:03.516228,22:41:03.097082,22:41:03.097284,22:41:03.037516
60,leak,22:41:08.242252,22:41:08.242252,22:41:08.242640,22:41:08.242640,22:41:08.243945,22:41:08.243945,22:41:08.246349,22:41:08.246349,22:41:08.255615,22:41:08.255635,22:41:08.267929,22:41:08.277051,22:41:08.712356,22:41:08.712386,22:41:08.718799,22:41:08.718823,22:41:08.724749,22:41:08.319135,22:41:08.319398,22:41:08.243219
60,leak,22:41:13.034822,22:41:13.034822,22:41:13.035125,22:41:13.035125,22:41:13.036196,22:41:13.036196,22:41:13.037945,22:41:13.037945,22:41:13.047342,22:41:13.047362,22:41:13.065974,22:41:13.075071,22:41:13.512690,22:41:13.512719,22:41:13.518963,22:41:13.518989,22:41:13.524506,22:41:13.095874,22:41:13.096070,22:41:13.035719
60,leak,22:41:16.202035,22:41:16.202035,22:41:16.202353,22:41:16.202353,22:41:16.203681,22:41:16.203681,22:41:16.205098,22:41:16.205098,22:41:16.215397,22:41:16.215419,22:41:16.229975,22:41:16.239297,22:41:16.672151,22:41:16.672201,22:41:16.680952,22:41:16.680985,22:41:16.688008,22:41:16.262658,22:41:16.262884,22:41:16.203147
60,leak,22:41:20.030676,22:41:20.030676,22:41:20.031078,22:41:20.031078,22:41:20.032416,22:41:20.032416,22:41:20.033831,22:41:20.033831,22:41:20.043398,22:41:20.043421,22:41:20.058183,22:41:20.067721,22:41:20.501172,22:41:20.501198,22:41:20.506960,22:41:20.506987,22:41:20.513441,22:41:20.091931,22:41:20.092177,22:41:20.031788
60,safe,22:41:23.709924,22:41:23.709924,22:41:23.710228,22:41:23.710228,22:41:23.711414,22:41:23.711414,22:41:23.712825,22:41:23.712825,22:41:23.721871,22:41:23.721891,22:41:23.737814,22:41:23.746120,22:41:24.179271,22:41:24.179302,22:41:24.185079,22:41:24.185102,22:41:24.190222,22:41:23.771284,22:41:23.771505,22:41:23.710846
60,leak,22:41:28.994506,22:41:28.994506,22:41:28.994866,22:41:28.994866,22:41:28.996119,22:41:28.996119,22:41:28.998319,22:41:28.998319,22:41:29.007965,22:41:29.007986,22:41:29.019811,22:41:29.028144,22:41:29.466552,22:41:29.466580,22:41:29.472490,22:41:29.472514,22:41:29.477803,22:41:29.076747,22:41:29.076956,22:41:28.995518
60,leak,22:41:32.158440,22:41:32.158440,22:41:32.158801,22:41:32.158801,22:41:32.159956,22:41:32.159956,22:41:32.161306,22:41:32.161306,22:41:32.170581,22:41:32.170609,22:41:32.184420,22:41:32.192930,22:41:32.624484,22:41:32.624512,22:41:32.630760,22:41:32.630784,22:41:32.637024,22:41:32.218924,22:41:32.219129,22:41:32.159415
60,leak,22:41:36.931582,22:41:36.931582,22:41:36.931958,22:41:36.931958,22:41:36.933245,22:41:36.933245,22:41:36.934824,22:41:36.934824,22:41:36.944890,22:41:36.944914,22:41:36.957553,22:41:36.966376,22:41:37.405610,22:41:37.405646,22:41:37.411798,22:41:37.411821,22:41:37.417284,22:41:36.993313,22:41:36.993535,22:41:36.932585
60,leak,22:41:40.789803,22:41:40.789803,22:41:40.790154,22:41:40.790154,22:41:40.791293,22:41:40.791293,22:41:40.792738,22:41:40.792738,22:41:40.803071,22:41:40.803092,22:41:40.816645,22:41:40.825116,22:41:41.258649,22:41:41.258681,22:41:41.264457,22:41:41.264478,22:41:41.269450,22:41:40.850722,22:41:40.850943,22:41:40.790771
80,safe,22:41:44.584709,22:41:44.584709,22:41:44.585059,22:41:44.585059,22:41:44.586233,22:41:44.586233,22:41:44.587599,22:41:44.587599,22:41:44.599607,22:41:44.599625,22:41:44.614025,22:41:44.622470,22:41:45.054813,22:41:45.054844,22:41:45.060803,22:41:45.060826,22:41:45.067947,22:41:44.665881,22:41:44.666065,22:41:44.585659
80,safe,22:41:49.906828,22:41:49.906828,22:41:49.907224,22:41:49.907224,22:41:49.908337,22:41:49.908337,22:41:49.910598,22:41:49.910598,22:41:49.919863,22:41:49.919884,22:41:49.931684,22:41:49.939711,22:41:50.377620,22:41:50.377647,22:41:50.383371,22:41:50.383396,22:41:50.388853,22:41:50.012133,22:41:50.012317,22:41:49.907820
80,leak,22:41:55.156715,22:41:55.156715,22:41:55.157039,22:41:55.157039,22:41:55.158396,22:41:55.158396,22:41:55.161104,22:41:55.161104,22:41:55.170694,22:41:55.170720,22:41:55.182231,22:41:55.190763,22:41:55.623057,22:41:55.623087,22:41:55.629127,22:41:55.629150,22:41:55.634552,22:41:55.238138,22:41:55.238344,22:41:55.157639
80,leak,22:41:59.994041,22:41:59.994041,22:41:59.994373,22:41:59.994373,22:41:59.995511,22:41:59.995511,22:41:59.997022,22:41:59.997022,22:42:00.008550,22:42:00.008569,22:42:00.021814,22:42:00.031156,22:42:00.467678,22:42:00.467706,22:42:00.473629,22:42:00.473652,22:42:00.479047,22:42:00.075128,22:42:00.075310,22:41:59.994972
80,safe,22:42:03.847333,22:42:03.847333,22:42:03.847679,22:42:03.847679,22:42:03.848743,22:42:03.848743,22:42:03.850129,22:42:03.850129,22:42:03.859316,22:42:03.859346,22:42:03.880397,22:42:03.890114,22:42:04.323756,22:42:04.323786,22:42:04.329518,22:42:04.329539,22:42:04.334724,22:42:03.928503,22:42:03.928732,22:42:03.848259
80,leak,22:42:09.089648,22:42:09.089648,22:42:09.090046,22:42:09.090046,22:42:09.091238,22:42:09.091238,22:42:09.093571,22:42:09.093571,22:42:09.103917,22:42:09.103942,22:42:09.115864,22:42:09.124510,22:42:09.565458,22:42:09.565486,22:42:09.571794,22:42:09.571816,22:42:09.577044,22:42:09.189895,22:42:09.190066,22:42:09.090669
80,safe,22:42:13.910486,22:42:13.910486,22:42:13.910837,22:42:13.910837,22:42:13.911997,22:42:13.911997,22:42:13.913391,22:42:13.913391,22:42:13.922555,22:42:13.922573,22:42:13.935733,22:42:13.945970,22:42:14.381628,22:42:14.381656,22:42:14.388722,22:42:14.388748,22:42:14.395411,22:42:13.991481,22:42:13.991668,22:42:13.911439
80,leak,22:42:19.018544,22:42:19.018544,22:42:19.018966,22:42:19.018966,22:42:19.020617,22:42:19.020617,22:42:19.022983,22:42:19.022983,22:42:19.032365,22:42:19.032386,22:42:19.043652,22:42:19.052144,22:42:19.489435,22:42:19.489461,22:42:19.495308,22:42:19.495331,22:42:19.501134,22:42:19.114836,22:42:19.115009,22:42:19.020035
80,safe,22:42:22.169494,22:42:22.169494,22:42:22.169853,22:42:22.169853,22:42:22.171080,22:42:22.171080,22:42:22.172625,22:42:22.172625,22:42:22.181793,22:42:22.181814,22:42:22.195021,22:42:22.203113,22:42:22.633955,22:42:22.633983,22:42:22.639631,22:42:22.639653,22:42:22.644833,22:42:22.250128,22:42:22.250312,22:42:22.170452
80,safe,22:42:27.310195,22:42:27.310195,22:42:27.310575,22:42:27.310575,22:42:27.311957,22:42:27.311957,22:42:27.314530,22:42:27.314530,22:42:27.323819,22:42:27.323840,22:42:27.335758,22:42:27.344111,22:42:27.780719,22:42:27.780749,22:42:27.786869,22:42:27.786891,22:42:27.792374,22:42:27.409273,22:42:27.409440,22:42:27.311296
80,leak,22:42:32.855864,22:42:32.855864,22:42:32.856209,22:42:32.856209,22:42:32.857538,22:42:32.857538,22:42:32.859636,22:42:32.859636,22:42:32.868766,22:42:32.868788,22:42:32.879784,22:42:32.888260,22:42:33.323202,22:42:33.323232,22:42:33.329629,22:42:33.329654,22:42:33.335530,22:42:32.937242,22:42:32.937415,22:42:32.856781
80,leak,22:42:36.555853,22:42:36.555853,22:42:36.556199,22:42:36.556199,22:42:36.557375,22:42:36.557375,22:42:36.558841,22:42:36.558841,22:42:36.568307,22:42:36.568332,22:42:36.582234,22:42:36.590720,22:42:37.031845,22:42:37.031873,22:42:37.037940,22:42:37.037961,22:42:37.044177,22:42:36.636899,22:42:36.637068,22:42:36.556812
80,safe,22:42:39.726356,22:42:39.726356,22:42:39.726778,22:42:39.726778,22:42:39.728205,22:42:39.728205,22:42:39.729785,22:42:39.729785,22:42:39.738937,22:42:39.738957,22:42:39.753941,22:42:39.762219,22:42:40.194860,22:42:40.194887,22:42:40.200950,22:42:40.200973,22:42:40.206373,22:42:39.807106,22:42:39.807294,22:42:39.727438
80,safe,22:42:44.965562,22:42:44.965562,22:42:44.965915,22:42:44.965915,22:42:44.967083,22:42:44.967083,22:42:44.969247,22:42:44.969247,22:42:44.978841,22:42:44.978869,22:42:44.991459,22:42:45.000306,22:42:45.433764,22:42:45.433796,22:42:45.439947,22:42:45.439973,22:42:45.446282,22:42:45.067858,22:42:45.068054,22:42:44.966539
80,leak,22:42:50.216284,22:42:50.216284,22:42:50.216636,22:42:50.216636,22:42:50.217892,22:42:50.217892,22:42:50.220170,22:42:50.220170,22:42:50.230530,22:42:50.230550,22:42:50.242833,22:42:50.251702,22:42:50.685931,22:42:50.685962,22:42:50.691972,22:42:50.691995,22:42:50.696956,22:42:50.297699,22:42:50.297863,22:42:50.217242
80,leak,22:42:54.024714,22:42:54.024714,22:42:54.025018,22:42:54.025018,22:42:54.026117,22:42:54.026117,22:42:54.027557,22:42:54.027557,22:42:54.037840,22:42:54.037861,22:42:54.052340,22:42:54.061453,22:42:54.493223,22:42:54.493250,22:42:54.500016,22:42:54.500042,22:42:54.505959,22:42:54.105765,22:42:54.105928,22:42:54.025584
80,leak,22:42:57.227342,22:42:57.227342,22:42:57.227684,22:42:57.227684,22:42:57.229025,22:42:57.229025,22:42:57.230534,22:42:57.230534,22:42:57.239838,22:42:57.239856,22:42:57.262466,22:42:57.270737,22:42:57.704258,22:42:57.704285,22:42:57.710249,22:42:57.710274,22:42:57.715703,22:42:57.308548,22:42:57.308765,22:42:57.228366
80,safe,22:43:00.481519,22:43:00.481519,22:43:00.481873,22:43:00.481873,22:43:00.483000,22:43:00.483000,22:43:00.484396,22:43:00.484396,22:43:00.493923,22:43:00.493944,22:43:00.508411,22:43:00.516572,22:43:00.948987,22:43:00.949018,22:43:00.955159,22:43:00.955181,22:43:00.960282,22:43:00.562296,22:43:00.562491,22:43:00.482505
80,safe,22:43:05.933387,22:43:05.933387,22:43:05.933694,22:43:05.933694,22:43:05.934724,22:43:05.934724,22:43:05.936947,22:43:05.936947,22:43:05.946220,22:43:05.946241,22:43:05.959813,22:43:05.969376,22:43:06.402371,22:43:06.402399,22:43:06.408109,22:43:06.408131,22:43:06.413514,22:43:06.035730,22:43:06.035900,22:43:05.934249
80,leak,22:43:11.037890,22:43:11.037890,22:43:11.038234,22:43:11.038234,22:43:11.039300,22:43:11.039300,22:43:11.041341,22:43:11.041341,22:43:11.050971,22:43:11.050990,22:43:11.067076,22:43:11.076818,22:43:11.508334,22:43:11.508365,22:43:11.514228,22:43:11.514249,22:43:11.519246,22:43:11.142345,22:43:11.142506,22:43:11.038826
80,leak,22:43:15.827608,22:43:15.827608,22:43:15.827957,22:43:15.827957,22:43:15.829083,22:43:15.829083,22:43:15.830554,22:43:15.830554,22:43:15.844481,22:43:15.844502,22:43:15.858535,22:43:15.866821,22:43:16.302658,22:43:16.302689,22:43:16.308694,22:43:16.308717,22:43:16.314073,22:43:15.908922,22:43:15.909132,22:43:15.828544
80,leak,22:43:18.997127,22:43:18.997127,22:43:18.997491,22:43:18.997491,22:43:18.998776,22:43:18.998776,22:43:19.000188,22:43:19.000188,22:43:19.009389,22:43:19.009425,22:43:19.023340,22:43:19.031942,22:43:19.462837,22:43:19.462869,22:43:19.468936,22:43:19.468960,22:43:19.474501,22:43:19.078017,22:43:19.078255,22:43:18.998202
80,leak,22:43:22.147167,22:43:22.147167,22:43:22.147533,22:43:22.147533,22:43:22.148662,22:43:22.148662,22:43:22.150049,22:43:22.150049,22:43:22.160364,22:43:22.160381,22:43:22.174970,22:43:22.183208,22:43:22.615765,22:43:22.615794,22:43:22.621661,22:43:22.621685,22:43:22.627467,22:43:22.228239,22:43:22.228416,22:43:22.148123
80,leak,22:43:25.875590,22:43:25.875590,22:43:25.875901,22:43:25.875901,22:43:25.876995,22:43:25.876995,22:43:25.878412,22:43:25.878412,22:43:25.887735,22:43:25.887762,22:43:25.902748,22:43:25.912542,22:43:26.345772,22:43:26.345803,22:43:26.352365,22:43:26.352391,22:43:26.358749,22:43:25.956295,22:43:25.956515,22:43:25.876471
80,leak,22:43:29.750835,22:43:29.750835,22:43:29.751244,22:43:29.751244,22:43:29.752409,22:43:29.752409,22:43:29.753840,22:43:29.753840,22:43:29.763131,22:43:29.763151,22:43:29.776985,22:43:29.785557,22:43:30.218269,22:43:30.218301,22:43:30.224472,22:43:30.224497,22:43:30.229620,22:43:29.831466,22:43:29.831640,22:43:29.751882
80,safe,22:43:33.720015,22:43:33.720015,22:43:33.720359,22:43:33.720359,22:43:33.721492,22:43:33.721492,22:43:33.722929,22:43:33.722929,22:43:33.732201,22:43:33.732223,22:43:33.745557,22:43:33.753511,22:43:34.185099,22:43:34.185127,22:43:34.191206,22:43:34.191229,22:43:34.197493,22:43:33.800825,22:43:33.801011,22:43:33.720978
80,safe,22:43:38.782535,22:43:38.782535,22:43:38.782887,22:43:38.782887,22:43:38.784469,22:43:38.784469,22:43:38.786703,22:43:38.786703,22:43:38.798196,22:43:38.798213,22:43:38.811350,22:43:38.819666,22:43:39.255540,22:43:39.255576,22:43:39.262482,22:43:39.262508,22:43:39.270674,22:43:38.864204,22:43:38.864383,22:43:38.783778
80,leak,22:43:43.864156,22:43:43.864156,22:43:43.864460,22:43:43.864460,22:43:43.865495,22:43:43.865495,22:43:43.867522,22:43:43.867522,22:43:43.876698,22:43:43.876726,22:43:43.890391,22:43:43.898725,22:43:44.331744,22:43:44.331774,22:43:44.337540,22:43:44.337564,22:43:44.342934,22:43:43.967064,22:43:43.967220,22:43:43.865036
80,leak,22:43:47.550762,22:43:47.550762,22:43:47.551156,22:43:47.551156,22:43:47.552180,22:43:47.552180,22:43:47.553569,22:43:47.553569,22:43:47.562719,22:43:47.562738,22:43:47.584096,22:43:47.594147,22:43:48.025783,22:43:48.025812,22:43:48.031645,22:43:48.031668,22:43:48.037335,22:43:47.631875,22:43:47.632107,22:43:47.551720
80,leak,22:43:50.716171,22:43:50.716171,22:43:50.716464,22:43:50.716464,22:43:50.717611,22:43:50.717611,22:43:50.719021,22:43:50.719021,22:43:50.728121,22:43:50.728149,22:43:50.742001,22:43:50.750236,22:43:51.180819,22:43:51.180850,22:43:51.186598,22:43:51.186619,22:43:51.191704,22:43:50.797065,22:43:50.797244,22:43:50.717068
80,safe,22:43:54.503402,22:43:54.503402,22:43:54.503748,22:43:54.503748,22:43:54.505246,22:43:54.505246,22:43:54.506826,22:43:54.506826,22:43:54.516899,22:43:54.516920,22:43:54.530912,22:43:54.540390,22:43:54.972072,22:43:54.972101,22:43:54.978128,22:43:54.978151,22:43:54.983213,22:43:54.584125,22:43:54.584288,22:43:54.504604
80,safe,22:43:59.766105,22:43:59.766105,22:43:59.766430,22:43:59.766430,22:43:59.767588,22:43:59.767588,22:43:59.769901,22:43:59.769901,22:43:59.779101,22:43:59.779122,22:43:59.792775,22:43:59.801061,22:44:00.234432,22:44:00.234459,22:44:00.240341,22:44:00.240365,22:44:00.245657,22:43:59.867447,22:43:59.867627,22:43:59.767004
80,safe,22:44:05.059465,22:44:05.059465,22:44:05.059850,22:44:05.059850,22:44:05.061099,22:44:05.061099,22:44:05.063747,22:44:05.063747,22:44:05.074138,22:44:05.074163,22:44:05.088117,22:44:05.096195,22:44:05.531222,22:44:05.531253,22:44:05.536973,22:44:05.536993,22:44:05.542267,22:44:05.140835,22:44:05.141005,22:44:05.060477
80,leak,22:44:10.594550,22:44:10.594550,22:44:10.594915,22:44:10.594915,22:44:10.596140,22:44:10.596140,22:44:10.598429,22:44:10.598429,22:44:10.607785,22:44:10.607817,22:44:10.621784,22:44:10.630451,22:44:11.064481,22:44:11.064508,22:44:11.070418,22:44:11.070441,22:44:11.076076,22:44:10.691886,22:44:10.692060,22:44:10.595556
80,leak,22:44:14.353088,22:44:14.353088,22:44:14.353433,22:44:14.353433,22:44:14.354587,22:44:14.354587,22:44:14.356028,22:44:14.356028,22:44:14.366380,22:44:14.366401,22:44:14.381102,22:44:14.389836,22:44:14.820849,22:44:14.820877,22:44:14.826927,22:44:14.826954,22:44:14.833409,22:44:14.434033,22:44:14.434226,22:44:14.354029
80,safe,22:44:18.158116,22:44:18.158116,22:44:18.158472,22:44:18.158472,22:44:18.159713,22:44:18.159713,22:44:18.161283,22:44:18.161283,22:44:18.170737,22:44:18.170758,22:44:18.185229,22:44:18.195774,22:44:18.630314,22:44:18.630349,22:44:18.636098,22:44:18.636121,22:44:18.641231,22:44:18.239063,22:44:18.239228,22:44:18.159059
80,leak,22:44:23.773567,22:44:23.773567,22:44:23.773867,22:44:23.773867,22:44:23.775092,22:44:23.775092,22:44:23.777178,22:44:23.777178,22:44:23.787079,22:44:23.787099,22:44:23.801665,22:44:23.809915,22:44:24.248843,22:44:24.248868,22:44:24.254651,22:44:24.254671,22:44:24.259829,22:44:23.878769,22:44:23.878944,22:44:23.774488
80,leak,22:44:27.112996,22:44:27.112996,22:44:27.113402,22:44:27.113402,22:44:27.114611,22:44:27.114611,22:44:27.116092,22:44:27.116092,22:44:27.125391,22:44:27.125413,22:44:27.139203,22:44:27.147800,22:44:27.580609,22:44:27.580641,22:44:27.586652,22:44:27.586673,22:44:27.591912,22:44:27.193643,22:44:27.193823,22:44:27.114061
80,leak,22:44:31.969643,22:44:31.969643,22:44:31.970041,22:44:31.970041,22:44:31.971171,22:44:31.971171,22:44:31.972643,22:44:31.972643,22:44:31.981849,22:44:31.981869,22:44:31.996480,22:44:32.004888,22:44:32.441253,22:44:32.441286,22:44:32.447473,22:44:32.447498,22:44:32.453241,22:44:32.050239,22:44:32.050428,22:44:31.970645
80,leak,22:44:36.812689,22:44:36.812689,22:44:36.813204,22:44:36.813204,22:44:36.814737,22:44:36.814737,22:44:36.816350,22:44:36.816350,22:44:36.830642,22:44:36.830693,22:44:36.849529,22:44:36.861298,22:44:37.310067,22:44:37.310093,22:44:37.316636,22:44:37.316657,22:44:37.322112,22:44:36.894005,22:44:36.894222,22:44:36.814091
80,leak,22:44:40.068328,22:44:40.068328,22:44:40.068673,22:44:40.068673,22:44:40.069738,22:44:40.069738,22:44:40.071095,22:44:40.071095,22:44:40.081403,22:44:40.081419,22:44:40.103763,22:44:40.112017,22:44:40.544113,22:44:40.544141,22:44:40.550295,22:44:40.550322,22:44:40.556271,22:44:40.149415,22:44:40.149650,22:44:40.069272
80,leak,22:44:43.299019,22:44:43.299019,22:44:43.299320,22:44:43.299320,22:44:43.300492,22:44:43.300492,22:44:43.301909,22:44:43.301909,22:44:43.312347,22:44:43.312367,22:44:43.326302,22:44:43.335342,22:44:43.766939,22:44:43.766971,22:44:43.773355,22:44:43.773381,22:44:43.779539,22:44:43.379876,22:44:43.380064,22:44:43.299845
80,leak,22:44:48.150710,22:44:48.150710,22:44:48.151086,22:44:48.151086,22:44:48.152582,22:44:48.152582,22:44:48.154065,22:44:48.154065,22:44:48.163218,22:44:48.163239,22:44:48.176950,22:44:48.184882,22:44:48.619614,22:44:48.619640,22:44:48.625806,22:44:48.625832,22:44:48.631793,22:44:48.231786,22:44:48.231956,22:44:48.151900
80,safe,22:44:52.002539,22:44:52.002539,22:44:52.002892,22:44:52.002892,22:44:52.004016,22:44:52.004016,22:44:52.005477,22:44:52.005477,22:44:52.016153,22:44:52.016174,22:44:52.031454,22:44:52.039648,22:44:52.471436,22:44:52.471465,22:44:52.477522,22:44:52.477546,22:44:52.483076,22:44:52.083573,22:44:52.083753,22:44:52.003476
80,leak,22:44:57.326542,22:44:57.326542,22:44:57.326851,22:44:57.326851,22:44:57.327894,22:44:57.327894,22:44:57.330127,22:44:57.330127,22:44:57.339374,22:44:57.339395,22:44:57.353032,22:44:57.361331,22:44:57.797357,22:44:57.797384,22:44:57.803426,22:44:57.803448,22:44:57.808702,22:44:57.408064,22:44:57.408241,22:44:57.327408
80,leak,22:45:01.081757,22:45:01.081757,22:45:01.082189,22:45:01.082189,22:45:01.083333,22:45:01.083333,22:45:01.084739,22:45:01.084739,22:45:01.093927,22:45:01.093950,22:45:01.107492,22:45:01.116776,22:45:01.548772,22:45:01.548798,22:45:01.554585,22:45:01.554610,22:45:01.560245,22:45:01.162590,22:45:01.162753,22:45:01.082814
80,safe,22:45:04.937556,22:45:04.937556,22:45:04.937905,22:45:04.937905,22:45:04.938990,22:45:04.938990,22:45:04.940385,22:45:04.940385,22:45:04.949561,22:45:04.949582,22:45:04.963366,22:45:04.971747,22:45:05.405076,22:45:05.405105,22:45:05.411210,22:45:05.411236,22:45:05.417470,22:45:05.018508,22:45:05.018696,22:45:04.938473
80,safe,22:45:10.295754,22:45:10.295754,22:45:10.296061,22:45:10.296061,22:45:10.297216,22:45:10.297216,22:45:10.299388,22:45:10.299388,22:45:10.308439,22:45:10.308460,22:45:10.321904,22:45:10.330017,22:45:10.764536,22:45:10.764567,22:45:10.770761,22:45:10.770785,22:45:10.776298,22:45:10.392591,22:45:10.392781,22:45:10.296672
80,leak,22:45:15.392079,22:45:15.392079,22:45:15.392438,22:45:15.392438,22:45:15.393715,22:45:15.393715,22:45:15.395800,22:45:15.395800,22:45:15.405047,22:45:15.405068,22:45:15.418915,22:45:15.427446,22:45:15.861853,22:45:15.861883,22:45:15.868129,22:45:15.868153,22:45:15.873549,22:45:15.473697,22:45:15.473865,22:45:15.393093
80,leak,22:45:18.568993,22:45:18.568993,22:45:18.569354,22:45:18.569354,22:45:18.570495,22:45:18.570495,22:45:18.571868,22:45:18.571868,22:45:18.584563,22:45:18.584583,22:45:18.599033,22:45:18.607090,22:45:19.039463,22:45:19.039495,22:45:19.045424,22:45:19.045448,22:45:19.051358,22:45:18.650028,22:45:18.650211,22:45:18.569950
80,leak,22:45:22.372185,22:45:22.372185,22:45:22.372515,22:45:22.372515,22:45:22.373575,22:45:22.373575,22:45:22.374954,22:45:22.374954,22:45:22.384819,22:45:22.384840,22:45:22.398181,22:45:22.406547,22:45:22.839529,22:45:22.839557,22:45:22.845460,22:45:22.845485,22:45:22.850671,22:45:22.452852,22:45:22.453040,22:45:22.373114
80,leak,22:45:27.227624,22:45:27.227624,22:45:27.227928,22:45:27.227928,22:45:27.229094,22:45:27.229094,22:45:27.230511,22:45:27.230511,22:45:27.239945,22:45:27.239969,22:45:27.253655,22:45:27.261777,22:45:27.697771,22:45:27.697799,22:45:27.704027,22:45:27.704054,22:45:27.710210,22:45:27.308733,22:45:27.308930,22:45:27.228589
80,safe,22:45:30.980199,22:45:30.980199,22:45:30.980504,22:45:30.980504,22:45:30.981574,22:45:30.981574,22:45:30.983202,22:45:30.983202,22:45:30.992449,22:45:30.992470,22:45:31.014520,22:45:31.024641,22:45:31.460067,22:45:31.460095,22:45:31.465979,22:45:31.466003,22:45:31.471180,22:45:31.061458,22:45:31.061697,22:45:30.981045
80,leak,22:45:36.308299,22:45:36.308299,22:45:36.308605,22:45:36.308605,22:45:36.309653,22:45:36.309653,22:45:36.311897,22:45:36.311897,22:45:36.321212,22:45:36.321233,22:45:36.335505,22:45:36.343539,22:45:36.777103,22:45:36.777131,22:45:36.784251,22:45:36.784273,22:45:36.789318,22:45:36.402066,22:45:36.402240,22:45:36.309135
80,safe,22:45:41.101960,22:45:41.101960,22:45:41.102319,22:45:41.102319,22:45:41.103570,22:45:41.103570,22:45:41.104949,22:45:41.104949,22:45:41.115292,22:45:41.115322,22:45:41.129529,22:45:41.138047,22:45:41.573135,22:45:41.573167,22:45:41.578877,22:45:41.578898,22:45:41.584105,22:45:41.182721,22:45:41.182916,22:45:41.102995
80,safe,22:45:46.584428,22:45:46.584428,22:45:46.584743,22:45:46.584743,22:45:46.585793,22:45:46.585793,22:45:46.588000,22:45:46.588000,22:45:46.597304,22:45:46.597335,22:45:46.612505,22:45:46.621461,22:45:47.063831,22:45:47.063862,22:45:47.071742,22:45:47.071778,22:45:47.077890,22:45:46.682441,22:45:46.682629,22:45:46.585312
80,safe,22:45:51.684671,22:45:51.684671,22:45:51.685025,22:45:51.685025,22:45:51.686185,22:45:51.686185,22:45:51.688566,22:45:51.688566,22:45:51.697777,22:45:51.697797,22:45:51.712278,22:45:51.720793,22:45:52.157458,22:45:52.157487,22:45:52.163742,22:45:52.163763,22:45:52.169635,22:45:51.778445,22:45:51.778625,22:45:51.685632
80,leak,22:45:57.013912,22:45:57.013912,22:45:57.014947,22:45:57.014947,22:45:57.018079,22:45:57.018079,22:45:57.024690,22:45:57.024690,22:45:57.038780,22:45:57.039300,22:45:57.061346,22:45:57.070768,22:45:57.509877,22:45:57.509908,22:45:57.516840,22:45:57.516868,22:45:57.523773,22:45:57.095100,22:45:57.095302,22:45:57.016619
80,safe,22:46:00.362275,22:46:00.362275,22:46:00.362621,22:46:00.362621,22:46:00.363805,22:46:00.363805,22:46:00.365269,22:46:00.365269,22:46:00.375073,22:46:00.375095,22:46:00.388581,22:46:00.398467,22:46:00.830612,22:46:00.830641,22:46:00.836476,22:46:00.836499,22:46:00.841810,22:46:00.443069,22:46:00.443239,22:46:00.363162
80,leak,22:46:05.732706,22:46:05.732706,22:46:05.733061,22:46:05.733061,22:46:05.734238,22:46:05.734238,22:46:05.736472,22:46:05.736472,22:46:05.745735,22:46:05.745764,22:46:05.759194,22:46:05.767391,22:46:06.204155,22:46:06.204183,22:46:06.210130,22:46:06.210151,22:46:06.215523,22:46:05.838299,22:46:05.838468,22:46:05.733709
80,safe,22:46:09.087744,22:46:09.087744,22:46:09.088174,22:46:09.088174,22:46:09.089466,22:46:09.089466,22:46:09.090998,22:46:09.090998,22:46:09.101418,22:46:09.101439,22:46:09.115915,22:46:09.124014,22:46:09.555487,22:46:09.555514,22:46:09.561295,22:46:09.561318,22:46:09.567105,22:46:09.168615,22:46:09.168799,22:46:09.088873
80,safe,22:46:14.609092,22:46:14.609092,22:46:14.609481,22:46:14.609481,22:46:14.610678,22:46:14.610678,22:46:14.612827,22:46:14.612827,22:46:14.622014,22:46:14.622045,22:46:14.635957,22:46:14.644341,22:46:15.081096,22:46:15.081123,22:46:15.087617,22:46:15.087643,22:46:15.092923,22:46:14.715482,22:46:14.715670,22:46:14.610131
80,safe,22:46:19.905177,22:46:19.905177,22:46:19.905535,22:46:19.905535,22:46:19.906674,22:46:19.906674,22:46:19.909032,22:46:19.909032,22:46:19.918247,22:46:19.918265,22:46:19.932658,22:46:19.941067,22:46:20.378451,22:46:20.378478,22:46:20.384176,22:46:20.384197,22:46:20.389323,22:46:19.998256,22:46:19.998436,22:46:19.906144
80,safe,22:46:25.210365,22:46:25.210365,22:46:25.210710,22:46:25.210710,22:46:25.211845,22:46:25.211845,22:46:25.214153,22:46:25.214153,22:46:25.223394,22:46:25.223413,22:46:25.237874,22:46:25.246157,22:46:25.681028,22:46:25.681058,22:46:25.687057,22:46:25.687079,22:46:25.692557,22:46:25.307949,22:46:25.308118,22:46:25.211305
80,leak,22:46:30.332312,22:46:30.332312,22:46:30.332707,22:46:30.332707,22:46:30.333989,22:46:30.333989,22:46:30.336331,22:46:30.336331,22:46:30.345776,22:46:30.345798,22:46:30.371341,22:46:30.381192,22:46:30.817740,22:46:30.817771,22:46:30.823576,22:46:30.823599,22:46:30.828643,22:46:30.433146,22:46:30.433326,22:46:30.333402
80,leak,22:46:35.175610,22:46:35.175610,22:46:35.175911,22:46:35.175911,22:46:35.176955,22:46:35.176955,22:46:35.178223,22:46:35.178223,22:46:35.187816,22:46:35.187839,22:46:35.203039,22:46:35.211334,22:46:35.647417,22:46:35.647443,22:46:35.654031,22:46:35.654056,22:46:35.659536,22:46:35.256294,22:46:35.256508,22:46:35.176453
80,safe,22:46:39.985717,22:46:39.985717,22:46:39.986067,22:46:39.986067,22:46:39.987178,22:46:39.987178,22:46:39.988929,22:46:39.988929,22:46:39.998195,22:46:39.998213,22:46:40.013554,22:46:40.022042,22:46:40.456549,22:46:40.456577,22:46:40.462304,22:46:40.462325,22:46:40.467457,22:46:40.066884,22:46:40.067055,22:46:39.986680
80,leak,22:46:45.262745,22:46:45.262745,22:46:45.263111,22:46:45.263111,22:46:45.264294,22:46:45.264294,22:46:45.266561,22:46:45.266561,22:46:45.275741,22:46:45.275761,22:46:45.290241,22:46:45.298581,22:46:45.736553,22:46:45.736585,22:46:45.742817,22:46:45.742838,22:46:45.748165,22:46:45.356631,22:46:45.356813,22:46:45.263728
80,leak,22:46:48.637253,22:46:48.637253,22:46:48.637589,22:46:48.637589,22:46:48.638750,22:46:48.638750,22:46:48.640113,22:46:48.640113,22:46:48.650472,22:46:48.650494,22:46:48.666238,22:46:48.674819,22:46:49.107855,22:46:49.107883,22:46:49.113778,22:46:49.113806,22:46:49.119184,22:46:48.718253,22:46:48.718416,22:46:48.638147
80,leak,22:46:51.947213,22:46:51.947213,22:46:51.947571,22:46:51.947571,22:46:51.948702,22:46:51.948702,22:46:51.950127,22:46:51.950127,22:46:51.959341,22:46:51.959362,22:46:51.972952,22:46:51.980853,22:46:52.413245,22:46:52.413272,22:46:52.419353,22:46:52.419375,22:46:52.424542,22:46:52.027835,22:46:52.028025,22:46:51.948161
80,safe,22:46:55.635484,22:46:55.635484,22:46:55.635869,22:46:55.635869,22:46:55.637036,22:46:55.637036,22:46:55.638405,22:46:55.638405,22:46:55.648358,22:46:55.648386,22:46:55.663102,22:46:55.671487,22:46:56.103296,22:46:56.103322,22:46:56.109505,22:46:56.109529,22:46:56.114855,22:46:55.716013,22:46:55.716191,22:46:55.636496
80,safe,22:47:00.718371,22:47:00.718371,22:47:00.718672,22:47:00.718672,22:47:00.719758,22:47:00.719758,22:47:00.721947,22:47:00.721947,22:47:00.731432,22:47:00.731453,22:47:00.744465,22:47:00.752856,22:47:01.195856,22:47:01.195893,22:47:01.202097,22:47:01.202122,22:47:01.207754,22:47:00.811108,22:47:00.811287,22:47:00.719211
80,leak,22:47:06.094210,22:47:06.094210,22:47:06.094569,22:47:06.094569,22:47:06.095720,22:47:06.095720,22:47:06.097778,22:47:06.097778,22:47:06.109852,22:47:06.109874,22:47:06.123227,22:47:06.131854,22:47:06.566295,22:47:06.566326,22:47:06.572327,22:47:06.572352,22:47:06.577789,22:47:06.196055,22:47:06.196275,22:47:06.095162
80,safe,22:47:10.900881,22:47:10.900881,22:47:10.901183,22:47:10.901183,22:47:10.902342,22:47:10.902342,22:47:10.903822,22:47:10.903822,22:47:10.913378,22:47:10.913401,22:47:10.928403,22:47:10.936567,22:47:11.374238,22:47:11.374269,22:47:11.380604,22:47:11.380626,22:47:11.385836,22:47:10.981787,22:47:10.981984,22:47:10.901692
80,leak,22:47:16.204010,22:47:16.204010,22:47:16.204399,22:47:16.204399,22:47:16.205749,22:47:16.205749,22:47:16.208155,22:47:16.208155,22:47:16.217319,22:47:16.217340,22:47:16.230824,22:47:16.238992,22:47:16.674449,22:47:16.674478,22:47:16.680645,22:47:16.680670,22:47:16.686334,22:47:16.297612,22:47:16.297784,22:47:16.205019
80,leak,22:47:19.993163,22:47:19.993163,22:47:19.993571,22:47:19.993571,22:47:19.994659,22:47:19.994659,22:47:19.996102,22:47:19.996102,22:47:20.005316,22:47:20.005336,22:47:20.019913,22:47:20.028352,22:47:20.460560,22:47:20.460588,22:47:20.466561,22:47:20.466586,22:47:20.472627,22:47:20.074079,22:47:20.074283,22:47:19.994193
80,leak,22:47:23.871951,22:47:23.871951,22:47:23.872323,22:47:23.872323,22:47:23.873353,22:47:23.873353,22:47:23.874910,22:47:23.874910,22:47:23.884289,22:47:23.884310,22:47:23.905293,22:47:23.914199,22:47:24.346011,22:47:24.346040,22:47:24.351948,22:47:24.351976,22:47:24.357004,22:47:23.953083,22:47:23.953261,22:47:23.872832
80,safe,22:47:27.719447,22:47:27.719447,22:47:27.719798,22:47:27.719798,22:47:27.720894,22:47:27.720894,22:47:27.722216,22:47:27.722216,22:47:27.731776,22:47:27.731803,22:47:27.745852,22:47:27.753871,22:47:28.184889,22:47:28.184920,22:47:28.191072,22:47:28.191100,22:47:28.198218,22:47:27.800333,22:47:27.800531,22:47:27.720426
80,leak,22:47:32.946130,22:47:32.946130,22:47:32.946433,22:47:32.946433,22:47:32.947463,22:47:32.947463,22:47:32.949622,22:47:32.949622,22:47:32.959114,22:47:32.959135,22:47:32.972575,22:47:32.980550,22:47:33.416311,22:47:33.416338,22:47:33.422374,22:47:33.422398,22:47:33.428247,22:47:33.047231,22:47:33.047455,22:47:32.946990
80,safe,22:47:37.789805,22:47:37.789805,22:47:37.790141,22:47:37.790141,22:47:37.791346,22:47:37.791346,22:47:37.792681,22:47:37.792681,22:47:37.802906,22:47:37.802927,22:47:37.816374,22:47:37.824664,22:47:38.261677,22:47:38.261708,22:47:38.267941,22:47:38.267967,22:47:38.275550,22:47:37.870917,22:47:37.871095,22:47:37.790769
80,leak,22:47:42.924549,22:47:42.924549,22:47:42.924895,22:47:42.924895,22:47:42.925989,22:47:42.925989,22:47:42.928179,22:47:42.928179,22:47:42.937430,22:47:42.937451,22:47:42.951077,22:47:42.959931,22:47:43.393677,22:47:43.393707,22:47:43.399886,22:47:43.399907,22:47:43.405047,22:47:43.019015,22:47:43.019201,22:47:42.925472
80,leak,22:47:47.746393,22:47:47.746393,22:47:47.746741,22:47:47.746741,22:47:47.747925,22:47:47.747925,22:47:47.749321,22:47:47.749321,22:47:47.758916,22:47:47.758936,22:47:47.772515,22:47:47.780818,22:47:48.217512,22:47:48.217545,22:47:48.223806,22:47:48.223830,22:47:48.229191,22:47:47.827308,22:47:47.827512,22:47:47.747392
80,leak,22:47:51.633242,22:47:51.633242,22:47:51.633550,22:47:51.633550,22:47:51.634794,22:47:51.634794,22:47:51.636102,22:47:51.636102,22:47:51.645287,22:47:51.645324,22:47:51.659037,22:47:51.667103,22:47:52.099866,22:47:52.099899,22:47:52.106717,22:47:52.106740,22:47:52.111957,22:47:51.714126,22:47:51.714355,22:47:51.634198
80,safe,22:47:54.912148,22:47:54.912148,22:47:54.912462,22:47:54.912462,22:47:54.913631,22:47:54.913631,22:47:54.915019,22:47:54.915019,22:47:54.924167,22:47:54.924186,22:47:54.938665,22:47:54.946961,22:47:55.378642,22:47:55.378672,22:47:55.384432,22:47:55.384456,22:47:55.389769,22:47:54.993259,22:47:54.993446,22:47:54.913098
80,safe,22:48:00.151360,22:48:00.151360,22:48:00.151732,22:48:00.151732,22:48:00.153015,22:48:00.153015,22:48:00.155276,22:48:00.155276,22:48:00.164416,22:48:00.164444,22:48:00.178110,22:48:00.186539,22:48:00.620832,22:48:00.620864,22:48:00.626840,22:48:00.626864,22:48:00.632785,22:48:00.253420,22:48:00.253591,22:48:00.152346
80,leak,22:48:05.224778,22:48:05.224778,22:48:05.225322,22:48:05.225322,22:48:05.226876,22:48:05.226876,22:48:05.229539,22:48:05.229539,22:48:05.238883,22:48:05.238913,22:48:05.253185,22:48:05.261321,22:48:05.698011,22:48:05.698043,22:48:05.705097,22:48:05.705123,22:48:05.710577,22:48:05.320183,22:48:05.320440,22:48:05.226102
80,leak,22:48:09.045839,22:48:09.045839,22:48:09.046223,22:48:09.046223,22:48:09.047486,22:48:09.047486,22:48:09.049345,22:48:09.049345,22:48:09.059070,22:48:09.059109,22:48:09.072815,22:48:09.081826,22:48:09.513969,22:48:09.513996,22:48:09.520344,22:48:09.520392,22:48:09.526563,22:48:09.126794,22:48:09.127107,22:48:09.046898
80,safe,22:48:12.519376,22:48:12.519376,22:48:12.519691,22:48:12.519691,22:48:12.520789,22:48:12.520789,22:48:12.522233,22:48:12.522233,22:48:12.531517,22:48:12.531534,22:48:12.545806,22:48:12.554287,22:48:12.986557,22:48:12.986586,22:48:12.992164,22:48:12.992185,22:48:12.997528,22:48:12.600355,22:48:12.600572,22:48:12.520250
80,safe,22:48:17.755871,22:48:17.755871,22:48:17.756175,22:48:17.756175,22:48:17.757333,22:48:17.757333,22:48:17.759644,22:48:17.759644,22:48:17.769241,22:48:17.769261,22:48:17.790555,22:48:17.798902,22:48:18.233213,22:48:18.233242,22:48:18.239160,22:48:18.239184,22:48:18.244621,22:48:17.849202,22:48:17.849401,22:48:17.756854
80,safe,22:48:23.248733,22:48:23.248733,22:48:23.249028,22:48:23.249028,22:48:23.250092,22:48:23.250092,22:48:23.252502,22:48:23.252502,22:48:23.262734,22:48:23.262756,22:48:23.277760,22:48:23.285662,22:48:23.724509,22:48:23.724535,22:48:23.730879,22:48:23.730908,22:48:23.736458,22:48:23.330524,22:48:23.330738,22:48:23.249581
80,safe,22:48:28.545872,22:48:28.545872,22:48:28.546281,22:48:28.546281,22:48:28.547416,22:48:28.547416,22:48:28.549600,22:48:28.549600,22:48:28.558827,22:48:28.558848,22:48:28.572102,22:48:28.580117,22:48:29.014525,22:48:29.014555,22:48:29.020921,22:48:29.020946,22:48:29.027371,22:48:28.645362,22:48:28.645507,22:48:28.546914
80,leak,22:48:33.801267,22:48:33.801267,22:48:33.801574,22:48:33.801574,22:48:33.802743,22:48:33.802743,22:48:33.805386,22:48:33.805386,22:48:33.814622,22:48:33.814645,22:48:33.829526,22:48:33.837477,22:48:34.273787,22:48:34.273818,22:48:34.279611,22:48:34.279631,22:48:34.284655,22:48:33.901189,22:48:33.901368,22:48:33.802129
80,safe,22:48:37.023732,22:48:37.023732,22:48:37.024281,22:48:37.024281,22:48:37.026147,22:48:37.026147,22:48:37.028593,22:48:37.028593,22:48:37.061767,22:48:37.061822,22:48:37.081534,22:48:37.093499,22:48:37.544766,22:48:37.544794,22:48:37.551708,22:48:37.551732,22:48:37.558365,22:48:37.104365,22:48:37.104649,22:48:37.025197
80,leak,22:48:42.441672,22:48:42.441672,22:48:42.442031,22:48:42.442031,22:48:42.443350,22:48:42.443350,22:48:42.445605,22:48:42.445605,22:48:42.498260,22:48:42.498286,22:48:42.511770,22:48:42.519851,22:48:42.964178,22:48:42.964206,22:48:42.970176,22:48:42.970199,22:48:42.976050,22:48:42.537332,22:48:42.537515,22:48:42.442714
80,leak,22:48:45.891436,22:48:45.891436,22:48:45.891772,22:48:45.891772,22:48:45.892915,22:48:45.892915,22:48:45.894353,22:48:45.894353,22:48:45.935124,22:48:45.935153,22:48:45.948576,22:48:45.957260,22:48:46.392416,22:48:46.392448,22:48:46.398502,22:48:46.398525,22:48:46.403996,22:48:45.972446,22:48:45.972636,22:48:45.892435
80,leak,22:48:49.277768,22:48:49.277768,22:48:49.278101,22:48:49.278101,22:48:49.279441,22:48:49.279441,22:48:49.280912,22:48:49.280912,22:48:49.333749,22:48:49.333780,22:48:49.348039,22:48:49.356673,22:48:49.794931,22:48:49.794959,22:48:49.800987,22:48:49.801011,22:48:49.806809,22:48:49.358338,22:48:49.358476,22:48:49.278864
80,leak,22:48:52.820001,22:48:52.820001,22:48:52.820376,22:48:52.820376,22:48:52.821628,22:48:52.821628,22:48:52.823107,22:48:52.823107,22:48:52.877758,22:48:52.877785,22:48:52.891298,22:48:52.899287,22:48:53.338669,22:48:53.338696,22:48:53.344978,22:48:53.345005,22:48:53.351234,22:48:52.900318,22:48:52.900431,22:48:52.821005
80,leak,22:48:57.891488,22:48:57.891488,22:48:57.891829,22:48:57.891829,22:48:57.892953,22:48:57.892953,22:48:57.895091,22:48:57.895091,22:48:57.941790,22:48:57.941816,22:48:57.955443,22:48:57.963635,22:48:58.407468,22:48:58.407498,22:48:58.413756,22:48:58.413779,22:48:58.419897,22:48:57.984599,22:48:57.984786,22:48:57.892397
80,leak,22:49:02.846108,22:49:02.846108,22:49:02.846569,22:49:02.846569,22:49:02.847983,22:49:02.847983,22:49:02.849400,22:49:02.849400,22:49:02.895965,22:49:02.895990,22:49:02.909598,22:49:02.917724,22:49:03.363217,22:49:03.363246,22:49:03.369963,22:49:03.369989,22:49:03.376054,22:49:02.927093,22:49:02.927320,22:49:02.847400
80,leak,22:49:07.908156,22:49:07.908156,22:49:07.908523,22:49:07.908523,22:49:07.910035,22:49:07.910035,22:49:07.912432,22:49:07.912432,22:49:07.953636,22:49:07.953712,22:49:07.967158,22:49:07.975489,22:49:08.420291,22:49:08.420324,22:49:08.426423,22:49:08.426449,22:49:08.432004,22:49:08.013456,22:49:08.013704,22:49:07.909313
100,leak,22:49:11.393914,22:49:11.393914,22:49:11.394267,22:49:11.394267,22:49:11.395635,22:49:11.395635,22:49:11.397119,22:49:11.397119,22:49:11.438817,22:49:11.438847,22:49:11.461278,22:49:11.471145,22:49:11.911703,22:49:11.911736,22:49:11.917892,22:49:11.917917,22:49:11.923413,22:49:11.494849,22:49:11.495051,22:49:11.394890
100,leak,22:49:15.273440,22:49:15.273440,22:49:15.273816,22:49:15.273816,22:49:15.275147,22:49:15.275147,22:49:15.276695,22:49:15.276695,22:49:15.324204,22:49:15.324236,22:49:15.338472,22:49:15.347908,22:49:15.791219,22:49:15.791246,22:49:15.797042,22:49:15.797064,22:49:15.802158,22:49:15.374188,22:49:15.374345,22:49:15.274429
100,leak,22:49:18.771089,22:49:18.771089,22:49:18.771407,22:49:18.771407,22:49:18.772545,22:49:18.772545,22:49:18.774054,22:49:18.774054,22:49:18.821123,22:49:18.821151,22:49:18.835171,22:49:18.843910,22:49:19.278854,22:49:19.278885,22:49:19.285405,22:49:19.285430,22:49:19.290888,22:49:18.871998,22:49:18.872235,22:49:18.772011
100,safe,22:49:23.711679,22:49:23.711679,22:49:23.712065,22:49:23.712065,22:49:23.713202,22:49:23.713202,22:49:23.714699,22:49:23.714699,22:49:23.755634,22:49:23.755660,22:49:23.769449,22:49:23.777467,22:49:24.221423,22:49:24.221451,22:49:24.227204,22:49:24.227225,22:49:24.232692,22:49:23.812304,22:49:23.812502,22:49:23.712671
100,safe,22:49:29.208211,22:49:29.208211,22:49:29.208646,22:49:29.208646,22:49:29.210106,22:49:29.210106,22:49:29.212574,22:49:29.212574,22:49:29.258351,22:49:29.258400,22:49:29.273784,22:49:29.282836,22:49:29.728692,22:49:29.728719,22:49:29.734877,22:49:29.734902,22:49:29.741220,22:49:29.326180,22:49:29.326423,22:49:29.209501
100,safe,22:49:34.806375,22:49:34.806375,22:49:34.806696,22:49:34.806696,22:49:34.807805,22:49:34.807805,22:49:34.809899,22:49:34.809899,22:49:34.856257,22:49:34.856277,22:49:34.869320,22:49:34.877615,22:49:35.323896,22:49:35.323923,22:49:35.329630,22:49:35.329652,22:49:35.334685,22:49:34.925072,22:49:34.925248,22:49:34.807335
100,leak,22:49:40.249508,22:49:40.249508,22:49:40.249927,22:49:40.249927,22:49:40.251373,22:49:40.251373,22:49:40.253828,22:49:40.253828,22:49:40.292824,22:49:40.292850,22:49:40.305850,22:49:40.314776,22:49:40.759540,22:49:40.759570,22:49:40.765671,22:49:40.765697,22:49:40.771359,22:49:40.351426,22:49:40.351634,22:49:40.250623
100,leak,22:49:45.201660,22:49:45.201660,22:49:45.201964,22:49:45.201964,22:49:45.203021,22:49:45.203021,22:49:45.204479,22:49:45.204479,22:49:45.213742,22:49:45.213763,22:49:45.228037,22:49:45.238251,22:49:45.673561,22:49:45.673593,22:49:45.679454,22:49:45.679481,22:49:45.685482,22:49:45.302691,22:49:45.302880,22:49:45.202576
100,leak,22:49:49.125333,22:49:49.125333,22:49:49.125700,22:49:49.125700,22:49:49.126826,22:49:49.126826,22:49:49.128231,22:49:49.128231,22:49:49.137470,22:49:49.137491,22:49:49.151599,22:49:49.160995,22:49:49.595063,22:49:49.595094,22:49:49.600932,22:49:49.600952,22:49:49.606116,22:49:49.226332,22:49:49.226495,22:49:49.126310
100,leak,22:49:53.921679,22:49:53.921679,22:49:53.922045,22:49:53.922045,22:49:53.923344,22:49:53.923344,22:49:53.924761,22:49:53.924761,22:49:53.933889,22:49:53.933915,22:49:53.947699,22:49:53.956974,22:49:54.391489,22:49:54.391517,22:49:54.397219,22:49:54.397245,22:49:54.403728,22:49:54.022692,22:49:54.022863,22:49:53.922651
100,safe,22:49:58.665920,22:49:58.665920,22:49:58.666285,22:49:58.666285,22:49:58.667402,22:49:58.667402,22:49:58.668911,22:49:58.668911,22:49:58.678062,22:49:58.678082,22:49:58.692504,22:49:58.700476,22:49:59.134023,22:49:59.134054,22:49:59.139860,22:49:59.139884,22:49:59.145219,22:49:58.767018,22:49:58.767196,22:49:58.666867
100,safe,22:50:04.148310,22:50:04.148310,22:50:04.148641,22:50:04.148641,22:50:04.149813,22:50:04.149813,22:50:04.151992,22:50:04.151992,22:50:04.162325,22:50:04.162353,22:50:04.175865,22:50:04.183889,22:50:04.619845,22:50:04.619873,22:50:04.625829,22:50:04.625853,22:50:04.630916,22:50:04.266868,22:50:04.267045,22:50:04.149242
100,leak,22:50:09.439672,22:50:09.439672,22:50:09.440037,22:50:09.440037,22:50:09.441217,22:50:09.441217,22:50:09.443549,22:50:09.443549,22:50:09.452883,22:50:09.452904,22:50:09.477608,22:50:09.486280,22:50:09.922880,22:50:09.922908,22:50:09.928820,22:50:09.928843,22:50:09.933961,22:50:09.564870,22:50:09.565057,22:50:09.440683
100,leak,22:50:13.390848,22:50:13.390848,22:50:13.391240,22:50:13.391240,22:50:13.392478,22:50:13.392478,22:50:13.394122,22:50:13.394122,22:50:13.404015,22:50:13.404039,22:50:13.419910,22:50:13.428320,22:50:13.861591,22:50:13.861623,22:50:13.867581,22:50:13.867605,22:50:13.872845,22:50:13.491871,22:50:13.492050,22:50:13.391904
100,safe,22:50:17.226088,22:50:17.226088,22:50:17.226619,22:50:17.226619,22:50:17.228683,22:50:17.228683,22:50:17.230196,22:50:17.230196,22:50:17.240306,22:50:17.240345,22:50:17.260360,22:50:17.271830,22:50:17.710715,22:50:17.710742,22:50:17.716848,22:50:17.716875,22:50:17.723912,22:50:17.326934,22:50:17.327158,22:50:17.227791
100,leak,22:50:22.555642,22:50:22.555642,22:50:22.555997,22:50:22.555997,22:50:22.557174,22:50:22.557174,22:50:22.559505,22:50:22.559505,22:50:22.569102,22:50:22.569121,22:50:22.583901,22:50:22.592563,22:50:23.028418,22:50:23.028445,22:50:23.034677,22:50:23.034702,22:50:23.040250,22:50:22.677348,22:50:22.677513,22:50:22.556630
100,safe,22:50:25.876739,22:50:25.876739,22:50:25.877085,22:50:25.877085,22:50:25.878340,22:50:25.878340,22:50:25.879785,22:50:25.879785,22:50:25.889001,22:50:25.889021,22:50:25.903172,22:50:25.911205,22:50:26.346298,22:50:26.346330,22:50:26.352295,22:50:26.352318,22:50:26.357541,22:50:25.977388,22:50:25.977567,22:50:25.877660
100,leak,22:50:31.053927,22:50:31.053927,22:50:31.054281,22:50:31.054281,22:50:31.055380,22:50:31.055380,22:50:31.057590,22:50:31.057590,22:50:31.066821,22:50:31.066843,22:50:31.081186,22:50:31.089324,22:50:31.522321,22:50:31.522351,22:50:31.528605,22:50:31.528630,22:50:31.534805,22:50:31.167006,22:50:31.167185,22:50:31.054893
100,leak,22:50:35.841235,22:50:35.841235,22:50:35.841574,22:50:35.841574,22:50:35.842743,22:50:35.842743,22:50:35.844156,22:50:35.844156,22:50:35.857115,22:50:35.857151,22:50:35.870985,22:50:35.879566,22:50:36.314329,22:50:36.314358,22:50:36.321309,22:50:36.321341,22:50:36.328961,22:50:35.941997,22:50:35.942179,22:50:35.842186
100,leak,22:50:39.647482,22:50:39.647482,22:50:39.647858,22:50:39.647858,22:50:39.649126,22:50:39.649126,22:50:39.650597,22:50:39.650597,22:50:39.659905,22:50:39.659925,22:50:39.673386,22:50:39.681943,22:50:40.116023,22:50:40.116053,22:50:40.122294,22:50:40.122321,22:50:40.128926,22:50:39.748442,22:50:39.748612,22:50:39.648535
100,leak,22:50:43.526417,22:50:43.526417,22:50:43.526763,22:50:43.526763,22:50:43.527881,22:50:43.527881,22:50:43.529480,22:50:43.529480,22:50:43.539120,22:50:43.539141,22:50:43.551921,22:50:43.560292,22:50:43.994712,22:50:43.994739,22:50:44.001347,22:50:44.001373,22:50:44.007247,22:50:43.627127,22:50:43.627294,22:50:43.527316
100,safe,22:50:46.935549,22:50:46.935549,22:50:46.935896,22:50:46.935896,22:50:46.937062,22:50:46.937062,22:50:46.938549,22:50:46.938549,22:50:46.948872,22:50:46.948890,22:50:46.963444,22:50:46.972186,22:50:47.417334,22:50:47.417364,22:50:47.423393,22:50:47.423417,22:50:47.428994,22:50:47.036577,22:50:47.036802,22:50:46.936505
100,leak,22:50:52.204708,22:50:52.204708,22:50:52.205079,22:50:52.205079,22:50:52.206284,22:50:52.206284,22:50:52.208608,22:50:52.208608,22:50:52.217869,22:50:52.217894,22:50:52.231936,22:50:52.240375,22:50:52.674597,22:50:52.674628,22:50:52.680366,22:50:52.680389,22:50:52.685668,22:50:52.326347,22:50:52.326499,22:50:52.205707
100,leak,22:50:56.016733,22:50:56.016733,22:50:56.017076,22:50:56.017076,22:50:56.018252,22:50:56.018252,22:50:56.019640,22:50:56.019640,22:50:56.028809,22:50:56.028830,22:50:56.044211,22:50:56.053532,22:50:56.487203,22:50:56.487230,22:50:56.493709,22:50:56.493737,22:50:56.499548,22:50:56.117596,22:50:56.117820,22:50:56.017716
100,leak,22:51:00.830028,22:51:00.830028,22:51:00.830329,22:51:00.830329,22:51:00.831521,22:51:00.831521,22:51:00.833102,22:51:00.833102,22:51:00.842360,22:51:00.842380,22:51:00.864624,22:51:00.873082,22:51:01.312873,22:51:01.312900,22:51:01.318928,22:51:01.318950,22:51:01.324248,22:51:00.930833,22:51:00.931017,22:51:00.830870
100,safe,22:51:04.357818,22:51:04.357818,22:51:04.358117,22:51:04.358117,22:51:04.359218,22:51:04.359218,22:51:04.360767,22:51:04.360767,22:51:04.369932,22:51:04.369955,22:51:04.383974,22:51:04.391932,22:51:04.820135,22:51:04.820168,22:51:04.826124,22:51:04.826146,22:51:04.831109,22:51:04.458760,22:51:04.458976,22:51:04.358684
100,safe,22:51:09.640600,22:51:09.640600,22:51:09.641005,22:51:09.641005,22:51:09.642207,22:51:09.642207,22:51:09.644403,22:51:09.644403,22:51:09.654877,22:51:09.654898,22:51:09.669992,22:51:09.679828,22:51:10.117334,22:51:10.117362,22:51:10.123109,22:51:10.123131,22:51:10.128453,22:51:09.742119,22:51:09.742309,22:51:09.641720
100,leak,22:51:14.964745,22:51:14.964745,22:51:14.965105,22:51:14.965105,22:51:14.966309,22:51:14.966309,22:51:14.968617,22:51:14.968617,22:51:14.978231,22:51:14.978251,22:51:14.992323,22:51:15.001119,22:51:15.434870,22:51:15.434902,22:51:15.440916,22:51:15.440940,22:51:15.446106,22:51:15.078738,22:51:15.078900,22:51:14.965727
100,leak,22:51:18.785360,22:51:18.785360,22:51:18.785769,22:51:18.785769,22:51:18.786960,22:51:18.786960,22:51:18.788350,22:51:18.788350,22:51:18.797960,22:51:18.798002,22:51:18.812569,22:51:18.820991,22:51:19.253162,22:51:19.253194,22:51:19.259693,22:51:19.259717,22:51:19.265491,22:51:18.886118,22:51:18.886301,22:51:18.786433
100,safe,22:51:22.571809,22:51:22.571809,22:51:22.572161,22:51:22.572161,22:51:22.573396,22:51:22.573396,22:51:22.574795,22:51:22.574795,22:51:22.584292,22:51:22.584320,22:51:22.598787,22:51:22.606750,22:51:23.038081,22:51:23.038110,22:51:23.045037,22:51:23.045061,22:51:23.051623,22:51:22.672676,22:51:22.672857,22:51:22.572845
100,leak,22:51:27.847632,22:51:27.847632,22:51:27.847983,22:51:27.847983,22:51:27.849253,22:51:27.849253,22:51:27.851463,22:51:27.851463,22:51:27.861889,22:51:27.861910,22:51:27.875047,22:51:27.883237,22:51:28.332417,22:51:28.332448,22:51:28.338368,22:51:28.338392,22:51:28.343919,22:51:27.963721,22:51:27.963872,22:51:27.848577
100,safe,22:51:31.218425,22:51:31.218425,22:51:31.218775,22:51:31.218775,22:51:31.220110,22:51:31.220110,22:51:31.221559,22:51:31.221559,22:51:31.231080,22:51:31.231100,22:51:31.244668,22:51:31.252909,22:51:31.682840,22:51:31.682866,22:51:31.688990,22:51:31.689012,22:51:31.695605,22:51:31.319261,22:51:31.319440,22:51:31.219388
100,leak,22:51:36.416453,22:51:36.416453,22:51:36.416813,22:51:36.416813,22:51:36.418142,22:51:36.418142,22:51:36.420663,22:51:36.420663,22:51:36.430502,22:51:36.430523,22:51:36.444129,22:51:36.452434,22:51:36.886546,22:51:36.886574,22:51:36.892728,22:51:36.892750,22:51:36.898698,22:51:36.533554,22:51:36.533708,22:51:36.417458
100,leak,22:51:41.283610,22:51:41.283610,22:51:41.283908,22:51:41.283908,22:51:41.284922,22:51:41.284922,22:51:41.286311,22:51:41.286311,22:51:41.295674,22:51:41.295695,22:51:41.309531,22:51:41.318009,22:51:41.752842,22:51:41.752873,22:51:41.758961,22:51:41.758985,22:51:41.764595,22:51:41.384665,22:51:41.384856,22:51:41.284417
100,leak,22:51:46.087024,22:51:46.087024,22:51:46.087386,22:51:46.087386,22:51:46.088490,22:51:46.088490,22:51:46.089903,22:51:46.089903,22:51:46.099447,22:51:46.099468,22:51:46.113765,22:51:46.124080,22:51:46.561280,22:51:46.561307,22:51:46.567122,22:51:46.567154,22:51:46.572522,22:51:46.188131,22:51:46.188291,22:51:46.087990
100,leak,22:51:50.885992,22:51:50.885992,22:51:50.886355,22:51:50.886355,22:51:50.887579,22:51:50.887579,22:51:50.888961,22:51:50.888961,22:51:50.898808,22:51:50.898828,22:51:50.912923,22:51:50.921253,22:51:51.361806,22:51:51.361837,22:51:51.367915,22:51:51.367937,22:51:51.373445,22:51:50.986915,22:51:50.987096,22:51:50.887019
100,leak,22:51:54.638195,22:51:54.638195,22:51:54.638555,22:51:54.638555,22:51:54.639679,22:51:54.639679,22:51:54.641103,22:51:54.641103,22:51:54.650996,22:51:54.651020,22:51:54.673285,22:51:54.682635,22:51:55.116372,22:51:55.116400,22:51:55.122590,22:51:55.122616,22:51:55.129300,22:51:54.739026,22:51:54.739221,22:51:54.639157
100,leak,22:51:57.923675,22:51:57.923675,22:51:57.924053,22:51:57.924053,22:51:57.925132,22:51:57.925132,22:51:57.926582,22:51:57.926582,22:51:57.935825,22:51:57.935846,22:51:57.950777,22:51:57.958981,22:51:58.387496,22:51:58.387528,22:51:58.393248,22:51:58.393270,22:51:58.398562,22:51:58.024823,22:51:58.025019,22:51:57.924605
100,leak,22:52:02.780578,22:52:02.780578,22:52:02.780912,22:52:02.780912,22:52:02.782220,22:52:02.782220,22:52:02.783720,22:52:02.783720,22:52:02.793257,22:52:02.793277,22:52:02.807175,22:52:02.817622,22:52:03.253457,22:52:03.253485,22:52:03.259602,22:52:03.259625,22:52:03.266418,22:52:02.881451,22:52:02.881635,22:52:02.781513
100,leak,22:52:06.165501,22:52:06.165501,22:52:06.165920,22:52:06.165920,22:52:06.167046,22:52:06.167046,22:52:06.168379,22:52:06.168379,22:52:06.178236,22:52:06.178256,22:52:06.191897,22:52:06.201016,22:52:06.634081,22:52:06.634108,22:52:06.640064,22:52:06.640089,22:52:06.645584,22:52:06.266211,22:52:06.266390,22:52:06.166509
100,leak,22:52:10.972751,22:52:10.972751,22:52:10.973043,22:52:10.973043,22:52:10.974120,22:52:10.974120,22:52:10.975537,22:52:10.975537,22:52:10.985766,22:52:10.985794,22:52:10.999762,22:52:11.007804,22:52:11.440476,22:52:11.440506,22:52:11.446720,22:52:11.446745,22:52:11.452639,22:52:11.073617,22:52:11.073816,22:52:10.973602
100,leak,22:52:15.757775,22:52:15.757775,22:52:15.758128,22:52:15.758128,22:52:15.759277,22:52:15.759277,22:52:15.760736,22:52:15.760736,22:52:15.772204,22:52:15.772224,22:52:15.786069,22:52:15.795074,22:52:16.232442,22:52:16.232470,22:52:16.238606,22:52:16.238632,22:52:16.244752,22:52:15.859013,22:52:15.859183,22:52:15.758741
100,leak,22:52:19.583979,22:52:19.583979,22:52:19.584420,22:52:19.584420,22:52:19.586083,22:52:19.586083,22:52:19.587676,22:52:19.587676,22:52:19.597476,22:52:19.597498,22:52:19.610955,22:52:19.619677,22:52:20.051568,22:52:20.051596,22:52:20.057908,22:52:20.057935,22:52:20.063927,22:52:19.684768,22:52:19.684952,22:52:19.585297
100,leak,22:52:23.255375,22:52:23.255375,22:52:23.255721,22:52:23.255721,22:52:23.256898,22:52:23.256898,22:52:23.258380,22:52:23.258380,22:52:23.269497,22:52:23.269520,22:52:23.285187,22:52:23.293763,22:52:23.726137,22:52:23.726168,22:52:23.731864,22:52:23.731885,22:52:23.736998,22:52:23.356324,22:52:23.356486,22:52:23.256344
100,safe,22:52:28.073802,22:52:28.073802,22:52:28.074121,22:52:28.074121,22:52:28.075236,22:52:28.075236,22:52:28.076555,22:52:28.076555,22:52:28.085744,22:52:28.085773,22:52:28.099302,22:52:28.107767,22:52:28.544589,22:52:28.544620,22:52:28.550656,22:52:28.550680,22:52:28.555935,22:52:28.174931,22:52:28.175120,22:52:28.074721
100,leak,22:52:33.374385,22:52:33.374385,22:52:33.374731,22:52:33.374731,22:52:33.375957,22:52:33.375957,22:52:33.378457,22:52:33.378457,22:52:33.387664,22:52:33.387687,22:52:33.401254,22:52:33.409118,22:52:33.842846,22:52:33.842877,22:52:33.848968,22:52:33.848992,22:52:33.855342,22:52:33.488696,22:52:33.488850,22:52:33.375305
100,leak,22:52:38.241551,22:52:38.241551,22:52:38.241886,22:52:38.241886,22:52:38.243205,22:52:38.243205,22:52:38.244705,22:52:38.244705,22:52:38.254578,22:52:38.254609,22:52:38.268903,22:52:38.277565,22:52:38.722483,22:52:38.722510,22:52:38.728170,22:52:38.728196,22:52:38.733311,22:52:38.342541,22:52:38.342684,22:52:38.242558
100,safe,22:52:41.538661,22:52:41.538661,22:52:41.539010,22:52:41.539010,22:52:41.540082,22:52:41.540082,22:52:41.541494,22:52:41.541494,22:52:41.551551,22:52:41.551574,22:52:41.565798,22:52:41.574068,22:52:42.006704,22:52:42.006731,22:52:42.013728,22:52:42.013756,22:52:42.019506,22:52:41.639636,22:52:41.639820,22:52:41.539608
100,safe,22:52:46.633130,22:52:46.633130,22:52:46.633486,22:52:46.633486,22:52:46.634700,22:52:46.634700,22:52:46.637201,22:52:46.637201,22:52:46.646554,22:52:46.646583,22:52:46.668980,22:52:46.677288,22:52:47.114657,22:52:47.114684,22:52:47.120716,22:52:47.120738,22:52:47.125959,22:52:46.757197,22:52:46.757347,22:52:46.634128
100,leak,22:52:51.850313,22:52:51.850313,22:52:51.850708,22:52:51.850708,22:52:51.852073,22:52:51.852073,22:52:51.854505,22:52:51.854505,22:52:51.865587,22:52:51.865608,22:52:51.879603,22:52:51.888052,22:52:52.322115,22:52:52.322145,22:52:52.328021,22:52:52.328041,22:52:52.333148,22:52:51.967399,22:52:51.967583,22:52:51.851357
100,safe,22:52:55.615026,22:52:55.615026,22:52:55.615347,22:52:55.615347,22:52:55.616576,22:52:55.616576,22:52:55.618186,22:52:55.618186,22:52:55.627830,22:52:55.627851,22:52:55.641879,22:52:55.650134,22:52:56.079422,22:52:56.079450,22:52:56.085320,22:52:56.085342,22:52:56.090463,22:52:55.715949,22:52:55.716127,22:52:55.615940
100,leak,22:53:00.897292,22:53:00.897292,22:53:00.897642,22:53:00.897642,22:53:00.898721,22:53:00.898721,22:53:00.901051,22:53:00.901051,22:53:00.910585,22:53:00.910603,22:53:00.925206,22:53:00.933632,22:53:01.370400,22:53:01.370431,22:53:01.376225,22:53:01.376249,22:53:01.382252,22:53:01.019048,22:53:01.019287,22:53:00.898231
100,leak,22:53:04.902665,22:53:04.902665,22:53:04.902987,22:53:04.902987,22:53:04.904104,22:53:04.904104,22:53:04.905439,22:53:04.905439,22:53:04.914514,22:53:04.914534,22:53:04.928028,22:53:04.936358,22:53:05.369644,22:53:05.369672,22:53:05.375468,22:53:05.375491,22:53:05.380700,22:53:05.003683,22:53:05.003882,22:53:04.903562
100,leak,22:53:08.906458,22:53:08.906458,22:53:08.906821,22:53:08.906821,22:53:08.907998,22:53:08.907998,22:53:08.909417,22:53:08.909417,22:53:08.919980,22:53:08.920001,22:53:08.933006,22:53:08.941496,22:53:09.374155,22:53:09.374186,22:53:09.380284,22:53:09.380309,22:53:09.387973,22:53:09.007303,22:53:09.007485,22:53:08.907456
100,safe,22:53:13.801594,22:53:13.801594,22:53:13.801951,22:53:13.801951,22:53:13.803114,22:53:13.803114,22:53:13.804525,22:53:13.804525,22:53:13.813998,22:53:13.814019,22:53:13.827400,22:53:13.836874,22:53:14.276787,22:53:14.276814,22:53:14.282918,22:53:14.282944,22:53:14.288274,22:53:13.902590,22:53:13.902770,22:53:13.802578
100,leak,22:53:19.158525,22:53:19.158525,22:53:19.158913,22:53:19.158913,22:53:19.160125,22:53:19.160125,22:53:19.162508,22:53:19.162508,22:53:19.171942,22:53:19.171968,22:53:19.185864,22:53:19.194085,22:53:19.630980,22:53:19.631014,22:53:19.637077,22:53:19.637102,22:53:19.642997,22:53:19.271864,22:53:19.272020,22:53:19.159611
100,safe,22:53:22.775543,22:53:22.775543,22:53:22.775929,22:53:22.775929,22:53:22.777040,22:53:22.777040,22:53:22.778402,22:53:22.778402,22:53:22.787942,22:53:22.787962,22:53:22.801477,22:53:22.810320,22:53:23.242306,22:53:23.242336,22:53:23.248771,22:53:23.248795,22:53:23.254449,22:53:22.876712,22:53:22.876890,22:53:22.776512
100,leak,22:53:28.050283,22:53:28.050283,22:53:28.050582,22:53:28.050582,22:53:28.051648,22:53:28.051648,22:53:28.053848,22:53:28.053848,22:53:28.063135,22:53:28.063156,22:53:28.077271,22:53:28.085575,22:53:28.521709,22:53:28.521737,22:53:28.527675,22:53:28.527699,22:53:28.533925,22:53:28.166675,22:53:28.166854,22:53:28.051153
100,leak,22:53:31.521929,22:53:31.521929,22:53:31.522242,22:53:31.522242,22:53:31.523307,22:53:31.523307,22:53:31.524548,22:53:31.524548,22:53:31.534882,22:53:31.534910,22:53:31.548986,22:53:31.557274,22:53:31.988748,22:53:31.988775,22:53:31.995008,22:53:31.995030,22:53:32.001098,22:53:31.622958,22:53:31.623135,22:53:31.522850
100,leak,22:53:34.822073,22:53:34.822073,22:53:34.822444,22:53:34.822444,22:53:34.823745,22:53:34.823745,22:53:34.825397,22:53:34.825397,22:53:34.835789,22:53:34.835810,22:53:34.849917,22:53:34.858369,22:53:35.286996,22:53:35.287023,22:53:35.292882,22:53:35.292904,22:53:35.298145,22:53:34.923225,22:53:34.923405,22:53:34.823039
100,leak,22:53:38.182039,22:53:38.182039,22:53:38.182348,22:53:38.182348,22:53:38.183521,22:53:38.183521,22:53:38.185063,22:53:38.185063,22:53:38.194302,22:53:38.194324,22:53:38.217645,22:53:38.228327,22:53:38.660147,22:53:38.660176,22:53:38.665862,22:53:38.665882,22:53:38.671200,22:53:38.282761,22:53:38.282938,22:53:38.182932
100,safe,22:53:42.998805,22:53:42.998805,22:53:42.999113,22:53:42.999113,22:53:43.000153,22:53:43.000153,22:53:43.001494,22:53:43.001494,22:53:43.011740,22:53:43.011759,22:53:43.027024,22:53:43.035635,22:53:43.469296,22:53:43.469325,22:53:43.475173,22:53:43.475205,22:53:43.480631,22:53:43.099434,22:53:43.099617,22:53:42.999682
100,safe,22:53:48.494854,22:53:48.494854,22:53:48.495158,22:53:48.495158,22:53:48.496112,22:53:48.496112,22:53:48.498229,22:53:48.498229,22:53:48.508130,22:53:48.508151,22:53:48.522808,22:53:48.531090,22:53:48.971136,22:53:48.971167,22:53:48.977617,22:53:48.977641,22:53:48.982820,22:53:48.612549,22:53:48.612713,22:53:48.495677
100,leak,22:53:53.730290,22:53:53.730290,22:53:53.730684,22:53:53.730684,22:53:53.731810,22:53:53.731810,22:53:53.734030,22:53:53.734030,22:53:53.744697,22:53:53.744716,22:53:53.759113,22:53:53.767169,22:53:54.201130,22:53:54.201172,22:53:54.206951,22:53:54.206972,22:53:54.212286,22:53:53.840759,22:53:53.840968,22:53:53.731317
100,leak,22:53:58.560206,22:53:58.560206,22:53:58.560604,22:53:58.560604,22:53:58.561912,22:53:58.561912,22:53:58.563547,22:53:58.563547,22:53:58.575076,22:53:58.575097,22:53:58.590059,22:53:58.598997,22:53:59.041154,22:53:59.041181,22:53:59.047249,22:53:59.047271,22:53:59.053707,22:53:58.660992,22:53:58.661188,22:53:58.561237
100,leak,22:54:02.313766,22:54:02.313766,22:54:02.314065,22:54:02.314065,22:54:02.315260,22:54:02.315260,22:54:02.316843,22:54:02.316843,22:54:02.326189,22:54:02.326209,22:54:02.340774,22:54:02.349195,22:54:02.780051,22:54:02.780079,22:54:02.786030,22:54:02.786055,22:54:02.791089,22:54:02.414736,22:54:02.414897,22:54:02.314624
100,leak,22:54:06.248065,22:54:06.248065,22:54:06.248374,22:54:06.248374,22:54:06.249539,22:54:06.249539,22:54:06.251044,22:54:06.251044,22:54:06.260389,22:54:06.260418,22:54:06.274965,22:54:06.284418,22:54:06.714202,22:54:06.714231,22:54:06.720157,22:54:06.720182,22:54:06.725586,22:54:06.348826,22:54:06.348998,22:54:06.248980
100,safe,22:54:10.201163,22:54:10.201163,22:54:10.201516,22:54:10.201516,22:54:10.202600,22:54:10.202600,22:54:10.204002,22:54:10.204002,22:54:10.213778,22:54:10.213807,22:54:10.227551,22:54:10.235825,22:54:10.669421,22:54:10.669449,22:54:10.675252,22:54:10.675273,22:54:10.680461,22:54:10.302045,22:54:10.302225,22:54:10.202139
100,safe,22:54:15.692361,22:54:15.692361,22:54:15.692718,22:54:15.692718,22:54:15.693833,22:54:15.693833,22:54:15.696142,22:54:15.696142,22:54:15.705803,22:54:15.705824,22:54:15.719069,22:54:15.728396,22:54:16.165145,22:54:16.165171,22:54:16.171416,22:54:16.171440,22:54:16.177163,22:54:15.807318,22:54:15.807473,22:54:15.693340
100,leak,22:54:21.030259,22:54:21.030259,22:54:21.030620,22:54:21.030620,22:54:21.031787,22:54:21.031787,22:54:21.034076,22:54:21.034076,22:54:21.043446,22:54:21.043466,22:54:21.056917,22:54:21.065643,22:54:21.501410,22:54:21.501440,22:54:21.507443,22:54:21.507467,22:54:21.513085,22:54:21.152261,22:54:21.152448,22:54:21.031228
100,leak,22:54:24.767680,22:54:24.767680,22:54:24.768036,22:54:24.768036,22:54:24.769181,22:54:24.769181,22:54:24.770650,22:54:24.770650,22:54:24.779861,22:54:24.779879,22:54:24.794271,22:54:24.804287,22:54:25.236803,22:54:25.236831,22:54:25.242856,22:54:25.242879,22:54:25.247927,22:54:24.868556,22:54:24.868730,22:54:24.768643
100,safe,22:54:28.320888,22:54:28.320888,22:54:28.321244,22:54:28.321244,22:54:28.322518,22:54:28.322518,22:54:28.324024,22:54:28.324024,22:54:28.334438,22:54:28.334458,22:54:28.347993,22:54:28.356350,22:54:28.789671,22:54:28.789707,22:54:28.795995,22:54:28.796020,22:54:28.802467,22:54:28.421897,22:54:28.422105,22:54:28.321941
100,safe,22:54:33.438817,22:54:33.438817,22:54:33.439165,22:54:33.439165,22:54:33.440272,22:54:33.440272,22:54:33.442560,22:54:33.442560,22:54:33.452234,22:54:33.452253,22:54:33.476204,22:54:33.486225,22:54:33.919162,22:54:33.919189,22:54:33.925039,22:54:33.925064,22:54:33.930735,22:54:33.539493,22:54:33.539672,22:54:33.439790
100,safe,22:54:38.727797,22:54:38.727797,22:54:38.728160,22:54:38.728160,22:54:38.729435,22:54:38.729435,22:54:38.731832,22:54:38.731832,22:54:38.742245,22:54:38.742266,22:54:38.756618,22:54:38.764885,22:54:39.202912,22:54:39.202941,22:54:39.209094,22:54:39.209117,22:54:39.214381,22:54:38.839648,22:54:38.839799,22:54:38.728864
100,leak,22:54:43.971661,22:54:43.971661,22:54:43.972015,22:54:43.972015,22:54:43.973242,22:54:43.973242,22:54:43.975683,22:54:43.975683,22:54:43.984787,22:54:43.984807,22:54:43.998689,22:54:44.007237,22:54:44.439601,22:54:44.439633,22:54:44.445695,22:54:44.445721,22:54:44.452045,22:54:44.083570,22:54:44.083745,22:54:43.972606
100,leak,22:54:47.808966,22:54:47.808966,22:54:47.809353,22:54:47.809353,22:54:47.810673,22:54:47.810673,22:54:47.812597,22:54:47.812597,22:54:47.821818,22:54:47.821846,22:54:47.837072,22:54:47.845415,22:54:48.285876,22:54:48.285906,22:54:48.292061,22:54:48.292085,22:54:48.297834,22:54:47.909713,22:54:47.909896,22:54:47.810000
100,safe,22:54:51.086495,22:54:51.086495,22:54:51.086910,22:54:51.086910,22:54:51.088228,22:54:51.088228,22:54:51.089762,22:54:51.089762,22:54:51.099641,22:54:51.099662,22:54:51.114063,22:54:51.122764,22:54:51.553012,22:54:51.553042,22:54:51.559191,22:54:51.559213,22:54:51.564554,22:54:51.187343,22:54:51.187520,22:54:51.087526
100,leak,22:54:56.330165,22:54:56.330165,22:54:56.330526,22:54:56.330526,22:54:56.331675,22:54:56.331675,22:54:56.333921,22:54:56.333921,22:54:56.343204,22:54:56.343231,22:54:56.356216,22:54:56.364504,22:54:56.798816,22:54:56.798842,22:54:56.804930,22:54:56.804957,22:54:56.811060,22:54:56.446499,22:54:56.446651,22:54:56.331131
100,leak,22:55:00.181679,22:55:00.181679,22:55:00.182194,22:55:00.182194,22:55:00.183860,22:55:00.183860,22:55:00.185431,22:55:00.185431,22:55:00.195862,22:55:00.195884,22:55:00.209693,22:55:00.218680,22:55:00.653047,22:55:00.653079,22:55:00.659831,22:55:00.659857,22:55:00.665869,22:55:00.282664,22:55:00.282847,22:55:00.183154
100,leak,22:55:05.055561,22:55:05.055561,22:55:05.055936,22:55:05.055936,22:55:05.056996,22:55:05.056996,22:55:05.058350,22:55:05.058350,22:55:05.068398,22:55:05.068427,22:55:05.083502,22:55:05.094425,22:55:05.528148,22:55:05.528178,22:55:05.534548,22:55:05.534571,22:55:05.540578,22:55:05.156510,22:55:05.156673,22:55:05.056472
100,leak,22:55:08.490685,22:55:08.490685,22:55:08.491277,22:55:08.491277,22:55:08.492674,22:55:08.492674,22:55:08.494116,22:55:08.494116,22:55:08.503454,22:55:08.503475,22:55:08.517829,22:55:08.526636,22:55:08.961511,22:55:08.961539,22:55:08.967796,22:55:08.967820,22:55:08.973207,22:55:08.591251,22:55:08.591433,22:55:08.492099
100,safe,22:55:11.809155,22:55:11.809155,22:55:11.809520,22:55:11.809520,22:55:11.810664,22:55:11.810664,22:55:11.812080,22:55:11.812080,22:55:11.821282,22:55:11.821312,22:55:11.835830,22:55:11.844383,22:55:12.274889,22:55:12.274918,22:55:12.281051,22:55:12.281074,22:55:12.286346,22:55:11.910021,22:55:11.910197,22:55:11.810151
100,leak,22:55:17.094424,22:55:17.094424,22:55:17.094846,22:55:17.094846,22:55:17.095895,22:55:17.095895,22:55:17.098239,22:55:17.098239,22:55:17.107580,22:55:17.107602,22:55:17.121857,22:55:17.131534,22:55:17.573631,22:55:17.573662,22:55:17.579817,22:55:17.579843,22:55:17.586459,22:55:17.195876,22:55:17.196047,22:55:17.095431
100,leak,22:55:20.291246,22:55:20.291246,22:55:20.291598,22:55:20.291598,22:55:20.292662,22:55:20.292662,22:55:20.293983,22:55:20.293983,22:55:20.303178,22:55:20.303199,22:55:20.316672,22:55:20.324813,22:55:20.766179,22:55:20.766213,22:55:20.773041,22:55:20.773065,22:55:20.778687,22:55:20.392057,22:55:20.392245,22:55:20.292194
100,leak,22:55:25.090703,22:55:25.090703,22:55:25.091106,22:55:25.091106,22:55:25.092499,22:55:25.092499,22:55:25.094201,22:55:25.094201,22:55:25.103440,22:55:25.103461,22:55:25.127322,22:55:25.135953,22:55:25.571640,22:55:25.571667,22:55:25.578083,22:55:25.578107,22:55:25.583593,22:55:25.191648,22:55:25.191840,22:55:25.091761
100,leak,22:55:29.918860,22:55:29.918860,22:55:29.919286,22:55:29.919286,22:55:29.920458,22:55:29.920458,22:55:29.921961,22:55:29.921961,22:55:29.931158,22:55:29.931178,22:55:29.946988,22:55:29.955189,22:55:30.390693,22:55:30.390723,22:55:30.396433,22:55:30.396454,22:55:30.401605,22:55:30.020024,22:55:30.020230,22:55:29.919913
100,leak,22:55:33.683461,22:55:33.683461,22:55:33.683852,22:55:33.683852,22:55:33.684954,22:55:33.684954,22:55:33.686258,22:55:33.686258,22:55:33.696564,22:55:33.696584,22:55:33.711324,22:55:33.719351,22:55:34.153216,22:55:34.153247,22:55:34.159026,22:55:34.159048,22:55:34.164193,22:55:33.784466,22:55:33.784638,22:55:33.684491
100,safe,22:55:38.583919,22:55:38.583919,22:55:38.584240,22:55:38.584240,22:55:38.585291,22:55:38.585291,22:55:38.586669,22:55:38.586669,22:55:38.599421,22:55:38.599437,22:55:38.612773,22:55:38.621432,22:55:39.058191,22:55:39.058222,22:55:39.063964,22:55:39.063984,22:55:39.069000,22:55:38.684535,22:55:38.684714,22:55:38.584799
100,safe,22:55:43.758635,22:55:43.758635,22:55:43.759001,22:55:43.759001,22:55:43.760178,22:55:43.760178,22:55:43.762475,22:55:43.762475,22:55:43.773232,22:55:43.773258,22:55:43.786890,22:55:43.795080,22:55:44.230634,22:55:44.230663,22:55:44.236350,22:55:44.236374,22:55:44.241623,22:55:43.860276,22:55:43.860445,22:55:43.759604
100,leak,22:55:49.013479,22:55:49.013479,22:55:49.013833,22:55:49.013833,22:55:49.015107,22:55:49.015107,22:55:49.017374,22:55:49.017374,22:55:49.027452,22:55:49.027473,22:55:49.040954,22:55:49.048977,22:55:49.483933,22:55:49.483961,22:55:49.489666,22:55:49.489687,22:55:49.494666,22:55:49.124530,22:55:49.124678,22:55:49.014452
100,leak,22:55:52.864164,22:55:52.864164,22:55:52.864479,22:55:52.864479,22:55:52.865634,22:55:52.865634,22:55:52.866991,22:55:52.866991,22:55:52.876147,22:55:52.876167,22:55:52.890436,22:55:52.899717,22:55:53.332878,22:55:53.332909,22:55:53.339047,22:55:53.339069,22:55:53.345320,22:55:52.965241,22:55:52.965417,22:55:52.865078
100,leak,22:55:56.235400,22:55:56.235400,22:55:56.235754,22:55:56.235754,22:55:56.236884,22:55:56.236884,22:55:56.238308,22:55:56.238308,22:55:56.247520,22:55:56.247548,22:55:56.261535,22:55:56.269723,22:55:56.703862,22:55:56.703894,22:55:56.710248,22:55:56.710271,22:55:56.715735,22:55:56.336276,22:55:56.336472,22:55:56.236378
100,leak,22:56:00.108211,22:56:00.108211,22:56:00.108514,22:56:00.108514,22:56:00.109598,22:56:00.109598,22:56:00.111115,22:56:00.111115,22:56:00.120438,22:56:00.120460,22:56:00.135252,22:56:00.143545,22:56:00.577427,22:56:00.577454,22:56:00.583238,22:56:00.583264,22:56:00.589324,22:56:00.208720,22:56:00.208912,22:56:00.109061
100,leak,22:56:04.928239,22:56:04.928239,22:56:04.928675,22:56:04.928675,22:56:04.930099,22:56:04.930099,22:56:04.931487,22:56:04.931487,22:56:04.945459,22:56:04.945514,22:56:04.960190,22:56:04.970781,22:56:05.413686,22:56:05.413717,22:56:05.420138,22:56:05.420161,22:56:05.426098,22:56:05.029406,22:56:05.029610,22:56:04.929530
100,leak,22:56:08.329458,22:56:08.329458,22:56:08.329814,22:56:08.329814,22:56:08.330974,22:56:08.330974,22:56:08.332308,22:56:08.332308,22:56:08.341391,22:56:08.341412,22:56:08.354983,22:56:08.363363,22:56:08.795978,22:56:08.796011,22:56:08.801931,22:56:08.801956,22:56:08.807271,22:56:08.430420,22:56:08.430553,22:56:08.330453
100,leak,22:56:11.516832,22:56:11.516832,22:56:11.517138,22:56:11.517138,22:56:11.518209,22:56:11.518209,22:56:11.519604,22:56:11.519604,22:56:11.529091,22:56:11.529118,22:56:11.542446,22:56:11.550323,22:56:11.981729,22:56:11.981760,22:56:11.987475,22:56:11.987497,22:56:11.992624,22:56:11.617871,22:56:11.618070,22:56:11.517738
100,leak,22:56:15.365550,22:56:15.365550,22:56:15.365899,22:56:15.365899,22:56:15.367113,22:56:15.367113,22:56:15.368509,22:56:15.368509,22:56:15.377998,22:56:15.378026,22:56:15.399904,22:56:15.408933,22:56:15.839626,22:56:15.839653,22:56:15.845570,22:56:15.845591,22:56:15.850731,22:56:15.466347,22:56:15.466537,22:56:15.366540
100,leak,22:56:18.661169,22:56:18.661169,22:56:18.661591,22:56:18.661591,22:56:18.662999,22:56:18.662999,22:56:18.664517,22:56:18.664517,22:56:18.673972,22:56:18.673999,22:56:18.688205,22:56:18.697022,22:56:19.131682,22:56:19.131710,22:56:19.137952,22:56:19.137976,22:56:19.143618,22:56:18.761940,22:56:18.762119,22:56:18.662372
100,leak,22:56:22.430832,22:56:22.430832,22:56:22.431180,22:56:22.431180,22:56:22.432394,22:56:22.432394,22:56:22.433949,22:56:22.433949,22:56:22.443150,22:56:22.443170,22:56:22.457854,22:56:22.466272,22:56:22.900359,22:56:22.900389,22:56:22.906177,22:56:22.906199,22:56:22.911554,22:56:22.531766,22:56:22.531949,22:56:22.431811
100,leak,22:56:25.816874,22:56:25.816874,22:56:25.817227,22:56:25.817227,22:56:25.818478,22:56:25.818478,22:56:25.819962,22:56:25.819962,22:56:25.829170,22:56:25.829190,22:56:25.842667,22:56:25.851755,22:56:26.281979,22:56:26.282008,22:56:26.288068,22:56:26.288089,22:56:26.293222,22:56:25.917719,22:56:25.917899,22:56:25.817913
150,leak,22:56:29.685454,22:56:29.685454,22:56:29.685782,22:56:29.685782,22:56:29.687299,22:56:29.687299,22:56:29.688829,22:56:29.688829,22:56:29.699348,22:56:29.699369,22:56:29.714284,22:56:29.723790,22:56:30.157556,22:56:30.157583,22:56:30.163842,22:56:30.163868,22:56:30.170523,22:56:29.836469,22:56:29.836638,22:56:29.686623
150,safe,22:56:33.536543,22:56:33.536543,22:56:33.536846,22:56:33.536846,22:56:33.538034,22:56:33.538034,22:56:33.539534,22:56:33.539534,22:56:33.549096,22:56:33.549116,22:56:33.563900,22:56:33.571999,22:56:34.007944,22:56:34.007971,22:56:34.014405,22:56:34.014429,22:56:34.020032,22:56:33.687567,22:56:33.687714,22:56:33.537486
150,leak,22:56:38.778967,22:56:38.778967,22:56:38.779320,22:56:38.779320,22:56:38.780562,22:56:38.780562,22:56:38.782885,22:56:38.782885,22:56:38.792130,22:56:38.792151,22:56:38.805581,22:56:38.815023,22:56:39.249145,22:56:39.249184,22:56:39.255408,22:56:39.255436,22:56:39.261675,22:56:38.942694,22:56:38.942843,22:56:38.779955
150,leak,22:56:41.960679,22:56:41.960679,22:56:41.961063,22:56:41.961063,22:56:41.962215,22:56:41.962215,22:56:41.963632,22:56:41.963632,22:56:41.973982,22:56:41.974003,22:56:41.987989,22:56:41.996094,22:56:42.426843,22:56:42.426876,22:56:42.432721,22:56:42.432741,22:56:42.438043,22:56:42.111443,22:56:42.111620,22:56:41.961695
150,leak,22:56:46.775110,22:56:46.775110,22:56:46.775431,22:56:46.775431,22:56:46.776769,22:56:46.776769,22:56:46.778169,22:56:46.778169,22:56:46.787378,22:56:46.787398,22:56:46.800934,22:56:46.809289,22:56:47.246595,22:56:47.246625,22:56:47.252602,22:56:47.252626,22:56:47.257887,22:56:46.926043,22:56:46.926234,22:56:46.776048
150,leak,22:56:50.165233,22:56:50.165233,22:56:50.165585,22:56:50.165585,22:56:50.166787,22:56:50.166787,22:56:50.168097,22:56:50.168097,22:56:50.177245,22:56:50.177263,22:56:50.192095,22:56:50.200207,22:56:50.631044,22:56:50.631075,22:56:50.637088,22:56:50.637112,22:56:50.642463,22:56:50.316200,22:56:50.316361,22:56:50.166267
150,safe,22:56:54.194789,22:56:54.194789,22:56:54.195177,22:56:54.195177,22:56:54.196566,22:56:54.196566,22:56:54.198096,22:56:54.198096,22:56:54.207445,22:56:54.207466,22:56:54.221568,22:56:54.229864,22:56:54.661311,22:56:54.661339,22:56:54.667648,22:56:54.667670,22:56:54.673955,22:56:54.345855,22:56:54.346025,22:56:54.195900
150,leak,22:56:59.646931,22:56:59.646931,22:56:59.647324,22:56:59.647324,22:56:59.648585,22:56:59.648585,22:56:59.650771,22:56:59.650771,22:56:59.660340,22:56:59.660365,22:56:59.675020,22:56:59.683227,22:57:00.119510,22:57:00.119543,22:57:00.125526,22:57:00.125547,22:57:00.130677,22:56:59.817448,22:56:59.817602,22:56:59.648018
150,leak,22:57:03.521629,22:57:03.521629,22:57:03.521936,22:57:03.521936,22:57:03.523035,22:57:03.523035,22:57:03.524398,22:57:03.524398,22:57:03.532729,22:57:03.532750,22:57:03.554900,22:57:03.563752,22:57:03.996973,22:57:03.997001,22:57:04.004681,22:57:04.004705,22:57:04.010083,22:57:03.671729,22:57:03.671889,22:57:03.522489
150,leak,22:57:08.415450,22:57:08.415450,22:57:08.415829,22:57:08.415829,22:57:08.417051,22:57:08.417051,22:57:08.418570,22:57:08.418570,22:57:08.428064,22:57:08.428081,22:57:08.444097,22:57:08.452440,22:57:08.886680,22:57:08.886708,22:57:08.892692,22:57:08.892716,22:57:08.898366,22:57:08.566530,22:57:08.566728,22:57:08.416449
150,safe,22:57:12.229465,22:57:12.229465,22:57:12.229877,22:57:12.229877,22:57:12.231057,22:57:12.231057,22:57:12.232507,22:57:12.232507,22:57:12.245258,22:57:12.245279,22:57:12.260542,22:57:12.268551,22:57:12.702496,22:57:12.702523,22:57:12.709362,22:57:12.709386,22:57:12.715918,22:57:12.380199,22:57:12.380390,22:57:12.230529
150,leak,22:57:17.485368,22:57:17.485368,22:57:17.486046,22:57:17.486046,22:57:17.487772,22:57:17.487772,22:57:17.490468,22:57:17.490468,22:57:17.502155,22:57:17.502191,22:57:17.521052,22:57:17.532851,22:57:17.981336,22:57:17.981363,22:57:17.987513,22:57:17.987545,22:57:17.993009,22:57:17.648463,22:57:17.648631,22:57:17.486937
150,safe,22:57:20.700862,22:57:20.700862,22:57:20.701221,22:57:20.701221,22:57:20.702327,22:57:20.702327,22:57:20.703745,22:57:20.703745,22:57:20.712962,22:57:20.712983,22:57:20.726516,22:57:20.735716,22:57:21.167636,22:57:21.167667,22:57:21.173573,22:57:21.173600,22:57:21.179139,22:57:20.851814,22:57:20.851978,22:57:20.701857
150,safe,22:57:25.916715,22:57:25.916715,22:57:25.917070,22:57:25.917070,22:57:25.918167,22:57:25.918167,22:57:25.920513,22:57:25.920513,22:57:25.930056,22:57:25.930081,22:57:25.944996,22:57:25.953701,22:57:26.387681,22:57:26.387712,22:57:26.393923,22:57:26.393946,22:57:26.399132,22:57:26.068058,22:57:26.068207,22:57:25.917673
150,leak,22:57:31.143507,22:57:31.143507,22:57:31.143856,22:57:31.143856,22:57:31.145010,22:57:31.145010,22:57:31.147238,22:57:31.147238,22:57:31.157051,22:57:31.157072,22:57:31.171213,22:57:31.182161,22:57:31.617677,22:57:31.617705,22:57:31.624000,22:57:31.624025,22:57:31.629232,22:57:31.316158,22:57:31.316333,22:57:31.144453
150,leak,22:57:34.572387,22:57:34.572387,22:57:34.572776,22:57:34.572776,22:57:34.573912,22:57:34.573912,22:57:34.575289,22:57:34.575289,22:57:34.584509,22:57:34.584531,22:57:34.597927,22:57:34.606249,22:57:35.039938,22:57:35.039966,22:57:35.045809,22:57:35.045832,22:57:35.051231,22:57:34.723487,22:57:34.723644,22:57:34.573400
150,leak,22:57:38.368883,22:57:38.368883,22:57:38.369235,22:57:38.369235,22:57:38.370463,22:57:38.370463,22:57:38.372097,22:57:38.372097,22:57:38.381761,22:57:38.381782,22:57:38.395254,22:57:38.404333,22:57:38.838988,22:57:38.839019,22:57:38.844737,22:57:38.844757,22:57:38.849906,22:57:38.519711,22:57:38.519874,22:57:38.369858
150,leak,22:57:42.173852,22:57:42.173852,22:57:42.174158,22:57:42.174158,22:57:42.175214,22:57:42.175214,22:57:42.176681,22:57:42.176681,22:57:42.186884,22:57:42.186908,22:57:42.200579,22:57:42.210140,22:57:42.642402,22:57:42.642433,22:57:42.648489,22:57:42.648515,22:57:42.655198,22:57:42.325169,22:57:42.325348,22:57:42.174682
150,leak,22:57:47.072419,22:57:47.072419,22:57:47.072773,22:57:47.072773,22:57:47.073935,22:57:47.073935,22:57:47.075501,22:57:47.075501,22:57:47.084724,22:57:47.084745,22:57:47.099325,22:57:47.107460,22:57:47.546819,22:57:47.546852,22:57:47.554951,22:57:47.554984,22:57:47.561861,22:57:47.223044,22:57:47.223204,22:57:47.073396
150,leak,22:57:50.963347,22:57:50.963347,22:57:50.963663,22:57:50.963663,22:57:50.964786,22:57:50.964786,22:57:50.966143,22:57:50.966143,22:57:50.975677,22:57:50.975698,22:57:50.989226,22:57:50.997524,22:57:51.427815,22:57:51.427842,22:57:51.433887,22:57:51.433907,22:57:51.439176,22:57:51.114005,22:57:51.114172,22:57:50.964234
150,safe,22:57:53.999255,22:57:53.999255,22:57:53.999607,22:57:53.999607,22:57:54.000658,22:57:54.000658,22:57:54.002094,22:57:54.002094,22:57:54.011397,22:57:54.011421,22:57:54.033863,22:57:54.042845,22:57:54.472297,22:57:54.472324,22:57:54.478515,22:57:54.478536,22:57:54.483798,22:57:54.150200,22:57:54.150363,22:57:54.000181
150,leak,22:57:59.156874,22:57:59.156874,22:57:59.157242,22:57:59.157242,22:57:59.158366,22:57:59.158366,22:57:59.160576,22:57:59.160576,22:57:59.169879,22:57:59.169897,22:57:59.184946,22:57:59.193718,22:57:59.627838,22:57:59.627866,22:57:59.634226,22:57:59.634250,22:57:59.640198,22:57:59.322413,22:57:59.322628,22:57:59.157846
150,leak,22:58:03.970958,22:58:03.970958,22:58:03.971307,22:58:03.971307,22:58:03.972443,22:58:03.972443,22:58:03.974338,22:58:03.974338,22:58:03.983934,22:58:03.983963,22:58:03.998724,22:58:04.008250,22:58:04.446418,22:58:04.446446,22:58:04.452170,22:58:04.452191,22:58:04.457659,22:58:04.121539,22:58:04.121699,22:58:03.971906
150,safe,22:58:07.455226,22:58:07.455226,22:58:07.455617,22:58:07.455617,22:58:07.456729,22:58:07.456729,22:58:07.458029,22:58:07.458029,22:58:07.467207,22:58:07.467228,22:58:07.483274,22:58:07.493820,22:58:07.937819,22:58:07.937847,22:58:07.943969,22:58:07.943992,22:58:07.949467,22:58:07.605970,22:58:07.606132,22:58:07.456208
150,leak,22:58:12.792820,22:58:12.792820,22:58:12.793124,22:58:12.793124,22:58:12.794224,22:58:12.794224,22:58:12.796425,22:58:12.796425,22:58:12.805630,22:58:12.805651,22:58:12.819600,22:58:12.827638,22:58:13.260648,22:58:13.260679,22:58:13.266594,22:58:13.266620,22:58:13.273055,22:58:12.959493,22:58:12.959643,22:58:12.793736
150,safe,22:58:16.514173,22:58:16.514173,22:58:16.514627,22:58:16.514627,22:58:16.515800,22:58:16.515800,22:58:16.517303,22:58:16.517303,22:58:16.526629,22:58:16.526649,22:58:16.542209,22:58:16.552138,22:58:16.984992,22:58:16.985025,22:58:16.991349,22:58:16.991373,22:58:16.997403,22:58:16.664378,22:58:16.664568,22:58:16.515312
150,safe,22:58:21.907622,22:58:21.907622,22:58:21.907914,22:58:21.907914,22:58:21.909012,22:58:21.909012,22:58:21.911356,22:58:21.911356,22:58:21.920471,22:58:21.920487,22:58:21.934965,22:58:21.943413,22:58:22.378223,22:58:22.378253,22:58:22.384254,22:58:22.384279,22:58:22.389935,22:58:22.072472,22:58:22.072625,22:58:21.908484
150,leak,22:58:27.003331,22:58:27.003331,22:58:27.003707,22:58:27.003707,22:58:27.004829,22:58:27.004829,22:58:27.007046,22:58:27.007046,22:58:27.016372,22:58:27.016406,22:58:27.031155,22:58:27.039688,22:58:27.471984,22:58:27.472012,22:58:27.478278,22:58:27.478301,22:58:27.483709,22:58:27.164366,22:58:27.164529,22:58:27.004299
150,leak,22:58:31.821380,22:58:31.821380,22:58:31.821725,22:58:31.821725,22:58:31.823052,22:58:31.823052,22:58:31.824524,22:58:31.824524,22:58:31.834031,22:58:31.834052,22:58:31.847773,22:58:31.856541,22:58:32.289931,22:58:32.289959,22:58:32.295895,22:58:32.295917,22:58:32.302537,22:58:31.972005,22:58:31.972204,22:58:31.822368
150,safe,22:58:35.015713,22:58:35.015713,22:58:35.016073,22:58:35.016073,22:58:35.017302,22:58:35.017302,22:58:35.018694,22:58:35.018694,22:58:35.027917,22:58:35.027945,22:58:35.042660,22:58:35.051947,22:58:35.483719,22:58:35.483747,22:58:35.489854,22:58:35.489878,22:58:35.495123,22:58:35.166769,22:58:35.166912,22:58:35.016736
150,safe,22:58:40.279690,22:58:40.279690,22:58:40.280083,22:58:40.280083,22:58:40.281179,22:58:40.281179,22:58:40.283392,22:58:40.283392,22:58:40.292958,22:58:40.292978,22:58:40.306775,22:58:40.317556,22:58:40.755465,22:58:40.755493,22:58:40.761936,22:58:40.761961,22:58:40.767491,22:58:40.431310,22:58:40.431481,22:58:40.280688
150,leak,22:58:45.595241,22:58:45.595241,22:58:45.595591,22:58:45.595591,22:58:45.596718,22:58:45.596718,22:58:45.599131,22:58:45.599131,22:58:45.609955,22:58:45.609980,22:58:45.624254,22:58:45.632795,22:58:46.067655,22:58:46.067682,22:58:46.073611,22:58:46.073636,22:58:46.078911,22:58:45.765494,22:58:45.765644,22:58:45.596168
150,safe,22:58:49.447505,22:58:49.447505,22:58:49.447913,22:58:49.447913,22:58:49.449026,22:58:49.449026,22:58:49.450470,22:58:49.450470,22:58:49.459796,22:58:49.459818,22:58:49.481619,22:58:49.490142,22:58:49.923894,22:58:49.923928,22:58:49.929834,22:58:49.929855,22:58:49.934907,22:58:49.598450,22:58:49.598612,22:58:49.448496
150,leak,22:58:54.755674,22:58:54.755674,22:58:54.755993,22:58:54.755993,22:58:54.757061,22:58:54.757061,22:58:54.759313,22:58:54.759313,22:58:54.770741,22:58:54.770759,22:58:54.784892,22:58:54.793038,22:58:55.230074,22:58:55.230106,22:58:55.236490,22:58:55.236517,22:58:55.242298,22:58:54.917024,22:58:54.917178,22:58:54.756562
150,leak,22:58:58.279251,22:58:58.279251,22:58:58.279627,22:58:58.279627,22:58:58.280693,22:58:58.280693,22:58:58.282088,22:58:58.282088,22:58:58.291199,22:58:58.291220,22:58:58.306641,22:58:58.315445,22:58:58.754669,22:58:58.754700,22:58:58.760829,22:58:58.760852,22:58:58.766803,22:58:58.430137,22:58:58.430298,22:58:58.280173
150,safe,22:59:01.512155,22:59:01.512155,22:59:01.512519,22:59:01.512519,22:59:01.513795,22:59:01.513795,22:59:01.515276,22:59:01.515276,22:59:01.524580,22:59:01.524600,22:59:01.538152,22:59:01.546500,22:59:01.978114,22:59:01.978145,22:59:01.984271,22:59:01.984295,22:59:01.990803,22:59:01.662760,22:59:01.662978,22:59:01.513109
150,safe,22:59:06.810571,22:59:06.810571,22:59:06.810923,22:59:06.810923,22:59:06.812091,22:59:06.812091,22:59:06.814431,22:59:06.814431,22:59:06.825049,22:59:06.825069,22:59:06.839118,22:59:06.847478,22:59:07.279593,22:59:07.279621,22:59:07.285253,22:59:07.285273,22:59:07.290477,22:59:06.961940,22:59:06.962085,22:59:06.811529
150,leak,22:59:12.125527,22:59:12.125527,22:59:12.125847,22:59:12.125847,22:59:12.127129,22:59:12.127129,22:59:12.129380,22:59:12.129380,22:59:12.138763,22:59:12.138791,22:59:12.152662,22:59:12.160992,22:59:12.596872,22:59:12.596899,22:59:12.602911,22:59:12.602936,22:59:12.608238,22:59:12.296921,22:59:12.297101,22:59:12.126524
150,leak,22:59:15.507239,22:59:15.507239,22:59:15.507624,22:59:15.507624,22:59:15.508819,22:59:15.508819,22:59:15.510308,22:59:15.510308,22:59:15.520683,22:59:15.520700,22:59:15.535058,22:59:15.544554,22:59:15.975840,22:59:15.975868,22:59:15.982400,22:59:15.982426,22:59:15.988624,22:59:15.658119,22:59:15.658296,22:59:15.508280
150,safe,22:59:19.362393,22:59:19.362393,22:59:19.362755,22:59:19.362755,22:59:19.364054,22:59:19.364054,22:59:19.365568,22:59:19.365568,22:59:19.374768,22:59:19.374788,22:59:19.389547,22:59:19.397404,22:59:19.830817,22:59:19.830846,22:59:19.836965,22:59:19.836990,22:59:19.842318,22:59:19.512988,22:59:19.513159,22:59:19.363362
150,safe,22:59:24.793968,22:59:24.793968,22:59:24.794364,22:59:24.794364,22:59:24.795569,22:59:24.795569,22:59:24.798044,22:59:24.798044,22:59:24.807304,22:59:24.807323,22:59:24.822330,22:59:24.831615,22:59:25.266407,22:59:25.266435,22:59:25.272714,22:59:25.272742,22:59:25.279281,22:59:24.954722,22:59:24.954863,22:59:24.794984
150,leak,22:59:30.069512,22:59:30.069512,22:59:30.069868,22:59:30.069868,22:59:30.071108,22:59:30.071108,22:59:30.073468,22:59:30.073468,22:59:30.083823,22:59:30.083843,22:59:30.098214,22:59:30.106593,22:59:30.538505,22:59:30.538532,22:59:30.544665,22:59:30.544695,22:59:30.551115,22:59:30.234144,22:59:30.234292,22:59:30.070573
150,safe,22:59:34.945677,22:59:34.945677,22:59:34.946045,22:59:34.946045,22:59:34.947202,22:59:34.947202,22:59:34.948533,22:59:34.948533,22:59:34.957705,22:59:34.957722,22:59:34.973523,22:59:34.981947,22:59:35.420036,22:59:35.420069,22:59:35.425702,22:59:35.425721,22:59:35.431918,22:59:35.096469,22:59:35.096636,22:59:34.946649
150,leak,22:59:40.274357,22:59:40.274357,22:59:40.274677,22:59:40.274677,22:59:40.275837,22:59:40.275837,22:59:40.278224,22:59:40.278224,22:59:40.287596,22:59:40.287617,22:59:40.301306,22:59:40.310115,22:59:40.756453,22:59:40.756492,22:59:40.763469,22:59:40.763497,22:59:40.770018,22:59:40.445594,22:59:40.445752,22:59:40.275268
150,leak,22:59:44.017196,22:59:44.017196,22:59:44.017547,22:59:44.017547,22:59:44.018675,22:59:44.018675,22:59:44.020462,22:59:44.020462,22:59:44.029829,22:59:44.029851,22:59:44.055824,22:59:44.064471,22:59:44.496285,22:59:44.496316,22:59:44.502375,22:59:44.502401,22:59:44.509200,22:59:44.167961,22:59:44.168122,22:59:44.018143
150,leak,22:59:47.910129,22:59:47.910129,22:59:47.910481,22:59:47.910481,22:59:47.911692,22:59:47.911692,22:59:47.913108,22:59:47.913108,22:59:47.922208,22:59:47.922229,22:59:47.937765,22:59:47.946299,22:59:48.374684,22:59:48.374715,22:59:48.380953,22:59:48.380980,22:59:48.386221,22:59:48.061456,22:59:48.061609,22:59:47.911119
150,safe,22:59:51.273023,22:59:51.273023,22:59:51.273349,22:59:51.273349,22:59:51.274325,22:59:51.274325,22:59:51.275672,22:59:51.275672,22:59:51.285452,22:59:51.285473,22:59:51.298982,22:59:51.306997,22:59:51.737087,22:59:51.737117,22:59:51.743545,22:59:51.743570,22:59:51.749652,22:59:51.423885,22:59:51.424066,22:59:51.273881
150,leak,22:59:56.358743,22:59:56.358743,22:59:56.359049,22:59:56.359049,22:59:56.360099,22:59:56.360099,22:59:56.362373,22:59:56.362373,22:59:56.371590,22:59:56.371610,22:59:56.385272,22:59:56.393216,22:59:56.825154,22:59:56.825183,22:59:56.831789,22:59:56.831815,22:59:56.838001,22:59:56.509957,22:59:56.510128,22:59:56.359595
150,leak,22:59:59.702586,22:59:59.702586,22:59:59.702986,22:59:59.702986,22:59:59.704130,22:59:59.704130,22:59:59.705641,22:59:59.705641,22:59:59.715207,22:59:59.715229,22:59:59.730127,22:59:59.739235,23:00:00.176406,23:00:00.176436,23:00:00.182478,23:00:00.182503,23:00:00.187976,22:59:59.853626,22:59:59.853808,22:59:59.703594
150,leak,23:00:02.909568,23:00:02.909568,23:00:02.909874,23:00:02.909874,23:00:02.910950,23:00:02.910950,23:00:02.912324,23:00:02.912324,23:00:02.921546,23:00:02.921567,23:00:02.935105,23:00:02.943021,23:00:03.373581,23:00:03.373610,23:00:03.379235,23:00:03.379257,23:00:03.384348,23:00:03.060551,23:00:03.060709,23:00:02.910420
150,safe,23:00:06.238376,23:00:06.238376,23:00:06.238732,23:00:06.238732,23:00:06.239921,23:00:06.239921,23:00:06.241298,23:00:06.241298,23:00:06.250905,23:00:06.250927,23:00:06.265543,23:00:06.273757,23:00:06.707497,23:00:06.707528,23:00:06.713621,23:00:06.713646,23:00:06.720005,23:00:06.388804,23:00:06.388964,23:00:06.239361
150,safe,23:00:11.369895,23:00:11.369895,23:00:11.370248,23:00:11.370248,23:00:11.371349,23:00:11.371349,23:00:11.373499,23:00:11.373499,23:00:11.382677,23:00:11.382697,23:00:11.396230,23:00:11.404198,23:00:11.838342,23:00:11.838369,23:00:11.844451,23:00:11.844472,23:00:11.851102,23:00:11.521299,23:00:11.521452,23:00:11.370872
150,leak,23:00:16.450303,23:00:16.450303,23:00:16.450621,23:00:16.450621,23:00:16.451906,23:00:16.451906,23:00:16.454288,23:00:16.454288,23:00:16.463908,23:00:16.463929,23:00:16.478103,23:00:16.486874,23:00:16.921171,23:00:16.921199,23:00:16.927589,23:00:16.927613,23:00:16.932902,23:00:16.619028,23:00:16.619216,23:00:16.451209
150,leak,23:00:20.230600,23:00:20.230600,23:00:20.230945,23:00:20.230945,23:00:20.232089,23:00:20.232089,23:00:20.233547,23:00:20.233547,23:00:20.242767,23:00:20.242784,23:00:20.258006,23:00:20.266905,23:00:20.702506,23:00:20.702534,23:00:20.708469,23:00:20.708496,23:00:20.713624,23:00:20.381408,23:00:20.381574,23:00:20.231563
150,leak,23:00:23.714008,23:00:23.714008,23:00:23.714360,23:00:23.714360,23:00:23.715611,23:00:23.715611,23:00:23.717121,23:00:23.717121,23:00:23.726282,23:00:23.726310,23:00:23.740182,23:00:23.748289,23:00:24.180440,23:00:24.180472,23:00:24.186480,23:00:24.186518,23:00:24.192004,23:00:23.864820,23:00:23.865014,23:00:23.714954
150,leak,23:00:26.921968,23:00:26.921968,23:00:26.922321,23:00:26.922321,23:00:26.923457,23:00:26.923457,23:00:26.924964,23:00:26.924964,23:00:26.935551,23:00:26.935572,23:00:26.949544,23:00:26.957515,23:00:27.389610,23:00:27.389638,23:00:27.396490,23:00:27.396514,23:00:27.402203,23:00:27.072800,23:00:27.072972,23:00:26.922961
150,leak,23:00:30.634581,23:00:30.634581,23:00:30.634911,23:00:30.634911,23:00:30.636125,23:00:30.636125,23:00:30.637512,23:00:30.637512,23:00:30.649108,23:00:30.649129,23:00:30.673383,23:00:30.683713,23:00:31.115110,23:00:31.115138,23:00:31.121792,23:00:31.121817,23:00:31.127760,23:00:30.785617,23:00:30.785797,23:00:30.635574
150,safe,23:00:34.440295,23:00:34.440295,23:00:34.440634,23:00:34.440634,23:00:34.441807,23:00:34.441807,23:00:34.443246,23:00:34.443246,23:00:34.453305,23:00:34.453323,23:00:34.468883,23:00:34.478467,23:00:34.910972,23:00:34.911000,23:00:34.916802,23:00:34.916825,23:00:34.922727,23:00:34.591022,23:00:34.591182,23:00:34.441260
150,safe,23:00:39.728415,23:00:39.728415,23:00:39.728758,23:00:39.728758,23:00:39.729912,23:00:39.729912,23:00:39.732120,23:00:39.732120,23:00:39.741802,23:00:39.741823,23:00:39.755606,23:00:39.763590,23:00:40.200996,23:00:40.201024,23:00:40.207212,23:00:40.207239,23:00:40.212553,23:00:39.899127,23:00:39.899326,23:00:39.729421
150,leak,23:00:44.873004,23:00:44.873004,23:00:44.873305,23:00:44.873305,23:00:44.874361,23:00:44.874361,23:00:44.876631,23:00:44.876631,23:00:44.885888,23:00:44.885909,23:00:44.899967,23:00:44.908266,23:00:45.344624,23:00:45.344657,23:00:45.350382,23:00:45.350405,23:00:45.355772,23:00:45.039241,23:00:45.039394,23:00:44.873879
150,safe,23:00:48.259172,23:00:48.259172,23:00:48.259638,23:00:48.259638,23:00:48.261221,23:00:48.261221,23:00:48.263065,23:00:48.263065,23:00:48.273264,23:00:48.273285,23:00:48.287190,23:00:48.296336,23:00:48.735797,23:00:48.735828,23:00:48.741626,23:00:48.741648,23:00:48.746703,23:00:48.410113,23:00:48.410276,23:00:48.260455
150,leak,23:00:53.561710,23:00:53.561710,23:00:53.562048,23:00:53.562048,23:00:53.563078,23:00:53.563078,23:00:53.565385,23:00:53.565385,23:00:53.575392,23:00:53.575413,23:00:53.589692,23:00:53.600159,23:00:54.038107,23:00:54.038135,23:00:54.043971,23:00:54.043995,23:00:54.049942,23:00:53.726107,23:00:53.726256,23:00:53.562615
150,leak,23:00:58.421202,23:00:58.421202,23:00:58.421497,23:00:58.421497,23:00:58.422574,23:00:58.422574,23:00:58.423999,23:00:58.423999,23:00:58.433304,23:00:58.433324,23:00:58.447674,23:00:58.456298,23:00:58.900146,23:00:58.900174,23:00:58.906020,23:00:58.906042,23:00:58.911351,23:00:58.571832,23:00:58.571999,23:00:58.422018
150,leak,23:01:02.135093,23:01:02.135093,23:01:02.135397,23:01:02.135397,23:01:02.136521,23:01:02.136521,23:01:02.137897,23:01:02.137897,23:01:02.147013,23:01:02.147033,23:01:02.160656,23:01:02.168807,23:01:02.601891,23:01:02.601920,23:01:02.607954,23:01:02.607976,23:01:02.613177,23:01:02.286118,23:01:02.286277,23:01:02.135962
150,leak,23:01:05.615686,23:01:05.615686,23:01:05.615990,23:01:05.615990,23:01:05.617276,23:01:05.617276,23:01:05.618816,23:01:05.618816,23:01:05.629398,23:01:05.629430,23:01:05.643973,23:01:05.652796,23:01:06.082792,23:01:06.082822,23:01:06.089107,23:01:06.089132,23:01:06.095378,23:01:05.766562,23:01:05.766726,23:01:05.616570
150,leak,23:01:10.429495,23:01:10.429495,23:01:10.429950,23:01:10.429950,23:01:10.431371,23:01:10.431371,23:01:10.432828,23:01:10.432828,23:01:10.444987,23:01:10.445038,23:01:10.460033,23:01:10.469354,23:01:10.914367,23:01:10.914399,23:01:10.920500,23:01:10.920522,23:01:10.925822,23:01:10.580419,23:01:10.580585,23:01:10.430795
150,leak,23:01:15.301650,23:01:15.301650,23:01:15.302016,23:01:15.302016,23:01:15.303301,23:01:15.303301,23:01:15.304789,23:01:15.304789,23:01:15.314924,23:01:15.314941,23:01:15.329109,23:01:15.337376,23:01:15.795769,23:01:15.795819,23:01:15.803373,23:01:15.803400,23:01:15.809875,23:01:15.453437,23:01:15.453669,23:01:15.302630
150,leak,23:01:20.219059,23:01:20.219059,23:01:20.219409,23:01:20.219409,23:01:20.220540,23:01:20.220540,23:01:20.222199,23:01:20.222199,23:01:20.232672,23:01:20.232693,23:01:20.246812,23:01:20.255475,23:01:20.690998,23:01:20.691028,23:01:20.697000,23:01:20.697026,23:01:20.703647,23:01:20.369820,23:01:20.369989,23:01:20.220010
150,safe,23:01:25.099766,23:01:25.099766,23:01:25.100122,23:01:25.100122,23:01:25.101303,23:01:25.101303,23:01:25.102865,23:01:25.102865,23:01:25.113132,23:01:25.113154,23:01:25.135531,23:01:25.144178,23:01:25.579300,23:01:25.579329,23:01:25.585047,23:01:25.585069,23:01:25.590145,23:01:25.250769,23:01:25.250935,23:01:25.100740
150,leak,23:01:30.363139,23:01:30.363139,23:01:30.363496,23:01:30.363496,23:01:30.364625,23:01:30.364625,23:01:30.366955,23:01:30.366955,23:01:30.376218,23:01:30.376246,23:01:30.390258,23:01:30.398754,23:01:30.837670,23:01:30.837704,23:01:30.843634,23:01:30.843657,23:01:30.849200,23:01:30.527726,23:01:30.527877,23:01:30.364104
150,leak,23:01:34.144995,23:01:34.144995,23:01:34.145348,23:01:34.145348,23:01:34.146478,23:01:34.146478,23:01:34.147864,23:01:34.147864,23:01:34.157425,23:01:34.157446,23:01:34.172086,23:01:34.180039,23:01:34.610989,23:01:34.611020,23:01:34.616872,23:01:34.616899,23:01:34.622548,23:01:34.296021,23:01:34.296206,23:01:34.145949
150,leak,23:01:37.471585,23:01:37.471585,23:01:37.471973,23:01:37.471973,23:01:37.473094,23:01:37.473094,23:01:37.474598,23:01:37.474598,23:01:37.484542,23:01:37.484563,23:01:37.499871,23:01:37.508038,23:01:37.946609,23:01:37.946640,23:01:37.953935,23:01:37.953962,23:01:37.960734,23:01:37.622443,23:01:37.622607,23:01:37.472560
150,leak,23:01:41.219549,23:01:41.219549,23:01:41.219928,23:01:41.219928,23:01:41.221075,23:01:41.221075,23:01:41.222418,23:01:41.222418,23:01:41.231626,23:01:41.231647,23:01:41.246037,23:01:41.254120,23:01:41.682353,23:01:41.682382,23:01:41.688197,23:01:41.688223,23:01:41.693445,23:01:41.370209,23:01:41.370373,23:01:41.220537
150,leak,23:01:44.399314,23:01:44.399314,23:01:44.399675,23:01:44.399675,23:01:44.400836,23:01:44.400836,23:01:44.402289,23:01:44.402289,23:01:44.411562,23:01:44.411582,23:01:44.424787,23:01:44.433120,23:01:44.863387,23:01:44.863420,23:01:44.869681,23:01:44.869704,23:01:44.875351,23:01:44.549989,23:01:44.550145,23:01:44.400301
150,safe,23:01:49.211651,23:01:49.211651,23:01:49.211972,23:01:49.211972,23:01:49.212953,23:01:49.212953,23:01:49.214266,23:01:49.214266,23:01:49.223426,23:01:49.223454,23:01:49.238159,23:01:49.246363,23:01:49.686430,23:01:49.686461,23:01:49.693039,23:01:49.693064,23:01:49.698897,23:01:49.362711,23:01:49.362917,23:01:49.212503
150,leak,23:01:54.539145,23:01:54.539145,23:01:54.539498,23:01:54.539498,23:01:54.540678,23:01:54.540678,23:01:54.542910,23:01:54.542910,23:01:54.552825,23:01:54.552844,23:01:54.567035,23:01:54.575125,23:01:55.012046,23:01:55.012073,23:01:55.018496,23:01:55.018521,23:01:55.023745,23:01:54.702804,23:01:54.702958,23:01:54.540144
150,leak,23:01:59.431041,23:01:59.431041,23:01:59.431388,23:01:59.431388,23:01:59.432534,23:01:59.432534,23:01:59.433990,23:01:59.433990,23:01:59.443284,23:01:59.443304,23:01:59.458614,23:01:59.466906,23:01:59.902851,23:01:59.902880,23:01:59.909873,23:01:59.909897,23:01:59.915653,23:01:59.582130,23:01:59.582304,23:01:59.431997
150,leak,23:02:03.212043,23:02:03.212043,23:02:03.212376,23:02:03.212376,23:02:03.213542,23:02:03.213542,23:02:03.215043,23:02:03.215043,23:02:03.224400,23:02:03.224428,23:02:03.239614,23:02:03.248245,23:02:03.677040,23:02:03.677070,23:02:03.682988,23:02:03.683009,23:02:03.688105,23:02:03.362704,23:02:03.362865,23:02:03.212992
150,leak,23:02:07.249580,23:02:07.249580,23:02:07.249944,23:02:07.249944,23:02:07.251209,23:02:07.251209,23:02:07.252640,23:02:07.252640,23:02:07.261864,23:02:07.261884,23:02:07.275088,23:02:07.283402,23:02:07.717271,23:02:07.717300,23:02:07.724897,23:02:07.724929,23:02:07.733139,23:02:07.400321,23:02:07.400510,23:02:07.250651
150,leak,23:02:12.076944,23:02:12.076944,23:02:12.077346,23:02:12.077346,23:02:12.078539,23:02:12.078539,23:02:12.079917,23:02:12.079917,23:02:12.091425,23:02:12.091446,23:02:12.105153,23:02:12.113419,23:02:12.549418,23:02:12.549450,23:02:12.555486,23:02:12.555508,23:02:12.560566,23:02:12.227800,23:02:12.227962,23:02:12.077961
150,leak,23:02:15.949131,23:02:15.949131,23:02:15.949515,23:02:15.949515,23:02:15.950533,23:02:15.950533,23:02:15.951957,23:02:15.951957,23:02:15.962149,23:02:15.962169,23:02:15.987826,23:02:15.996462,23:02:16.429801,23:02:16.429833,23:02:16.436070,23:02:16.436093,23:02:16.441989,23:02:16.100490,23:02:16.100680,23:02:15.950050
150,safe,23:02:19.721080,23:02:19.721080,23:02:19.721437,23:02:19.721437,23:02:19.722532,23:02:19.722532,23:02:19.723901,23:02:19.723901,23:02:19.733054,23:02:19.733073,23:02:19.748952,23:02:19.757228,23:02:20.191067,23:02:20.191097,23:02:20.196788,23:02:20.196814,23:02:20.201930,23:02:19.872142,23:02:19.872325,23:02:19.722048
150,leak,23:02:25.036721,23:02:25.036721,23:02:25.037083,23:02:25.037083,23:02:25.038305,23:02:25.038305,23:02:25.040575,23:02:25.040575,23:02:25.059184,23:02:25.059206,23:02:25.073899,23:02:25.083788,23:02:25.528309,23:02:25.528341,23:02:25.534128,23:02:25.534148,23:02:25.539239,23:02:25.201438,23:02:25.201605,23:02:25.037743
150,leak,23:02:29.919926,23:02:29.919926,23:02:29.920325,23:02:29.920325,23:02:29.921801,23:02:29.921801,23:02:29.923226,23:02:29.923226,23:02:29.932476,23:02:29.932497,23:02:29.948084,23:02:29.957842,23:02:30.396850,23:02:30.396878,23:02:30.402734,23:02:30.402756,23:02:30.408378,23:02:30.070596,23:02:30.070771,23:02:29.921207
150,safe,23:02:33.754840,23:02:33.754840,23:02:33.755196,23:02:33.755196,23:02:33.756263,23:02:33.756263,23:02:33.757615,23:02:33.757615,23:02:33.767370,23:02:33.767391,23:02:33.780500,23:02:33.789171,23:02:34.224244,23:02:34.224272,23:02:34.230099,23:02:34.230118,23:02:34.235057,23:02:33.905876,23:02:33.906039,23:02:33.755767
150,leak,23:02:39.138199,23:02:39.138199,23:02:39.138551,23:02:39.138551,23:02:39.139669,23:02:39.139669,23:02:39.141897,23:02:39.141897,23:02:39.151468,23:02:39.151486,23:02:39.166941,23:02:39.176742,23:02:39.611324,23:02:39.611355,23:02:39.617485,23:02:39.617513,23:02:39.623010,23:02:39.289721,23:02:39.289875,23:02:39.139152
150,leak,23:02:42.550080,23:02:42.550080,23:02:42.550432,23:02:42.550432,23:02:42.551511,23:02:42.551511,23:02:42.552873,23:02:42.552873,23:02:42.562224,23:02:42.562245,23:02:42.576032,23:02:42.584341,23:02:43.015817,23:02:43.015848,23:02:43.021714,23:02:43.021737,23:02:43.026961,23:02:42.701295,23:02:42.701458,23:02:42.551025
150,leak,23:02:46.140999,23:02:46.140999,23:02:46.141338,23:02:46.141338,23:02:46.142388,23:02:46.142388,23:02:46.143768,23:02:46.143768,23:02:46.153767,23:02:46.153789,23:02:46.169182,23:02:46.179098,23:02:46.611874,23:02:46.611905,23:02:46.617888,23:02:46.617910,23:02:46.624336,23:02:46.292535,23:02:46.292718,23:02:46.141914
150,safe,23:02:51.031742,23:02:51.031742,23:02:51.032094,23:02:51.032094,23:02:51.033239,23:02:51.033239,23:02:51.034646,23:02:51.034646,23:02:51.044911,23:02:51.044939,23:02:51.058334,23:02:51.066388,23:02:51.502324,23:02:51.502352,23:02:51.508168,23:02:51.508190,23:02:51.513743,23:02:51.182728,23:02:51.182905,23:02:51.032721
150,safe,23:02:56.524149,23:02:56.524149,23:02:56.524492,23:02:56.524492,23:02:56.525583,23:02:56.525583,23:02:56.527864,23:02:56.527864,23:02:56.537993,23:02:56.538014,23:02:56.551469,23:02:56.559816,23:02:56.994193,23:02:56.994223,23:02:57.000246,23:02:57.000268,23:02:57.005590,23:02:56.699793,23:02:56.699943,23:02:56.525075
150,safe,23:03:01.842814,23:03:01.842814,23:03:01.843121,23:03:01.843121,23:03:01.844221,23:03:01.844221,23:03:01.846570,23:03:01.846570,23:03:01.855927,23:03:01.855947,23:03:01.869637,23:03:01.878147,23:03:02.313250,23:03:02.313279,23:03:02.319425,23:03:02.319451,23:03:02.326081,23:03:02.014127,23:03:02.014317,23:03:01.843680
150,safe,23:03:07.216826,23:03:07.216826,23:03:07.217172,23:03:07.217172,23:03:07.218254,23:03:07.218254,23:03:07.220466,23:03:07.220466,23:03:07.229667,23:03:07.229685,23:03:07.244012,23:03:07.252474,23:03:07.688695,23:03:07.688722,23:03:07.694475,23:03:07.694495,23:03:07.699750,23:03:07.368589,23:03:07.368747,23:03:07.217747
150,safe,23:03:12.328866,23:03:12.328866,23:03:12.329172,23:03:12.329172,23:03:12.330177,23:03:12.330177,23:03:12.332429,23:03:12.332429,23:03:12.341689,23:03:12.341710,23:03:12.363790,23:03:12.372203,23:03:12.810696,23:03:12.810727,23:03:12.816744,23:03:12.816769,23:03:12.822278,23:03:12.480362,23:03:12.480513,23:03:12.329724
150,leak,23:03:17.446379,23:03:17.446379,23:03:17.446726,23:03:17.446726,23:03:17.447863,23:03:17.447863,23:03:17.450172,23:03:17.450172,23:03:17.459432,23:03:17.459452,23:03:17.474031,23:03:17.482237,23:03:17.924214,23:03:17.924249,23:03:17.934291,23:03:17.934320,23:03:17.942844,23:03:17.597878,23:03:17.598037,23:03:17.447328
150,leak,23:03:20.833887,23:03:20.833887,23:03:20.834295,23:03:20.834295,23:03:20.835416,23:03:20.835416,23:03:20.836901,23:03:20.836901,23:03:20.846257,23:03:20.846289,23:03:20.862672,23:03:20.871356,23:03:21.308242,23:03:21.308273,23:03:21.314431,23:03:21.314458,23:03:21.320118,23:03:20.984700,23:03:20.984872,23:03:20.834901
150,leak,23:03:24.582795,23:03:24.582795,23:03:24.583210,23:03:24.583210,23:03:24.584358,23:03:24.584358,23:03:24.585817,23:03:24.585817,23:03:24.595764,23:03:24.595793,23:03:24.609449,23:03:24.617759,23:03:25.049568,23:03:25.049597,23:03:25.056624,23:03:25.056651,23:03:25.062331,23:03:24.733712,23:03:24.733869,23:03:24.583798
150,safe,23:03:27.956840,23:03:27.956840,23:03:27.957195,23:03:27.957195,23:03:27.959368,23:03:27.959368,23:03:27.961714,23:03:27.961714,23:03:27.971641,23:03:27.971665,23:03:27.987776,23:03:27.999181,23:03:28.434112,23:03:28.434142,23:03:28.440066,23:03:28.440087,23:03:28.445492,23:03:28.107377,23:03:28.107535,23:03:27.958057
150,safe,23:03:33.287498,23:03:33.287498,23:03:33.287874,23:03:33.287874,23:03:33.289038,23:03:33.289038,23:03:33.291278,23:03:33.291278,23:03:33.300509,23:03:33.300526,23:03:33.315057,23:03:33.323309,23:03:33.757350,23:03:33.757381,23:03:33.763216,23:03:33.763241,23:03:33.768795,23:03:33.460245,23:03:33.460388,23:03:33.288484
150,leak,23:03:38.563569,23:03:38.563569,23:03:38.563966,23:03:38.563966,23:03:38.565058,23:03:38.565058,23:03:38.567338,23:03:38.567338,23:03:38.576645,23:03:38.576673,23:03:38.591343,23:03:38.601689,23:03:39.045089,23:03:39.045120,23:03:39.052117,23:03:39.052145,23:03:39.058228,23:03:38.733241,23:03:38.733403,23:03:38.564552
150,safe,23:03:42.324164,23:03:42.324164,23:03:42.324529,23:03:42.324529,23:03:42.325793,23:03:42.325793,23:03:42.327210,23:03:42.327210,23:03:42.336868,23:03:42.336889,23:03:42.350467,23:03:42.359250,23:03:42.791025,23:03:42.791053,23:03:42.796984,23:03:42.797008,23:03:42.802842,23:03:42.474872,23:03:42.475034,23:03:42.325213
200,safe,23:03:47.421710,23:03:47.421710,23:03:47.422007,23:03:47.422007,23:03:47.423092,23:03:47.423092,23:03:47.425239,23:03:47.425239,23:03:47.434468,23:03:47.434495,23:03:47.449253,23:03:47.458791,23:03:47.896183,23:03:47.896225,23:03:47.905640,23:03:47.905674,23:03:47.914046,23:03:47.622981,23:03:47.623126,23:03:47.422568
200,safe,23:03:52.669048,23:03:52.669048,23:03:52.669392,23:03:52.669392,23:03:52.670520,23:03:52.670520,23:03:52.672794,23:03:52.672794,23:03:52.682012,23:03:52.682032,23:03:52.695421,23:03:52.703830,23:03:53.140704,23:03:53.140735,23:03:53.146689,23:03:53.146713,23:03:53.152820,23:03:52.880047,23:03:52.880203,23:03:52.669968
200,leak,23:03:57.987378,23:03:57.987378,23:03:57.987981,23:03:57.987981,23:03:57.989636,23:03:57.989636,23:03:57.993295,23:03:57.993295,23:03:58.006877,23:03:58.006915,23:03:58.024055,23:03:58.034664,23:03:58.479445,23:03:58.479474,23:03:58.485657,23:03:58.485679,23:03:58.490925,23:03:58.199335,23:03:58.199504,23:03:57.988851
200,leak,23:04:02.904743,23:04:02.904743,23:04:02.905049,23:04:02.905049,23:04:02.906255,23:04:02.906255,23:04:02.907679,23:04:02.907679,23:04:02.916780,23:04:02.916800,23:04:02.931374,23:04:02.940033,23:04:03.379079,23:04:03.379108,23:04:03.384886,23:04:03.384909,23:04:03.390696,23:04:03.105575,23:04:03.105713,23:04:02.905653
200,leak,23:04:06.734981,23:04:06.734981,23:04:06.735377,23:04:06.735377,23:04:06.736482,23:04:06.736482,23:04:06.738016,23:04:06.738016,23:04:06.747261,23:04:06.747280,23:04:06.770895,23:04:06.779277,23:04:07.213012,23:04:07.213045,23:04:07.218949,23:04:07.218971,23:04:07.224464,23:04:06.935792,23:04:06.935949,23:04:06.735997
200,leak,23:04:11.564714,23:04:11.564714,23:04:11.565111,23:04:11.565111,23:04:11.566383,23:04:11.566383,23:04:11.567916,23:04:11.567916,23:04:11.578331,23:04:11.578352,23:04:11.592486,23:04:11.600875,23:04:12.037380,23:04:12.037410,23:04:12.043586,23:04:12.043610,23:04:12.049173,23:04:11.765522,23:04:11.765695,23:04:11.565801
200,leak,23:04:16.391737,23:04:16.391737,23:04:16.392084,23:04:16.392084,23:04:16.393216,23:04:16.393216,23:04:16.394696,23:04:16.394696,23:04:16.403972,23:04:16.403991,23:04:16.419693,23:04:16.429417,23:04:16.865366,23:04:16.865393,23:04:16.871047,23:04:16.871069,23:04:16.876230,23:04:16.592650,23:04:16.592807,23:04:16.392658
200,safe,23:04:21.220598,23:04:21.220598,23:04:21.220971,23:04:21.220971,23:04:21.222155,23:04:21.222155,23:04:21.223566,23:04:21.223566,23:04:21.232784,23:04:21.232805,23:04:21.247104,23:04:21.255197,23:04:21.692234,23:04:21.692262,23:04:21.698063,23:04:21.698084,23:04:21.703171,23:04:21.422315,23:04:21.422502,23:04:21.221623
200,leak,23:04:26.642322,23:04:26.642322,23:04:26.642621,23:04:26.642621,23:04:26.643631,23:04:26.643631,23:04:26.646258,23:04:26.646258,23:04:26.655392,23:04:26.655413,23:04:26.668659,23:04:26.676822,23:04:27.114096,23:04:27.114123,23:04:27.120110,23:04:27.120134,23:04:27.126832,23:04:26.853662,23:04:26.853811,23:04:26.643173
200,safe,23:04:30.502847,23:04:30.502847,23:04:30.503208,23:04:30.503208,23:04:30.504393,23:04:30.504393,23:04:30.505790,23:04:30.505790,23:04:30.515724,23:04:30.515751,23:04:30.529905,23:04:30.538239,23:04:30.974860,23:04:30.974888,23:04:30.980784,23:04:30.980807,23:04:30.986239,23:04:30.703777,23:04:30.703939,23:04:30.503852
200,safe,23:04:35.843437,23:04:35.843437,23:04:35.843807,23:04:35.843807,23:04:35.845023,23:04:35.845023,23:04:35.847246,23:04:35.847246,23:04:35.856440,23:04:35.856460,23:04:35.869694,23:04:35.878267,23:04:36.314810,23:04:36.314839,23:04:36.321054,23:04:36.321079,23:04:36.326741,23:04:36.055941,23:04:36.056088,23:04:35.844428
200,leak,23:04:41.110231,23:04:41.110231,23:04:41.110557,23:04:41.110557,23:04:41.111844,23:04:41.111844,23:04:41.114253,23:04:41.114253,23:04:41.123471,23:04:41.123488,23:04:41.138093,23:04:41.146102,23:04:41.581702,23:04:41.581734,23:04:41.587843,23:04:41.587866,23:04:41.593188,23:04:41.328504,23:04:41.328672,23:04:41.111178
200,safe,23:04:44.646409,23:04:44.646409,23:04:44.646757,23:04:44.646757,23:04:44.647944,23:04:44.647944,23:04:44.649423,23:04:44.649423,23:04:44.658620,23:04:44.658641,23:04:44.672730,23:04:44.680884,23:04:45.116194,23:04:45.116222,23:04:45.121972,23:04:45.121994,23:04:45.127130,23:04:44.847029,23:04:44.847186,23:04:44.647365
200,leak,23:04:49.937696,23:04:49.937696,23:04:49.938043,23:04:49.938043,23:04:49.939216,23:04:49.939216,23:04:49.941501,23:04:49.941501,23:04:49.950708,23:04:49.950729,23:04:49.964198,23:04:49.972331,23:04:50.409215,23:04:50.409242,23:04:50.414980,23:04:50.415001,23:04:50.420305,23:04:50.139104,23:04:50.139279,23:04:49.938646
200,safe,23:04:53.143255,23:04:53.143255,23:04:53.143598,23:04:53.143598,23:04:53.144909,23:04:53.144909,23:04:53.146328,23:04:53.146328,23:04:53.156391,23:04:53.156419,23:04:53.172070,23:04:53.182717,23:04:53.613533,23:04:53.613560,23:04:53.619433,23:04:53.619457,23:04:53.625663,23:04:53.344345,23:04:53.344505,23:04:53.144271
200,leak,23:04:58.498989,23:04:58.498989,23:04:58.499370,23:04:58.499370,23:04:58.500555,23:04:58.500555,23:04:58.502856,23:04:58.502856,23:04:58.512169,23:04:58.512191,23:04:58.526118,23:04:58.534419,23:04:58.979344,23:04:58.979374,23:04:58.985234,23:04:58.985260,23:04:58.990774,23:04:58.715483,23:04:58.715645,23:04:58.499986
200,leak,23:05:02.353597,23:05:02.353597,23:05:02.354010,23:05:02.354010,23:05:02.355231,23:05:02.355231,23:05:02.356784,23:05:02.356784,23:05:02.367548,23:05:02.367582,23:05:02.391245,23:05:02.399761,23:05:02.834446,23:05:02.834474,23:05:02.840670,23:05:02.840695,23:05:02.846721,23:05:02.554620,23:05:02.554806,23:05:02.354659
200,safe,23:05:06.273993,23:05:06.273993,23:05:06.274349,23:05:06.274349,23:05:06.275596,23:05:06.275596,23:05:06.277004,23:05:06.277004,23:05:06.286769,23:05:06.286797,23:05:06.301257,23:05:06.310473,23:05:06.743817,23:05:06.743849,23:05:06.749715,23:05:06.749736,23:05:06.754889,23:05:06.474769,23:05:06.474953,23:05:06.275042
200,leak,23:05:11.411119,23:05:11.411119,23:05:11.411471,23:05:11.411471,23:05:11.412579,23:05:11.412579,23:05:11.414944,23:05:11.414944,23:05:11.424223,23:05:11.424244,23:05:11.439046,23:05:11.447758,23:05:11.884377,23:05:11.884408,23:05:11.890434,23:05:11.890456,23:05:11.895981,23:05:11.625508,23:05:11.625707,23:05:11.412053
200,leak,23:05:16.224810,23:05:16.224810,23:05:16.225134,23:05:16.225134,23:05:16.226236,23:05:16.226236,23:05:16.227759,23:05:16.227759,23:05:16.237008,23:05:16.237036,23:05:16.251208,23:05:16.259217,23:05:16.693442,23:05:16.693469,23:05:16.699841,23:05:16.699869,23:05:16.706450,23:05:16.425702,23:05:16.425862,23:05:16.225683
200,safe,23:05:19.982800,23:05:19.982800,23:05:19.983154,23:05:19.983154,23:05:19.984282,23:05:19.984282,23:05:19.985725,23:05:19.985725,23:05:19.996108,23:05:19.996129,23:05:20.035396,23:05:20.044419,23:05:20.490839,23:05:20.490873,23:05:20.496513,23:05:20.496534,23:05:20.501618,23:05:20.183713,23:05:20.183883,23:05:19.983749
200,leak,23:05:25.255273,23:05:25.255273,23:05:25.255632,23:05:25.255632,23:05:25.256793,23:05:25.256793,23:05:25.259041,23:05:25.259041,23:05:25.268257,23:05:25.268277,23:05:25.279260,23:05:25.289390,23:05:25.724314,23:05:25.724342,23:05:25.730956,23:05:25.730982,23:05:25.736553,23:05:25.476311,23:05:25.476459,23:05:25.256237
200,leak,23:05:29.124735,23:05:29.124735,23:05:29.125081,23:05:29.125081,23:05:29.126180,23:05:29.126180,23:05:29.127595,23:05:29.127595,23:05:29.136834,23:05:29.136854,23:05:29.150300,23:05:29.158387,23:05:29.594588,23:05:29.594616,23:05:29.601004,23:05:29.601030,23:05:29.607464,23:05:29.325890,23:05:29.326071,23:05:29.125658
200,leak,23:05:33.953514,23:05:33.953514,23:05:33.953864,23:05:33.953864,23:05:33.954967,23:05:33.954967,23:05:33.956403,23:05:33.956403,23:05:33.965736,23:05:33.965757,23:05:33.977132,23:05:33.985036,23:05:34.419977,23:05:34.420004,23:05:34.426069,23:05:34.426093,23:05:34.432239,23:05:34.154196,23:05:34.154389,23:05:33.954457
200,leak,23:05:37.302287,23:05:37.302287,23:05:37.302665,23:05:37.302665,23:05:37.303831,23:05:37.303831,23:05:37.305264,23:05:37.305264,23:05:37.314420,23:05:37.314441,23:05:37.328533,23:05:37.336571,23:05:37.770133,23:05:37.770160,23:05:37.776020,23:05:37.776041,23:05:37.781326,23:05:37.503311,23:05:37.503508,23:05:37.303294
200,safe,23:05:41.128790,23:05:41.128790,23:05:41.129184,23:05:41.129184,23:05:41.130401,23:05:41.130401,23:05:41.131841,23:05:41.131841,23:05:41.144601,23:05:41.144623,23:05:41.159304,23:05:41.167582,23:05:41.602080,23:05:41.602107,23:05:41.607877,23:05:41.607899,23:05:41.613199,23:05:41.329467,23:05:41.329629,23:05:41.129824
200,leak,23:05:46.401251,23:05:46.401251,23:05:46.401647,23:05:46.401647,23:05:46.402976,23:05:46.402976,23:05:46.405847,23:05:46.405847,23:05:46.416075,23:05:46.416096,23:05:46.428670,23:05:46.438021,23:05:46.877828,23:05:46.877867,23:05:46.883964,23:05:46.883986,23:05:46.889342,23:05:46.622830,23:05:46.622993,23:05:46.402314
200,safe,23:05:51.311606,23:05:51.311606,23:05:51.311959,23:05:51.311959,23:05:51.313172,23:05:51.313172,23:05:51.314718,23:05:51.314718,23:05:51.323878,23:05:51.323899,23:05:51.335583,23:05:51.343964,23:05:51.778932,23:05:51.778960,23:05:51.784845,23:05:51.784869,23:05:51.790085,23:05:51.512710,23:05:51.512871,23:05:51.312622
200,leak,23:05:56.448403,23:05:56.448403,23:05:56.448844,23:05:56.448844,23:05:56.449998,23:05:56.449998,23:05:56.452564,23:05:56.452564,23:05:56.462687,23:05:56.462708,23:05:56.483611,23:05:56.492189,23:05:56.930686,23:05:56.930712,23:05:56.936655,23:05:56.936679,23:05:56.941916,23:05:56.649942,23:05:56.650106,23:05:56.449442
200,leak,23:06:01.357561,23:06:01.357561,23:06:01.357874,23:06:01.357874,23:06:01.359009,23:06:01.359009,23:06:01.360388,23:06:01.360388,23:06:01.369622,23:06:01.369640,23:06:01.451517,23:06:01.462203,23:06:01.909893,23:06:01.909920,23:06:01.915682,23:06:01.915704,23:06:01.920688,23:06:01.558752,23:06:01.558930,23:06:01.358455
200,leak,23:06:06.322680,23:06:06.322680,23:06:06.323032,23:06:06.323032,23:06:06.324128,23:06:06.324128,23:06:06.325532,23:06:06.325532,23:06:06.334727,23:06:06.334754,23:06:06.346104,23:06:06.354375,23:06:06.790702,23:06:06.790734,23:06:06.797018,23:06:06.797043,23:06:06.802853,23:06:06.523280,23:06:06.523433,23:06:06.323572
200,leak,23:06:11.177672,23:06:11.177672,23:06:11.178029,23:06:11.178029,23:06:11.179126,23:06:11.179126,23:06:11.180560,23:06:11.180560,23:06:11.190635,23:06:11.190653,23:06:11.202587,23:06:11.210743,23:06:11.645768,23:06:11.645800,23:06:11.651908,23:06:11.651932,23:06:11.657110,23:06:11.378312,23:06:11.378504,23:06:11.178606
200,leak,23:06:15.983067,23:06:15.983067,23:06:15.983418,23:06:15.983418,23:06:15.984668,23:06:15.984668,23:06:15.986143,23:06:15.986143,23:06:15.995237,23:06:15.995257,23:06:16.007384,23:06:16.015805,23:06:16.449657,23:06:16.449684,23:06:16.455546,23:06:16.455568,23:06:16.460727,23:06:16.183998,23:06:16.184188,23:06:15.984058
200,safe,23:06:20.866620,23:06:20.866620,23:06:20.866978,23:06:20.866978,23:06:20.868466,23:06:20.868466,23:06:20.869783,23:06:20.869783,23:06:20.879782,23:06:20.879810,23:06:20.892302,23:06:20.902031,23:06:21.337227,23:06:21.337257,23:06:21.343406,23:06:21.343430,23:06:21.349220,23:06:21.067461,23:06:21.067647,23:06:20.867906
200,safe,23:06:26.113042,23:06:26.113042,23:06:26.113347,23:06:26.113347,23:06:26.114678,23:06:26.114678,23:06:26.117088,23:06:26.117088,23:06:26.127553,23:06:26.127574,23:06:26.139982,23:06:26.148178,23:06:26.589309,23:06:26.589341,23:06:26.595379,23:06:26.595402,23:06:26.601200,23:06:26.314243,23:06:26.314391,23:06:26.113938
200,leak,23:06:31.491839,23:06:31.491839,23:06:31.492155,23:06:31.492155,23:06:31.493381,23:06:31.493381,23:06:31.495684,23:06:31.495684,23:06:31.504892,23:06:31.504912,23:06:31.515982,23:06:31.524418,23:06:31.963955,23:06:31.963989,23:06:31.970021,23:06:31.970048,23:06:31.975546,23:06:31.692902,23:06:31.693051,23:06:31.492762
200,leak,23:06:36.324902,23:06:36.324902,23:06:36.325197,23:06:36.325197,23:06:36.326285,23:06:36.326285,23:06:36.327720,23:06:36.327720,23:06:36.337078,23:06:36.337106,23:06:36.348628,23:06:36.357001,23:06:36.794581,23:06:36.794610,23:06:36.800780,23:06:36.800803,23:06:36.806062,23:06:36.526018,23:06:36.526187,23:06:36.325759
200,safe,23:06:40.278407,23:06:40.278407,23:06:40.278791,23:06:40.278791,23:06:40.280041,23:06:40.280041,23:06:40.281477,23:06:40.281477,23:06:40.291044,23:06:40.291065,23:06:40.304747,23:06:40.313655,23:06:40.745608,23:06:40.745638,23:06:40.751718,23:06:40.751744,23:06:40.757830,23:06:40.479403,23:06:40.479570,23:06:40.279491
200,safe,23:06:45.559966,23:06:45.559966,23:06:45.560269,23:06:45.560269,23:06:45.561307,23:06:45.561307,23:06:45.563530,23:06:45.563530,23:06:45.573208,23:06:45.573237,23:06:45.584294,23:06:45.592377,23:06:46.029755,23:06:46.029783,23:06:46.035578,23:06:46.035601,23:06:46.041002,23:06:45.761111,23:06:45.761271,23:06:45.560792
200,safe,23:06:50.703169,23:06:50.703169,23:06:50.703511,23:06:50.703511,23:06:50.704756,23:06:50.704756,23:06:50.707144,23:06:50.707144,23:06:50.716551,23:06:50.716572,23:06:50.729890,23:06:50.738247,23:06:51.173334,23:06:51.173361,23:06:51.179355,23:06:51.179380,23:06:51.184709,23:06:50.919832,23:06:50.919989,23:06:50.704088
200,leak,23:06:55.952762,23:06:55.952762,23:06:55.953058,23:06:55.953058,23:06:55.954154,23:06:55.954154,23:06:55.956410,23:06:55.956410,23:06:55.966376,23:06:55.966405,23:06:55.977715,23:06:55.986235,23:06:56.420908,23:06:56.420936,23:06:56.427049,23:06:56.427072,23:06:56.432336,23:06:56.171327,23:06:56.171546,23:06:55.953610
200,leak,23:06:59.811128,23:06:59.811128,23:06:59.811460,23:06:59.811460,23:06:59.812570,23:06:59.812570,23:06:59.814009,23:06:59.814009,23:06:59.823155,23:06:59.823176,23:06:59.846948,23:06:59.856561,23:07:00.291112,23:07:00.291143,23:07:00.298064,23:07:00.298087,23:07:00.303689,23:07:00.012151,23:07:00.012371,23:06:59.812033
200,leak,23:07:04.646855,23:07:04.646855,23:07:04.647246,23:07:04.647246,23:07:04.648380,23:07:04.648380,23:07:04.649742,23:07:04.649742,23:07:04.659121,23:07:04.659140,23:07:04.671718,23:07:04.681099,23:07:05.118325,23:07:05.118356,23:07:05.124512,23:07:05.124536,23:07:05.130738,23:07:04.847434,23:07:04.847661,23:07:04.647857
200,leak,23:07:08.431674,23:07:08.431674,23:07:08.432030,23:07:08.432030,23:07:08.433253,23:07:08.433253,23:07:08.434676,23:07:08.434676,23:07:08.443900,23:07:08.443921,23:07:08.457653,23:07:08.465990,23:07:08.904498,23:07:08.904529,23:07:08.910747,23:07:08.910772,23:07:08.916460,23:07:08.632378,23:07:08.632547,23:07:08.432665
200,leak,23:07:12.147826,23:07:12.147826,23:07:12.148178,23:07:12.148178,23:07:12.149222,23:07:12.149222,23:07:12.150565,23:07:12.150565,23:07:12.160487,23:07:12.160509,23:07:12.174415,23:07:12.182919,23:07:12.614528,23:07:12.614556,23:07:12.621924,23:07:12.621950,23:07:12.627577,23:07:12.348489,23:07:12.348697,23:07:12.148745
200,leak,23:07:16.959779,23:07:16.959779,23:07:16.960130,23:07:16.960130,23:07:16.961521,23:07:16.961521,23:07:16.963163,23:07:16.963163,23:07:16.973401,23:07:16.973422,23:07:16.984338,23:07:16.993143,23:07:17.427227,23:07:17.427252,23:07:17.433660,23:07:17.433682,23:07:17.439271,23:07:17.160576,23:07:17.160767,23:07:16.960998
200,safe,23:07:21.804692,23:07:21.804692,23:07:21.805147,23:07:21.805147,23:07:21.806393,23:07:21.806393,23:07:21.807764,23:07:21.807764,23:07:21.817143,23:07:21.817166,23:07:21.829344,23:07:21.837947,23:07:22.281889,23:07:22.281916,23:07:22.287727,23:07:22.287752,23:07:22.294532,23:07:22.005310,23:07:22.005492,23:07:21.805851
200,leak,23:07:27.105913,23:07:27.105913,23:07:27.106296,23:07:27.106296,23:07:27.107401,23:07:27.107401,23:07:27.109624,23:07:27.109624,23:07:27.119718,23:07:27.119738,23:07:27.130638,23:07:27.139122,23:07:27.580405,23:07:27.580435,23:07:27.586185,23:07:27.586209,23:07:27.591471,23:07:27.328671,23:07:27.328838,23:07:27.106875
200,leak,23:07:30.985961,23:07:30.985961,23:07:30.986328,23:07:30.986328,23:07:30.987505,23:07:30.987505,23:07:30.989026,23:07:30.989026,23:07:31.001269,23:07:31.001290,23:07:31.015496,23:07:31.023849,23:07:31.461889,23:07:31.461921,23:07:31.467570,23:07:31.467591,23:07:31.472772,23:07:31.187743,23:07:31.187898,23:07:30.986964
200,safe,23:07:34.085896,23:07:34.085896,23:07:34.086249,23:07:34.086249,23:07:34.087304,23:07:34.087304,23:07:34.088643,23:07:34.088643,23:07:34.097727,23:07:34.097747,23:07:34.113300,23:07:34.122103,23:07:34.553594,23:07:34.553622,23:07:34.559598,23:07:34.559622,23:07:34.564785,23:07:34.286683,23:07:34.286841,23:07:34.086823
200,safe,23:07:39.241013,23:07:39.241013,23:07:39.241419,23:07:39.241419,23:07:39.242486,23:07:39.242486,23:07:39.244743,23:07:39.244743,23:07:39.254015,23:07:39.254033,23:07:39.266359,23:07:39.274851,23:07:39.713961,23:07:39.713990,23:07:39.719870,23:07:39.719891,23:07:39.725014,23:07:39.442510,23:07:39.442673,23:07:39.241992
200,leak,23:07:44.467871,23:07:44.467871,23:07:44.468249,23:07:44.468249,23:07:44.469318,23:07:44.469318,23:07:44.471455,23:07:44.471455,23:07:44.480568,23:07:44.480589,23:07:44.491902,23:07:44.502005,23:07:44.941315,23:07:44.941345,23:07:44.947147,23:07:44.947168,23:07:44.952452,23:07:44.685159,23:07:44.685307,23:07:44.468810
200,leak,23:07:47.684848,23:07:47.684848,23:07:47.685213,23:07:47.685213,23:07:47.686431,23:07:47.686431,23:07:47.687912,23:07:47.687912,23:07:47.697517,23:07:47.697540,23:07:47.711170,23:07:47.719664,23:07:48.153235,23:07:48.153269,23:07:48.162021,23:07:48.162055,23:07:48.169806,23:07:47.885728,23:07:47.885887,23:07:47.685854
200,safe,23:07:52.532909,23:07:52.532909,23:07:52.533314,23:07:52.533314,23:07:52.534450,23:07:52.534450,23:07:52.535749,23:07:52.535749,23:07:52.544903,23:07:52.544924,23:07:52.566993,23:07:52.576003,23:07:53.016974,23:07:53.017001,23:07:53.022830,23:07:53.022857,23:07:53.028997,23:07:52.733548,23:07:52.733710,23:07:52.533975
200,leak,23:07:57.756382,23:07:57.756382,23:07:57.756736,23:07:57.756736,23:07:57.758071,23:07:57.758071,23:07:57.760393,23:07:57.760393,23:07:57.769546,23:07:57.769563,23:07:57.780960,23:07:57.789573,23:07:58.237860,23:07:58.237890,23:07:58.244672,23:07:58.244703,23:07:58.253333,23:07:57.979186,23:07:57.979333,23:07:57.757373
200,leak,23:08:01.495577,23:08:01.495577,23:08:01.495918,23:08:01.495918,23:08:01.497102,23:08:01.497102,23:08:01.498540,23:08:01.498540,23:08:01.507643,23:08:01.507665,23:08:01.522045,23:08:01.530338,23:08:01.963181,23:08:01.963207,23:08:01.969007,23:08:01.969033,23:08:01.975132,23:08:01.696704,23:08:01.696873,23:08:01.496542
200,safe,23:08:05.431829,23:08:05.431829,23:08:05.432227,23:08:05.432227,23:08:05.433372,23:08:05.433372,23:08:05.434761,23:08:05.434761,23:08:05.445110,23:08:05.445130,23:08:05.459585,23:08:05.467920,23:08:05.902558,23:08:05.902585,23:08:05.908202,23:08:05.908228,23:08:05.913404,23:08:05.632674,23:08:05.632839,23:08:05.432842
200,leak,23:08:10.613548,23:08:10.613548,23:08:10.613897,23:08:10.613897,23:08:10.615041,23:08:10.615041,23:08:10.617190,23:08:10.617190,23:08:10.626299,23:08:10.626353,23:08:10.637475,23:08:10.646013,23:08:11.083368,23:08:11.083396,23:08:11.089449,23:08:11.089470,23:08:11.095028,23:08:10.814946,23:08:10.815094,23:08:10.614516
200,leak,23:08:14.385462,23:08:14.385462,23:08:14.385782,23:08:14.385782,23:08:14.386928,23:08:14.386928,23:08:14.388363,23:08:14.388363,23:08:14.398023,23:08:14.398044,23:08:14.411283,23:08:14.419590,23:08:14.852740,23:08:14.852770,23:08:14.858656,23:08:14.858681,23:08:14.865319,23:08:14.586646,23:08:14.586834,23:08:14.386385
200,leak,23:08:17.581770,23:08:17.581770,23:08:17.582082,23:08:17.582082,23:08:17.583593,23:08:17.583593,23:08:17.585137,23:08:17.585137,23:08:17.595542,23:08:17.595561,23:08:17.609603,23:08:17.617982,23:08:18.052020,23:08:18.052053,23:08:18.058824,23:08:18.058856,23:08:18.065032,23:08:17.782676,23:08:17.782863,23:08:17.583014
200,leak,23:08:21.446979,23:08:21.446979,23:08:21.447287,23:08:21.447287,23:08:21.448337,23:08:21.448337,23:08:21.449655,23:08:21.449655,23:08:21.458808,23:08:21.458827,23:08:21.473342,23:08:21.481162,23:08:21.915004,23:08:21.915032,23:08:21.921123,23:08:21.921154,23:08:21.926536,23:08:21.648041,23:08:21.648204,23:08:21.447854
200,safe,23:08:26.269258,23:08:26.269258,23:08:26.269614,23:08:26.269614,23:08:26.270756,23:08:26.270756,23:08:26.272147,23:08:26.272147,23:08:26.281374,23:08:26.281396,23:08:26.294195,23:08:26.304722,23:08:26.746962,23:08:26.746989,23:08:26.752977,23:08:26.753004,23:08:26.758166,23:08:26.470042,23:08:26.470219,23:08:26.270224
200,leak,23:08:31.581419,23:08:31.581419,23:08:31.581730,23:08:31.581730,23:08:31.582891,23:08:31.582891,23:08:31.585207,23:08:31.585207,23:08:31.594467,23:08:31.594488,23:08:31.605678,23:08:31.614193,23:08:32.052668,23:08:32.052699,23:08:32.059160,23:08:32.059184,23:08:32.064577,23:08:31.782539,23:08:31.782708,23:08:31.582283
200,safe,23:08:34.957442,23:08:34.957442,23:08:34.957746,23:08:34.957746,23:08:34.958772,23:08:34.958772,23:08:34.960116,23:08:34.960116,23:08:34.969225,23:08:34.969246,23:08:34.983035,23:08:34.991078,23:08:35.420959,23:08:35.420990,23:08:35.426681,23:08:35.426703,23:08:35.431847,23:08:35.158233,23:08:35.158400,23:08:34.958293
200,safe,23:08:40.575099,23:08:40.575099,23:08:40.575469,23:08:40.575469,23:08:40.576674,23:08:40.576674,23:08:40.578883,23:08:40.578883,23:08:40.588163,23:08:40.588185,23:08:40.599892,23:08:40.608483,23:08:41.044660,23:08:41.044692,23:08:41.050572,23:08:41.050593,23:08:41.055712,23:08:40.790720,23:08:40.790920,23:08:40.576134
200,leak,23:08:45.986997,23:08:45.986997,23:08:45.987345,23:08:45.987345,23:08:45.988559,23:08:45.988559,23:08:45.990811,23:08:45.990811,23:08:46.002049,23:08:46.002068,23:08:46.024520,23:08:46.033211,23:08:46.480634,23:08:46.480665,23:08:46.486587,23:08:46.486609,23:08:46.491791,23:08:46.207299,23:08:46.207465,23:08:45.987997
200,safe,23:08:50.839384,23:08:50.839384,23:08:50.839780,23:08:50.839780,23:08:50.841043,23:08:50.841043,23:08:50.842582,23:08:50.842582,23:08:50.851813,23:08:50.851842,23:08:50.865851,23:08:50.874394,23:08:51.317287,23:08:51.317317,23:08:51.323520,23:08:51.323547,23:08:51.330799,23:08:51.040088,23:08:51.040251,23:08:50.840476
200,leak,23:08:56.476770,23:08:56.476770,23:08:56.477133,23:08:56.477133,23:08:56.478273,23:08:56.478273,23:08:56.480462,23:08:56.480462,23:08:56.489721,23:08:56.489742,23:08:56.503196,23:08:56.511498,23:08:56.951777,23:08:56.951805,23:08:56.957604,23:08:56.957626,23:08:56.962780,23:08:56.691467,23:08:56.691657,23:08:56.477708
200,leak,23:08:59.810437,23:08:59.810437,23:08:59.810788,23:08:59.810788,23:08:59.811971,23:08:59.811971,23:08:59.813416,23:08:59.813416,23:08:59.822935,23:08:59.822955,23:08:59.836833,23:08:59.845399,23:09:00.277907,23:09:00.277941,23:09:00.283952,23:09:00.283979,23:09:00.290067,23:09:00.011537,23:09:00.011778,23:08:59.811406
200,leak,23:09:03.123491,23:09:03.123491,23:09:03.123954,23:09:03.123954,23:09:03.125614,23:09:03.125614,23:09:03.127280,23:09:03.127280,23:09:03.137396,23:09:03.137417,23:09:03.151166,23:09:03.159546,23:09:03.591477,23:09:03.591508,23:09:03.597502,23:09:03.597523,23:09:03.603921,23:09:03.324260,23:09:03.324413,23:09:03.124707
200,safe,23:09:06.316616,23:09:06.316616,23:09:06.316970,23:09:06.316970,23:09:06.318052,23:09:06.318052,23:09:06.319431,23:09:06.319431,23:09:06.328679,23:09:06.328699,23:09:06.342420,23:09:06.350721,23:09:06.781868,23:09:06.781897,23:09:06.787903,23:09:06.787928,23:09:06.793508,23:09:06.517268,23:09:06.517434,23:09:06.317570
200,leak,23:09:11.503354,23:09:11.503354,23:09:11.503742,23:09:11.503742,23:09:11.504904,23:09:11.504904,23:09:11.507009,23:09:11.507009,23:09:11.518885,23:09:11.518907,23:09:11.533321,23:09:11.541921,23:09:11.983054,23:09:11.983083,23:09:11.989152,23:09:11.989177,23:09:11.994541,23:09:11.718127,23:09:11.718304,23:09:11.504356
200,leak,23:09:16.446147,23:09:16.446147,23:09:16.446450,23:09:16.446450,23:09:16.447580,23:09:16.447580,23:09:16.449043,23:09:16.449043,23:09:16.458321,23:09:16.458342,23:09:16.472147,23:09:16.480958,23:09:16.926978,23:09:16.927010,23:09:16.934845,23:09:16.934871,23:09:16.940690,23:09:16.647258,23:09:16.647427,23:09:16.447007
200,leak,23:09:21.368131,23:09:21.368131,23:09:21.368492,23:09:21.368492,23:09:21.369810,23:09:21.369810,23:09:21.371689,23:09:21.371689,23:09:21.380925,23:09:21.380945,23:09:21.395187,23:09:21.403538,23:09:21.844414,23:09:21.844443,23:09:21.850316,23:09:21.850337,23:09:21.855389,23:09:21.569000,23:09:21.569156,23:09:21.369114
200,leak,23:09:26.189324,23:09:26.189324,23:09:26.189686,23:09:26.189686,23:09:26.190701,23:09:26.190701,23:09:26.192128,23:09:26.192128,23:09:26.201361,23:09:26.201382,23:09:26.215883,23:09:26.224127,23:09:26.659332,23:09:26.659362,23:09:26.665400,23:09:26.665423,23:09:26.670549,23:09:26.390141,23:09:26.390295,23:09:26.190234
200,leak,23:09:31.024095,23:09:31.024095,23:09:31.024423,23:09:31.024423,23:09:31.025482,23:09:31.025482,23:09:31.026914,23:09:31.026914,23:09:31.036097,23:09:31.036119,23:09:31.049825,23:09:31.057712,23:09:31.494044,23:09:31.494071,23:09:31.500024,23:09:31.500047,23:09:31.505393,23:09:31.225293,23:09:31.225456,23:09:31.025001
200,leak,23:09:34.689937,23:09:34.689937,23:09:34.690282,23:09:34.690282,23:09:34.691394,23:09:34.691394,23:09:34.692760,23:09:34.692760,23:09:34.701975,23:09:34.702004,23:09:34.716845,23:09:34.726634,23:09:35.163273,23:09:35.163304,23:09:35.169457,23:09:35.169481,23:09:35.175718,23:09:34.890810,23:09:34.890971,23:09:34.690840
200,leak,23:09:38.505452,23:09:38.505452,23:09:38.505855,23:09:38.505855,23:09:38.507091,23:09:38.507091,23:09:38.508622,23:09:38.508622,23:09:38.517890,23:09:38.517911,23:09:38.540375,23:09:38.548904,23:09:38.988600,23:09:38.988630,23:09:38.994728,23:09:38.994751,23:09:39.000698,23:09:38.706246,23:09:38.706438,23:09:38.506553
200,safe,23:09:43.336228,23:09:43.336228,23:09:43.336631,23:09:43.336631,23:09:43.337696,23:09:43.337696,23:09:43.339019,23:09:43.339019,23:09:43.348222,23:09:43.348242,23:09:43.361540,23:09:43.369659,23:09:43.805942,23:09:43.805971,23:09:43.812299,23:09:43.812324,23:09:43.817862,23:09:43.536942,23:09:43.537109,23:09:43.337254
200,leak,23:09:48.705417,23:09:48.705417,23:09:48.705812,23:09:48.705812,23:09:48.707046,23:09:48.707046,23:09:48.709321,23:09:48.709321,23:09:48.719754,23:09:48.719777,23:09:48.733640,23:09:48.742134,23:09:49.184312,23:09:49.184341,23:09:49.190510,23:09:49.190540,23:09:49.196945,23:09:48.917913,23:09:48.918104,23:09:48.706472
200,leak,23:09:52.355781,23:09:52.355781,23:09:52.356095,23:09:52.356095,23:09:52.357206,23:09:52.357206,23:09:52.358596,23:09:52.358596,23:09:52.368062,23:09:52.368082,23:09:52.381703,23:09:52.391067,23:09:52.822243,23:09:52.822275,23:09:52.828371,23:09:52.828393,23:09:52.833392,23:09:52.556480,23:09:52.556665,23:09:52.356637
200,leak,23:09:56.433060,23:09:56.433060,23:09:56.433382,23:09:56.433382,23:09:56.434466,23:09:56.434466,23:09:56.435795,23:09:56.435795,23:09:56.445114,23:09:56.445143,23:09:56.459595,23:09:56.468313,23:09:56.902098,23:09:56.902130,23:09:56.908177,23:09:56.908202,23:09:56.913437,23:09:56.633805,23:09:56.633991,23:09:56.433918
200,leak,23:10:00.329641,23:10:00.329641,23:10:00.329967,23:10:00.329967,23:10:00.331344,23:10:00.331344,23:10:00.332742,23:10:00.332742,23:10:00.342041,23:10:00.342088,23:10:00.356000,23:10:00.364571,23:10:00.802808,23:10:00.802837,23:10:00.808905,23:10:00.808928,23:10:00.814315,23:10:00.530576,23:10:00.530748,23:10:00.330727
200,leak,23:10:05.162632,23:10:05.162632,23:10:05.162941,23:10:05.162941,23:10:05.164167,23:10:05.164167,23:10:05.165661,23:10:05.165661,23:10:05.175291,23:10:05.175311,23:10:05.190597,23:10:05.200605,23:10:05.636982,23:10:05.637015,23:10:05.642877,23:10:05.642902,23:10:05.648263,23:10:05.363740,23:10:05.363894,23:10:05.163491
200,safe,23:10:10.001398,23:10:10.001398,23:10:10.001712,23:10:10.001712,23:10:10.003108,23:10:10.003108,23:10:10.004495,23:10:10.004495,23:10:10.013650,23:10:10.013675,23:10:10.028457,23:10:10.039151,23:10:10.481019,23:10:10.481052,23:10:10.488437,23:10:10.488463,23:10:10.493799,23:10:10.202259,23:10:10.202442,23:10:10.002588
200,leak,23:10:15.275426,23:10:15.275426,23:10:15.275739,23:10:15.275739,23:10:15.276754,23:10:15.276754,23:10:15.279142,23:10:15.279142,23:10:15.288370,23:10:15.288390,23:10:15.301434,23:10:15.309825,23:10:15.745107,23:10:15.745139,23:10:15.751258,23:10:15.751282,23:10:15.756638,23:10:15.497143,23:10:15.497317,23:10:15.276275
200,safe,23:10:20.180112,23:10:20.180112,23:10:20.180426,23:10:20.180426,23:10:20.181524,23:10:20.181524,23:10:20.182953,23:10:20.182953,23:10:20.193333,23:10:20.193360,23:10:20.207152,23:10:20.215291,23:10:20.651492,23:10:20.651523,23:10:20.657446,23:10:20.657472,23:10:20.663607,23:10:20.380944,23:10:20.381106,23:10:20.180965
200,safe,23:10:25.675418,23:10:25.675418,23:10:25.675757,23:10:25.675757,23:10:25.676951,23:10:25.676951,23:10:25.679322,23:10:25.679322,23:10:25.689255,23:10:25.689275,23:10:25.702494,23:10:25.710768,23:10:26.153269,23:10:26.153302,23:10:26.159084,23:10:26.159107,23:10:26.164301,23:10:25.891257,23:10:25.891410,23:10:25.676389
200,safe,23:10:30.966117,23:10:30.966117,23:10:30.966473,23:10:30.966473,23:10:30.967584,23:10:30.967584,23:10:30.969793,23:10:30.969793,23:10:30.979041,23:10:30.979062,23:10:30.992559,23:10:31.002148,23:10:31.444722,23:10:31.444748,23:10:31.451079,23:10:31.451102,23:10:31.456756,23:10:31.178224,23:10:31.178391,23:10:30.967119
200,leak,23:10:36.325773,23:10:36.325773,23:10:36.326108,23:10:36.326108,23:10:36.327144,23:10:36.327144,23:10:36.329328,23:10:36.329328,23:10:36.339725,23:10:36.339746,23:10:36.359810,23:10:36.369520,23:10:36.808397,23:10:36.808426,23:10:36.814112,23:10:36.814134,23:10:36.819461,23:10:36.548126,23:10:36.548277,23:10:36.326614
200,leak,23:10:41.245960,23:10:41.245960,23:10:41.246316,23:10:41.246316,23:10:41.247479,23:10:41.247479,23:10:41.248928,23:10:41.248928,23:10:41.258910,23:10:41.258931,23:10:41.272765,23:10:41.282069,23:10:41.718452,23:10:41.718479,23:10:41.724905,23:10:41.724929,23:10:41.730710,23:10:41.447006,23:10:41.447191,23:10:41.246912
200,leak,23:10:46.080829,23:10:46.080829,23:10:46.081143,23:10:46.081143,23:10:46.082266,23:10:46.082266,23:10:46.083699,23:10:46.083699,23:10:46.093825,23:10:46.093853,23:10:46.108410,23:10:46.116623,23:10:46.551055,23:10:46.551083,23:10:46.557009,23:10:46.557033,23:10:46.562894,23:10:46.281804,23:10:46.281975,23:10:46.081750
200,leak,23:10:50.112088,23:10:50.112088,23:10:50.112397,23:10:50.112397,23:10:50.113462,23:10:50.113462,23:10:50.114808,23:10:50.114808,23:10:50.124047,23:10:50.124069,23:10:50.137579,23:10:50.146035,23:10:50.586099,23:10:50.586126,23:10:50.592009,23:10:50.592033,23:10:50.597312,23:10:50.312478,23:10:50.312631,23:10:50.113004
200,leak,23:10:53.842702,23:10:53.842702,23:10:53.843099,23:10:53.843099,23:10:53.844252,23:10:53.844252,23:10:53.845702,23:10:53.845702,23:10:53.854881,23:10:53.854901,23:10:53.868332,23:10:53.876801,23:10:54.314484,23:10:54.314513,23:10:54.320199,23:10:54.320221,23:10:54.325404,23:10:54.043414,23:10:54.043628,23:10:53.843739
200,safe,23:10:58.737835,23:10:58.737835,23:10:58.738215,23:10:58.738215,23:10:58.739349,23:10:58.739349,23:10:58.740735,23:10:58.740735,23:10:58.752509,23:10:58.752531,23:10:58.766180,23:10:58.774190,23:10:59.218280,23:10:59.218307,23:10:59.224392,23:10:59.224419,23:10:59.230024,23:10:58.938608,23:10:58.938766,23:10:58.738803
200,leak,23:11:04.055403,23:11:04.055403,23:11:04.055706,23:11:04.055706,23:11:04.056832,23:11:04.056832,23:11:04.059131,23:11:04.059131,23:11:04.068353,23:11:04.068372,23:11:04.082700,23:11:04.091071,23:11:04.525536,23:11:04.525563,23:11:04.531785,23:11:04.531807,23:11:04.538215,23:11:04.280585,23:11:04.280734,23:11:04.056269
200,leak,23:11:09.035358,23:11:09.035358,23:11:09.035712,23:11:09.035712,23:11:09.036886,23:11:09.036886,23:11:09.038269,23:11:09.038269,23:11:09.047434,23:11:09.047455,23:11:09.061493,23:11:09.069793,23:11:09.513511,23:11:09.513542,23:11:09.519595,23:11:09.519623,23:11:09.526459,23:11:09.236335,23:11:09.236510,23:11:09.036341
200,leak,23:11:12.314270,23:11:12.314270,23:11:12.314574,23:11:12.314574,23:11:12.315913,23:11:12.315913,23:11:12.317329,23:11:12.317329,23:11:12.326829,23:11:12.326850,23:11:12.341188,23:11:12.349236,23:11:12.779475,23:11:12.779506,23:11:12.785294,23:11:12.785317,23:11:12.790634,23:11:12.515463,23:11:12.515628,23:11:12.315227
200,leak,23:11:17.134689,23:11:17.134689,23:11:17.135011,23:11:17.135011,23:11:17.136119,23:11:17.136119,23:11:17.137513,23:11:17.137513,23:11:17.146673,23:11:17.146693,23:11:17.160131,23:11:17.168186,23:11:17.613447,23:11:17.613474,23:11:17.619479,23:11:17.619502,23:11:17.625012,23:11:17.335558,23:11:17.335724,23:11:17.135564
200,leak,23:11:22.029783,23:11:22.029783,23:11:22.030095,23:11:22.030095,23:11:22.031278,23:11:22.031278,23:11:22.032661,23:11:22.032661,23:11:22.042187,23:11:22.042208,23:11:22.057052,23:11:22.065328,23:11:22.506142,23:11:22.506171,23:11:22.511966,23:11:22.511987,23:11:22.516955,23:11:22.230580,23:11:22.230758,23:11:22.030693
250,leak,23:11:26.869934,23:11:26.869934,23:11:26.870286,23:11:26.870286,23:11:26.871470,23:11:26.871470,23:11:26.872953,23:11:26.872953,23:11:26.882117,23:11:26.882137,23:11:26.895575,23:11:26.903783,23:11:27.340697,23:11:27.340725,23:11:27.346725,23:11:27.346749,23:11:27.352300,23:11:27.120585,23:11:27.120743,23:11:26.870909
250,leak,23:11:31.722624,23:11:31.722624,23:11:31.723001,23:11:31.723001,23:11:31.724167,23:11:31.724167,23:11:31.725662,23:11:31.725662,23:11:31.734827,23:11:31.734854,23:11:31.759987,23:11:31.770299,23:11:32.213319,23:11:32.213347,23:11:32.219172,23:11:32.219195,23:11:32.224247,23:11:31.973249,23:11:31.973406,23:11:31.723605
250,leak,23:11:36.561103,23:11:36.561103,23:11:36.561408,23:11:36.561408,23:11:36.562537,23:11:36.562537,23:11:36.563965,23:11:36.563965,23:11:36.573834,23:11:36.573854,23:11:36.589018,23:11:36.598801,23:11:37.042501,23:11:37.042529,23:11:37.048711,23:11:37.048736,23:11:37.055353,23:11:36.811913,23:11:36.812077,23:11:36.561953
250,leak,23:11:41.483896,23:11:41.483896,23:11:41.484195,23:11:41.484195,23:11:41.485326,23:11:41.485326,23:11:41.486717,23:11:41.486717,23:11:41.495912,23:11:41.495933,23:11:41.510409,23:11:41.518433,23:11:41.965500,23:11:41.965532,23:11:41.971437,23:11:41.971459,23:11:41.976575,23:11:41.734833,23:11:41.735025,23:11:41.484770
250,safe,23:11:46.315339,23:11:46.315339,23:11:46.315729,23:11:46.315729,23:11:46.317051,23:11:46.317051,23:11:46.318595,23:11:46.318595,23:11:46.329004,23:11:46.329067,23:11:46.343175,23:11:46.351801,23:11:46.788889,23:11:46.788916,23:11:46.795086,23:11:46.795109,23:11:46.801095,23:11:46.566025,23:11:46.566182,23:11:46.316446
250,leak,23:11:51.610006,23:11:51.610006,23:11:51.610330,23:11:51.610330,23:11:51.611407,23:11:51.611407,23:11:51.613952,23:11:51.613952,23:11:51.623111,23:11:51.623132,23:11:51.636940,23:11:51.646539,23:11:52.090088,23:11:52.090118,23:11:52.096247,23:11:52.096271,23:11:52.102038,23:11:51.876409,23:11:51.876568,23:11:51.610893
250,leak,23:11:56.519743,23:11:56.519743,23:11:56.520092,23:11:56.520092,23:11:56.521240,23:11:56.521240,23:11:56.522689,23:11:56.522689,23:11:56.532967,23:11:56.532984,23:11:56.547108,23:11:56.556521,23:11:56.997566,23:11:56.997594,23:11:57.003318,23:11:57.003339,23:11:57.008595,23:11:56.770392,23:11:56.770553,23:11:56.520669
250,leak,23:12:01.379209,23:12:01.379209,23:12:01.379528,23:12:01.379528,23:12:01.380546,23:12:01.380546,23:12:01.381888,23:12:01.381888,23:12:01.391303,23:12:01.391323,23:12:01.405979,23:12:01.413812,23:12:01.856394,23:12:01.856423,23:12:01.862382,23:12:01.862405,23:12:01.867814,23:12:01.630040,23:12:01.630246,23:12:01.380088
250,leak,23:12:06.269762,23:12:06.269762,23:12:06.270107,23:12:06.270107,23:12:06.271316,23:12:06.271316,23:12:06.272817,23:12:06.272817,23:12:06.282933,23:12:06.282957,23:12:06.297114,23:12:06.305593,23:12:06.751654,23:12:06.751682,23:12:06.757721,23:12:06.757745,23:12:06.763018,23:12:06.520698,23:12:06.520923,23:12:06.270717
250,safe,23:12:10.142587,23:12:10.142587,23:12:10.142942,23:12:10.142942,23:12:10.144083,23:12:10.144083,23:12:10.145412,23:12:10.145412,23:12:10.155219,23:12:10.155239,23:12:10.169611,23:12:10.177962,23:12:10.618211,23:12:10.618244,23:12:10.624370,23:12:10.624397,23:12:10.631189,23:12:10.393192,23:12:10.393391,23:12:10.143534
250,leak,23:12:15.417950,23:12:15.417950,23:12:15.418341,23:12:15.418341,23:12:15.419476,23:12:15.419476,23:12:15.421823,23:12:15.421823,23:12:15.431341,23:12:15.431369,23:12:15.445110,23:12:15.453059,23:12:15.888710,23:12:15.888741,23:12:15.894938,23:12:15.894964,23:12:15.901589,23:12:15.693006,23:12:15.693175,23:12:15.418945
250,safe,23:12:18.857820,23:12:18.857820,23:12:18.858213,23:12:18.858213,23:12:18.859309,23:12:18.859309,23:12:18.860741,23:12:18.860741,23:12:18.871072,23:12:18.871089,23:12:18.885442,23:12:18.893616,23:12:19.331121,23:12:19.331149,23:12:19.336964,23:12:19.336986,23:12:19.342034,23:12:19.108759,23:12:19.108952,23:12:18.858770
250,safe,23:12:24.266689,23:12:24.266689,23:12:24.267026,23:12:24.267026,23:12:24.268167,23:12:24.268167,23:12:24.270578,23:12:24.270578,23:12:24.279871,23:12:24.279893,23:12:24.293585,23:12:24.301936,23:12:24.739639,23:12:24.739669,23:12:24.745623,23:12:24.745645,23:12:24.750771,23:12:24.528198,23:12:24.528349,23:12:24.267579
250,leak,23:12:29.725131,23:12:29.725131,23:12:29.725487,23:12:29.725487,23:12:29.726598,23:12:29.726598,23:12:29.728821,23:12:29.728821,23:12:29.739229,23:12:29.739246,23:12:29.761038,23:12:29.769135,23:12:30.213061,23:12:30.213089,23:12:30.219135,23:12:30.219157,23:12:30.224368,23:12:30.000613,23:12:30.000833,23:12:29.726103
250,leak,23:12:33.104181,23:12:33.104181,23:12:33.104493,23:12:33.104493,23:12:33.105672,23:12:33.105672,23:12:33.107026,23:12:33.107026,23:12:33.116541,23:12:33.116562,23:12:33.131798,23:12:33.140051,23:12:33.576761,23:12:33.576789,23:12:33.582398,23:12:33.582418,23:12:33.587646,23:12:33.355326,23:12:33.355503,23:12:33.105061
250,leak,23:12:36.968555,23:12:36.968555,23:12:36.968910,23:12:36.968910,23:12:36.970075,23:12:36.970075,23:12:36.971483,23:12:36.971483,23:12:36.981423,23:12:36.981445,23:12:36.997150,23:12:37.007355,23:12:37.441872,23:12:37.441903,23:12:37.447806,23:12:37.447828,23:12:37.453134,23:12:37.219297,23:12:37.219483,23:12:36.969526
250,leak,23:12:40.205038,23:12:40.205038,23:12:40.205339,23:12:40.205339,23:12:40.206473,23:12:40.206473,23:12:40.207942,23:12:40.207942,23:12:40.217380,23:12:40.217400,23:12:40.231573,23:12:40.239503,23:12:40.676324,23:12:40.676356,23:12:40.682318,23:12:40.682341,23:12:40.688596,23:12:40.455855,23:12:40.456030,23:12:40.205909
250,leak,23:12:43.414757,23:12:43.414757,23:12:43.415076,23:12:43.415076,23:12:43.416316,23:12:43.416316,23:12:43.417784,23:12:43.417784,23:12:43.429859,23:12:43.429880,23:12:43.443074,23:12:43.451085,23:12:43.883131,23:12:43.883158,23:12:43.889517,23:12:43.889538,23:12:43.894679,23:12:43.665970,23:12:43.666122,23:12:43.415638
250,leak,23:12:48.229454,23:12:48.229454,23:12:48.229788,23:12:48.229788,23:12:48.230967,23:12:48.230967,23:12:48.232411,23:12:48.232411,23:12:48.242070,23:12:48.242106,23:12:48.258742,23:12:48.268741,23:12:48.717560,23:12:48.717593,23:12:48.723961,23:12:48.723984,23:12:48.729670,23:12:48.480482,23:12:48.480680,23:12:48.230337
250,safe,23:12:52.122546,23:12:52.122546,23:12:52.122894,23:12:52.122894,23:12:52.124010,23:12:52.124010,23:12:52.125438,23:12:52.125438,23:12:52.134569,23:12:52.134590,23:12:52.147710,23:12:52.155780,23:12:52.589222,23:12:52.589251,23:12:52.596145,23:12:52.596167,23:12:52.602844,23:12:52.373273,23:12:52.373432,23:12:52.123483
250,leak,23:12:57.382421,23:12:57.382421,23:12:57.382733,23:12:57.382733,23:12:57.383918,23:12:57.383918,23:12:57.386190,23:12:57.386190,23:12:57.395411,23:12:57.395432,23:12:57.410926,23:12:57.419211,23:12:57.863318,23:12:57.863348,23:12:57.869711,23:12:57.869739,23:12:57.875359,23:12:57.644741,23:12:57.644904,23:12:57.383315
250,safe,23:13:01.100450,23:13:01.100450,23:13:01.100757,23:13:01.100757,23:13:01.101919,23:13:01.101919,23:13:01.103420,23:13:01.103420,23:13:01.113774,23:13:01.113794,23:13:01.127537,23:13:01.136052,23:13:01.566941,23:13:01.566970,23:13:01.572889,23:13:01.572914,23:13:01.578350,23:13:01.351125,23:13:01.351288,23:13:01.101337
250,leak,23:13:06.894896,23:13:06.894896,23:13:06.895369,23:13:06.895369,23:13:06.897067,23:13:06.897067,23:13:06.899729,23:13:06.899729,23:13:06.909499,23:13:06.909535,23:13:06.924775,23:13:06.934570,23:13:07.375861,23:13:07.375893,23:13:07.382030,23:13:07.382054,23:13:07.388204,23:13:07.146113,23:13:07.146283,23:13:06.896220
250,leak,23:13:11.175982,23:13:11.175982,23:13:11.176486,23:13:11.176486,23:13:11.178013,23:13:11.178013,23:13:11.179351,23:13:11.179351,23:13:11.189422,23:13:11.189467,23:13:11.205277,23:13:11.214701,23:13:11.656634,23:13:11.656666,23:13:11.662902,23:13:11.662929,23:13:11.668821,23:13:11.427225,23:13:11.427389,23:13:11.177397
250,leak,23:13:14.933445,23:13:14.933445,23:13:14.933804,23:13:14.933804,23:13:14.934979,23:13:14.934979,23:13:14.936346,23:13:14.936346,23:13:14.945929,23:13:14.945953,23:13:14.959493,23:13:14.967834,23:13:15.401471,23:13:15.401498,23:13:15.407121,23:13:15.407143,23:13:15.412441,23:13:15.184388,23:13:15.184551,23:13:14.934430
250,leak,23:13:18.306780,23:13:18.306780,23:13:18.307075,23:13:18.307075,23:13:18.308137,23:13:18.308137,23:13:18.309534,23:13:18.309534,23:13:18.318797,23:13:18.318816,23:13:18.339880,23:13:18.348982,23:13:18.791112,23:13:18.791139,23:13:18.796920,23:13:18.796943,23:13:18.802685,23:13:18.557877,23:13:18.558055,23:13:18.307662
250,safe,23:13:22.147707,23:13:22.147707,23:13:22.148098,23:13:22.148098,23:13:22.149546,23:13:22.149546,23:13:22.151211,23:13:22.151211,23:13:22.160992,23:13:22.161014,23:13:22.176360,23:13:22.185073,23:13:22.627229,23:13:22.627257,23:13:22.633367,23:13:22.633396,23:13:22.639071,23:13:22.398703,23:13:22.398896,23:13:22.148682
250,leak,23:13:27.421242,23:13:27.421242,23:13:27.421559,23:13:27.421559,23:13:27.422674,23:13:27.422674,23:13:27.424952,23:13:27.424952,23:13:27.434346,23:13:27.434368,23:13:27.448468,23:13:27.457744,23:13:27.893203,23:13:27.893235,23:13:27.898961,23:13:27.898989,23:13:27.904374,23:13:27.689578,23:13:27.689734,23:13:27.422195
250,leak,23:13:32.273696,23:13:32.273696,23:13:32.274047,23:13:32.274047,23:13:32.275202,23:13:32.275202,23:13:32.276534,23:13:32.276534,23:13:32.285682,23:13:32.285707,23:13:32.300161,23:13:32.308640,23:13:32.744773,23:13:32.744802,23:13:32.750739,23:13:32.750762,23:13:32.756156,23:13:32.524487,23:13:32.524664,23:13:32.274626
250,leak,23:13:35.486671,23:13:35.486671,23:13:35.486983,23:13:35.486983,23:13:35.488149,23:13:35.488149,23:13:35.489575,23:13:35.489575,23:13:35.499394,23:13:35.499411,23:13:35.513173,23:13:35.521808,23:13:35.955206,23:13:35.955234,23:13:35.961294,23:13:35.961320,23:13:35.966884,23:13:35.737661,23:13:35.737825,23:13:35.487570
250,safe,23:13:39.370606,23:13:39.370606,23:13:39.370909,23:13:39.370909,23:13:39.371997,23:13:39.371997,23:13:39.373499,23:13:39.373499,23:13:39.383430,23:13:39.383452,23:13:39.396716,23:13:39.405136,23:13:39.849045,23:13:39.849077,23:13:39.855216,23:13:39.855238,23:13:39.860910,23:13:39.621519,23:13:39.621680,23:13:39.371476
250,safe,23:13:44.526009,23:13:44.526009,23:13:44.526327,23:13:44.526327,23:13:44.527478,23:13:44.527478,23:13:44.530010,23:13:44.530010,23:13:44.539634,23:13:44.539657,23:13:44.553831,23:13:44.562166,23:13:45.007896,23:13:45.007926,23:13:45.013967,23:13:45.013989,23:13:45.019628,23:13:44.801887,23:13:44.802079,23:13:44.526902
250,leak,23:13:49.826187,23:13:49.826187,23:13:49.826609,23:13:49.826609,23:13:49.827842,23:13:49.827842,23:13:49.830202,23:13:49.830202,23:13:49.839848,23:13:49.839907,23:13:49.854619,23:13:49.863122,23:13:50.310720,23:13:50.310748,23:13:50.316951,23:13:50.316975,23:13:50.322580,23:13:50.094019,23:13:50.094170,23:13:49.827305
250,leak,23:13:53.502035,23:13:53.502035,23:13:53.502390,23:13:53.502390,23:13:53.503634,23:13:53.503634,23:13:53.505215,23:13:53.505215,23:13:53.514386,23:13:53.514403,23:13:53.528098,23:13:53.537023,23:13:53.983448,23:13:53.983479,23:13:53.991055,23:13:53.991079,23:13:53.996777,23:13:53.752980,23:13:53.753141,23:13:53.502992
250,safe,23:13:56.892015,23:13:56.892015,23:13:56.892375,23:13:56.892375,23:13:56.893559,23:13:56.893559,23:13:56.895554,23:13:56.895554,23:13:56.905099,23:13:56.905124,23:13:56.918965,23:13:56.927298,23:13:57.364904,23:13:57.364936,23:13:57.370894,23:13:57.370918,23:13:57.376583,23:13:57.142814,23:13:57.143001,23:13:56.892992
250,safe,23:14:02.318494,23:14:02.318494,23:14:02.318809,23:14:02.318809,23:14:02.319985,23:14:02.319985,23:14:02.322260,23:14:02.322260,23:14:02.331768,23:14:02.331785,23:14:02.344675,23:14:02.353212,23:14:02.792856,23:14:02.792887,23:14:02.798500,23:14:02.798522,23:14:02.803704,23:14:02.584781,23:14:02.584954,23:14:02.319408
250,leak,23:14:07.607694,23:14:07.607694,23:14:07.608050,23:14:07.608050,23:14:07.609169,23:14:07.609169,23:14:07.611786,23:14:07.611786,23:14:07.621413,23:14:07.621438,23:14:07.635206,23:14:07.644224,23:14:08.465257,23:14:08.465289,23:14:08.471488,23:14:08.471519,23:14:08.478121,23:14:07.858929,23:14:07.859109,23:14:07.608679
250,safe,23:14:11.607001,23:14:11.607001,23:14:11.607304,23:14:11.607304,23:14:11.608605,23:14:11.608605,23:14:11.610024,23:14:11.610024,23:14:11.619152,23:14:11.619173,23:14:11.640225,23:14:11.648869,23:14:12.092292,23:14:12.092323,23:14:12.098502,23:14:12.098526,23:14:12.104927,23:14:11.857959,23:14:11.858134,23:14:11.607990
250,leak,23:14:16.720735,23:14:16.720735,23:14:16.721030,23:14:16.721030,23:14:16.722018,23:14:16.722018,23:14:16.724255,23:14:16.724255,23:14:16.733498,23:14:16.733518,23:14:16.747631,23:14:16.755916,23:14:17.198510,23:14:17.198537,23:14:17.204470,23:14:17.204494,23:14:17.209978,23:14:16.982335,23:14:16.982513,23:14:16.721563
250,leak,23:14:20.081570,23:14:20.081570,23:14:20.081930,23:14:20.081930,23:14:20.083152,23:14:20.083152,23:14:20.084550,23:14:20.084550,23:14:20.094112,23:14:20.094128,23:14:20.108086,23:14:20.116383,23:14:20.551473,23:14:20.551501,23:14:20.557475,23:14:20.557504,23:14:20.563738,23:14:20.332283,23:14:20.332478,23:14:20.082576
250,leak,23:14:24.160332,23:14:24.160332,23:14:24.160635,23:14:24.160635,23:14:24.161841,23:14:24.161841,23:14:24.163289,23:14:24.163289,23:14:24.174797,23:14:24.174818,23:14:24.188735,23:14:24.197786,23:14:24.636705,23:14:24.636740,23:14:24.642781,23:14:24.642805,23:14:24.648609,23:14:24.411352,23:14:24.411526,23:14:24.161190
250,leak,23:14:28.040171,23:14:28.040171,23:14:28.040554,23:14:28.040554,23:14:28.041702,23:14:28.041702,23:14:28.043143,23:14:28.043143,23:14:28.052237,23:14:28.052255,23:14:28.065208,23:14:28.073507,23:14:28.508118,23:14:28.508152,23:14:28.514361,23:14:28.514392,23:14:28.520808,23:14:28.291157,23:14:28.291326,23:14:28.041134
250,leak,23:14:31.467458,23:14:31.467458,23:14:31.467815,23:14:31.467815,23:14:31.468813,23:14:31.468813,23:14:31.470258,23:14:31.470258,23:14:31.479604,23:14:31.479625,23:14:31.493658,23:14:31.502750,23:14:31.933660,23:14:31.933696,23:14:31.939728,23:14:31.939754,23:14:31.945455,23:14:31.718637,23:14:31.718835,23:14:31.468353
250,safe,23:14:36.306527,23:14:36.306527,23:14:36.306885,23:14:36.306885,23:14:36.308061,23:14:36.308061,23:14:36.309376,23:14:36.309376,23:14:36.318533,23:14:36.318553,23:14:36.332324,23:14:36.340970,23:14:36.784419,23:14:36.784446,23:14:36.790246,23:14:36.790269,23:14:36.795904,23:14:36.557546,23:14:36.557701,23:14:36.307504
250,leak,23:14:41.968982,23:14:41.968982,23:14:41.969433,23:14:41.969433,23:14:41.970990,23:14:41.970990,23:14:41.973585,23:14:41.973585,23:14:41.990999,23:14:41.991021,23:14:42.005973,23:14:42.015152,23:14:42.462024,23:14:42.462059,23:14:42.468976,23:14:42.469004,23:14:42.475353,23:14:42.237866,23:14:42.238080,23:14:41.970202
250,leak,23:14:46.848124,23:14:46.848124,23:14:46.848477,23:14:46.848477,23:14:46.849568,23:14:46.849568,23:14:46.850869,23:14:46.850869,23:14:46.860031,23:14:46.860051,23:14:46.873832,23:14:46.882282,23:14:47.323300,23:14:47.323327,23:14:47.329516,23:14:47.329539,23:14:47.334894,23:14:47.098939,23:14:47.099099,23:14:46.849094
250,leak,23:14:51.694722,23:14:51.694722,23:14:51.695047,23:14:51.695047,23:14:51.696165,23:14:51.696165,23:14:51.697492,23:14:51.697492,23:14:51.707052,23:14:51.707077,23:14:51.721955,23:14:51.730838,23:14:52.171033,23:14:52.171064,23:14:52.177001,23:14:52.177027,23:14:52.182563,23:14:51.945368,23:14:51.945543,23:14:51.695609
250,safe,23:14:56.531082,23:14:56.531082,23:14:56.531407,23:14:56.531407,23:14:56.532572,23:14:56.532572,23:14:56.534181,23:14:56.534181,23:14:56.543352,23:14:56.543372,23:14:56.556522,23:14:56.564957,23:14:57.001076,23:14:57.001109,23:14:57.007776,23:14:57.007804,23:14:57.013544,23:14:56.781875,23:14:56.782055,23:14:56.531934
250,safe,23:15:01.859402,23:15:01.859402,23:15:01.859714,23:15:01.859714,23:15:01.860786,23:15:01.860786,23:15:01.863186,23:15:01.863186,23:15:01.873194,23:15:01.873215,23:15:01.886960,23:15:01.895835,23:15:02.333971,23:15:02.334004,23:15:02.340781,23:15:02.340812,23:15:02.346973,23:15:02.110671,23:15:02.110829,23:15:01.860294
250,leak,23:15:07.382679,23:15:07.382679,23:15:07.383061,23:15:07.383061,23:15:07.384221,23:15:07.384221,23:15:07.386378,23:15:07.386378,23:15:07.395717,23:15:07.395738,23:15:07.416811,23:15:07.425536,23:15:07.869319,23:15:07.869353,23:15:07.875212,23:15:07.875234,23:15:07.880734,23:15:07.645722,23:15:07.645911,23:15:07.383713
250,leak,23:15:11.342105,23:15:11.342105,23:15:11.342458,23:15:11.342458,23:15:11.343569,23:15:11.343569,23:15:11.344977,23:15:11.344977,23:15:11.355449,23:15:11.355471,23:15:11.369182,23:15:11.377773,23:15:11.809448,23:15:11.809476,23:15:11.815430,23:15:11.815451,23:15:11.820917,23:15:11.592959,23:15:11.593140,23:15:11.343101
250,safe,23:15:15.243361,23:15:15.243361,23:15:15.243670,23:15:15.243670,23:15:15.244748,23:15:15.244748,23:15:15.246140,23:15:15.246140,23:15:15.255251,23:15:15.255276,23:15:15.268938,23:15:15.277227,23:15:15.707665,23:15:15.707694,23:15:15.713764,23:15:15.713788,23:15:15.718976,23:15:15.493907,23:15:15.494079,23:15:15.244254
250,safe,23:15:20.609422,23:15:20.609422,23:15:20.609782,23:15:20.609782,23:15:20.611328,23:15:20.611328,23:15:20.613585,23:15:20.613585,23:15:20.624113,23:15:20.624134,23:15:20.637716,23:15:20.646002,23:15:21.093216,23:15:21.093244,23:15:21.099172,23:15:21.099197,23:15:21.104802,23:15:20.860716,23:15:20.860887,23:15:20.610421
250,safe,23:15:25.912403,23:15:25.912403,23:15:25.912758,23:15:25.912758,23:15:25.913780,23:15:25.913780,23:15:25.915799,23:15:25.915799,23:15:25.926242,23:15:25.926264,23:15:25.939517,23:15:25.947879,23:15:26.384907,23:15:26.384940,23:15:26.390817,23:15:26.390839,23:15:26.396356,23:15:26.183059,23:15:26.183222,23:15:25.913305
250,safe,23:15:31.230115,23:15:31.230115,23:15:31.230423,23:15:31.230423,23:15:31.231625,23:15:31.231625,23:15:31.234053,23:15:31.234053,23:15:31.243236,23:15:31.243257,23:15:31.256286,23:15:31.265039,23:15:31.707303,23:15:31.707331,23:15:31.713200,23:15:31.713222,23:15:31.718359,23:15:31.495699,23:15:31.495877,23:15:31.231052
250,leak,23:15:36.884299,23:15:36.884299,23:15:36.884613,23:15:36.884613,23:15:36.885777,23:15:36.885777,23:15:36.887842,23:15:36.887842,23:15:36.897045,23:15:36.897067,23:15:36.910902,23:15:36.919188,23:15:37.359509,23:15:37.359541,23:15:37.365716,23:15:37.365743,23:15:37.371656,23:15:37.151668,23:15:37.151837,23:15:36.885224
250,leak,23:15:40.986813,23:15:40.986813,23:15:40.987185,23:15:40.987185,23:15:40.988524,23:15:40.988524,23:15:40.989915,23:15:40.989915,23:15:40.999853,23:15:40.999874,23:15:41.013639,23:15:41.022663,23:15:41.452151,23:15:41.452179,23:15:41.457907,23:15:41.457928,23:15:41.463440,23:15:41.237974,23:15:41.238153,23:15:40.987932
250,leak,23:15:44.711248,23:15:44.711248,23:15:44.711599,23:15:44.711599,23:15:44.712739,23:15:44.712739,23:15:44.714108,23:15:44.714108,23:15:44.724452,23:15:44.724475,23:15:44.738272,23:15:44.746343,23:15:45.177761,23:15:45.177788,23:15:45.183833,23:15:45.183858,23:15:45.189335,23:15:44.962049,23:15:44.962218,23:15:44.712253
250,safe,23:15:48.501942,23:15:48.501942,23:15:48.502299,23:15:48.502299,23:15:48.503538,23:15:48.503538,23:15:48.504991,23:15:48.504991,23:15:48.515114,23:15:48.515138,23:15:48.528876,23:15:48.536991,23:15:48.978837,23:15:48.978870,23:15:48.984997,23:15:48.985024,23:15:48.990511,23:15:48.752697,23:15:48.752949,23:15:48.502965
250,leak,23:15:53.680675,23:15:53.680675,23:15:53.680988,23:15:53.680988,23:15:53.682136,23:15:53.682136,23:15:53.684336,23:15:53.684336,23:15:53.693524,23:15:53.693541,23:15:53.706831,23:15:53.714980,23:15:54.152646,23:15:54.152673,23:15:54.158711,23:15:54.158735,23:15:54.163904,23:15:53.951793,23:15:53.951958,23:15:53.681534
250,safe,23:15:58.505537,23:15:58.505537,23:15:58.505893,23:15:58.505893,23:15:58.506957,23:15:58.506957,23:15:58.508298,23:15:58.508298,23:15:58.517593,23:15:58.517615,23:15:58.530672,23:15:58.539106,23:15:58.990424,23:15:58.990453,23:15:58.996442,23:15:58.996466,23:15:59.001585,23:15:58.756532,23:15:58.756702,23:15:58.506464
250,safe,23:16:04.032025,23:16:04.032025,23:16:04.032389,23:16:04.032389,23:16:04.033622,23:16:04.033622,23:16:04.035714,23:16:04.035714,23:16:04.044998,23:16:04.045022,23:16:04.065755,23:16:04.073949,23:16:04.514966,23:16:04.514993,23:16:04.520840,23:16:04.520864,23:16:04.526486,23:16:04.306554,23:16:04.306725,23:16:04.033066
250,safe,23:16:09.350475,23:16:09.350475,23:16:09.350781,23:16:09.350781,23:16:09.351843,23:16:09.351843,23:16:09.353976,23:16:09.353976,23:16:09.363066,23:16:09.363087,23:16:09.376877,23:16:09.385786,23:16:09.828601,23:16:09.828629,23:16:09.834421,23:16:09.834451,23:16:09.839913,23:16:09.621694,23:16:09.621851,23:16:09.351328
250,leak,23:16:14.655012,23:16:14.655012,23:16:14.655358,23:16:14.655358,23:16:14.656520,23:16:14.656520,23:16:14.658828,23:16:14.658828,23:16:14.671524,23:16:14.671545,23:16:14.684991,23:16:14.693720,23:16:15.129224,23:16:15.129255,23:16:15.135212,23:16:15.135234,23:16:15.140437,23:16:14.922420,23:16:14.922594,23:16:14.655971
250,leak,23:16:17.865949,23:16:17.865949,23:16:17.866276,23:16:17.866276,23:16:17.867294,23:16:17.867294,23:16:17.868601,23:16:17.868601,23:16:17.877874,23:16:17.877920,23:16:17.892160,23:16:17.900234,23:16:18.338612,23:16:18.338638,23:16:18.344299,23:16:18.344323,23:16:18.349464,23:16:18.117033,23:16:18.117211,23:16:17.866819
250,leak,23:16:22.700593,23:16:22.700593,23:16:22.700897,23:16:22.700897,23:16:22.702278,23:16:22.702278,23:16:22.703716,23:16:22.703716,23:16:22.713062,23:16:22.713082,23:16:22.726630,23:16:22.735006,23:16:23.174699,23:16:23.174726,23:16:23.180325,23:16:23.180346,23:16:23.185785,23:16:22.951601,23:16:22.951757,23:16:22.701427
250,leak,23:16:27.604126,23:16:27.604126,23:16:27.604490,23:16:27.604490,23:16:27.605645,23:16:27.605645,23:16:27.606903,23:16:27.606903,23:16:27.616829,23:16:27.616854,23:16:27.630331,23:16:27.638748,23:16:28.075765,23:16:28.075792,23:16:28.081868,23:16:28.081890,23:16:28.087120,23:16:27.855045,23:16:27.855198,23:16:27.605123
250,safe,23:16:31.444406,23:16:31.444406,23:16:31.444784,23:16:31.444784,23:16:31.446179,23:16:31.446179,23:16:31.447651,23:16:31.447651,23:16:31.457020,23:16:31.457045,23:16:31.471441,23:16:31.479965,23:16:31.921258,23:16:31.921286,23:16:31.927403,23:16:31.927431,23:16:31.932822,23:16:31.695058,23:16:31.695213,23:16:31.445481
250,leak,23:16:36.789781,23:16:36.789781,23:16:36.790081,23:16:36.790081,23:16:36.791119,23:16:36.791119,23:16:36.793294,23:16:36.793294,23:16:36.802396,23:16:36.802417,23:16:36.816961,23:16:36.824986,23:16:37.267851,23:16:37.267877,23:16:37.273624,23:16:37.273649,23:16:37.278870,23:16:37.041031,23:16:37.041214,23:16:36.790626
250,leak,23:16:40.066619,23:16:40.066619,23:16:40.066983,23:16:40.066983,23:16:40.068106,23:16:40.068106,23:16:40.069457,23:16:40.069457,23:16:40.085824,23:16:40.085847,23:16:40.099999,23:16:40.108185,23:16:40.544489,23:16:40.544517,23:16:40.550663,23:16:40.550686,23:16:40.556259,23:16:40.317311,23:16:40.317477,23:16:40.067614
250,leak,23:16:44.974280,23:16:44.974280,23:16:44.974599,23:16:44.974599,23:16:44.975725,23:16:44.975725,23:16:44.977045,23:16:44.977045,23:16:44.986111,23:16:44.986132,23:16:44.999192,23:16:45.007536,23:16:45.445202,23:16:45.445230,23:16:45.450969,23:16:45.450990,23:16:45.456228,23:16:45.225279,23:16:45.225449,23:16:44.975231
250,safe,23:16:49.851884,23:16:49.851884,23:16:49.852207,23:16:49.852207,23:16:49.853213,23:16:49.853213,23:16:49.854534,23:16:49.854534,23:16:49.864480,23:16:49.864501,23:16:49.877757,23:16:49.886175,23:16:50.331194,23:16:50.331222,23:16:50.337279,23:16:50.337304,23:16:50.342816,23:16:50.102847,23:16:50.103037,23:16:49.852739
250,safe,23:16:55.086289,23:16:55.086289,23:16:55.086662,23:16:55.086662,23:16:55.087946,23:16:55.087946,23:16:55.090572,23:16:55.090572,23:16:55.100494,23:16:55.100518,23:16:55.114971,23:16:55.123343,23:16:55.561795,23:16:55.561823,23:16:55.567479,23:16:55.567501,23:16:55.572723,23:16:55.353416,23:16:55.353571,23:16:55.087343
250,leak,23:17:00.268252,23:17:00.268252,23:17:00.268555,23:17:00.268555,23:17:00.269621,23:17:00.269621,23:17:00.271975,23:17:00.271975,23:17:00.282359,23:17:00.282381,23:17:00.303284,23:17:00.312355,23:17:00.754418,23:17:00.754449,23:17:00.760324,23:17:00.760345,23:17:00.765619,23:17:00.529455,23:17:00.529603,23:17:00.269074
250,leak,23:17:03.990351,23:17:03.990351,23:17:03.990654,23:17:03.990654,23:17:03.991818,23:17:03.991818,23:17:03.993306,23:17:03.993306,23:17:04.002730,23:17:04.002762,23:17:04.016919,23:17:04.025953,23:17:04.461463,23:17:04.461495,23:17:04.467923,23:17:04.467944,23:17:04.473031,23:17:04.241240,23:17:04.241445,23:17:03.991253
250,safe,23:17:07.851378,23:17:07.851378,23:17:07.851703,23:17:07.851703,23:17:07.852775,23:17:07.852775,23:17:07.854195,23:17:07.854195,23:17:07.863381,23:17:07.863402,23:17:07.877226,23:17:07.885721,23:17:08.326896,23:17:08.326925,23:17:08.333091,23:17:08.333116,23:17:08.338587,23:17:08.102212,23:17:08.102384,23:17:07.852247
250,leak,23:17:13.141743,23:17:13.141743,23:17:13.142081,23:17:13.142081,23:17:13.143277,23:17:13.143277,23:17:13.145525,23:17:13.145525,23:17:13.154804,23:17:13.154830,23:17:13.168490,23:17:13.176743,23:17:13.613887,23:17:13.613917,23:17:13.620246,23:17:13.620270,23:17:13.625579,23:17:13.393007,23:17:13.393167,23:17:13.142728
250,leak,23:17:17.968885,23:17:17.968885,23:17:17.969183,23:17:17.969183,23:17:17.970337,23:17:17.970337,23:17:17.971707,23:17:17.971707,23:17:17.980874,23:17:17.980895,23:17:17.994387,23:17:18.002977,23:17:18.447736,23:17:18.447763,23:17:18.453616,23:17:18.453638,23:17:18.458844,23:17:18.219756,23:17:18.219922,23:17:17.969777
250,leak,23:17:21.469594,23:17:21.469594,23:17:21.469892,23:17:21.469892,23:17:21.471036,23:17:21.471036,23:17:21.472840,23:17:21.472840,23:17:21.481972,23:17:21.481993,23:17:21.495357,23:17:21.503601,23:17:21.939098,23:17:21.939126,23:17:21.945011,23:17:21.945037,23:17:21.950200,23:17:21.720629,23:17:21.720792,23:17:21.470507
250,leak,23:17:26.302133,23:17:26.302133,23:17:26.302528,23:17:26.302528,23:17:26.303608,23:17:26.303608,23:17:26.304938,23:17:26.304938,23:17:26.314094,23:17:26.314115,23:17:26.327004,23:17:26.335335,23:17:26.773560,23:17:26.773593,23:17:26.779738,23:17:26.779765,23:17:26.785226,23:17:26.553399,23:17:26.553590,23:17:26.303143
250,leak,23:17:31.219160,23:17:31.219160,23:17:31.219462,23:17:31.219462,23:17:31.220569,23:17:31.220569,23:17:31.222052,23:17:31.222052,23:17:31.232144,23:17:31.232165,23:17:31.245516,23:17:31.254241,23:17:31.699806,23:17:31.699834,23:17:31.705762,23:17:31.705786,23:17:31.711320,23:17:31.469983,23:17:31.470171,23:17:31.220023
250,leak,23:17:35.078163,23:17:35.078163,23:17:35.078551,23:17:35.078551,23:17:35.079803,23:17:35.079803,23:17:35.081277,23:17:35.081277,23:17:35.091429,23:17:35.091452,23:17:35.105116,23:17:35.113569,23:17:35.550275,23:17:35.550305,23:17:35.556060,23:17:35.556083,23:17:35.561679,23:17:35.329293,23:17:35.329502,23:17:35.079188
250,safe,23:17:39.934431,23:17:39.934431,23:17:39.934841,23:17:39.934841,23:17:39.936152,23:17:39.936152,23:17:39.937815,23:17:39.937815,23:17:39.948370,23:17:39.948394,23:17:39.962603,23:17:39.971578,23:17:40.409095,23:17:40.409123,23:17:40.415142,23:17:40.415165,23:17:40.420616,23:17:40.185420,23:17:40.185583,23:17:39.935555
250,leak,23:17:45.258949,23:17:45.258949,23:17:45.259269,23:17:45.259269,23:17:45.260306,23:17:45.260306,23:17:45.262690,23:17:45.262690,23:17:45.272330,23:17:45.272353,23:17:45.285619,23:17:45.293656,23:17:45.735382,23:17:45.735409,23:17:45.740994,23:17:45.741015,23:17:45.746409,23:17:45.520949,23:17:45.521098,23:17:45.259793
250,leak,23:17:50.221543,23:17:50.221543,23:17:50.221921,23:17:50.221921,23:17:50.223200,23:17:50.223200,23:17:50.224662,23:17:50.224662,23:17:50.233985,23:17:50.234003,23:17:50.247741,23:17:50.256131,23:17:50.785101,23:17:50.785129,23:17:50.790946,23:17:50.790970,23:17:50.796404,23:17:50.472295,23:17:50.472451,23:17:50.222679
250,leak,23:17:53.608089,23:17:53.608089,23:17:53.608457,23:17:53.608457,23:17:53.609743,23:17:53.609743,23:17:53.611123,23:17:53.611123,23:17:53.620496,23:17:53.620519,23:17:53.642253,23:17:53.650957,23:17:54.086124,23:17:54.086162,23:17:54.092507,23:17:54.092536,23:17:54.098043,23:17:53.859009,23:17:53.859188,23:17:53.609206
250,leak,23:17:56.836489,23:17:56.836489,23:17:56.836874,23:17:56.836874,23:17:56.838090,23:17:56.838090,23:17:56.839436,23:17:56.839436,23:17:56.850970,23:17:56.850993,23:17:56.864246,23:17:56.873106,23:17:57.315214,23:17:57.315243,23:17:57.321485,23:17:57.321512,23:17:57.327448,23:17:57.087254,23:17:57.087434,23:17:56.837541
250,leak,23:18:00.842291,23:18:00.842291,23:18:00.842641,23:18:00.842641,23:18:00.843773,23:18:00.843773,23:18:00.845226,23:18:00.845226,23:18:00.855818,23:18:00.855869,23:18:00.871226,23:18:00.880678,23:18:01.324667,23:18:01.324698,23:18:01.330801,23:18:01.330823,23:18:01.336293,23:18:01.093373,23:18:01.093550,23:18:00.843208
250,leak,23:18:04.745080,23:18:04.745080,23:18:04.745422,23:18:04.745422,23:18:04.746559,23:18:04.746559,23:18:04.748002,23:18:04.748002,23:18:04.757250,23:18:04.757271,23:18:04.770830,23:18:04.779051,23:18:05.210867,23:18:05.210898,23:18:05.216937,23:18:05.216962,23:18:05.222550,23:18:04.995920,23:18:04.996083,23:18:04.746010
250,leak,23:18:09.599779,23:18:09.599779,23:18:09.600127,23:18:09.600127,23:18:09.601543,23:18:09.601543,23:18:09.603131,23:18:09.603131,23:18:09.612467,23:18:09.612488,23:18:09.626014,23:18:09.634377,23:18:10.073189,23:18:10.073224,23:18:10.079367,23:18:10.079393,23:18:10.085098,23:18:09.850418,23:18:09.850607,23:18:09.600753
250,leak,23:18:13.540766,23:18:13.540766,23:18:13.541645,23:18:13.541645,23:18:13.543861,23:18:13.543861,23:18:13.546146,23:18:13.546146,23:18:13.557083,23:18:13.557115,23:18:13.575484,23:18:13.587328,23:18:14.044613,23:18:14.044644,23:18:14.051001,23:18:14.051035,23:18:14.058015,23:18:13.791631,23:18:13.791867,23:18:13.542957
250,safe,23:18:17.011478,23:18:17.011478,23:18:17.012182,23:18:17.012182,23:18:17.014058,23:18:17.014058,23:18:17.016722,23:18:17.016722,23:18:17.027319,23:18:17.027364,23:18:17.043953,23:18:17.053608,23:18:17.501527,23:18:17.501561,23:18:17.507861,23:18:17.507909,23:18:17.513885,23:18:17.261837,23:18:17.262005,23:18:17.013129
250,leak,23:18:22.414540,23:18:22.414540,23:18:22.414973,23:18:22.414973,23:18:22.416184,23:18:22.416184,23:18:22.418529,23:18:22.418529,23:18:22.427863,23:18:22.427901,23:18:22.442717,23:18:22.451594,23:18:22.898528,23:18:22.898564,23:18:22.904854,23:18:22.904881,23:18:22.911094,23:18:22.685080,23:18:22.685254,23:18:22.415694
250,leak,23:18:26.322611,23:18:26.322611,23:18:26.323146,23:18:26.323146,23:18:26.324588,23:18:26.324588,23:18:26.326176,23:18:26.326176,23:18:26.336046,23:18:26.336072,23:18:26.350765,23:18:26.359526,23:18:26.799262,23:18:26.799292,23:18:26.805480,23:18:26.805503,23:18:26.810998,23:18:26.574198,23:18:26.574386,23:18:26.323930
250,leak,23:18:31.326772,23:18:31.326772,23:18:31.327106,23:18:31.327106,23:18:31.328325,23:18:31.328325,23:18:31.330779,23:18:31.330779,23:18:31.340918,23:18:31.340939,23:18:31.354872,23:18:31.363782,23:18:31.816178,23:18:31.816210,23:18:31.822297,23:18:31.822326,23:18:31.827943,23:18:31.600699,23:18:31.600855,23:18:31.327764
250,leak,23:18:36.314355,23:18:36.314355,23:18:36.314801,23:18:36.314801,23:18:36.316141,23:18:36.316141,23:18:36.317996,23:18:36.317996,23:18:36.328432,23:18:36.328465,23:18:36.342698,23:18:36.351762,23:18:36.806888,23:18:36.806933,23:18:36.813093,23:18:36.813116,23:18:36.818856,23:18:36.565289,23:18:36.565461,23:18:36.315566
250,leak,23:18:40.423415,23:18:40.423415,23:18:40.423906,23:18:40.423906,23:18:40.425103,23:18:40.425103,23:18:40.426552,23:18:40.426552,23:18:40.436292,23:18:40.436322,23:18:40.451276,23:18:40.460706,23:18:40.905711,23:18:40.905743,23:18:40.912143,23:18:40.912171,23:18:40.918283,23:18:40.674175,23:18:40.674335,23:18:40.424587
250,leak,23:18:44.575898,23:18:44.575898,23:18:44.576217,23:18:44.576217,23:18:44.577394,23:18:44.577394,23:18:44.578890,23:18:44.578890,23:18:44.588173,23:18:44.588194,23:18:44.611589,23:18:44.620694,23:18:45.067483,23:18:45.067512,23:18:45.073343,23:18:45.073367,23:18:45.079270,23:18:44.826759,23:18:44.826955,23:18:44.576822
250,safe,23:18:48.403812,23:18:48.403812,23:18:48.404260,23:18:48.404260,23:18:48.405569,23:18:48.405569,23:18:48.407026,23:18:48.407026,23:18:48.416986,23:18:48.417004,23:18:48.431133,23:18:48.439925,23:18:48.884687,23:18:48.884729,23:18:48.894355,23:18:48.894390,23:18:48.908599,23:18:48.654679,23:18:48.654836,23:18:48.404943
250,leak,23:18:53.860510,23:18:53.860510,23:18:53.860878,23:18:53.860878,23:18:53.862333,23:18:53.862333,23:18:53.864848,23:18:53.864848,23:18:53.874254,23:18:53.874274,23:18:53.887981,23:18:53.896889,23:18:54.346255,23:18:54.346283,23:18:54.352402,23:18:54.352423,23:18:54.357756,23:18:54.126667,23:18:54.126831,23:18:53.861509
300,leak,23:18:58.795205,23:18:58.795205,23:18:58.796069,23:18:58.796069,23:18:58.798095,23:18:58.798095,23:18:58.800238,23:18:58.800238,23:18:58.810881,23:18:58.810947,23:18:58.832599,23:18:58.844106,23:18:59.309169,23:18:59.309201,23:18:59.315531,23:18:59.315557,23:18:59.321606,23:18:59.095802,23:18:59.095967,23:18:58.797281
300,leak,23:19:02.506060,23:19:02.506060,23:19:02.506452,23:19:02.506452,23:19:02.507708,23:19:02.507708,23:19:02.509057,23:19:02.509057,23:19:02.518444,23:19:02.518466,23:19:02.532326,23:19:02.541361,23:19:02.985255,23:19:02.985286,23:19:02.991302,23:19:02.991323,23:19:02.996917,23:19:02.807072,23:19:02.807233,23:19:02.507180
300,leak,23:19:06.433192,23:19:06.433192,23:19:06.433631,23:19:06.433631,23:19:06.435010,23:19:06.435010,23:19:06.436467,23:19:06.436467,23:19:06.445818,23:19:06.445836,23:19:06.460136,23:19:06.469721,23:19:06.916388,23:19:06.916420,23:19:06.922499,23:19:06.922524,23:19:06.928319,23:19:06.734052,23:19:06.734212,23:19:06.434426
300,leak,23:19:09.882006,23:19:09.882006,23:19:09.882395,23:19:09.882395,23:19:09.883633,23:19:09.883633,23:19:09.885076,23:19:09.885076,23:19:09.894556,23:19:09.894578,23:19:09.908545,23:19:09.917681,23:19:10.361321,23:19:10.361354,23:19:10.367595,23:19:10.367621,23:19:10.373093,23:19:10.182817,23:19:10.182994,23:19:09.883096
300,leak,23:19:13.729266,23:19:13.729266,23:19:13.729642,23:19:13.729642,23:19:13.731242,23:19:13.731242,23:19:13.732743,23:19:13.732743,23:19:13.742054,23:19:13.742076,23:19:13.756161,23:19:13.764719,23:19:14.210617,23:19:14.210649,23:19:14.216874,23:19:14.216899,23:19:14.222626,23:19:14.030372,23:19:14.030545,23:19:13.730635
300,leak,23:19:18.667105,23:19:18.667105,23:19:18.667573,23:19:18.667573,23:19:18.668866,23:19:18.668866,23:19:18.670444,23:19:18.670444,23:19:18.679760,23:19:18.679782,23:19:18.693314,23:19:18.702067,23:19:19.160691,23:19:19.160723,23:19:19.167040,23:19:19.167064,23:19:19.173045,23:19:18.967623,23:19:18.967777,23:19:18.668266
300,safe,23:19:23.636089,23:19:23.636089,23:19:23.636450,23:19:23.636450,23:19:23.637827,23:19:23.637827,23:19:23.639487,23:19:23.639487,23:19:23.649455,23:19:23.649482,23:19:23.663269,23:19:23.671561,23:19:24.121884,23:19:24.121916,23:19:24.128117,23:19:24.128141,23:19:24.134027,23:19:23.937198,23:19:23.937392,23:19:23.637268
300,leak,23:19:29.008941,23:19:29.008941,23:19:29.009436,23:19:29.009436,23:19:29.011050,23:19:29.011050,23:19:29.013328,23:19:29.013328,23:19:29.022927,23:19:29.022956,23:19:29.037221,23:19:29.046859,23:19:29.493874,23:19:29.493904,23:19:29.500038,23:19:29.500062,23:19:29.506041,23:19:29.320283,23:19:29.320435,23:19:29.010348
300,leak,23:19:34.027298,23:19:34.027298,23:19:34.027685,23:19:34.027685,23:19:34.028923,23:19:34.028923,23:19:34.031318,23:19:34.031318,23:19:34.040874,23:19:34.040892,23:19:34.054796,23:19:34.063495,23:19:34.513161,23:19:34.513189,23:19:34.519142,23:19:34.519166,23:19:34.524847,23:19:34.339873,23:19:34.340051,23:19:34.028392
300,leak,23:19:38.966334,23:19:38.966334,23:19:38.967035,23:19:38.967035,23:19:38.969254,23:19:38.969254,23:19:38.971712,23:19:38.971712,23:19:38.984455,23:19:38.984501,23:19:39.010843,23:19:39.021662,23:19:39.471828,23:19:39.471866,23:19:39.478279,23:19:39.478305,23:19:39.484286,23:19:39.266791,23:19:39.266954,23:19:38.968333
300,safe,23:19:43.934882,23:19:43.934882,23:19:43.935284,23:19:43.935284,23:19:43.936881,23:19:43.936881,23:19:43.938488,23:19:43.938488,23:19:43.947929,23:19:43.947951,23:19:43.962834,23:19:43.971991,23:19:44.421395,23:19:44.421423,23:19:44.427243,23:19:44.427263,23:19:44.432772,23:19:44.235790,23:19:44.235950,23:19:43.935932
300,leak,23:19:49.507449,23:19:49.507449,23:19:49.508054,23:19:49.508054,23:19:49.509433,23:19:49.509433,23:19:49.511671,23:19:49.511671,23:19:49.522123,23:19:49.522146,23:19:49.536745,23:19:49.545668,23:19:49.996827,23:19:49.996858,23:19:50.002967,23:19:50.002990,23:19:50.008568,23:19:49.820100,23:19:49.820256,23:19:49.508808
300,leak,23:19:53.357112,23:19:53.357112,23:19:53.357477,23:19:53.357477,23:19:53.358640,23:19:53.358640,23:19:53.359896,23:19:53.359896,23:19:53.369202,23:19:53.369229,23:19:53.384619,23:19:53.393653,23:19:53.838836,23:19:53.838864,23:19:53.844961,23:19:53.844986,23:19:53.850730,23:19:53.658474,23:19:53.658663,23:19:53.358122
300,leak,23:19:56.641340,23:19:56.641340,23:19:56.641685,23:19:56.641685,23:19:56.642992,23:19:56.642992,23:19:56.644456,23:19:56.644456,23:19:56.653849,23:19:56.653867,23:19:56.668032,23:19:56.676698,23:19:57.120976,23:19:57.121005,23:19:57.126843,23:19:57.126867,23:19:57.132711,23:19:56.942327,23:19:56.942495,23:19:56.642431
300,leak,23:20:00.571182,23:20:00.571182,23:20:00.571603,23:20:00.571603,23:20:00.573180,23:20:00.573180,23:20:00.574622,23:20:00.574622,23:20:00.584576,23:20:00.584594,23:20:00.597653,23:20:00.606187,23:20:01.048135,23:20:01.048167,23:20:01.054043,23:20:01.054074,23:20:01.059879,23:20:00.872422,23:20:00.872590,23:20:00.572302
300,leak,23:20:05.490924,23:20:05.490924,23:20:05.491259,23:20:05.491259,23:20:05.492458,23:20:05.492458,23:20:05.494012,23:20:05.494012,23:20:05.503219,23:20:05.503244,23:20:05.517565,23:20:05.526305,23:20:05.976806,23:20:05.976835,23:20:05.983009,23:20:05.983032,23:20:05.988371,23:20:05.791666,23:20:05.791846,23:20:05.491895
300,leak,23:20:09.443822,23:20:09.443822,23:20:09.444173,23:20:09.444173,23:20:09.445528,23:20:09.445528,23:20:09.447097,23:20:09.447097,23:20:09.456737,23:20:09.456754,23:20:09.470497,23:20:09.479569,23:20:09.928671,23:20:09.928704,23:20:09.935124,23:20:09.935161,23:20:09.941023,23:20:09.744841,23:20:09.745006,23:20:09.444882
300,safe,23:20:14.451103,23:20:14.451103,23:20:14.451556,23:20:14.451556,23:20:14.452805,23:20:14.452805,23:20:14.455054,23:20:14.455054,23:20:14.464634,23:20:14.464653,23:20:14.478480,23:20:14.486991,23:20:14.942246,23:20:14.942276,23:20:14.948996,23:20:14.949022,23:20:14.954716,23:20:14.775370,23:20:14.775540,23:20:14.452271
300,safe,23:20:19.852915,23:20:19.852915,23:20:19.853370,23:20:19.853370,23:20:19.854715,23:20:19.854715,23:20:19.857095,23:20:19.857095,23:20:19.866923,23:20:19.866950,23:20:19.880771,23:20:19.889246,23:20:20.337653,23:20:20.337683,23:20:20.343774,23:20:20.343797,23:20:20.349363,23:20:20.168721,23:20:20.168954,23:20:19.854135
300,leak,23:20:25.455492,23:20:25.455492,23:20:25.455859,23:20:25.455859,23:20:25.457019,23:20:25.457019,23:20:25.459144,23:20:25.459144,23:20:25.468697,23:20:25.468717,23:20:25.483234,23:20:25.491962,23:20:25.941590,23:20:25.941623,23:20:25.947878,23:20:25.947903,23:20:25.953558,23:20:25.773316,23:20:25.773483,23:20:25.456488
300,safe,23:20:29.293545,23:20:29.293545,23:20:29.293933,23:20:29.293933,23:20:29.295049,23:20:29.295049,23:20:29.296470,23:20:29.296470,23:20:29.306125,23:20:29.306153,23:20:29.320034,23:20:29.328255,23:20:29.773954,23:20:29.773986,23:20:29.779781,23:20:29.779802,23:20:29.785061,23:20:29.594238,23:20:29.594433,23:20:29.294525
300,leak,23:20:34.662594,23:20:34.662594,23:20:34.662957,23:20:34.662957,23:20:34.664134,23:20:34.664134,23:20:34.666458,23:20:34.666458,23:20:34.675791,23:20:34.675814,23:20:34.691416,23:20:34.710906,23:20:35.159725,23:20:35.159757,23:20:35.166424,23:20:35.166448,23:20:35.172772,23:20:34.976566,23:20:34.976728,23:20:34.663627
300,leak,23:20:38.608180,23:20:38.608180,23:20:38.608558,23:20:38.608558,23:20:38.609754,23:20:38.609754,23:20:38.611171,23:20:38.611171,23:20:38.620452,23:20:38.620474,23:20:38.635372,23:20:38.644297,23:20:39.094426,23:20:39.094454,23:20:39.100906,23:20:39.100929,23:20:39.106624,23:20:38.909228,23:20:38.909404,23:20:38.609238
300,safe,23:20:42.536461,23:20:42.536461,23:20:42.536821,23:20:42.536821,23:20:42.538035,23:20:42.538035,23:20:42.539439,23:20:42.539439,23:20:42.548761,23:20:42.548789,23:20:42.561997,23:20:42.570899,23:20:43.016649,23:20:43.016681,23:20:43.022848,23:20:43.022874,23:20:43.028482,23:20:42.837234,23:20:42.837412,23:20:42.537529
300,leak,23:20:47.936435,23:20:47.936435,23:20:47.936765,23:20:47.936765,23:20:47.937924,23:20:47.937924,23:20:47.940201,23:20:47.940201,23:20:47.950672,23:20:47.950692,23:20:47.964385,23:20:47.973186,23:20:48.419670,23:20:48.419700,23:20:48.425606,23:20:48.425630,23:20:48.431403,23:20:48.254298,23:20:48.254467,23:20:47.937424
300,leak,23:20:52.942462,23:20:52.942462,23:20:52.942930,23:20:52.942930,23:20:52.944234,23:20:52.944234,23:20:52.946404,23:20:52.946404,23:20:52.955817,23:20:52.955836,23:20:52.969640,23:20:52.978607,23:20:53.429084,23:20:53.429114,23:20:53.435255,23:20:53.435279,23:20:53.440867,23:20:53.243224,23:20:53.243399,23:20:52.943672
300,safe,23:20:56.397412,23:20:56.397412,23:20:56.397793,23:20:56.397793,23:20:56.398974,23:20:56.398974,23:20:56.400324,23:20:56.400324,23:20:56.409535,23:20:56.409554,23:20:56.423436,23:20:56.432063,23:20:56.876934,23:20:56.876968,23:20:56.882950,23:20:56.882979,23:20:56.888737,23:20:56.698549,23:20:56.698705,23:20:56.398455
300,safe,23:21:01.734787,23:21:01.734787,23:21:01.735160,23:21:01.735160,23:21:01.736334,23:21:01.736334,23:21:01.738707,23:21:01.738707,23:21:01.748157,23:21:01.748183,23:21:01.761791,23:21:01.770325,23:21:02.219707,23:21:02.219735,23:21:02.225988,23:21:02.226016,23:21:02.231864,23:21:02.046425,23:21:02.046579,23:21:01.735813
300,safe,23:21:07.016581,23:21:07.016581,23:21:07.017007,23:21:07.017007,23:21:07.018588,23:21:07.018588,23:21:07.020997,23:21:07.020997,23:21:07.030338,23:21:07.030360,23:21:07.044053,23:21:07.053337,23:21:07.500772,23:21:07.500799,23:21:07.506861,23:21:07.506888,23:21:07.512802,23:21:07.341472,23:21:07.341628,23:21:07.017790
300,leak,23:21:12.293305,23:21:12.293305,23:21:12.293700,23:21:12.293700,23:21:12.294906,23:21:12.294906,23:21:12.297078,23:21:12.297078,23:21:12.306301,23:21:12.306323,23:21:12.320323,23:21:12.328656,23:21:12.779758,23:21:12.779794,23:21:12.785920,23:21:12.785946,23:21:12.791473,23:21:12.605394,23:21:12.605551,23:21:12.294388
300,leak,23:21:17.242754,23:21:17.242754,23:21:17.243141,23:21:17.243141,23:21:17.244336,23:21:17.244336,23:21:17.245723,23:21:17.245723,23:21:17.255375,23:21:17.255395,23:21:17.270117,23:21:17.279049,23:21:17.729098,23:21:17.729133,23:21:17.735014,23:21:17.735037,23:21:17.740365,23:21:17.543422,23:21:17.543585,23:21:17.243809
300,leak,23:21:22.202701,23:21:22.202701,23:21:22.203051,23:21:22.203051,23:21:22.204250,23:21:22.204250,23:21:22.205782,23:21:22.205782,23:21:22.215060,23:21:22.215085,23:21:22.229376,23:21:22.237759,23:21:22.686746,23:21:22.686779,23:21:22.692887,23:21:22.692913,23:21:22.698600,23:21:22.503637,23:21:22.503797,23:21:22.203674
300,leak,23:21:26.156173,23:21:26.156173,23:21:26.156667,23:21:26.156667,23:21:26.158309,23:21:26.158309,23:21:26.159956,23:21:26.159956,23:21:26.172853,23:21:26.172895,23:21:26.188005,23:21:26.198620,23:21:26.644099,23:21:26.644129,23:21:26.651391,23:21:26.651417,23:21:26.657536,23:21:26.457034,23:21:26.457215,23:21:26.157540
300,leak,23:21:29.801988,23:21:29.801988,23:21:29.802417,23:21:29.802417,23:21:29.803871,23:21:29.803871,23:21:29.805276,23:21:29.805276,23:21:29.814841,23:21:29.814865,23:21:29.838355,23:21:29.847611,23:21:30.293637,23:21:30.293671,23:21:30.299775,23:21:30.299799,23:21:30.305514,23:21:30.102733,23:21:30.102900,23:21:29.803269
300,leak,23:21:33.283188,23:21:33.283188,23:21:33.283640,23:21:33.283640,23:21:33.285016,23:21:33.285016,23:21:33.286508,23:21:33.286508,23:21:33.295932,23:21:33.295951,23:21:33.310480,23:21:33.319412,23:21:33.761379,23:21:33.761409,23:21:33.767175,23:21:33.767197,23:21:33.772615,23:21:33.582682,23:21:33.582872,23:21:33.284401
300,leak,23:21:36.729447,23:21:36.729447,23:21:36.729822,23:21:36.729822,23:21:36.731027,23:21:36.731027,23:21:36.732850,23:21:36.732850,23:21:36.742642,23:21:36.742662,23:21:36.756423,23:21:36.764733,23:21:37.210257,23:21:37.210289,23:21:37.216432,23:21:37.216454,23:21:37.222004,23:21:37.030584,23:21:37.030801,23:21:36.730475
300,leak,23:21:40.528459,23:21:40.528459,23:21:40.528914,23:21:40.528914,23:21:40.530115,23:21:40.530115,23:21:40.531601,23:21:40.531601,23:21:40.540894,23:21:40.540917,23:21:40.555201,23:21:40.564004,23:21:41.009926,23:21:41.009958,23:21:41.016292,23:21:41.016321,23:21:41.024109,23:21:40.829771,23:21:40.829951,23:21:40.529542
300,safe,23:21:45.538428,23:21:45.538428,23:21:45.538814,23:21:45.538814,23:21:45.540069,23:21:45.540069,23:21:45.542197,23:21:45.542197,23:21:45.551619,23:21:45.551641,23:21:45.564954,23:21:45.573651,23:21:46.025632,23:21:46.025667,23:21:46.031964,23:21:46.031987,23:21:46.037487,23:21:45.851070,23:21:45.851226,23:21:45.539524
300,leak,23:21:50.877488,23:21:50.877488,23:21:50.877909,23:21:50.877909,23:21:50.879326,23:21:50.879326,23:21:50.881853,23:21:50.881853,23:21:50.891488,23:21:50.891511,23:21:50.905165,23:21:50.913922,23:21:51.362874,23:21:51.362907,23:21:51.369059,23:21:51.369087,23:21:51.374945,23:21:51.199125,23:21:51.199305,23:21:50.878730
300,safe,23:21:55.828479,23:21:55.828479,23:21:55.828882,23:21:55.828882,23:21:55.830078,23:21:55.830078,23:21:55.831408,23:21:55.831408,23:21:55.840633,23:21:55.840652,23:21:55.854643,23:21:55.863089,23:21:56.314310,23:21:56.314339,23:21:56.320312,23:21:56.320333,23:21:56.325759,23:21:56.129348,23:21:56.129542,23:21:55.829513
300,leak,23:22:01.123916,23:22:01.123916,23:22:01.124288,23:22:01.124288,23:22:01.125693,23:22:01.125693,23:22:01.128066,23:22:01.128066,23:22:01.138203,23:22:01.138245,23:22:01.152781,23:22:01.161915,23:22:01.610509,23:22:01.610541,23:22:01.616706,23:22:01.616728,23:22:01.622637,23:22:01.445974,23:22:01.446157,23:22:01.125118
300,leak,23:22:04.414524,23:22:04.414524,23:22:04.414889,23:22:04.414889,23:22:04.416459,23:22:04.416459,23:22:04.417918,23:22:04.417918,23:22:04.427302,23:22:04.427325,23:22:04.441564,23:22:04.450734,23:22:04.894654,23:22:04.894686,23:22:04.900559,23:22:04.900586,23:22:04.906233,23:22:04.715214,23:22:04.715384,23:22:04.415643
300,leak,23:22:07.851601,23:22:07.851601,23:22:07.851946,23:22:07.851946,23:22:07.853227,23:22:07.853227,23:22:07.854752,23:22:07.854752,23:22:07.864122,23:22:07.864140,23:22:07.877989,23:22:07.886448,23:22:08.331440,23:22:08.331470,23:22:08.337438,23:22:08.337461,23:22:08.343144,23:22:08.152693,23:22:08.152850,23:22:07.852617
300,leak,23:22:11.778131,23:22:11.778131,23:22:11.778465,23:22:11.778465,23:22:11.779732,23:22:11.779732,23:22:11.781159,23:22:11.781159,23:22:11.790718,23:22:11.790737,23:22:11.804034,23:22:11.812590,23:22:12.257804,23:22:12.257833,23:22:12.263909,23:22:12.263936,23:22:12.269503,23:22:12.079420,23:22:12.079587,23:22:11.779166
300,leak,23:22:15.408843,23:22:15.408843,23:22:15.409239,23:22:15.409239,23:22:15.410374,23:22:15.410374,23:22:15.411729,23:22:15.411729,23:22:15.421679,23:22:15.421701,23:22:15.435774,23:22:15.444545,23:22:15.888356,23:22:15.888388,23:22:15.894264,23:22:15.894289,23:22:15.899604,23:22:15.710014,23:22:15.710170,23:22:15.409893
300,safe,23:22:19.096514,23:22:19.096514,23:22:19.097197,23:22:19.097197,23:22:19.098712,23:22:19.098712,23:22:19.100521,23:22:19.100521,23:22:19.110900,23:22:19.110949,23:22:19.137053,23:22:19.147873,23:22:19.593859,23:22:19.593891,23:22:19.600619,23:22:19.600648,23:22:19.606246,23:22:19.396827,23:22:19.397063,23:22:19.098077
300,leak,23:22:24.491880,23:22:24.491880,23:22:24.492258,23:22:24.492258,23:22:24.493476,23:22:24.493476,23:22:24.495741,23:22:24.495741,23:22:24.505088,23:22:24.505113,23:22:24.519558,23:22:24.528516,23:22:24.975794,23:22:24.975826,23:22:24.982166,23:22:24.982193,23:22:24.987543,23:22:24.807437,23:22:24.807599,23:22:24.492874
300,safe,23:22:27.972887,23:22:27.972887,23:22:27.973294,23:22:27.973294,23:22:27.974525,23:22:27.974525,23:22:27.975936,23:22:27.975936,23:22:27.985236,23:22:27.985261,23:22:27.999574,23:22:28.007882,23:22:28.452904,23:22:28.452933,23:22:28.458831,23:22:28.458856,23:22:28.464287,23:22:28.273926,23:22:28.274083,23:22:27.973980
300,leak,23:22:33.254804,23:22:33.254804,23:22:33.255234,23:22:33.255234,23:22:33.256482,23:22:33.256482,23:22:33.258838,23:22:33.258838,23:22:33.268483,23:22:33.268513,23:22:33.284247,23:22:33.293141,23:22:33.739460,23:22:33.739490,23:22:33.745310,23:22:33.745333,23:22:33.750891,23:22:33.576575,23:22:33.576727,23:22:33.255960
300,safe,23:22:38.193315,23:22:38.193315,23:22:38.193820,23:22:38.193820,23:22:38.195535,23:22:38.195535,23:22:38.197036,23:22:38.197036,23:22:38.206655,23:22:38.206677,23:22:38.220547,23:22:38.229072,23:22:38.680352,23:22:38.680403,23:22:38.686487,23:22:38.686512,23:22:38.691921,23:22:38.493979,23:22:38.494144,23:22:38.194649
300,leak,23:22:43.621468,23:22:43.621468,23:22:43.621872,23:22:43.621872,23:22:43.623137,23:22:43.623137,23:22:43.625444,23:22:43.625444,23:22:43.635999,23:22:43.636021,23:22:43.650487,23:22:43.658730,23:22:44.105784,23:22:44.105813,23:22:44.112179,23:22:44.112203,23:22:44.117824,23:22:43.947860,23:22:43.948015,23:22:43.622604
300,leak,23:22:47.595498,23:22:47.595498,23:22:47.595903,23:22:47.595903,23:22:47.597260,23:22:47.597260,23:22:47.598639,23:22:47.598639,23:22:47.607875,23:22:47.607899,23:22:47.621758,23:22:47.630351,23:22:48.074124,23:22:48.074156,23:22:48.080343,23:22:48.080386,23:22:48.086348,23:22:47.896295,23:22:47.896488,23:22:47.596648
300,leak,23:22:51.115540,23:22:51.115540,23:22:51.116056,23:22:51.116056,23:22:51.117916,23:22:51.117916,23:22:51.119419,23:22:51.119419,23:22:51.128924,23:22:51.128962,23:22:51.144122,23:22:51.153953,23:22:51.600750,23:22:51.600785,23:22:51.607007,23:22:51.607037,23:22:51.613126,23:22:51.416542,23:22:51.416706,23:22:51.116984
300,leak,23:22:54.570796,23:22:54.570796,23:22:54.571115,23:22:54.571115,23:22:54.572229,23:22:54.572229,23:22:54.573707,23:22:54.573707,23:22:54.582910,23:22:54.582938,23:22:54.597091,23:22:54.605863,23:22:55.050642,23:22:55.050676,23:22:55.056963,23:22:55.056991,23:22:55.062590,23:22:54.871726,23:22:54.871894,23:22:54.571720
300,leak,23:22:58.149954,23:22:58.149954,23:22:58.150437,23:22:58.150437,23:22:58.152101,23:22:58.152101,23:22:58.153659,23:22:58.153659,23:22:58.163615,23:22:58.163651,23:22:58.178410,23:22:58.187640,23:22:58.633033,23:22:58.633062,23:22:58.638771,23:22:58.638795,23:22:58.644783,23:22:58.450886,23:22:58.451077,23:22:58.151266
300,safe,23:23:03.113539,23:23:03.113539,23:23:03.113931,23:23:03.113931,23:23:03.115261,23:23:03.115261,23:23:03.116729,23:23:03.116729,23:23:03.128426,23:23:03.128453,23:23:03.144141,23:23:03.153425,23:23:03.602118,23:23:03.602151,23:23:03.608209,23:23:03.608236,23:23:03.613887,23:23:03.415386,23:23:03.415551,23:23:03.114616
300,leak,23:23:08.380804,23:23:08.380804,23:23:08.381275,23:23:08.381275,23:23:08.382652,23:23:08.382652,23:23:08.385397,23:23:08.385397,23:23:08.394855,23:23:08.394923,23:23:08.409727,23:23:08.418543,23:23:08.864861,23:23:08.864892,23:23:08.870929,23:23:08.870953,23:23:08.876942,23:23:08.698133,23:23:08.698281,23:23:08.382066
300,safe,23:23:12.335823,23:23:12.335823,23:23:12.336255,23:23:12.336255,23:23:12.337413,23:23:12.337413,23:23:12.338846,23:23:12.338846,23:23:12.348246,23:23:12.348264,23:23:12.369790,23:23:12.378666,23:23:12.821823,23:23:12.821854,23:23:12.827903,23:23:12.827925,23:23:12.833183,23:23:12.637011,23:23:12.637174,23:23:12.336883
300,safe,23:23:17.722264,23:23:17.722264,23:23:17.722582,23:23:17.722582,23:23:17.723828,23:23:17.723828,23:23:17.726084,23:23:17.726084,23:23:17.735495,23:23:17.735534,23:23:17.750363,23:23:17.758810,23:23:18.207470,23:23:18.207501,23:23:18.213414,23:23:18.213438,23:23:18.218918,23:23:18.045839,23:23:18.045994,23:23:17.723240
300,leak,23:23:22.992275,23:23:22.992275,23:23:22.992644,23:23:22.992644,23:23:22.993828,23:23:22.993828,23:23:22.996238,23:23:22.996238,23:23:23.005658,23:23:23.005680,23:23:23.020167,23:23:23.028439,23:23:23.476204,23:23:23.476234,23:23:23.482182,23:23:23.482206,23:23:23.487761,23:23:23.313048,23:23:23.313200,23:23:22.993318
300,leak,23:23:27.920464,23:23:27.920464,23:23:27.920838,23:23:27.920838,23:23:27.922162,23:23:27.922162,23:23:27.923851,23:23:27.923851,23:23:27.933217,23:23:27.933239,23:23:27.947975,23:23:27.956636,23:23:28.405315,23:23:28.405350,23:23:28.411508,23:23:28.411535,23:23:28.417119,23:23:28.221297,23:23:28.221459,23:23:27.921560
300,leak,23:23:31.838858,23:23:31.838858,23:23:31.839200,23:23:31.839200,23:23:31.840450,23:23:31.840450,23:23:31.841928,23:23:31.841928,23:23:31.851582,23:23:31.851608,23:23:31.865754,23:23:31.874650,23:23:32.319935,23:23:32.319963,23:23:32.325742,23:23:32.325766,23:23:32.331407,23:23:32.139616,23:23:32.139794,23:23:31.839882
300,safe,23:23:35.498201,23:23:35.498201,23:23:35.498557,23:23:35.498557,23:23:35.499659,23:23:35.499659,23:23:35.501039,23:23:35.501039,23:23:35.510950,23:23:35.510972,23:23:35.524503,23:23:35.533229,23:23:35.977302,23:23:35.977330,23:23:35.983299,23:23:35.983323,23:23:35.989204,23:23:35.799076,23:23:35.799234,23:23:35.499159
300,leak,23:23:40.750847,23:23:40.750847,23:23:40.751250,23:23:40.751250,23:23:40.752583,23:23:40.752583,23:23:40.755030,23:23:40.755030,23:23:40.764399,23:23:40.764425,23:23:40.778113,23:23:40.786513,23:23:41.235468,23:23:41.235498,23:23:41.242000,23:23:41.242027,23:23:41.247760,23:23:41.074871,23:23:41.075032,23:23:40.751988
300,leak,23:23:44.092007,23:23:44.092007,23:23:44.092405,23:23:44.092405,23:23:44.093779,23:23:44.093779,23:23:44.095371,23:23:44.095371,23:23:44.104832,23:23:44.104864,23:23:44.118933,23:23:44.127663,23:23:44.571234,23:23:44.571272,23:23:44.577346,23:23:44.577370,23:23:44.582747,23:23:44.393050,23:23:44.393207,23:23:44.093040
300,leak,23:23:48.047763,23:23:48.047763,23:23:48.048192,23:23:48.048192,23:23:48.049668,23:23:48.049668,23:23:48.051054,23:23:48.051054,23:23:48.060422,23:23:48.060444,23:23:48.075108,23:23:48.083966,23:23:48.529888,23:23:48.529955,23:23:48.535955,23:23:48.535982,23:23:48.541591,23:23:48.348804,23:23:48.348968,23:23:48.049050
300,leak,23:23:51.515700,23:23:51.515700,23:23:51.516159,23:23:51.516159,23:23:51.517396,23:23:51.517396,23:23:51.518889,23:23:51.518889,23:23:51.528181,23:23:51.528204,23:23:51.541962,23:23:51.550429,23:23:51.993573,23:23:51.993601,23:23:52.000063,23:23:52.000086,23:23:52.005523,23:23:51.816552,23:23:51.816716,23:23:51.516856
300,leak,23:23:54.966838,23:23:54.966838,23:23:54.967192,23:23:54.967192,23:23:54.968397,23:23:54.968397,23:23:54.969754,23:23:54.969754,23:23:54.978971,23:23:54.978996,23:23:54.993147,23:23:55.001485,23:23:55.447807,23:23:55.447837,23:23:55.453895,23:23:55.453943,23:23:55.459227,23:23:55.267882,23:23:55.268043,23:23:54.967832
300,leak,23:23:58.577949,23:23:58.577949,23:23:58.578378,23:23:58.578378,23:23:58.579677,23:23:58.579677,23:23:58.581337,23:23:58.581337,23:23:58.590885,23:23:58.590907,23:23:58.605373,23:23:58.614104,23:23:59.062044,23:23:59.062099,23:23:59.070077,23:23:59.070107,23:23:59.077784,23:23:58.878631,23:23:58.878790,23:23:58.579146
300,leak,23:24:03.630843,23:24:03.630843,23:24:03.631228,23:24:03.631228,23:24:03.632309,23:24:03.632309,23:24:03.634402,23:24:03.634402,23:24:03.644286,23:24:03.644313,23:24:03.666937,23:24:03.675660,23:24:04.126138,23:24:04.126167,23:24:04.132056,23:24:04.132079,23:24:04.137394,23:24:03.948375,23:24:03.948532,23:24:03.631830
300,leak,23:24:07.116361,23:24:07.116361,23:24:07.116808,23:24:07.116808,23:24:07.118111,23:24:07.118111,23:24:07.119448,23:24:07.119448,23:24:07.129812,23:24:07.129830,23:24:07.144044,23:24:07.153116,23:24:07.591108,23:24:07.591140,23:24:07.597496,23:24:07.597519,23:24:07.602722,23:24:07.417364,23:24:07.417528,23:24:07.117514
300,leak,23:24:12.062252,23:24:12.062252,23:24:12.062576,23:24:12.062576,23:24:12.063724,23:24:12.063724,23:24:12.065087,23:24:12.065087,23:24:12.075440,23:24:12.075464,23:24:12.089645,23:24:12.098438,23:24:12.546826,23:24:12.546857,23:24:12.552749,23:24:12.552774,23:24:12.558246,23:24:12.363266,23:24:12.363430,23:24:12.063166
300,leak,23:24:16.001065,23:24:16.001065,23:24:16.001475,23:24:16.001475,23:24:16.002635,23:24:16.002635,23:24:16.004021,23:24:16.004021,23:24:16.013373,23:24:16.013408,23:24:16.027456,23:24:16.036046,23:24:16.482129,23:24:16.482158,23:24:16.487977,23:24:16.488001,23:24:16.494078,23:24:16.302673,23:24:16.302844,23:24:16.002114
300,leak,23:24:20.943685,23:24:20.943685,23:24:20.944173,23:24:20.944173,23:24:20.945581,23:24:20.945581,23:24:20.946925,23:24:20.946925,23:24:20.957398,23:24:20.957423,23:24:20.971476,23:24:20.980454,23:24:21.433111,23:24:21.433151,23:24:21.439558,23:24:21.439583,23:24:21.445672,23:24:21.244296,23:24:21.244462,23:24:20.944971
300,leak,23:24:24.375019,23:24:24.375019,23:24:24.375430,23:24:24.375430,23:24:24.376702,23:24:24.376702,23:24:24.378184,23:24:24.378184,23:24:24.387513,23:24:24.387537,23:24:24.401525,23:24:24.410516,23:24:24.854878,23:24:24.854906,23:24:24.860593,23:24:24.860613,23:24:24.865838,23:24:24.675664,23:24:24.675832,23:24:24.376110
300,leak,23:24:27.748689,23:24:27.748689,23:24:27.749067,23:24:27.749067,23:24:27.750311,23:24:27.750311,23:24:27.751679,23:24:27.751679,23:24:27.761078,23:24:27.761099,23:24:27.775001,23:24:27.783563,23:24:28.228567,23:24:28.228597,23:24:28.234600,23:24:28.234625,23:24:28.240203,23:24:28.049573,23:24:28.049752,23:24:27.749745
300,leak,23:24:31.783502,23:24:31.783502,23:24:31.783984,23:24:31.783984,23:24:31.785331,23:24:31.785331,23:24:31.786876,23:24:31.786876,23:24:31.796575,23:24:31.796609,23:24:31.811518,23:24:31.820759,23:24:32.271104,23:24:32.271140,23:24:32.277391,23:24:32.277417,23:24:32.283541,23:24:32.084988,23:24:32.085152,23:24:31.784785
300,leak,23:24:36.719651,23:24:36.719651,23:24:36.720034,23:24:36.720034,23:24:36.721266,23:24:36.721266,23:24:36.722763,23:24:36.722763,23:24:36.732072,23:24:36.732094,23:24:36.745848,23:24:36.754727,23:24:37.203520,23:24:37.203553,23:24:37.209649,23:24:37.209672,23:24:37.215463,23:24:37.020617,23:24:37.020832,23:24:36.720739
300,safe,23:24:40.215800,23:24:40.215800,23:24:40.216190,23:24:40.216190,23:24:40.217436,23:24:40.217436,23:24:40.218894,23:24:40.218894,23:24:40.230596,23:24:40.230618,23:24:40.245152,23:24:40.254268,23:24:40.699161,23:24:40.699194,23:24:40.705364,23:24:40.705391,23:24:40.711349,23:24:40.516621,23:24:40.516776,23:24:40.216894
300,leak,23:24:45.608801,23:24:45.608801,23:24:45.609239,23:24:45.609239,23:24:45.610527,23:24:45.610527,23:24:45.612815,23:24:45.612815,23:24:45.622126,23:24:45.622147,23:24:45.637747,23:24:45.646683,23:24:46.098579,23:24:46.098608,23:24:46.104914,23:24:46.104941,23:24:46.110952,23:24:45.920525,23:24:45.920678,23:24:45.609952
300,leak,23:24:49.632058,23:24:49.632058,23:24:49.632485,23:24:49.632485,23:24:49.633721,23:24:49.633721,23:24:49.635222,23:24:49.635222,23:24:49.644565,23:24:49.644592,23:24:49.658929,23:24:49.667694,23:24:50.115557,23:24:50.115586,23:24:50.121833,23:24:50.121860,23:24:50.127742,23:24:49.932939,23:24:49.933097,23:24:49.633156
300,safe,23:24:54.575661,23:24:54.575661,23:24:54.576104,23:24:54.576104,23:24:54.577349,23:24:54.577349,23:24:54.579213,23:24:54.579213,23:24:54.588632,23:24:54.588658,23:24:54.612455,23:24:54.621311,23:24:55.071735,23:24:55.071767,23:24:55.078020,23:24:55.078043,23:24:55.083691,23:24:54.876346,23:24:54.876538,23:24:54.576808
300,leak,23:25:00.170008,23:25:00.170008,23:25:00.170454,23:25:00.170454,23:25:00.171789,23:25:00.171789,23:25:00.174146,23:25:00.174146,23:25:00.184721,23:25:00.184753,23:25:00.199520,23:25:00.208295,23:25:00.657787,23:25:00.657814,23:25:00.663914,23:25:00.663937,23:25:00.669325,23:25:00.471144,23:25:00.471369,23:25:00.171242
300,leak,23:25:03.648423,23:25:03.648423,23:25:03.648792,23:25:03.648792,23:25:03.650194,23:25:03.650194,23:25:03.651726,23:25:03.651726,23:25:03.661028,23:25:03.661051,23:25:03.675538,23:25:03.684084,23:25:04.128714,23:25:04.128748,23:25:04.134652,23:25:04.134678,23:25:04.140375,23:25:03.949746,23:25:03.949932,23:25:03.649547
300,safe,23:25:07.017571,23:25:07.017571,23:25:07.018024,23:25:07.018024,23:25:07.019220,23:25:07.019220,23:25:07.020651,23:25:07.020651,23:25:07.030239,23:25:07.030267,23:25:07.044663,23:25:07.053491,23:25:07.497602,23:25:07.497630,23:25:07.503568,23:25:07.503593,23:25:07.509288,23:25:07.318299,23:25:07.318472,23:25:07.018692
300,leak,23:25:12.420771,23:25:12.420771,23:25:12.421175,23:25:12.421175,23:25:12.422436,23:25:12.422436,23:25:12.425003,23:25:12.425003,23:25:12.435247,23:25:12.435270,23:25:12.450398,23:25:12.459269,23:25:12.910126,23:25:12.910160,23:25:12.916286,23:25:12.916311,23:25:12.922095,23:25:12.738100,23:25:12.738254,23:25:12.421857
300,leak,23:25:15.570461,23:25:15.570461,23:25:15.570875,23:25:15.570875,23:25:15.572158,23:25:15.572158,23:25:15.573603,23:25:15.573603,23:25:15.583785,23:25:15.583805,23:25:15.597933,23:25:15.607154,23:25:16.051112,23:25:16.051144,23:25:16.057347,23:25:16.057372,23:25:16.062761,23:25:15.871210,23:25:15.871437,23:25:15.571576
300,safe,23:25:18.853767,23:25:18.853767,23:25:18.854246,23:25:18.854246,23:25:18.855415,23:25:18.855415,23:25:18.856873,23:25:18.856873,23:25:18.866196,23:25:18.866220,23:25:18.880741,23:25:18.889307,23:25:19.338987,23:25:19.339015,23:25:19.344971,23:25:19.344996,23:25:19.350604,23:25:19.154497,23:25:19.154663,23:25:18.854868
300,safe,23:25:24.252979,23:25:24.252979,23:25:24.253446,23:25:24.253446,23:25:24.254965,23:25:24.254965,23:25:24.257496,23:25:24.257496,23:25:24.267159,23:25:24.267185,23:25:24.281501,23:25:24.290597,23:25:24.740438,23:25:24.740473,23:25:24.746760,23:25:24.746787,23:25:24.752236,23:25:24.565559,23:25:24.565715,23:25:24.254257
300,leak,23:25:29.738655,23:25:29.738655,23:25:29.739100,23:25:29.739100,23:25:29.740455,23:25:29.740455,23:25:29.743317,23:25:29.743317,23:25:29.753672,23:25:29.753711,23:25:29.768533,23:25:29.777270,23:25:30.228729,23:25:30.228762,23:25:30.235241,23:25:30.235265,23:25:30.240987,23:25:30.060144,23:25:30.060309,23:25:29.739865
300,leak,23:25:34.786978,23:25:34.786978,23:25:34.787303,23:25:34.787303,23:25:34.788565,23:25:34.788565,23:25:34.791136,23:25:34.791136,23:25:34.801108,23:25:34.801138,23:25:34.815122,23:25:34.823380,23:25:35.272723,23:25:35.272758,23:25:35.279323,23:25:35.279347,23:25:35.284866,23:25:35.102132,23:25:35.102282,23:25:34.787958
300,leak,23:25:39.782975,23:25:39.782975,23:25:39.783369,23:25:39.783369,23:25:39.785049,23:25:39.785049,23:25:39.786731,23:25:39.786731,23:25:39.796030,23:25:39.796052,23:25:39.810137,23:25:39.819274,23:25:40.269151,23:25:40.269180,23:25:40.275022,23:25:40.275046,23:25:40.280431,23:25:40.083874,23:25:40.084114,23:25:39.784082
300,leak,23:25:43.798167,23:25:43.798167,23:25:43.798740,23:25:43.798740,23:25:43.800419,23:25:43.800419,23:25:43.802344,23:25:43.802344,23:25:43.812638,23:25:43.812675,23:25:43.826929,23:25:43.836336,23:25:44.290740,23:25:44.290769,23:25:44.296844,23:25:44.296867,23:25:44.302967,23:25:44.099076,23:25:44.099252,23:25:43.799708
300,leak,23:25:48.816355,23:25:48.816355,23:25:48.816845,23:25:48.816845,23:25:48.818257,23:25:48.818257,23:25:48.821005,23:25:48.821005,23:25:48.830501,23:25:48.830518,23:25:48.854315,23:25:48.863283,23:25:49.324724,23:25:49.324753,23:25:49.330729,23:25:49.330756,23:25:49.336472,23:25:49.139614,23:25:49.139823,23:25:48.817647
300,leak,23:25:52.517787,23:25:52.517787,23:25:52.518300,23:25:52.518300,23:25:52.519689,23:25:52.519689,23:25:52.521045,23:25:52.521045,23:25:52.531747,23:25:52.531766,23:25:52.546430,23:25:52.555327,23:25:52.998944,23:25:52.998975,23:25:53.005029,23:25:53.005058,23:25:53.010460,23:25:52.818415,23:25:52.818579,23:25:52.519162
300,leak,23:25:56.460398,23:25:56.460398,23:25:56.460797,23:25:56.460797,23:25:56.461945,23:25:56.461945,23:25:56.463553,23:25:56.463553,23:25:56.473320,23:25:56.473348,23:25:56.487379,23:25:56.495831,23:25:56.940389,23:25:56.940417,23:25:56.946233,23:25:56.946257,23:25:56.951703,23:25:56.761553,23:25:56.761733,23:25:56.461425
300,leak,23:26:01.401623,23:26:01.401623,23:26:01.402064,23:26:01.402064,23:26:01.403453,23:26:01.403453,23:26:01.404903,23:26:01.404903,23:26:01.415411,23:26:01.415432,23:26:01.430290,23:26:01.439577,23:26:01.891420,23:26:01.891452,23:26:01.897456,23:26:01.897479,23:26:01.903823,23:26:01.702420,23:26:01.702587,23:26:01.402861
300,leak,23:26:04.757434,23:26:04.757434,23:26:04.757853,23:26:04.757853,23:26:04.759187,23:26:04.759187,23:26:04.760947,23:26:04.760947,23:26:04.771042,23:26:04.771072,23:26:04.785138,23:26:04.793445,23:26:05.242804,23:26:05.242836,23:26:05.248828,23:26:05.248852,23:26:05.254352,23:26:05.058255,23:26:05.058404,23:26:04.758615
300,leak,23:26:08.890296,23:26:08.890296,23:26:08.890681,23:26:08.890681,23:26:08.891874,23:26:08.891874,23:26:08.893263,23:26:08.893263,23:26:08.903704,23:26:08.903729,23:26:08.917804,23:26:08.926594,23:26:09.382447,23:26:09.382480,23:26:09.388403,23:26:09.388424,23:26:09.393886,23:26:09.191301,23:26:09.191511,23:26:08.891350
300,leak,23:26:12.886025,23:26:12.886025,23:26:12.886353,23:26:12.886353,23:26:12.887476,23:26:12.887476,23:26:12.888827,23:26:12.888827,23:26:12.898105,23:26:12.898126,23:26:12.912555,23:26:12.921265,23:26:13.368560,23:26:13.368594,23:26:13.374599,23:26:13.374625,23:26:13.380539,23:26:13.187147,23:26:13.187361,23:26:12.886964
350,safe,23:26:16.242846,23:26:16.242846,23:26:16.243246,23:26:16.243246,23:26:16.244537,23:26:16.244537,23:26:16.246011,23:26:16.246011,23:26:16.255339,23:26:16.255357,23:26:16.269263,23:26:16.278153,23:26:16.724914,23:26:16.724945,23:26:16.731117,23:26:16.731143,23:26:16.736711,23:26:16.593802,23:26:16.593965,23:26:16.243972
350,leak,23:26:21.893715,23:26:21.893715,23:26:21.894142,23:26:21.894142,23:26:21.895354,23:26:21.895354,23:26:21.897509,23:26:21.897509,23:26:21.909970,23:26:21.909996,23:26:21.924081,23:26:21.932619,23:26:22.380816,23:26:22.380847,23:26:22.387119,23:26:22.387145,23:26:22.392578,23:26:22.264915,23:26:22.265066,23:26:21.894762
350,leak,23:26:26.862771,23:26:26.862771,23:26:26.863084,23:26:26.863084,23:26:26.864203,23:26:26.864203,23:26:26.865514,23:26:26.865514,23:26:26.875399,23:26:26.875425,23:26:26.889112,23:26:26.897674,23:26:27.346821,23:26:27.346848,23:26:27.352559,23:26:27.352582,23:26:27.357835,23:26:27.213852,23:26:27.214019,23:26:26.863716
350,leak,23:26:31.900199,23:26:31.900199,23:26:31.900618,23:26:31.900618,23:26:31.902179,23:26:31.902179,23:26:31.904704,23:26:31.904704,23:26:31.914074,23:26:31.914093,23:26:31.927271,23:26:31.935720,23:26:32.387719,23:26:32.387747,23:26:32.393856,23:26:32.393883,23:26:32.399857,23:26:32.267833,23:26:32.268028,23:26:31.901291
350,safe,23:26:36.886292,23:26:36.886292,23:26:36.886739,23:26:36.886739,23:26:36.887968,23:26:36.887968,23:26:36.889478,23:26:36.889478,23:26:36.898829,23:26:36.898851,23:26:36.912964,23:26:36.921455,23:26:37.373095,23:26:37.373125,23:26:37.379043,23:26:37.379064,23:26:37.384537,23:26:37.237012,23:26:37.237191,23:26:36.887445
350,leak,23:26:42.348414,23:26:42.348414,23:26:42.348849,23:26:42.348849,23:26:42.350133,23:26:42.350133,23:26:42.352264,23:26:42.352264,23:26:42.361592,23:26:42.361615,23:26:42.385107,23:26:42.394176,23:26:42.841336,23:26:42.841368,23:26:42.847486,23:26:42.847510,23:26:42.853577,23:26:42.719650,23:26:42.719831,23:26:42.349589
350,safe,23:26:47.319023,23:26:47.319023,23:26:47.319391,23:26:47.319391,23:26:47.320655,23:26:47.320655,23:26:47.322114,23:26:47.322114,23:26:47.332541,23:26:47.332562,23:26:47.346901,23:26:47.355257,23:26:47.807877,23:26:47.807910,23:26:47.814188,23:26:47.814212,23:26:47.819611,23:26:47.669937,23:26:47.670099,23:26:47.320045
350,leak,23:26:52.782495,23:26:52.782495,23:26:52.782955,23:26:52.782955,23:26:52.784199,23:26:52.784199,23:26:52.786408,23:26:52.786408,23:26:52.795691,23:26:52.795713,23:26:52.809553,23:26:52.818301,23:26:53.265957,23:26:53.265988,23:26:53.272367,23:26:53.272397,23:26:53.277871,23:26:53.143741,23:26:53.143924,23:26:52.783604
350,leak,23:26:56.727631,23:26:56.727631,23:26:56.728046,23:26:56.728046,23:26:56.729335,23:26:56.729335,23:26:56.730751,23:26:56.730751,23:26:56.741241,23:26:56.741265,23:26:56.754922,23:26:56.763486,23:26:57.208529,23:26:57.208559,23:26:57.214854,23:26:57.214880,23:26:57.220496,23:26:57.078913,23:26:57.079077,23:26:56.728751
350,safe,23:27:01.761241,23:27:01.761241,23:27:01.761560,23:27:01.761560,23:27:01.762821,23:27:01.762821,23:27:01.764993,23:27:01.764993,23:27:01.774232,23:27:01.774252,23:27:01.788632,23:27:01.797412,23:27:02.246901,23:27:02.246934,23:27:02.252911,23:27:02.252936,23:27:02.258538,23:27:02.130754,23:27:02.130976,23:27:01.762264
350,safe,23:27:07.208826,23:27:07.208826,23:27:07.209282,23:27:07.209282,23:27:07.210874,23:27:07.210874,23:27:07.213428,23:27:07.213428,23:27:07.222892,23:27:07.222916,23:27:07.237414,23:27:07.246356,23:27:07.693598,23:27:07.693627,23:27:07.699561,23:27:07.699587,23:27:07.705873,23:27:07.569320,23:27:07.569485,23:27:07.210030
350,leak,23:27:12.482695,23:27:12.482695,23:27:12.483104,23:27:12.483104,23:27:12.484431,23:27:12.484431,23:27:12.487054,23:27:12.487054,23:27:12.496346,23:27:12.496371,23:27:12.510096,23:27:12.518925,23:27:12.967236,23:27:12.967270,23:27:12.973447,23:27:12.973475,23:27:12.979034,23:27:12.845980,23:27:12.846129,23:27:12.483774
350,safe,23:27:17.500710,23:27:17.500710,23:27:17.501048,23:27:17.501048,23:27:17.502271,23:27:17.502271,23:27:17.504677,23:27:17.504677,23:27:17.514001,23:27:17.514019,23:27:17.527407,23:27:17.536641,23:27:17.986337,23:27:17.986372,23:27:17.992343,23:27:17.992365,23:27:17.997861,23:27:17.862846,23:27:17.863031,23:27:17.501737
350,leak,23:27:22.946586,23:27:22.946586,23:27:22.946982,23:27:22.946982,23:27:22.948224,23:27:22.948224,23:27:22.950671,23:27:22.950671,23:27:22.959929,23:27:22.959951,23:27:22.973122,23:27:22.981761,23:27:23.430386,23:27:23.430415,23:27:23.436638,23:27:23.436686,23:27:23.442139,23:27:23.313400,23:27:23.313561,23:27:22.947618
350,safe,23:27:26.612324,23:27:26.612324,23:27:26.612702,23:27:26.612702,23:27:26.614008,23:27:26.614008,23:27:26.615440,23:27:26.615440,23:27:26.624832,23:27:26.624851,23:27:26.638469,23:27:26.646953,23:27:27.092351,23:27:27.092383,23:27:27.098216,23:27:27.098237,23:27:27.103870,23:27:26.963047,23:27:26.963224,23:27:26.613386
350,leak,23:27:32.054078,23:27:32.054078,23:27:32.054498,23:27:32.054498,23:27:32.055709,23:27:32.055709,23:27:32.057993,23:27:32.057993,23:27:32.067938,23:27:32.067963,23:27:32.083043,23:27:32.092401,23:27:32.540887,23:27:32.540922,23:27:32.547007,23:27:32.547031,23:27:32.552935,23:27:32.417907,23:27:32.418057,23:27:32.055180
350,leak,23:27:37.011875,23:27:37.011875,23:27:37.012372,23:27:37.012372,23:27:37.013818,23:27:37.013818,23:27:37.015350,23:27:37.015350,23:27:37.025413,23:27:37.025487,23:27:37.040949,23:27:37.050237,23:27:37.517344,23:27:37.517380,23:27:37.524122,23:27:37.524151,23:27:37.530581,23:27:37.362849,23:27:37.363057,23:27:37.013214
350,safe,23:27:40.931406,23:27:40.931406,23:27:40.931815,23:27:40.931815,23:27:40.933130,23:27:40.933130,23:27:40.934720,23:27:40.934720,23:27:40.944704,23:27:40.944731,,,,,,,23:27:41.444457,23:27:41.322692,23:27:41.322885,23:27:40.932537
350,safe,23:29:41.743252,23:29:41.743252,23:29:41.743662,23:29:41.743662,23:29:41.745021,23:29:41.745021,23:29:41.747508,23:29:41.747508,23:29:41.757443,23:29:41.757471,23:29:41.774454,23:29:41.783623,23:29:42.234682,23:29:42.234713,23:29:42.240592,23:29:42.240615,23:29:42.246308,23:29:42.095015,23:29:42.095173,23:29:41.744417
350,safe,23:29:47.176626,23:29:47.176626,23:29:47.177059,23:29:47.177059,23:29:47.178447,23:29:47.178447,23:29:47.181145,23:29:47.181145,23:29:47.190535,23:29:47.190559,23:29:47.202339,23:29:47.211216,23:29:47.661852,23:29:47.661885,23:29:47.668437,23:29:47.668465,23:29:47.674635,23:29:47.539623,23:29:47.539792,23:29:47.177770
350,safe,23:29:52.529063,23:29:52.529063,23:29:52.529436,23:29:52.529436,23:29:52.530795,23:29:52.530795,23:29:52.533516,23:29:52.533516,23:29:52.543047,23:29:52.543070,23:29:52.557773,23:29:52.567937,23:29:53.015241,23:29:53.015270,23:29:53.021211,23:29:53.021233,23:29:53.026577,23:29:52.889770,23:29:52.889953,23:29:52.530167
350,safe,23:29:57.949027,23:29:57.949027,23:29:57.949427,23:29:57.949427,23:29:57.950652,23:29:57.950652,23:29:57.952911,23:29:57.952911,23:29:57.962469,23:29:57.962489,23:29:57.977050,23:29:57.985853,23:29:58.434934,23:29:58.434966,23:29:58.441060,23:29:58.441089,23:29:58.446733,23:29:58.311258,23:29:58.311424,23:29:57.950116
350,leak,23:30:03.494544,23:30:03.494544,23:30:03.494981,23:30:03.494981,23:30:03.496361,23:30:03.496361,23:30:03.498783,23:30:03.498783,23:30:03.508491,23:30:03.508531,23:30:03.523444,23:30:03.532292,23:30:03.980397,23:30:03.980427,23:30:03.986448,23:30:03.986476,23:30:03.992108,23:30:03.844828,23:30:03.844982,23:30:03.495693
350,leak,23:30:08.458985,23:30:08.458985,23:30:08.459494,23:30:08.459494,23:30:08.460794,23:30:08.460794,23:30:08.462276,23:30:08.462276,23:30:08.471715,23:30:08.471756,23:30:08.486072,23:30:08.495251,23:30:08.947581,23:30:08.947613,23:30:08.953742,23:30:08.953768,23:30:08.959571,23:30:08.810117,23:30:08.810286,23:30:08.460220
350,leak,23:30:12.588298,23:30:12.588298,23:30:12.588743,23:30:12.588743,23:30:12.590102,23:30:12.590102,23:30:12.591646,23:30:12.591646,23:30:12.603354,23:30:12.603393,23:30:12.618199,23:30:12.627868,23:30:13.074060,23:30:13.074095,23:30:13.080004,23:30:13.080030,23:30:13.085986,23:30:12.939333,23:30:12.939499,23:30:12.589503
350,leak,23:30:16.040730,23:30:16.040730,23:30:16.041187,23:30:16.041187,23:30:16.042752,23:30:16.042752,23:30:16.044217,23:30:16.044217,23:30:16.058559,23:30:16.058579,23:30:16.073143,23:30:16.082703,23:30:16.528889,23:30:16.528923,23:30:16.535106,23:30:16.535132,23:30:16.541492,23:30:16.391288,23:30:16.391460,23:30:16.042068
350,leak,23:30:19.538277,23:30:19.538277,23:30:19.538699,23:30:19.538699,23:30:19.540174,23:30:19.540174,23:30:19.541827,23:30:19.541827,23:30:19.552155,23:30:19.552178,23:30:19.566582,23:30:19.575544,23:30:20.023055,23:30:20.023086,23:30:20.029207,23:30:20.029232,23:30:20.035091,23:30:19.888951,23:30:19.889160,23:30:19.539509
350,safe,23:30:24.579500,23:30:24.579500,23:30:24.579995,23:30:24.579995,23:30:24.581424,23:30:24.581424,23:30:24.583762,23:30:24.583762,23:30:24.594295,23:30:24.594332,23:30:24.609344,23:30:24.618147,23:30:25.071347,23:30:25.071382,23:30:25.077783,23:30:25.077810,23:30:25.083763,23:30:24.953699,23:30:24.953859,23:30:24.580770
350,leak,23:30:30.117235,23:30:30.117235,23:30:30.117777,23:30:30.117777,23:30:30.119205,23:30:30.119205,23:30:30.121637,23:30:30.121637,23:30:30.131634,23:30:30.131674,23:30:30.148837,23:30:30.158582,23:30:30.617263,23:30:30.617304,23:30:30.624044,23:30:30.624072,23:30:30.630160,23:30:30.485153,23:30:30.485315,23:30:30.118549
350,leak,23:30:34.062861,23:30:34.062861,23:30:34.063328,23:30:34.063328,23:30:34.064917,23:30:34.064917,23:30:34.066587,23:30:34.066587,23:30:34.077852,23:30:34.077912,23:30:34.104419,23:30:34.113216,23:30:34.556310,23:30:34.556338,23:30:34.562586,23:30:34.562614,23:30:34.568760,23:30:34.413376,23:30:34.413549,23:30:34.064088
350,leak,23:30:38.054772,23:30:38.054772,23:30:38.055164,23:30:38.055164,23:30:38.056716,23:30:38.056716,23:30:38.058124,23:30:38.058124,23:30:38.067849,23:30:38.067880,23:30:38.083207,23:30:38.092537,23:30:38.542984,23:30:38.543045,23:30:38.549522,23:30:38.549549,23:30:38.555610,23:30:38.405393,23:30:38.405557,23:30:38.055900
350,leak,23:30:42.002688,23:30:42.002688,23:30:42.003078,23:30:42.003078,23:30:42.004719,23:30:42.004719,23:30:42.006416,23:30:42.006416,23:30:42.016576,23:30:42.016600,23:30:42.031804,23:30:42.041239,23:30:42.484895,23:30:42.484927,23:30:42.491465,23:30:42.491492,23:30:42.497159,23:30:42.353701,23:30:42.353864,23:30:42.003880
350,safe,23:30:45.892158,23:30:45.892158,23:30:45.892567,23:30:45.892567,23:30:45.893836,23:30:45.893836,23:30:45.895664,23:30:45.895664,23:30:45.905602,23:30:45.905632,23:30:45.920240,23:30:45.929205,23:30:46.377750,23:30:46.377781,23:30:46.383853,23:30:46.383881,23:30:46.389949,23:30:46.243034,23:30:46.243200,23:30:45.893289
350,leak,23:30:51.375928,23:30:51.375928,23:30:51.376370,23:30:51.376370,23:30:51.377942,23:30:51.377942,23:30:51.380459,23:30:51.380459,23:30:51.390123,23:30:51.390144,23:30:51.404360,23:30:51.413394,23:30:51.866182,23:30:51.866213,23:30:51.872434,23:30:51.872458,23:30:51.878075,23:30:51.727120,23:30:51.727269,23:30:51.377104
350,safe,23:30:56.339922,23:30:56.339922,23:30:56.340365,23:30:56.340365,23:30:56.341918,23:30:56.341918,23:30:56.343582,23:30:56.343582,23:30:56.353051,23:30:56.353073,23:30:56.367634,23:30:56.376559,23:30:56.829096,23:30:56.829129,23:30:56.835142,23:30:56.835174,23:30:56.841142,23:30:56.690718,23:30:56.690884,23:30:56.341127
350,safe,23:31:01.680750,23:31:01.680750,23:31:01.681152,23:31:01.681152,23:31:01.682496,23:31:01.682496,23:31:01.684780,23:31:01.684780,23:31:01.695524,23:31:01.695551,23:31:01.710942,23:31:01.720514,23:31:02.169617,23:31:02.169650,23:31:02.175573,23:31:02.175595,23:31:02.181307,23:31:02.032229,23:31:02.032411,23:31:01.681863
350,leak,23:31:07.188077,23:31:07.188077,23:31:07.188501,23:31:07.188501,23:31:07.189860,23:31:07.189860,23:31:07.192150,23:31:07.192150,23:31:07.201989,23:31:07.202035,23:31:07.216583,23:31:07.225389,23:31:07.675089,23:31:07.675120,23:31:07.681249,23:31:07.681275,23:31:07.686988,23:31:07.558515,23:31:07.558679,23:31:07.189251
350,leak,23:31:10.611394,23:31:10.611394,23:31:10.611818,23:31:10.611818,23:31:10.613238,23:31:10.613238,23:31:10.614713,23:31:10.614713,23:31:10.624156,23:31:10.624176,23:31:10.639052,23:31:10.648109,23:31:11.093258,23:31:11.093289,23:31:11.099090,23:31:11.099111,23:31:11.104853,23:31:10.962289,23:31:10.962493,23:31:10.612526
350,leak,23:31:13.927539,23:31:13.927539,23:31:13.927940,23:31:13.927940,23:31:13.929295,23:31:13.929295,23:31:13.931047,23:31:13.931047,23:31:13.940717,23:31:13.940744,23:31:13.955794,23:31:13.965111,23:31:14.411358,23:31:14.411392,23:31:14.417766,23:31:14.417792,23:31:14.423971,23:31:14.278385,23:31:14.278600,23:31:13.928610
350,leak,23:31:18.892422,23:31:18.892422,23:31:18.892886,23:31:18.892886,23:31:18.894487,23:31:18.894487,23:31:18.896042,23:31:18.896042,23:31:18.905533,23:31:18.905559,23:31:18.919507,23:31:18.928199,23:31:19.380515,23:31:19.380545,23:31:19.388471,23:31:19.388507,23:31:19.397599,23:31:19.243442,23:31:19.243617,23:31:18.893604
350,safe,23:31:22.218055,23:31:22.218055,23:31:22.218526,23:31:22.218526,23:31:22.219845,23:31:22.219845,23:31:22.221397,23:31:22.221397,23:31:22.230786,23:31:22.230807,23:31:22.245376,23:31:22.254362,23:31:22.700810,23:31:22.700845,23:31:22.707111,23:31:22.707136,23:31:22.712966,23:31:22.568886,23:31:22.569052,23:31:22.219269
350,leak,23:31:27.471620,23:31:27.471620,23:31:27.472040,23:31:27.472040,23:31:27.473297,23:31:27.473297,23:31:27.475846,23:31:27.475846,23:31:27.485300,23:31:27.485325,23:31:27.510066,23:31:27.519139,23:31:27.967888,23:31:27.967920,23:31:27.974068,23:31:27.974095,23:31:27.979634,23:31:27.835962,23:31:27.836129,23:31:27.472778
350,leak,23:31:32.541863,23:31:32.541863,23:31:32.542325,23:31:32.542325,23:31:32.543810,23:31:32.543810,23:31:32.546325,23:31:32.546325,23:31:32.555879,23:31:32.555902,23:31:32.571564,23:31:32.580193,23:31:33.031296,23:31:33.031328,23:31:33.037869,23:31:33.037896,23:31:33.043790,23:31:32.902815,23:31:32.902987,23:31:32.543133
350,safe,23:31:37.502891,23:31:37.502891,23:31:37.503310,23:31:37.503310,23:31:37.504571,23:31:37.504571,23:31:37.505975,23:31:37.505975,23:31:37.515311,23:31:37.515329,23:31:37.530289,23:31:37.539367,23:31:37.992016,23:31:37.992047,23:31:37.998453,23:31:37.998480,23:31:38.004249,23:31:37.853679,23:31:37.853853,23:31:37.504011
350,safe,23:31:42.859876,23:31:42.859876,23:31:42.860318,23:31:42.860318,23:31:42.862017,23:31:42.862017,23:31:42.864157,23:31:42.864157,23:31:42.873683,23:31:42.873712,23:31:42.888650,23:31:42.897586,23:31:43.348131,23:31:43.348162,23:31:43.354199,23:31:43.354220,23:31:43.360036,23:31:43.227399,23:31:43.227558,23:31:42.861418
350,safe,23:31:48.327843,23:31:48.327843,23:31:48.328278,23:31:48.328278,23:31:48.329464,23:31:48.329464,23:31:48.331704,23:31:48.331704,23:31:48.341907,23:31:48.341936,23:31:48.355869,23:31:48.364312,23:31:48.813518,23:31:48.813548,23:31:48.819456,23:31:48.819481,23:31:48.825142,23:31:48.693813,23:31:48.693968,23:31:48.328943
350,leak,23:31:53.763003,23:31:53.763003,23:31:53.763504,23:31:53.763504,23:31:53.765097,23:31:53.765097,23:31:53.767512,23:31:53.767512,23:31:53.777585,23:31:53.777613,23:31:53.792281,23:31:53.800874,23:31:54.251668,23:31:54.251708,23:31:54.258153,23:31:54.258178,23:31:54.263882,23:31:54.124637,23:31:54.124840,23:31:53.764251
350,leak,23:31:57.704615,23:31:57.704615,23:31:57.705089,23:31:57.705089,23:31:57.706499,23:31:57.706499,23:31:57.707973,23:31:57.707973,23:31:57.719684,23:31:57.719711,23:31:57.734281,23:31:57.743665,23:31:58.190643,23:31:58.190676,23:31:58.196608,23:31:58.196634,23:31:58.202641,23:31:58.055588,23:31:58.055782,23:31:57.705876
350,leak,23:32:01.577873,23:32:01.577873,23:32:01.578402,23:32:01.578402,23:32:01.580076,23:32:01.580076,23:32:01.581911,23:32:01.581911,23:32:01.592889,23:32:01.592952,23:32:01.607873,23:32:01.616954,23:32:02.065293,23:32:02.065330,23:32:02.071316,23:32:02.071352,23:32:02.077105,23:32:01.928335,23:32:01.928499,23:32:01.579245
350,leak,23:32:05.446115,23:32:05.446115,23:32:05.446671,23:32:05.446671,23:32:05.448317,23:32:05.448317,23:32:05.450026,23:32:05.450026,23:32:05.459385,23:32:05.459404,23:32:05.474627,23:32:05.483306,23:32:05.931173,23:32:05.931202,23:32:05.937499,23:32:05.937523,23:32:05.942923,23:32:05.797112,23:32:05.797284,23:32:05.447496
350,leak,23:32:09.284588,23:32:09.284588,23:32:09.285052,23:32:09.285052,23:32:09.286431,23:32:09.286431,23:32:09.287836,23:32:09.287836,23:32:09.297801,23:32:09.297834,23:32:09.312914,23:32:09.322820,23:32:09.784096,23:32:09.784126,23:32:09.790951,23:32:09.790989,23:32:09.797712,23:32:09.635721,23:32:09.635897,23:32:09.285846
350,leak,23:32:14.278475,23:32:14.278475,23:32:14.278964,23:32:14.278964,23:32:14.280632,23:32:14.280632,23:32:14.282291,23:32:14.282291,23:32:14.291693,23:32:14.291721,23:32:14.306187,23:32:14.315319,23:32:14.765119,23:32:14.765153,23:32:14.771696,23:32:14.771724,23:32:14.777754,23:32:14.629458,23:32:14.629618,23:32:14.279785
350,leak,23:32:17.682844,23:32:17.682844,23:32:17.683433,23:32:17.683433,23:32:17.684935,23:32:17.684935,23:32:17.686380,23:32:17.686380,23:32:17.695648,23:32:17.695671,23:32:17.709643,23:32:17.718580,23:32:18.163565,23:32:18.163607,23:32:18.169559,23:32:18.169584,23:32:18.175283,23:32:18.033836,23:32:18.034007,23:32:17.684283
350,leak,23:32:21.803997,23:32:21.803997,23:32:21.804434,23:32:21.804434,23:32:21.805946,23:32:21.805946,23:32:21.807929,23:32:21.807929,23:32:21.818259,23:32:21.818309,23:32:21.845848,23:32:21.855441,23:32:22.301026,23:32:22.301064,23:32:22.307906,23:32:22.307936,23:32:22.313464,23:32:22.154720,23:32:22.154924,23:32:21.805304
350,leak,23:32:26.784337,23:32:26.784337,23:32:26.784756,23:32:26.784756,23:32:26.786237,23:32:26.786237,23:32:26.787799,23:32:26.787799,23:32:26.797439,23:32:26.797465,23:32:26.812303,23:32:26.821168,23:32:27.271461,23:32:27.271493,23:32:27.277640,23:32:27.277664,23:32:27.283191,23:32:27.135028,23:32:27.135235,23:32:26.785458
350,leak,23:32:30.403198,23:32:30.403198,23:32:30.403649,23:32:30.403649,23:32:30.404970,23:32:30.404970,23:32:30.406494,23:32:30.406494,23:32:30.415912,23:32:30.415930,23:32:30.430402,23:32:30.439499,23:32:30.888186,23:32:30.888217,23:32:30.894124,23:32:30.894149,23:32:30.899769,23:32:30.753975,23:32:30.754152,23:32:30.404386
350,leak,23:32:35.364212,23:32:35.364212,23:32:35.364666,23:32:35.364666,23:32:35.365951,23:32:35.365951,23:32:35.367452,23:32:35.367452,23:32:35.376945,23:32:35.376968,23:32:35.391406,23:32:35.399813,23:32:35.849531,23:32:35.849563,23:32:35.855612,23:32:35.855636,23:32:35.861168,23:32:35.715051,23:32:35.715215,23:32:35.365387
350,leak,23:32:40.344840,23:32:40.344840,23:32:40.345275,23:32:40.345275,23:32:40.346637,23:32:40.346637,23:32:40.348104,23:32:40.348104,23:32:40.358514,23:32:40.358533,23:32:40.372725,23:32:40.382005,23:32:40.833266,23:32:40.833301,23:32:40.839460,23:32:40.839484,23:32:40.845220,23:32:40.695858,23:32:40.696052,23:32:40.346075
350,leak,23:32:44.273087,23:32:44.273087,23:32:44.273524,23:32:44.273524,23:32:44.275193,23:32:44.275193,23:32:44.276842,23:32:44.276842,23:32:44.286587,23:32:44.286614,23:32:44.300989,23:32:44.310054,23:32:44.757669,23:32:44.757704,23:32:44.763976,23:32:44.764001,23:32:44.769849,23:32:44.623790,23:32:44.623957,23:32:44.274252
350,leak,23:32:49.253310,23:32:49.253310,23:32:49.253651,23:32:49.253651,23:32:49.254880,23:32:49.254880,23:32:49.256377,23:32:49.256377,23:32:49.265724,23:32:49.265743,23:32:49.280478,23:32:49.289105,23:32:49.748029,23:32:49.748061,23:32:49.754012,23:32:49.754037,23:32:49.759783,23:32:49.604218,23:32:49.604380,23:32:49.254327
350,safe,23:32:52.760587,23:32:52.760587,23:32:52.761034,23:32:52.761034,23:32:52.762720,23:32:52.762720,23:32:52.764554,23:32:52.764554,23:32:52.774008,23:32:52.774032,23:32:52.788250,23:32:52.797279,23:32:53.243664,23:32:53.243696,23:32:53.249925,23:32:53.249954,23:32:53.255544,23:32:53.111260,23:32:53.111448,23:32:52.761780
350,safe,23:32:58.142955,23:32:58.142955,23:32:58.143343,23:32:58.143343,23:32:58.144861,23:32:58.144861,23:32:58.147397,23:32:58.147397,23:32:58.156871,23:32:58.156894,23:32:58.171363,23:32:58.180637,23:32:58.633119,23:32:58.633152,23:32:58.639445,23:32:58.639471,23:32:58.645264,23:32:58.507793,23:32:58.507945,23:32:58.144061
350,leak,23:33:03.490921,23:33:03.490921,23:33:03.491327,23:33:03.491327,23:33:03.492507,23:33:03.492507,23:33:03.495334,23:33:03.495334,23:33:03.506113,23:33:03.506152,23:33:03.520649,23:33:03.530037,23:33:03.980433,23:33:03.980475,23:33:03.987137,23:33:03.987164,23:33:03.993047,23:33:03.840787,23:33:03.841006,23:33:03.491985
350,leak,23:33:07.432409,23:33:07.432409,23:33:07.432832,23:33:07.432832,23:33:07.434032,23:33:07.434032,23:33:07.435892,23:33:07.435892,23:33:07.446069,23:33:07.446100,23:33:07.460472,23:33:07.469651,23:33:07.918448,23:33:07.918482,23:33:07.924695,23:33:07.924722,23:33:07.930582,23:33:07.783111,23:33:07.783271,23:33:07.433494
350,leak,23:33:10.755217,23:33:10.755217,23:33:10.755712,23:33:10.755712,23:33:10.757088,23:33:10.757088,23:33:10.758675,23:33:10.758675,23:33:10.769174,23:33:10.769194,23:33:10.783486,23:33:10.792440,23:33:11.240024,23:33:11.240057,23:33:11.246050,23:33:11.246073,23:33:11.251796,23:33:11.106052,23:33:11.106233,23:33:10.756498
350,safe,23:33:15.591569,23:33:15.591569,23:33:15.591935,23:33:15.591935,23:33:15.593262,23:33:15.593262,23:33:15.594780,23:33:15.594780,23:33:15.604508,23:33:15.604530,23:33:15.659233,23:33:15.668501,23:33:16.119940,23:33:16.119969,23:33:16.125754,23:33:16.125777,23:33:16.131256,23:33:15.942341,23:33:15.942516,23:33:15.592690
350,leak,23:33:21.113791,23:33:21.113791,23:33:21.114308,23:33:21.114308,23:33:21.115662,23:33:21.115662,23:33:21.117888,23:33:21.117888,23:33:21.127309,23:33:21.127336,23:33:21.139559,23:33:21.148470,23:33:21.601260,23:33:21.601294,23:33:21.607557,23:33:21.607583,23:33:21.613780,23:33:21.483912,23:33:21.484099,23:33:21.115126
350,leak,23:33:24.434537,23:33:24.434537,23:33:24.434882,23:33:24.434882,23:33:24.436241,23:33:24.436241,23:33:24.438016,23:33:24.438016,23:33:24.447448,23:33:24.447471,23:33:24.462241,23:33:24.471154,23:33:24.914464,23:33:24.914495,23:33:24.920467,23:33:24.920488,23:33:24.926219,23:33:24.785306,23:33:24.785467,23:33:24.435563
350,leak,23:33:29.399040,23:33:29.399040,23:33:29.399634,23:33:29.399634,23:33:29.401362,23:33:29.401362,23:33:29.403150,23:33:29.403150,23:33:29.413489,23:33:29.413555,23:33:29.429240,23:33:29.440750,23:33:29.911421,23:33:29.911451,23:33:29.917394,23:33:29.917419,23:33:29.923531,23:33:29.749502,23:33:29.749701,23:33:29.400534
350,leak,23:33:33.245668,23:33:33.245668,23:33:33.246112,23:33:33.246112,23:33:33.247521,23:33:33.247521,23:33:33.248908,23:33:33.248908,23:33:33.258709,23:33:33.258734,23:33:33.273778,23:33:33.282571,23:33:33.723740,23:33:33.723773,23:33:33.729950,23:33:33.729978,23:33:33.735744,23:33:33.594984,23:33:33.595141,23:33:33.246866
350,leak,23:33:36.614881,23:33:36.614881,23:33:36.615290,23:33:36.615290,23:33:36.616663,23:33:36.616663,23:33:36.618095,23:33:36.618095,23:33:36.630122,23:33:36.630146,23:33:36.644632,23:33:36.653422,23:33:37.099187,23:33:37.099217,23:33:37.105194,23:33:37.105218,23:33:37.110672,23:33:36.965561,23:33:36.965739,23:33:36.616026
350,leak,23:33:41.593004,23:33:41.593004,23:33:41.593522,23:33:41.593522,23:33:41.595245,23:33:41.595245,23:33:41.596779,23:33:41.596779,23:33:41.606453,23:33:41.606487,23:33:41.618807,23:33:41.627757,23:33:42.080366,23:33:42.080402,23:33:42.086759,23:33:42.086787,23:33:42.092952,23:33:41.943780,23:33:41.943939,23:33:41.594427
350,leak,23:33:44.914028,23:33:44.914028,23:33:44.914446,23:33:44.914446,23:33:44.915742,23:33:44.915742,23:33:44.917192,23:33:44.917192,23:33:44.926544,23:33:44.926563,23:33:44.940449,23:33:44.950478,23:33:45.397235,23:33:45.397270,23:33:45.403228,23:33:45.403250,23:33:45.408837,23:33:45.264795,23:33:45.264954,23:33:44.915172
350,leak,23:33:49.932910,23:33:49.932910,23:33:49.933358,23:33:49.933358,23:33:49.934885,23:33:49.934885,23:33:49.937384,23:33:49.937384,23:33:49.947191,23:33:49.947216,23:33:49.961151,23:33:49.970102,23:33:50.425897,23:33:50.425924,23:33:50.432113,23:33:50.432143,23:33:50.438009,23:33:50.284229,23:33:50.284408,23:33:49.934077
350,leak,23:33:54.995761,23:33:54.995761,23:33:54.996165,23:33:54.996165,23:33:54.997586,23:33:54.997586,23:33:54.999847,23:33:54.999847,23:33:55.009420,23:33:55.009445,23:33:55.021160,23:33:55.031124,23:33:55.480825,23:33:55.480855,23:33:55.487019,23:33:55.487044,23:33:55.493039,23:33:55.347202,23:33:55.347373,23:33:54.996864
350,leak,23:33:58.487852,23:33:58.487852,23:33:58.488297,23:33:58.488297,23:33:58.489673,23:33:58.489673,23:33:58.491116,23:33:58.491116,23:33:58.501706,23:33:58.501731,23:33:58.517318,23:33:58.526002,23:33:58.973503,23:33:58.973538,23:33:58.979452,23:33:58.979478,23:33:58.985452,23:33:58.838786,23:33:58.838966,23:33:58.489030
350,leak,23:34:03.474875,23:34:03.474875,23:34:03.475362,23:34:03.475362,23:34:03.476780,23:34:03.476780,23:34:03.478183,23:34:03.478183,23:34:03.487728,23:34:03.487752,23:34:03.499284,23:34:03.507897,23:34:03.956876,23:34:03.956912,23:34:03.962985,23:34:03.963010,23:34:03.968947,23:34:03.824358,23:34:03.824535,23:34:03.476169
350,safe,23:34:06.797292,23:34:06.797292,23:34:06.797693,23:34:06.797693,23:34:06.798968,23:34:06.798968,23:34:06.800840,23:34:06.800840,23:34:06.810589,23:34:06.810624,23:34:06.835349,23:34:06.844539,23:34:07.289997,23:34:07.290025,23:34:07.296072,23:34:07.296095,23:34:07.301753,23:34:07.147889,23:34:07.148048,23:34:06.798394
350,safe,23:34:12.069124,23:34:12.069124,23:34:12.069595,23:34:12.069595,23:34:12.070980,23:34:12.070980,23:34:12.073513,23:34:12.073513,23:34:12.083150,23:34:12.083173,23:34:12.096022,23:34:12.105246,23:34:12.558509,23:34:12.558539,23:34:12.564619,23:34:12.564647,23:34:12.570911,23:34:12.420587,23:34:12.420758,23:34:12.070364
350,leak,23:34:17.488463,23:34:17.488463,23:34:17.488890,23:34:17.488890,23:34:17.490146,23:34:17.490146,23:34:17.492446,23:34:17.492446,23:34:17.501765,23:34:17.501784,23:34:17.513889,23:34:17.523151,23:34:17.981466,23:34:17.981498,23:34:17.987385,23:34:17.987411,23:34:17.993294,23:34:17.858828,23:34:17.858982,23:34:17.489626
350,safe,23:34:20.958244,23:34:20.958244,23:34:20.958597,23:34:20.958597,23:34:20.959833,23:34:20.959833,23:34:20.961301,23:34:20.961301,23:34:20.970650,23:34:20.970669,23:34:20.985020,23:34:20.993661,23:34:21.440275,23:34:21.440307,23:34:21.446706,23:34:21.446735,23:34:21.452667,23:34:21.309265,23:34:21.309466,23:34:20.959244
350,leak,23:34:26.475298,23:34:26.475298,23:34:26.475871,23:34:26.475871,23:34:26.477335,23:34:26.477335,23:34:26.479731,23:34:26.479731,23:34:26.489173,23:34:26.489196,23:34:26.501279,23:34:26.510139,23:34:26.961598,23:34:26.961629,23:34:26.967872,23:34:26.967900,23:34:26.973870,23:34:26.826449,23:34:26.826625,23:34:26.476634
350,leak,23:34:29.812130,23:34:29.812130,23:34:29.812615,23:34:29.812615,23:34:29.814446,23:34:29.814446,23:34:29.815873,23:34:29.815873,23:34:29.825292,23:34:29.825316,23:34:29.841073,23:34:29.850026,23:34:30.298076,23:34:30.298110,23:34:30.304270,23:34:30.304296,23:34:30.310468,23:34:30.162931,23:34:30.163096,23:34:29.813738
350,safe,23:34:33.751308,23:34:33.751308,23:34:33.751708,23:34:33.751708,23:34:33.752945,23:34:33.752945,23:34:33.754275,23:34:33.754275,23:34:33.764247,23:34:33.764268,23:34:33.778877,23:34:33.788055,23:34:34.235831,23:34:34.235862,23:34:34.241966,23:34:34.241995,23:34:34.247904,23:34:34.102215,23:34:34.102405,23:34:33.752389
350,leak,23:34:39.159232,23:34:39.159232,23:34:39.159665,23:34:39.159665,23:34:39.161098,23:34:39.161098,23:34:39.163426,23:34:39.163426,23:34:39.172799,23:34:39.172823,23:34:39.184966,23:34:39.194028,23:34:39.648953,23:34:39.648986,23:34:39.658734,23:34:39.658762,23:34:39.668499,23:34:39.523836,23:34:39.523998,23:34:39.160439
350,leak,23:34:44.147718,23:34:44.147718,23:34:44.148192,23:34:44.148192,23:34:44.149714,23:34:44.149714,23:34:44.151465,23:34:44.151465,23:34:44.161564,23:34:44.161590,23:34:44.174073,23:34:44.183755,23:34:44.636822,23:34:44.636858,23:34:44.643247,23:34:44.643277,23:34:44.649437,23:34:44.498672,23:34:44.498833,23:34:44.149083
350,safe,23:34:49.132737,23:34:49.132737,23:34:49.133141,23:34:49.133141,23:34:49.134371,23:34:49.134371,23:34:49.136222,23:34:49.136222,23:34:49.145976,23:34:49.146002,23:34:49.157857,23:34:49.166550,23:34:49.623209,23:34:49.623256,23:34:49.636716,23:34:49.636753,23:34:49.646698,23:34:49.483763,23:34:49.483922,23:34:49.133813
350,leak,23:34:54.714198,23:34:54.714198,23:34:54.714619,23:34:54.714619,23:34:54.716000,23:34:54.716000,23:34:54.718120,23:34:54.718120,23:34:54.727603,23:34:54.727626,23:34:54.738987,23:34:54.747957,23:34:55.198666,23:34:55.198699,23:34:55.204706,23:34:55.204733,23:34:55.210482,23:34:55.065648,23:34:55.065805,23:34:54.715399
350,leak,23:34:58.022546,23:34:58.022546,23:34:58.023012,23:34:58.023012,23:34:58.024508,23:34:58.024508,23:34:58.026215,23:34:58.026215,23:34:58.035935,23:34:58.035960,23:34:58.053711,23:34:58.062582,23:34:58.508251,23:34:58.508283,23:34:58.514567,23:34:58.514597,23:34:58.520206,23:34:58.373561,23:34:58.373759,23:34:58.023824
350,leak,23:35:03.043968,23:35:03.043968,23:35:03.044425,23:35:03.044425,23:35:03.045816,23:35:03.045816,23:35:03.048210,23:35:03.048210,23:35:03.057779,23:35:03.057805,23:35:03.080143,23:35:03.089264,23:35:03.539846,23:35:03.539879,23:35:03.546042,23:35:03.546068,23:35:03.551695,23:35:03.394948,23:35:03.395104,23:35:03.045176
350,safe,23:35:06.368612,23:35:06.368612,23:35:06.369085,23:35:06.369085,23:35:06.370552,23:35:06.370552,23:35:06.372200,23:35:06.372200,23:35:06.385781,23:35:06.385818,23:35:06.401558,23:35:06.410373,23:35:06.857348,23:35:06.857381,23:35:06.863713,23:35:06.863735,23:35:06.869281,23:35:06.719361,23:35:06.719528,23:35:06.369822
350,leak,23:35:11.974924,23:35:11.974924,23:35:11.975351,23:35:11.975351,23:35:11.976656,23:35:11.976656,23:35:11.978891,23:35:11.978891,23:35:11.989200,23:35:11.989226,23:35:12.001440,23:35:12.011667,23:35:12.463076,23:35:12.463110,23:35:12.469248,23:35:12.469274,23:35:12.474820,23:35:12.338090,23:35:12.338274,23:35:11.976049
350,safe,23:35:15.668438,23:35:15.668438,23:35:15.668817,23:35:15.668817,23:35:15.670070,23:35:15.670070,23:35:15.671523,23:35:15.671523,23:35:15.680834,23:35:15.680855,23:35:15.695104,23:35:15.704045,23:35:16.150283,23:35:16.150319,23:35:16.156539,23:35:16.156569,23:35:16.162658,23:35:16.019418,23:35:16.019586,23:35:15.669465
350,leak,23:35:21.018710,23:35:21.018710,23:35:21.019202,23:35:21.019202,23:35:21.020973,23:35:21.020973,23:35:21.023530,23:35:21.023530,23:35:21.035321,23:35:21.035345,23:35:21.047840,23:35:21.056854,23:35:21.509259,23:35:21.509290,23:35:21.515284,23:35:21.515309,23:35:21.521069,23:35:21.386788,23:35:21.386948,23:35:21.020050
350,leak,23:35:25.996278,23:35:25.996278,23:35:25.996712,23:35:25.996712,23:35:25.998165,23:35:25.998165,23:35:25.999944,23:35:25.999944,23:35:26.009276,23:35:26.009298,23:35:26.021634,23:35:26.030338,23:35:26.482435,23:35:26.482483,23:35:26.488786,23:35:26.488811,23:35:26.494477,23:35:26.347405,23:35:26.347660,23:35:25.997399
350,safe,23:35:30.043332,23:35:30.043332,23:35:30.043759,23:35:30.043759,23:35:30.045279,23:35:30.045279,23:35:30.046842,23:35:30.046842,23:35:30.056226,23:35:30.056250,23:35:30.071527,23:35:30.080207,23:35:30.528957,23:35:30.528991,23:35:30.535054,23:35:30.535079,23:35:30.540708,23:35:30.394188,23:35:30.394377,23:35:30.044435
350,leak,23:35:35.709756,23:35:35.709756,23:35:35.710303,23:35:35.710303,23:35:35.711535,23:35:35.711535,23:35:35.713786,23:35:35.713786,23:35:35.724351,23:35:35.724380,23:35:35.736410,23:35:35.745503,23:35:36.197406,23:35:36.197448,23:35:36.204007,23:35:36.204032,23:35:36.210021,23:35:36.081480,23:35:36.081654,23:35:35.710970
350,leak,23:35:40.708107,23:35:40.708107,23:35:40.708585,23:35:40.708585,23:35:40.709979,23:35:40.709979,23:35:40.711692,23:35:40.711692,23:35:40.721430,23:35:40.721463,23:35:40.733165,23:35:40.742366,23:35:41.194230,23:35:41.194262,23:35:41.200551,23:35:41.200579,23:35:41.206310,23:35:41.058722,23:35:41.058883,23:35:40.709350
350,leak,23:35:45.698360,23:35:45.698360,23:35:45.698796,23:35:45.698796,23:35:45.700347,23:35:45.700347,23:35:45.701943,23:35:45.701943,23:35:45.711984,23:35:45.712005,23:35:45.723681,23:35:45.732490,23:35:46.184017,23:35:46.184051,23:35:46.190163,23:35:46.190191,23:35:46.196157,23:35:46.049594,23:35:46.049762,23:35:45.699559
350,safe,23:35:50.763831,23:35:50.763831,23:35:50.764238,23:35:50.764238,23:35:50.765644,23:35:50.765644,23:35:50.768248,23:35:50.768248,23:35:50.777819,23:35:50.777839,23:35:50.789684,23:35:50.798971,23:35:51.250973,23:35:51.251004,23:35:51.257321,23:35:51.257347,23:35:51.263700,23:35:51.115342,23:35:51.115493,23:35:50.765094
400,leak,23:35:56.125971,23:35:56.125971,23:35:56.126460,23:35:56.126460,23:35:56.127784,23:35:56.127784,23:35:56.130485,23:35:56.130485,23:35:56.139856,23:35:56.139878,23:35:56.151741,23:35:56.161233,23:35:56.610384,23:35:56.610416,23:35:56.616702,23:35:56.616728,23:35:56.622896,23:35:56.527408,23:35:56.527575,23:35:56.127159
400,leak,23:35:59.745733,23:35:59.745733,23:35:59.746270,23:35:59.746270,23:35:59.747852,23:35:59.747852,23:35:59.749742,23:35:59.749742,23:35:59.759524,23:35:59.759551,23:35:59.785013,23:35:59.794359,23:36:00.242705,23:36:00.242736,23:36:00.248878,23:36:00.248902,23:36:00.254740,23:36:00.146493,23:36:00.146678,23:35:59.747094
400,safe,23:36:03.966027,23:36:03.966027,23:36:03.966529,23:36:03.966529,23:36:03.967801,23:36:03.967801,23:36:03.969222,23:36:03.969222,23:36:03.978448,23:36:03.978468,23:36:03.993975,23:36:04.002685,23:36:04.448694,23:36:04.448722,23:36:04.454452,23:36:04.454474,23:36:04.459892,23:36:04.367009,23:36:04.367173,23:36:03.967305
400,safe,23:36:09.602079,23:36:09.602079,23:36:09.602576,23:36:09.602576,23:36:09.604362,23:36:09.604362,23:36:09.607515,23:36:09.607515,23:36:09.618904,23:36:09.618954,23:36:09.637510,23:36:09.650959,23:36:10.118922,23:36:10.118960,23:36:10.125249,23:36:10.125278,23:36:10.131294,23:36:10.013393,23:36:10.013557,23:36:09.603625
400,leak,23:36:14.937120,23:36:14.937120,23:36:14.937564,23:36:14.937564,23:36:14.938862,23:36:14.938862,23:36:14.941267,23:36:14.941267,23:36:14.951785,23:36:14.951816,23:36:14.963967,23:36:14.972746,23:36:15.421607,23:36:15.421639,23:36:15.427427,23:36:15.427449,23:36:15.433026,23:36:15.348558,23:36:15.348774,23:36:14.938298
400,leak,23:36:19.933811,23:36:19.933811,23:36:19.934242,23:36:19.934242,23:36:19.935495,23:36:19.935495,23:36:19.936947,23:36:19.936947,23:36:19.946318,23:36:19.946340,23:36:19.957406,23:36:19.966422,23:36:20.418517,23:36:20.418550,23:36:20.424624,23:36:20.424664,23:36:20.430343,23:36:20.334506,23:36:20.334667,23:36:19.934936
400,leak,23:36:24.925245,23:36:24.925245,23:36:24.925667,23:36:24.925667,23:36:24.927007,23:36:24.927007,23:36:24.928809,23:36:24.928809,23:36:24.938790,23:36:24.938812,23:36:24.950710,23:36:24.959734,23:36:25.409795,23:36:25.409830,23:36:25.415773,23:36:25.415806,23:36:25.421609,23:36:25.326360,23:36:25.326521,23:36:24.926386
400,leak,23:36:28.796426,23:36:28.796426,23:36:28.796864,23:36:28.796864,23:36:28.798188,23:36:28.798188,23:36:28.799640,23:36:28.799640,23:36:28.809117,23:36:28.809140,23:36:28.823353,23:36:28.831963,23:36:29.278607,23:36:29.278642,23:36:29.284838,23:36:29.284863,23:36:29.291308,23:36:29.197224,23:36:29.197394,23:36:28.797562
400,leak,23:36:33.790045,23:36:33.790045,23:36:33.790627,23:36:33.790627,23:36:33.792216,23:36:33.792216,23:36:33.793605,23:36:33.793605,23:36:33.803781,23:36:33.803804,23:36:33.815604,23:36:33.824784,23:36:34.274937,23:36:34.274966,23:36:34.281377,23:36:34.281402,23:36:34.287228,23:36:34.191048,23:36:34.191227,23:36:33.791511
400,leak,23:36:37.164083,23:36:37.164083,23:36:37.164594,23:36:37.164594,23:36:37.165943,23:36:37.165943,23:36:37.167494,23:36:37.167494,23:36:37.177208,23:36:37.177227,23:36:37.191627,23:36:37.200092,23:36:37.646139,23:36:37.646174,23:36:37.652465,23:36:37.652497,23:36:37.658070,23:36:37.564753,23:36:37.564916,23:36:37.165417
400,leak,23:36:41.051621,23:36:41.051621,23:36:41.052146,23:36:41.052146,23:36:41.053820,23:36:41.053820,23:36:41.055366,23:36:41.055366,23:36:41.065905,23:36:41.065930,23:36:41.083575,23:36:41.092490,23:36:41.540368,23:36:41.540399,23:36:41.546857,23:36:41.546888,23:36:41.553081,23:36:41.452165,23:36:41.452347,23:36:41.052952
400,safe,23:36:46.099976,23:36:46.099976,23:36:46.100382,23:36:46.100382,23:36:46.101926,23:36:46.101926,23:36:46.104563,23:36:46.104563,23:36:46.115175,23:36:46.115200,23:36:46.129393,23:36:46.137935,23:36:46.592140,23:36:46.592176,23:36:46.598375,23:36:46.598401,23:36:46.604010,23:36:46.512082,23:36:46.512277,23:36:46.101040
400,safe,23:36:51.435420,23:36:51.435420,23:36:51.435967,23:36:51.435967,23:36:51.437373,23:36:51.437373,23:36:51.439668,23:36:51.439668,23:36:51.449225,23:36:51.449250,23:36:51.463782,23:36:51.472381,23:36:51.922248,23:36:51.922281,23:36:51.928634,23:36:51.928663,23:36:51.934302,23:36:51.836792,23:36:51.836976,23:36:51.436716
400,leak,23:36:56.698304,23:36:56.698304,23:36:56.698688,23:36:56.698688,23:36:56.700337,23:36:56.700337,23:36:56.702861,23:36:56.702861,23:36:56.712313,23:36:56.712337,23:36:56.736298,23:36:56.745162,23:36:57.199226,23:36:57.199257,23:36:57.205497,23:36:57.205522,23:36:57.211040,23:36:57.099613,23:36:57.099805,23:36:56.699512
400,leak,23:37:00.673998,23:37:00.673998,23:37:00.674424,23:37:00.674424,23:37:00.675772,23:37:00.675772,23:37:00.677163,23:37:00.677163,23:37:00.686488,23:37:00.686509,23:37:00.703308,23:37:00.712577,23:37:01.154459,23:37:01.154488,23:37:01.160443,23:37:01.160467,23:37:01.166337,23:37:01.075117,23:37:01.075309,23:37:00.675135
400,safe,23:37:04.139550,23:37:04.139550,23:37:04.139971,23:37:04.139971,23:37:04.141209,23:37:04.141209,23:37:04.142853,23:37:04.142853,23:37:04.153012,23:37:04.153043,23:37:04.168174,23:37:04.176981,23:37:04.622674,23:37:04.622706,23:37:04.628826,23:37:04.628853,23:37:04.634667,23:37:04.540310,23:37:04.540488,23:37:04.140662
400,safe,23:37:09.971527,23:37:09.971527,23:37:09.971969,23:37:09.971969,23:37:09.973373,23:37:09.973373,23:37:09.975540,23:37:09.975540,23:37:09.987358,23:37:09.987388,23:37:10.002063,23:37:10.011050,23:37:10.462681,23:37:10.462713,23:37:10.468531,23:37:10.468556,23:37:10.474083,23:37:10.373031,23:37:10.373193,23:37:09.972713
400,safe,23:37:15.541766,23:37:15.541766,23:37:15.542177,23:37:15.542177,23:37:15.543485,23:37:15.543485,23:37:15.546055,23:37:15.546055,23:37:15.555788,23:37:15.555820,23:37:15.570746,23:37:15.579435,23:37:16.030101,23:37:16.030131,23:37:16.036353,23:37:16.036385,23:37:16.041969,23:37:15.943620,23:37:15.943819,23:37:15.542856
400,leak,23:37:20.967000,23:37:20.967000,23:37:20.967456,23:37:20.967456,23:37:20.968787,23:37:20.968787,23:37:20.972315,23:37:20.972315,23:37:20.982431,23:37:20.982463,23:37:20.998341,23:37:21.007659,23:37:21.457067,23:37:21.457097,23:37:21.463571,23:37:21.463600,23:37:21.469448,23:37:21.368341,23:37:21.368504,23:37:20.968216
400,safe,23:37:24.916770,23:37:24.916770,23:37:24.917224,23:37:24.917224,23:37:24.918610,23:37:24.918610,23:37:24.920340,23:37:24.920340,23:37:24.931119,23:37:24.931147,23:37:24.946194,23:37:24.955084,23:37:25.403357,23:37:25.403386,23:37:25.409358,23:37:25.409381,23:37:25.415359,23:37:25.317569,23:37:25.317733,23:37:24.918035
400,leak,23:37:30.386739,23:37:30.386739,23:37:30.387150,23:37:30.387150,23:37:30.388779,23:37:30.388779,23:37:30.391253,23:37:30.391253,23:37:30.400892,23:37:30.400916,23:37:30.415341,23:37:30.424333,23:37:30.880534,23:37:30.880583,23:37:30.886935,23:37:30.886963,23:37:30.893245,23:37:30.788324,23:37:30.788477,23:37:30.387886
400,safe,23:37:34.471061,23:37:34.471061,23:37:34.471453,23:37:34.471453,23:37:34.472810,23:37:34.472810,23:37:34.474317,23:37:34.474317,23:37:34.484502,23:37:34.484542,23:37:34.499474,23:37:34.508237,23:37:34.952267,23:37:34.952298,23:37:34.958531,23:37:34.958557,23:37:34.964228,23:37:34.872039,23:37:34.872200,23:37:34.472219
400,leak,23:37:39.799677,23:37:39.799677,23:37:39.800297,23:37:39.800297,23:37:39.801871,23:37:39.801871,23:37:39.804415,23:37:39.804415,23:37:39.814055,23:37:39.814083,23:37:39.828306,23:37:39.837216,23:37:40.287460,23:37:40.287498,23:37:40.293835,23:37:40.293863,23:37:40.299730,23:37:40.214758,23:37:40.214923,23:37:39.801249
400,leak,23:37:43.779534,23:37:43.779534,23:37:43.779988,23:37:43.779988,23:37:43.781671,23:37:43.781671,23:37:43.783395,23:37:43.783395,23:37:43.794033,23:37:43.794067,23:37:43.809508,23:37:43.818481,23:37:44.265934,23:37:44.265966,23:37:44.272001,23:37:44.272028,23:37:44.278096,23:37:44.180318,23:37:44.180480,23:37:43.781002
400,leak,23:37:47.337298,23:37:47.337298,23:37:47.337716,23:37:47.337716,23:37:47.339065,23:37:47.339065,23:37:47.340551,23:37:47.340551,23:37:47.350234,23:37:47.350258,23:37:47.365429,23:37:47.374330,23:37:47.821258,23:37:47.821292,23:37:47.827344,23:37:47.827370,23:37:47.833127,23:37:47.738020,23:37:47.738205,23:37:47.338463
400,leak,23:37:51.264409,23:37:51.264409,23:37:51.264867,23:37:51.264867,23:37:51.266538,23:37:51.266538,23:37:51.268078,23:37:51.268078,23:37:51.277530,23:37:51.277558,23:37:51.302793,23:37:51.311801,23:37:51.760999,23:37:51.761027,23:37:51.767767,23:37:51.767799,23:37:51.773902,23:37:51.665320,23:37:51.665485,23:37:51.265621
400,safe,23:37:54.664420,23:37:54.664420,23:37:54.664869,23:37:54.664869,23:37:54.666239,23:37:54.666239,23:37:54.667775,23:37:54.667775,23:37:54.677210,23:37:54.677233,23:37:54.692830,23:37:54.701828,23:37:55.149431,23:37:55.149464,23:37:55.155492,23:37:55.155519,23:37:55.161076,23:37:55.065191,23:37:55.065359,23:37:54.665608
400,safe,23:38:00.199741,23:38:00.199741,23:38:00.200193,23:38:00.200193,23:38:00.201782,23:38:00.201782,23:38:00.204175,23:38:00.204175,23:38:00.213787,23:38:00.213806,23:38:00.229136,23:38:00.239022,23:38:00.689813,23:38:00.689845,23:38:00.696395,23:38:00.696419,23:38:00.702516,23:38:00.623631,23:38:00.623809,23:38:00.200975
400,leak,23:38:05.798642,23:38:05.798642,23:38:05.799057,23:38:05.799057,23:38:05.800320,23:38:05.800320,23:38:05.802489,23:38:05.802489,23:38:05.811977,23:38:05.811997,23:38:05.827062,23:38:05.835650,23:38:06.288009,23:38:06.288043,23:38:06.294140,23:38:06.294168,23:38:06.300255,23:38:06.211365,23:38:06.211571,23:38:05.799778
400,safe,23:38:09.836679,23:38:09.836679,23:38:09.837087,23:38:09.837087,23:38:09.838452,23:38:09.838452,23:38:09.840188,23:38:09.840188,23:38:09.849903,23:38:09.849931,23:38:09.864921,23:38:09.873823,23:38:10.321593,23:38:10.321626,23:38:10.328223,23:38:10.328248,23:38:10.334463,23:38:10.237802,23:38:10.237969,23:38:09.837836
400,leak,23:38:15.158027,23:38:15.158027,23:38:15.158454,23:38:15.158454,23:38:15.159770,23:38:15.159770,23:38:15.162107,23:38:15.162107,23:38:15.172366,23:38:15.172389,23:38:15.186816,23:38:15.195497,23:38:15.647473,23:38:15.647521,23:38:15.654300,23:38:15.654329,23:38:15.661742,23:38:15.558850,23:38:15.559005,23:38:15.159178
400,leak,23:38:20.216319,23:38:20.216319,23:38:20.216737,23:38:20.216737,23:38:20.218077,23:38:20.218077,23:38:20.220411,23:38:20.220411,23:38:20.230839,23:38:20.230866,23:38:20.245991,23:38:20.254841,23:38:20.707443,23:38:20.707474,23:38:20.713493,23:38:20.713512,23:38:20.719193,23:38:20.633467,23:38:20.633623,23:38:20.217474
400,leak,23:38:23.580923,23:38:23.580923,23:38:23.581380,23:38:23.581380,23:38:23.583012,23:38:23.583012,23:38:23.584637,23:38:23.584637,23:38:23.594127,23:38:23.594151,23:38:23.608593,23:38:23.617139,23:38:24.062838,23:38:24.062871,23:38:24.069038,23:38:24.069066,23:38:24.074982,23:38:23.981594,23:38:23.981771,23:38:23.582144
400,safe,23:38:28.605959,23:38:28.605959,23:38:28.606396,23:38:28.606396,23:38:28.607859,23:38:28.607859,23:38:28.610472,23:38:28.610472,23:38:28.619932,23:38:28.619954,23:38:28.634146,23:38:28.643341,23:38:29.092577,23:38:29.092609,23:38:29.099305,23:38:29.099334,23:38:29.105395,23:38:29.007076,23:38:29.007228,23:38:28.607200
400,leak,23:38:33.852523,23:38:33.852523,23:38:33.852929,23:38:33.852929,23:38:33.854151,23:38:33.854151,23:38:33.856419,23:38:33.856419,23:38:33.867327,23:38:33.867357,23:38:33.881919,23:38:33.890600,23:38:34.339901,23:38:34.339929,23:38:34.345990,23:38:34.346018,23:38:34.352064,23:38:34.269791,23:38:34.269946,23:38:33.853574
400,leak,23:38:37.170086,23:38:37.170086,23:38:37.170561,23:38:37.170561,23:38:37.171933,23:38:37.171933,23:38:37.173444,23:38:37.173444,23:38:37.182804,23:38:37.182826,23:38:37.197301,23:38:37.206484,23:38:37.654183,23:38:37.654214,23:38:37.660753,23:38:37.660779,23:38:37.666931,23:38:37.570954,23:38:37.571115,23:38:37.171309
400,leak,23:38:42.143216,23:38:42.143216,23:38:42.143749,23:38:42.143749,23:38:42.145322,23:38:42.145322,23:38:42.146916,23:38:42.146916,23:38:42.156830,23:38:42.156853,23:38:42.171452,23:38:42.180182,23:38:42.630668,23:38:42.630702,23:38:42.637143,23:38:42.637170,23:38:42.643323,23:38:42.543839,23:38:42.544047,23:38:42.144560
400,leak,23:38:45.841139,23:38:45.841139,23:38:45.841721,23:38:45.841721,23:38:45.843261,23:38:45.843261,23:38:45.844851,23:38:45.844851,23:38:45.855235,23:38:45.855260,23:38:45.881273,23:38:45.890475,23:38:46.337960,23:38:46.337992,23:38:46.343954,23:38:46.343978,23:38:46.349900,23:38:46.241817,23:38:46.241985,23:38:45.842560
400,safe,23:38:49.169774,23:38:49.169774,23:38:49.170401,23:38:49.170401,23:38:49.171913,23:38:49.171913,23:38:49.173484,23:38:49.173484,23:38:49.184120,23:38:49.184143,23:38:49.199641,23:38:49.208783,23:38:49.656988,23:38:49.657029,23:38:49.665719,23:38:49.665750,23:38:49.675066,23:38:49.570606,23:38:49.570788,23:38:49.171183
400,leak,23:38:54.950204,23:38:54.950204,23:38:54.950709,23:38:54.950709,23:38:54.952000,23:38:54.952000,23:38:54.954153,23:38:54.954153,23:38:54.966156,23:38:54.966190,23:38:54.981262,23:38:54.990028,23:38:55.445482,23:38:55.445517,23:38:55.451735,23:38:55.451758,23:38:55.457744,23:38:55.351299,23:38:55.351459,23:38:54.951470
400,safe,23:38:58.413104,23:38:58.413104,23:38:58.413599,23:38:58.413599,23:38:58.415051,23:38:58.415051,23:38:58.416660,23:38:58.416660,23:38:58.426053,23:38:58.426076,23:38:58.441295,23:38:58.450624,23:38:58.895736,23:38:58.895765,23:38:58.901996,23:38:58.902021,23:38:58.907715,23:38:58.813731,23:38:58.813897,23:38:58.414469
400,leak,23:39:03.908454,23:39:03.908454,23:39:03.908907,23:39:03.908907,23:39:03.910220,23:39:03.910220,23:39:03.912385,23:39:03.912385,23:39:03.921741,23:39:03.921766,23:39:03.935922,23:39:03.945467,23:39:04.396382,23:39:04.396413,23:39:04.402533,23:39:04.402557,23:39:04.408200,23:39:04.324766,23:39:04.324931,23:39:03.909704
400,safe,23:39:07.943994,23:39:07.943994,23:39:07.944359,23:39:07.944359,23:39:07.945833,23:39:07.945833,23:39:07.947505,23:39:07.947505,23:39:07.956939,23:39:07.956967,23:39:07.972349,23:39:07.981658,23:39:08.427899,23:39:08.427930,23:39:08.434350,23:39:08.434373,23:39:08.439973,23:39:08.344779,23:39:08.344949,23:39:07.945025
400,leak,23:39:13.308418,23:39:13.308418,23:39:13.308867,23:39:13.308867,23:39:13.310332,23:39:13.310332,23:39:13.312689,23:39:13.312689,23:39:13.322447,23:39:13.322470,23:39:13.336322,23:39:13.345156,23:39:13.794224,23:39:13.794251,23:39:13.800330,23:39:13.800356,23:39:13.806302,23:39:13.709871,23:39:13.710022,23:39:13.309665
400,safe,23:39:16.779026,23:39:16.779026,23:39:16.779481,23:39:16.779481,23:39:16.780808,23:39:16.780808,23:39:16.782223,23:39:16.782223,23:39:16.792313,23:39:16.792331,23:39:16.806764,23:39:16.815974,23:39:17.263253,23:39:17.263280,23:39:17.269584,23:39:17.269607,23:39:17.275372,23:39:17.179985,23:39:17.180144,23:39:16.780219
400,safe,23:39:22.275771,23:39:22.275771,23:39:22.276234,23:39:22.276234,23:39:22.277859,23:39:22.277859,23:39:22.280454,23:39:22.280454,23:39:22.290859,23:39:22.290879,23:39:22.305234,23:39:22.314384,23:39:22.764923,23:39:22.764956,23:39:22.770842,23:39:22.770866,23:39:22.776570,23:39:22.691393,23:39:22.691561,23:39:22.277019
400,leak,23:39:27.689015,23:39:27.689015,23:39:27.689501,23:39:27.689501,23:39:27.690867,23:39:27.690867,23:39:27.693683,23:39:27.693683,23:39:27.703372,23:39:27.703400,23:39:27.718055,23:39:27.726966,23:39:28.176381,23:39:28.176417,23:39:28.183277,23:39:28.183313,23:39:28.189454,23:39:28.113749,23:39:28.113925,23:39:27.690305
400,safe,23:39:31.686680,23:39:31.686680,23:39:31.687170,23:39:31.687170,23:39:31.688359,23:39:31.688359,23:39:31.689786,23:39:31.689786,23:39:31.700430,23:39:31.700464,23:39:31.715273,23:39:31.724220,23:39:32.173562,23:39:32.173593,23:39:32.179579,23:39:32.179607,23:39:32.185200,23:39:32.088300,23:39:32.088483,23:39:31.687842
400,leak,23:39:37.080300,23:39:37.080300,23:39:37.080780,23:39:37.080780,23:39:37.082311,23:39:37.082311,23:39:37.084823,23:39:37.084823,23:39:37.094561,23:39:37.094582,23:39:37.109233,23:39:37.118141,23:39:37.566828,23:39:37.566862,23:39:37.572903,23:39:37.572927,23:39:37.578588,23:39:37.481427,23:39:37.481598,23:39:37.081528
400,leak,23:39:40.601197,23:39:40.601197,23:39:40.601805,23:39:40.601805,23:39:40.603498,23:39:40.603498,23:39:40.605515,23:39:40.605515,23:39:40.615844,23:39:40.615884,23:39:40.644178,23:39:40.653349,23:39:41.099857,23:39:41.099889,23:39:41.106067,23:39:41.106092,23:39:41.111994,23:39:41.001884,23:39:41.002078,23:39:40.602794
400,safe,23:39:44.605715,23:39:44.605715,23:39:44.606138,23:39:44.606138,23:39:44.607428,23:39:44.607428,23:39:44.608928,23:39:44.608928,23:39:44.619317,23:39:44.619339,23:39:44.634457,23:39:44.643340,23:39:45.093942,23:39:45.093974,23:39:45.100395,23:39:45.100425,23:39:45.106276,23:39:45.006742,23:39:45.006916,23:39:44.606861
400,leak,23:39:50.209510,23:39:50.209510,23:39:50.209953,23:39:50.209953,23:39:50.211242,23:39:50.211242,23:39:50.213439,23:39:50.213439,23:39:50.223274,23:39:50.223304,23:39:50.237680,23:39:50.247689,23:39:50.697919,23:39:50.697949,23:39:50.704158,23:39:50.704183,23:39:50.709733,23:39:50.629283,23:39:50.629444,23:39:50.210723
400,safe,23:39:54.185819,23:39:54.185819,23:39:54.186230,23:39:54.186230,23:39:54.187584,23:39:54.187584,23:39:54.189315,23:39:54.189315,23:39:54.198903,23:39:54.198936,23:39:54.213929,23:39:54.223313,23:39:54.673266,23:39:54.673305,23:39:54.680124,23:39:54.680154,23:39:54.686178,23:39:54.586817,23:39:54.586980,23:39:54.186975
400,safe,23:39:59.391144,23:39:59.391144,23:39:59.391521,23:39:59.391521,23:39:59.393152,23:39:59.393152,23:39:59.395498,23:39:59.395498,23:39:59.408046,23:39:59.408078,23:39:59.422931,23:39:59.431337,23:39:59.889290,23:39:59.889322,23:39:59.896723,23:39:59.896761,23:39:59.904723,23:39:59.803971,23:39:59.804143,23:39:59.392248
400,safe,23:40:04.796052,23:40:04.796052,23:40:04.796507,23:40:04.796507,23:40:04.797904,23:40:04.797904,23:40:04.800225,23:40:04.800225,23:40:04.809874,23:40:04.809898,23:40:04.824625,23:40:04.833619,23:40:05.283981,23:40:05.284013,23:40:05.290183,23:40:05.290207,23:40:05.295912,23:40:05.219818,23:40:05.219980,23:40:04.797269
400,leak,23:40:10.314508,23:40:10.314508,23:40:10.314979,23:40:10.314979,23:40:10.316499,23:40:10.316499,23:40:10.318930,23:40:10.318930,23:40:10.328473,23:40:10.328495,23:40:10.343784,23:40:10.352769,23:40:10.806327,23:40:10.806358,23:40:10.812497,23:40:10.812521,23:40:10.818371,23:40:10.715642,23:40:10.715802,23:40:10.315854
400,safe,23:40:14.344666,23:40:14.344666,23:40:14.345132,23:40:14.345132,23:40:14.346644,23:40:14.346644,23:40:14.348104,23:40:14.348104,23:40:14.357343,23:40:14.357361,23:40:14.372111,23:40:14.381505,23:40:14.831824,23:40:14.831857,23:40:14.837878,23:40:14.837903,23:40:14.843787,23:40:14.745365,23:40:14.745531,23:40:14.345971
400,leak,23:40:19.829462,23:40:19.829462,23:40:19.830169,23:40:19.830169,23:40:19.831975,23:40:19.831975,23:40:19.835485,23:40:19.835485,23:40:19.846406,23:40:19.846470,23:40:19.870564,23:40:19.882141,23:40:20.340770,23:40:20.340806,23:40:20.347167,23:40:20.347195,23:40:20.353117,23:40:20.230841,23:40:20.231009,23:40:19.831209
400,safe,23:40:23.366844,23:40:23.366844,23:40:23.367336,23:40:23.367336,23:40:23.368737,23:40:23.368737,23:40:23.370498,23:40:23.370498,23:40:23.380283,23:40:23.380309,23:40:23.396114,23:40:23.405801,23:40:23.854692,23:40:23.854725,23:40:23.860820,23:40:23.860843,23:40:23.866748,23:40:23.767575,23:40:23.767728,23:40:23.368115
400,leak,23:40:28.666448,23:40:28.666448,23:40:28.666850,23:40:28.666850,23:40:28.668198,23:40:28.668198,23:40:28.670365,23:40:28.670365,23:40:28.679867,23:40:28.679888,23:40:28.694659,23:40:28.703782,23:40:29.154745,23:40:29.154773,23:40:29.160607,23:40:29.160630,23:40:29.166588,23:40:29.068184,23:40:29.068335,23:40:28.667659
400,safe,23:40:32.195404,23:40:32.195404,23:40:32.195849,23:40:32.195849,23:40:32.197286,23:40:32.197286,23:40:32.198795,23:40:32.198795,23:40:32.209017,23:40:32.209036,23:40:32.222713,23:40:32.231403,23:40:32.678491,23:40:32.678522,23:40:32.684389,23:40:32.684411,23:40:32.690156,23:40:32.596193,23:40:32.596374,23:40:32.196643
400,safe,23:40:37.535510,23:40:37.535510,23:40:37.535941,23:40:37.535941,23:40:37.537261,23:40:37.537261,23:40:37.539980,23:40:37.539980,23:40:37.549815,23:40:37.549842,23:40:37.575257,23:40:37.584602,23:40:38.034954,23:40:38.034982,23:40:38.040819,23:40:38.040841,23:40:38.046418,23:40:37.961397,23:40:37.961566,23:40:37.536686
400,safe,23:40:43.031621,23:40:43.031621,23:40:43.032125,23:40:43.032125,23:40:43.033617,23:40:43.033617,23:40:43.036044,23:40:43.036044,23:40:43.047759,23:40:43.047783,23:40:43.063310,23:40:43.072531,23:40:43.523513,23:40:43.523544,23:40:43.529600,23:40:43.529624,23:40:43.535062,23:40:43.456990,23:40:43.457231,23:40:43.033010
400,leak,23:40:48.544848,23:40:48.544848,23:40:48.545277,23:40:48.545277,23:40:48.546545,23:40:48.546545,23:40:48.548770,23:40:48.548770,23:40:48.558434,23:40:48.558455,23:40:48.573656,23:40:48.582321,23:40:49.033055,23:40:49.033092,23:40:49.039475,23:40:49.039503,23:40:49.045310,23:40:48.956459,23:40:48.956612,23:40:48.545982
400,safe,23:40:52.573415,23:40:52.573415,23:40:52.573903,23:40:52.573903,23:40:52.575460,23:40:52.575460,23:40:52.577179,23:40:52.577179,23:40:52.586933,23:40:52.586968,23:40:52.602709,23:40:52.611927,23:40:53.060300,23:40:53.060333,23:40:53.066778,23:40:53.066806,23:40:53.072689,23:40:52.973993,23:40:52.974156,23:40:52.574716
400,leak,23:40:58.099399,23:40:58.099399,23:40:58.099789,23:40:58.099789,23:40:58.101177,23:40:58.101177,23:40:58.103321,23:40:58.103321,23:40:58.112649,23:40:58.112675,23:40:58.126933,23:40:58.135522,23:40:58.585277,23:40:58.585309,23:40:58.591250,23:40:58.591275,23:40:58.596803,23:40:58.514682,23:40:58.514862,23:40:58.100558
400,leak,23:41:03.150895,23:41:03.150895,23:41:03.151294,23:41:03.151294,23:41:03.152462,23:41:03.152462,23:41:03.154528,23:41:03.154528,23:41:03.164381,23:41:03.164421,23:41:03.179374,23:41:03.187847,23:41:03.637928,23:41:03.637957,23:41:03.643822,23:41:03.643845,23:41:03.649520,23:41:03.552232,23:41:03.552385,23:41:03.151966
400,leak,23:41:06.469345,23:41:06.469345,23:41:06.469824,23:41:06.469824,23:41:06.471176,23:41:06.471176,23:41:06.472580,23:41:06.472580,23:41:06.482920,23:41:06.482939,23:41:06.496843,23:41:06.505699,23:41:06.948951,23:41:06.948979,23:41:06.955020,23:41:06.955045,23:41:06.960268,23:41:06.871013,23:41:06.871184,23:41:06.470578
400,leak,23:41:10.458462,23:41:10.458462,23:41:10.458867,23:41:10.458867,23:41:10.460297,23:41:10.460297,23:41:10.461913,23:41:10.461913,23:41:10.472073,23:41:10.472105,23:41:10.486450,23:41:10.494990,23:41:10.941866,23:41:10.941900,23:41:10.947981,23:41:10.948007,23:41:10.953737,23:41:10.859165,23:41:10.859323,23:41:10.459607
400,leak,23:41:14.470813,23:41:14.470813,23:41:14.471173,23:41:14.471173,23:41:14.472463,23:41:14.472463,23:41:14.473883,23:41:14.473883,23:41:14.483211,23:41:14.483230,23:41:14.497127,23:41:14.506004,23:41:14.950774,23:41:14.950803,23:41:14.956436,23:41:14.956456,23:41:14.961710,23:41:14.871789,23:41:14.871941,23:41:14.471850
400,leak,23:41:19.422425,23:41:19.422425,23:41:19.422861,23:41:19.422861,23:41:19.424168,23:41:19.424168,23:41:19.425628,23:41:19.425628,23:41:19.435377,23:41:19.435406,23:41:19.450159,23:41:19.459126,23:41:19.916063,23:41:19.916094,23:41:19.925333,23:41:19.925363,23:41:19.934082,23:41:19.823362,23:41:19.823523,23:41:19.423572
400,leak,23:41:23.450420,23:41:23.450420,23:41:23.450793,23:41:23.450793,23:41:23.452025,23:41:23.452025,23:41:23.453647,23:41:23.453647,23:41:23.463064,23:41:23.463083,23:41:23.477563,23:41:23.486601,23:41:23.933619,23:41:23.933648,23:41:23.940147,23:41:23.940170,23:41:23.945717,23:41:23.851398,23:41:23.851561,23:41:23.451488
400,safe,23:41:28.486863,23:41:28.486863,23:41:28.487244,23:41:28.487244,23:41:28.488333,23:41:28.488333,23:41:28.490590,23:41:28.490590,23:41:28.499910,23:41:28.499933,23:41:28.513751,23:41:28.522364,23:41:28.971537,23:41:28.971566,23:41:28.977995,23:41:28.978023,23:41:28.983913,23:41:28.909078,23:41:28.909225,23:41:28.487831
400,leak,23:41:33.881605,23:41:33.881605,23:41:33.881987,23:41:33.881987,23:41:33.883262,23:41:33.883262,23:41:33.885682,23:41:33.885682,23:41:33.894919,23:41:33.894945,23:41:33.918155,23:41:33.926832,23:41:34.373651,23:41:34.373683,23:41:34.380079,23:41:34.380104,23:41:34.385567,23:41:34.295166,23:41:34.295321,23:41:33.882628
400,safe,23:41:37.175422,23:41:37.175422,23:41:37.175893,23:41:37.175893,23:41:37.177219,23:41:37.177219,23:41:37.178632,23:41:37.178632,23:41:37.188204,23:41:37.188222,23:41:37.203017,23:41:37.211678,23:41:37.655387,23:41:37.655416,23:41:37.661307,23:41:37.661331,23:41:37.667400,23:41:37.576073,23:41:37.576268,23:41:37.176636
400,leak,23:41:42.660055,23:41:42.660055,23:41:42.660489,23:41:42.660489,23:41:42.661594,23:41:42.661594,23:41:42.664518,23:41:42.664518,23:41:42.674084,23:41:42.674110,23:41:42.688855,23:41:42.697211,23:41:43.147295,23:41:43.147327,23:41:43.153568,23:41:43.153594,23:41:43.159075,23:41:43.080225,23:41:43.080396,23:41:42.661117
400,leak,23:41:47.616380,23:41:47.616380,23:41:47.616759,23:41:47.616759,23:41:47.617948,23:41:47.617948,23:41:47.619790,23:41:47.619790,23:41:47.629191,23:41:47.629218,23:41:47.643272,23:41:47.652363,23:41:48.103052,23:41:48.103083,23:41:48.109485,23:41:48.109513,23:41:48.115386,23:41:48.017326,23:41:48.017494,23:41:47.617402
400,leak,23:41:50.961156,23:41:50.961156,23:41:50.961470,23:41:50.961470,23:41:50.962614,23:41:50.962614,23:41:50.964048,23:41:50.964048,23:41:50.973929,23:41:50.973951,23:41:50.988044,23:41:50.996267,23:41:51.443321,23:41:51.443351,23:41:51.449533,23:41:51.449561,23:41:51.455506,23:41:51.362055,23:41:51.362228,23:41:50.962105
400,safe,23:41:54.275032,23:41:54.275032,23:41:54.275464,23:41:54.275464,23:41:54.276854,23:41:54.276854,23:41:54.278330,23:41:54.278330,23:41:54.288840,23:41:54.288864,23:41:54.303904,23:41:54.312445,23:41:54.756814,23:41:54.756844,23:41:54.762773,23:41:54.762799,23:41:54.769006,23:41:54.675975,23:41:54.676134,23:41:54.276205
400,leak,23:41:59.773259,23:41:59.773259,23:41:59.773789,23:41:59.773789,23:41:59.775391,23:41:59.775391,23:41:59.778012,23:41:59.778012,23:41:59.787974,23:41:59.788015,23:41:59.806275,23:41:59.819586,23:42:00.282627,23:42:00.282658,23:42:00.288538,23:42:00.288559,23:42:00.293966,23:42:00.184285,23:42:00.184435,23:41:59.774674
400,leak,23:42:04.771121,23:42:04.771121,23:42:04.771561,23:42:04.771561,23:42:04.772783,23:42:04.772783,23:42:04.774308,23:42:04.774308,23:42:04.783675,23:42:04.783697,23:42:04.798087,23:42:04.806780,23:42:05.256527,23:42:05.256555,23:42:05.262614,23:42:05.262638,23:42:05.268225,23:42:05.171910,23:42:05.172073,23:42:04.772249
400,safe,23:42:09.742172,23:42:09.742172,23:42:09.742520,23:42:09.742520,23:42:09.743713,23:42:09.743713,23:42:09.745104,23:42:09.745104,23:42:09.754991,23:42:09.755034,23:42:09.771153,23:42:09.781202,23:42:10.246404,23:42:10.246438,23:42:10.252689,23:42:10.252716,23:42:10.258891,23:42:10.143215,23:42:10.143397,23:42:09.743195
400,leak,23:42:15.048632,23:42:15.048632,23:42:15.049033,23:42:15.049033,23:42:15.050247,23:42:15.050247,23:42:15.052534,23:42:15.052534,23:42:15.062194,23:42:15.062213,23:42:15.075946,23:42:15.084904,23:42:15.533537,23:42:15.533568,23:42:15.539769,23:42:15.539795,23:42:15.545419,23:42:15.450215,23:42:15.450405,23:42:15.049711
400,leak,23:42:19.027383,23:42:19.027383,23:42:19.027792,23:42:19.027792,23:42:19.029497,23:42:19.029497,23:42:19.031196,23:42:19.031196,23:42:19.041707,23:42:19.041729,23:42:19.056833,23:42:19.065654,23:42:19.512062,23:42:19.512094,23:42:19.518266,23:42:19.518293,23:42:19.523903,23:42:19.428292,23:42:19.428455,23:42:19.028498
400,leak,23:42:24.085582,23:42:24.085582,23:42:24.085966,23:42:24.085966,23:42:24.087511,23:42:24.087511,23:42:24.089990,23:42:24.089990,23:42:24.100482,23:42:24.100506,23:42:24.113848,23:42:24.123482,23:42:24.573313,23:42:24.573347,23:42:24.579713,23:42:24.579741,23:42:24.585582,23:42:24.508413,23:42:24.508562,23:42:24.086766
400,leak,23:42:29.046556,23:42:29.046556,23:42:29.047027,23:42:29.047027,23:42:29.048254,23:42:29.048254,23:42:29.049748,23:42:29.049748,23:42:29.062749,23:42:29.062772,23:42:29.085548,23:42:29.095006,23:42:29.546055,23:42:29.546086,23:42:29.552175,23:42:29.552196,23:42:29.557670,23:42:29.447323,23:42:29.447489,23:42:29.047739
400,leak,23:42:32.573348,23:42:32.573348,23:42:32.573684,23:42:32.573684,23:42:32.574880,23:42:32.574880,23:42:32.576324,23:42:32.576324,23:42:32.585598,23:42:32.585618,23:42:32.600613,23:42:32.609189,23:42:33.054848,23:42:33.054879,23:42:33.061134,23:42:33.061161,23:42:33.067019,23:42:32.974290,23:42:32.974447,23:42:32.574335
400,safe,23:42:36.440189,23:42:36.440189,23:42:36.440627,23:42:36.440627,23:42:36.442378,23:42:36.442378,23:42:36.443958,23:42:36.443958,23:42:36.454023,23:42:36.454046,23:42:36.468904,23:42:36.477892,23:42:36.923905,23:42:36.923937,23:42:36.929912,23:42:36.929936,23:42:36.935742,23:42:36.840916,23:42:36.841075,23:42:36.441451
400,safe,23:42:41.904991,23:42:41.904991,23:42:41.905415,23:42:41.905415,23:42:41.906696,23:42:41.906696,23:42:41.908968,23:42:41.908968,23:42:41.918441,23:42:41.918462,23:42:41.933111,23:42:41.941797,23:42:42.392938,23:42:42.392977,23:42:42.399119,23:42:42.399146,23:42:42.404967,23:42:42.319354,23:42:42.319505,23:42:41.906084
400,safe,23:42:47.420375,23:42:47.420375,23:42:47.420734,23:42:47.420734,23:42:47.421935,23:42:47.421935,23:42:47.424468,23:42:47.424468,23:42:47.433860,23:42:47.433886,23:42:47.447641,23:42:47.456396,23:42:47.904844,23:42:47.904875,23:42:47.910879,23:42:47.910903,23:42:47.916416,23:42:47.833791,23:42:47.833967,23:42:47.421359
400,leak,23:42:52.896944,23:42:52.896944,23:42:52.897356,23:42:52.897356,23:42:52.898568,23:42:52.898568,23:42:52.900763,23:42:52.900763,23:42:52.910657,23:42:52.910681,23:42:52.924631,23:42:52.933431,23:42:53.384388,23:42:53.384415,23:42:53.390267,23:42:53.390294,23:42:53.396327,23:42:53.312087,23:42:53.312243,23:42:52.898017
400,safe,23:42:57.939257,23:42:57.939257,23:42:57.939673,23:42:57.939673,23:42:57.941057,23:42:57.941057,23:42:57.943457,23:42:57.943457,23:42:57.954013,23:42:57.954036,23:42:57.967924,23:42:57.976981,23:42:58.428013,23:42:58.428046,23:42:58.434453,23:42:58.434486,23:42:58.440112,23:42:58.353995,23:42:58.354170,23:42:57.940431
400,leak,23:43:03.333144,23:43:03.333144,23:43:03.333538,23:43:03.333538,23:43:03.334706,23:43:03.334706,23:43:03.336881,23:43:03.336881,23:43:03.347054,23:43:03.347073,23:43:03.361282,23:43:03.369843,23:43:03.817547,23:43:03.817582,23:43:03.824152,23:43:03.824182,23:43:03.831285,23:43:03.755675,23:43:03.755860,23:43:03.334204
400,leak,23:43:07.326976,23:43:07.326976,23:43:07.327452,23:43:07.327452,23:43:07.328986,23:43:07.328986,23:43:07.330511,23:43:07.330511,23:43:07.340613,23:43:07.340632,23:43:07.354474,23:43:07.362997,23:43:07.809623,23:43:07.809652,23:43:07.815742,23:43:07.815766,23:43:07.821173,23:43:07.728245,23:43:07.728416,23:43:07.328267
400,leak,23:43:11.340346,23:43:11.340346,23:43:11.340757,23:43:11.340757,23:43:11.341986,23:43:11.341986,23:43:11.343436,23:43:11.343436,23:43:11.353899,23:43:11.353917,23:43:11.368914,23:43:11.377881,23:43:11.824632,23:43:11.824663,23:43:11.830560,23:43:11.830587,23:43:11.836100,23:43:11.741275,23:43:11.741437,23:43:11.341447
400,safe,23:43:14.866096,23:43:14.866096,23:43:14.866447,23:43:14.866447,23:43:14.867700,23:43:14.867700,23:43:14.869092,23:43:14.869092,23:43:14.878605,23:43:14.878630,23:43:14.892357,23:43:14.901181,23:43:15.346525,23:43:15.346554,23:43:15.352804,23:43:15.352830,23:43:15.358347,23:43:15.267245,23:43:15.267476,23:43:14.867136
400,leak,23:43:20.108055,23:43:20.108055,23:43:20.108522,23:43:20.108522,23:43:20.109884,23:43:20.109884,23:43:20.112721,23:43:20.112721,23:43:20.122369,23:43:20.122393,23:43:20.136052,23:43:20.145190,23:43:20.592281,23:43:20.592310,23:43:20.598430,23:43:20.598454,23:43:20.604100,23:43:20.528940,23:43:20.529116,23:43:20.109311
400,leak,23:43:25.080343,23:43:25.080343,23:43:25.080661,23:43:25.080661,23:43:25.081743,23:43:25.081743,23:43:25.083114,23:43:25.083114,23:43:25.092384,23:43:25.092406,23:43:25.115652,23:43:25.124473,23:43:25.574416,23:43:25.574446,23:43:25.580704,23:43:25.580732,23:43:25.586475,23:43:25.481537,23:43:25.481698,23:43:25.081258
400,safe,23:43:30.071893,23:43:30.071893,23:43:30.072422,23:43:30.072422,23:43:30.074393,23:43:30.074393,23:43:30.076323,23:43:30.076323,23:43:30.086077,23:43:30.086135,23:43:30.102493,23:43:30.111272,23:43:30.562670,23:43:30.562700,23:43:30.569068,23:43:30.569094,23:43:30.574726,23:43:30.472373,23:43:30.472549,23:43:30.073477
400,leak,23:43:35.460953,23:43:35.460953,23:43:35.461433,23:43:35.461433,23:43:35.462729,23:43:35.462729,23:43:35.464966,23:43:35.464966,23:43:35.475172,23:43:35.475195,23:43:35.490219,23:43:35.499452,23:43:35.950366,23:43:35.950391,23:43:35.956225,23:43:35.956247,23:43:35.962048,23:43:35.881518,23:43:35.881678,23:43:35.462185
450,safe,23:43:38.950786,23:43:38.950786,23:43:38.951167,23:43:38.951167,23:43:38.952519,23:43:38.952519,23:43:38.953969,23:43:38.953969,23:43:38.964130,23:43:38.964173,23:43:38.978654,23:43:38.987351,23:43:39.439140,23:43:39.439174,23:43:39.448970,23:43:39.449015,23:43:39.459022,23:43:39.401812,23:43:39.402009,23:43:38.951919
450,leak,23:43:44.403559,23:43:44.403559,23:43:44.403990,23:43:44.403990,23:43:44.405363,23:43:44.405363,23:43:44.407675,23:43:44.407675,23:43:44.417040,23:43:44.417058,23:43:44.432177,23:43:44.441537,23:43:44.891034,23:43:44.891064,23:43:44.897235,23:43:44.897259,23:43:44.902861,23:43:44.868300,23:43:44.868451,23:43:44.404768
450,leak,23:43:49.381202,23:43:49.381202,23:43:49.381591,23:43:49.381591,23:43:49.382815,23:43:49.382815,23:43:49.384211,23:43:49.384211,23:43:49.393979,23:43:49.394006,23:43:49.408847,23:43:49.417120,23:43:49.872295,23:43:49.872338,23:43:49.880194,23:43:49.880231,23:43:49.890515,23:43:49.832440,23:43:49.832616,23:43:49.382194
450,leak,23:43:52.854757,23:43:52.854757,23:43:52.855113,23:43:52.855113,23:43:52.856196,23:43:52.856196,23:43:52.857663,23:43:52.857663,23:43:52.867421,23:43:52.867443,23:43:52.881852,23:43:52.890915,23:43:53.333490,23:43:53.333523,23:43:53.339676,23:43:53.339708,23:43:53.345067,23:43:53.305753,23:43:53.305963,23:43:52.855708
450,leak,23:43:56.308780,23:43:56.308780,23:43:56.309225,23:43:56.309225,23:43:56.310553,23:43:56.310553,23:43:56.312017,23:43:56.312017,23:43:56.321199,23:43:56.321218,23:43:56.335879,23:43:56.344856,23:43:56.788533,23:43:56.788560,23:43:56.794867,23:43:56.794893,23:43:56.800616,23:43:56.759736,23:43:56.759897,23:43:56.309935
450,leak,23:43:59.997473,23:43:59.997473,23:43:59.998076,23:43:59.998076,23:43:59.999850,23:43:59.999850,23:44:00.002159,23:44:00.002159,23:44:00.013738,23:44:00.013794,23:44:00.045616,23:44:00.057621,23:44:00.509762,23:44:00.509791,23:44:00.516205,23:44:00.516229,23:44:00.522084,23:44:00.448218,23:44:00.448380,23:43:59.999081
450,leak,23:44:04.006358,23:44:04.006358,23:44:04.006681,23:44:04.006681,23:44:04.007857,23:44:04.007857,23:44:04.009629,23:44:04.009629,23:44:04.018884,23:44:04.018911,23:44:04.033281,23:44:04.041584,23:44:04.487291,23:44:04.487321,23:44:04.493358,23:44:04.493382,23:44:04.499641,23:44:04.457211,23:44:04.457372,23:44:04.007295
450,safe,23:44:07.793036,23:44:07.793036,23:44:07.793468,23:44:07.793468,23:44:07.794840,23:44:07.794840,23:44:07.796344,23:44:07.796344,23:44:07.806344,23:44:07.806362,23:44:07.820021,23:44:07.828694,23:44:08.275785,23:44:08.275813,23:44:08.281971,23:44:08.281996,23:44:08.287798,23:44:08.243994,23:44:08.244173,23:44:07.794210
450,safe,23:44:13.212107,23:44:13.212107,23:44:13.212509,23:44:13.212509,23:44:13.213953,23:44:13.213953,23:44:13.216329,23:44:13.216329,23:44:13.228453,23:44:13.228486,23:44:13.242571,23:44:13.251546,23:44:13.702329,23:44:13.702357,23:44:13.708330,23:44:13.708355,23:44:13.714280,23:44:13.682430,23:44:13.682611,23:44:13.213165
450,leak,23:44:18.811807,23:44:18.811807,23:44:18.812205,23:44:18.812205,23:44:18.813385,23:44:18.813385,23:44:18.815569,23:44:18.815569,23:44:18.824863,23:44:18.824882,23:44:18.849201,23:44:18.857955,23:44:19.307618,23:44:19.307657,23:44:19.313802,23:44:19.313826,23:44:19.319108,23:44:19.279049,23:44:19.279231,23:44:18.812829
450,safe,23:44:22.274573,23:44:22.274573,23:44:22.274984,23:44:22.274984,23:44:22.276105,23:44:22.276105,23:44:22.277525,23:44:22.277525,23:44:22.287253,23:44:22.287272,23:44:22.302280,23:44:22.311596,23:44:22.755937,23:44:22.755967,23:44:22.762206,23:44:22.762231,23:44:22.768189,23:44:22.725394,23:44:22.725580,23:44:22.275616
450,safe,23:44:27.614744,23:44:27.614744,23:44:27.615120,23:44:27.615120,23:44:27.616291,23:44:27.616291,23:44:27.618802,23:44:27.618802,23:44:27.629185,23:44:27.629216,23:44:27.644318,23:44:27.652779,23:44:28.101492,23:44:28.101522,23:44:28.107508,23:44:28.107532,23:44:28.113007,23:44:28.086317,23:44:28.086514,23:44:27.615724
450,leak,23:44:32.878685,23:44:32.878685,23:44:32.879121,23:44:32.879121,23:44:32.880430,23:44:32.880430,23:44:32.882554,23:44:32.882554,23:44:32.892419,23:44:32.892444,23:44:32.907084,23:44:32.915877,23:44:33.363971,23:44:33.364003,23:44:33.370403,23:44:33.370424,23:44:33.375935,23:44:33.345442,23:44:33.345600,23:44:32.879864
450,safe,23:44:36.380621,23:44:36.380621,23:44:36.381030,23:44:36.381030,23:44:36.382205,23:44:36.382205,23:44:36.383932,23:44:36.383932,23:44:36.394161,23:44:36.394185,23:44:36.408575,23:44:36.417064,23:44:36.862912,23:44:36.862944,23:44:36.868929,23:44:36.868955,23:44:36.874789,23:44:36.831530,23:44:36.831693,23:44:36.381704
450,leak,23:44:41.720737,23:44:41.720737,23:44:41.721068,23:44:41.721068,23:44:41.722226,23:44:41.722226,23:44:41.724840,23:44:41.724840,23:44:41.735648,23:44:41.735674,23:44:41.749309,23:44:41.757463,23:44:42.205438,23:44:42.205469,23:44:42.211414,23:44:42.211438,23:44:42.218098,23:44:42.183621,23:44:42.183770,23:44:41.721712
450,safe,23:44:45.742954,23:44:45.742954,23:44:45.743376,23:44:45.743376,23:44:45.744591,23:44:45.744591,23:44:45.746117,23:44:45.746117,23:44:45.755826,23:44:45.755843,23:44:45.769922,23:44:45.779355,23:44:46.225832,23:44:46.225858,23:44:46.231893,23:44:46.231918,23:44:46.237591,23:44:46.193774,23:44:46.193949,23:44:45.744085
450,leak,23:44:51.001280,23:44:51.001280,23:44:51.001731,23:44:51.001731,23:44:51.003242,23:44:51.003242,23:44:51.005884,23:44:51.005884,23:44:51.015908,23:44:51.015935,23:44:51.030393,23:44:51.039338,23:44:51.487794,23:44:51.487823,23:44:51.493849,23:44:51.493871,23:44:51.499539,23:44:51.452593,23:44:51.452789,23:44:51.002551
450,leak,23:44:56.044043,23:44:56.044043,23:44:56.044568,23:44:56.044568,23:44:56.045915,23:44:56.045915,23:44:56.048255,23:44:56.048255,23:44:56.058007,23:44:56.058027,23:44:56.072247,23:44:56.080607,23:44:56.531725,23:44:56.531754,23:44:56.537767,23:44:56.537791,23:44:56.543286,23:44:56.514668,23:44:56.514822,23:44:56.045297
450,leak,23:44:59.880511,23:44:59.880511,23:44:59.880973,23:44:59.880973,23:44:59.882395,23:44:59.882395,23:44:59.883951,23:44:59.883951,23:44:59.893889,23:44:59.893934,23:44:59.911166,23:44:59.920617,23:45:00.378960,23:45:00.378989,23:45:00.385013,23:45:00.385035,23:45:00.390547,23:45:00.331419,23:45:00.331593,23:44:59.881690
450,safe,23:45:03.789472,23:45:03.789472,23:45:03.789858,23:45:03.789858,23:45:03.791229,23:45:03.791229,23:45:03.792919,23:45:03.792919,23:45:03.802556,23:45:03.802579,23:45:03.817638,23:45:03.826830,23:45:04.273901,23:45:04.273931,23:45:04.280198,23:45:04.280224,23:45:04.286007,23:45:04.240151,23:45:04.240351,23:45:03.790593
450,leak,23:45:09.154042,23:45:09.154042,23:45:09.154404,23:45:09.154404,23:45:09.155604,23:45:09.155604,23:45:09.157748,23:45:09.157748,23:45:09.167028,23:45:09.167049,23:45:09.181516,23:45:09.190320,23:45:09.638711,23:45:09.638739,23:45:09.644902,23:45:09.644930,23:45:09.650553,23:45:09.605425,23:45:09.605576,23:45:09.155046
450,safe,23:45:13.191988,23:45:13.191988,23:45:13.192395,23:45:13.192395,23:45:13.193650,23:45:13.193650,23:45:13.195175,23:45:13.195175,23:45:13.204976,23:45:13.205011,23:45:13.230531,23:45:13.239871,23:45:13.687941,23:45:13.687974,23:45:13.694615,23:45:13.694652,23:45:13.700622,23:45:13.642910,23:45:13.643109,23:45:13.193056
450,leak,23:45:18.723466,23:45:18.723466,23:45:18.723818,23:45:18.723818,23:45:18.724897,23:45:18.724897,23:45:18.727047,23:45:18.727047,23:45:18.736732,23:45:18.736756,23:45:18.751611,23:45:18.760255,23:45:19.207945,23:45:19.207972,23:45:19.214478,23:45:19.214506,23:45:19.220008,23:45:19.199241,23:45:19.199398,23:45:18.724432
450,leak,23:45:23.701992,23:45:23.701992,23:45:23.702424,23:45:23.702424,23:45:23.703730,23:45:23.703730,23:45:23.705220,23:45:23.705220,23:45:23.715382,23:45:23.715401,23:45:23.729730,23:45:23.738760,23:45:24.189449,23:45:24.189476,23:45:24.195554,23:45:24.195577,23:45:24.201393,23:45:24.153002,23:45:24.153182,23:45:23.703152
450,safe,23:45:28.748026,23:45:28.748026,23:45:28.748382,23:45:28.748382,23:45:28.749567,23:45:28.749567,23:45:28.751852,23:45:28.751852,23:45:28.761116,23:45:28.761137,23:45:28.775574,23:45:28.783924,23:45:29.234607,23:45:29.234637,23:45:29.240564,23:45:29.240587,23:45:29.246137,23:45:29.212256,23:45:29.212430,23:45:28.749026
450,safe,23:45:34.233986,23:45:34.233986,23:45:34.234411,23:45:34.234411,23:45:34.235811,23:45:34.235811,23:45:34.238357,23:45:34.238357,23:45:34.247651,23:45:34.247669,23:45:34.261630,23:45:34.270527,23:45:34.720667,23:45:34.720693,23:45:34.726539,23:45:34.726561,23:45:34.732144,23:45:34.703400,23:45:34.703565,23:45:34.235186
450,leak,23:45:39.767187,23:45:39.767187,23:45:39.767605,23:45:39.767605,23:45:39.768810,23:45:39.768810,23:45:39.771079,23:45:39.771079,23:45:39.781168,23:45:39.781187,23:45:39.794938,23:45:39.803587,23:45:40.263700,23:45:40.263733,23:45:40.272083,23:45:40.272130,23:45:40.278670,23:45:40.240887,23:45:40.241186,23:45:39.768304
450,safe,23:45:43.304801,23:45:43.304801,23:45:43.305227,23:45:43.305227,23:45:43.306501,23:45:43.306501,23:45:43.307955,23:45:43.307955,23:45:43.319934,23:45:43.319953,23:45:43.334828,23:45:43.343785,23:45:43.786504,23:45:43.786533,23:45:43.792458,23:45:43.792479,23:45:43.798001,23:45:43.755488,23:45:43.755659,23:45:43.305945
450,leak,23:45:48.580276,23:45:48.580276,23:45:48.580709,23:45:48.580709,23:45:48.581904,23:45:48.581904,23:45:48.584156,23:45:48.584156,23:45:48.594302,23:45:48.594320,23:45:48.608037,23:45:48.616921,23:45:49.066441,23:45:49.066472,23:45:49.072787,23:45:49.072809,23:45:49.078081,23:45:49.032286,23:45:49.032445,23:45:48.581384
450,leak,23:45:52.577756,23:45:52.577756,23:45:52.578151,23:45:52.578151,23:45:52.579409,23:45:52.579409,23:45:52.580981,23:45:52.580981,23:45:52.591147,23:45:52.591173,23:45:52.605317,23:45:52.613757,23:45:53.059700,23:45:53.059729,23:45:53.065870,23:45:53.065898,23:45:53.071820,23:45:53.028488,23:45:53.028685,23:45:52.578883
450,leak,23:45:57.537861,23:45:57.537861,23:45:57.538238,23:45:57.538238,23:45:57.539469,23:45:57.539469,23:45:57.541052,23:45:57.541052,23:45:57.550409,23:45:57.550436,23:45:57.564623,23:45:57.573309,23:45:58.023606,23:45:58.023632,23:45:58.030142,23:45:58.030170,23:45:58.036067,23:45:57.988962,23:45:57.989124,23:45:57.538921
450,safe,23:46:02.523757,23:46:02.523757,23:46:02.524126,23:46:02.524126,23:46:02.525437,23:46:02.525437,23:46:02.526943,23:46:02.526943,23:46:02.539873,23:46:02.539900,23:46:02.554557,23:46:02.563368,23:46:03.019107,23:46:03.019137,23:46:03.025480,23:46:03.025504,23:46:03.031361,23:46:02.974552,23:46:02.974724,23:46:02.524813
450,safe,23:46:08.006374,23:46:08.006374,23:46:08.006801,23:46:08.006801,23:46:08.008061,23:46:08.008061,23:46:08.010311,23:46:08.010311,23:46:08.024926,23:46:08.024951,23:46:08.039098,23:46:08.047649,23:46:08.497989,23:46:08.498017,23:46:08.504038,23:46:08.504063,23:46:08.510165,23:46:08.477602,23:46:08.477761,23:46:08.007518
450,leak,23:46:13.474999,23:46:13.474999,23:46:13.475356,23:46:13.475356,23:46:13.476568,23:46:13.476568,23:46:13.478839,23:46:13.478839,23:46:13.488510,23:46:13.488537,23:46:13.512303,23:46:13.520854,23:46:13.967953,23:46:13.967979,23:46:13.974099,23:46:13.974127,23:46:13.979744,23:46:13.940854,23:46:13.941012,23:46:13.476045
450,leak,23:46:17.014089,23:46:17.014089,23:46:17.014483,23:46:17.014483,23:46:17.015706,23:46:17.015706,23:46:17.017666,23:46:17.017666,23:46:17.028186,23:46:17.028216,23:46:17.043228,23:46:17.051574,23:46:17.498166,23:46:17.498197,23:46:17.504348,23:46:17.504371,23:46:17.510070,23:46:17.465229,23:46:17.465438,23:46:17.015095
450,safe,23:46:22.016305,23:46:22.016305,23:46:22.016720,23:46:22.016720,23:46:22.017974,23:46:22.017974,23:46:22.020409,23:46:22.020409,23:46:22.030617,23:46:22.030639,23:46:22.045328,23:46:22.054448,23:46:22.503995,23:46:22.504023,23:46:22.510690,23:46:22.510716,23:46:22.516848,23:46:22.492183,23:46:22.492336,23:46:22.017407
450,leak,23:46:27.532241,23:46:27.532241,23:46:27.532607,23:46:27.532607,23:46:27.533880,23:46:27.533880,23:46:27.536130,23:46:27.536130,23:46:27.545566,23:46:27.545588,23:46:27.559882,23:46:27.568676,23:46:28.017854,23:46:28.017879,23:46:28.024053,23:46:28.024080,23:46:28.029503,23:46:28.005170,23:46:28.005376,23:46:27.533311
450,leak,23:46:32.613623,23:46:32.613623,23:46:32.614051,23:46:32.614051,23:46:32.615271,23:46:32.615271,23:46:32.617654,23:46:32.617654,23:46:32.627081,23:46:32.627099,23:46:32.641774,23:46:32.650724,23:46:33.100999,23:46:33.101030,23:46:33.107421,23:46:33.107448,23:46:33.112987,23:46:33.086278,23:46:33.086446,23:46:32.614704
450,safe,23:46:36.631993,23:46:36.631993,23:46:36.632468,23:46:36.632468,23:46:36.633807,23:46:36.633807,23:46:36.635315,23:46:36.635315,23:46:36.645494,23:46:36.645512,23:46:36.659936,23:46:36.668726,23:46:37.116383,23:46:37.116414,23:46:37.122737,23:46:37.122762,23:46:37.128384,23:46:37.083101,23:46:37.083271,23:46:36.633243
450,leak,23:46:42.083378,23:46:42.083378,23:46:42.083776,23:46:42.083776,23:46:42.085136,23:46:42.085136,23:46:42.087447,23:46:42.087447,23:46:42.096740,23:46:42.096759,23:46:42.110793,23:46:42.119455,23:46:42.569492,23:46:42.569520,23:46:42.575906,23:46:42.575929,23:46:42.581462,23:46:42.545895,23:46:42.546047,23:46:42.084572
450,leak,23:46:46.015529,23:46:46.015529,23:46:46.015926,23:46:46.015926,23:46:46.017192,23:46:46.017192,23:46:46.018693,23:46:46.018693,23:46:46.028052,23:46:46.028069,23:46:46.043550,23:46:46.052396,23:46:46.499544,23:46:46.499579,23:46:46.506055,23:46:46.506082,23:46:46.512015,23:46:46.466763,23:46:46.466932,23:46:46.016653
450,leak,23:46:49.813551,23:46:49.813551,23:46:49.814020,23:46:49.814020,23:46:49.815245,23:46:49.815245,23:46:49.816738,23:46:49.816738,23:46:49.827147,23:46:49.827166,23:46:49.841627,23:46:49.850348,23:46:50.305908,23:46:50.305943,23:46:50.312655,23:46:50.312687,23:46:50.318530,23:46:50.264224,23:46:50.264399,23:46:49.814701
450,safe,23:46:53.601312,23:46:53.601312,23:46:53.601706,23:46:53.601706,23:46:53.603003,23:46:53.603003,23:46:53.604646,23:46:53.604646,23:46:53.614771,23:46:53.614799,23:46:53.628897,23:46:53.637727,23:46:54.078186,23:46:54.078214,23:46:54.084043,23:46:54.084065,23:46:54.089572,23:46:54.052332,23:46:54.052491,23:46:53.602414
450,leak,23:46:59.137275,23:46:59.137275,23:46:59.137775,23:46:59.137775,23:46:59.139149,23:46:59.139149,23:46:59.141804,23:46:59.141804,23:46:59.151367,23:46:59.151389,23:46:59.165882,23:46:59.175205,23:46:59.633670,23:46:59.633706,23:46:59.640547,23:46:59.640576,23:46:59.646876,23:46:59.588479,23:46:59.588633,23:46:59.138572
450,leak,23:47:03.167078,23:47:03.167078,23:47:03.167469,23:47:03.167469,23:47:03.168711,23:47:03.168711,23:47:03.170558,23:47:03.170558,23:47:03.180427,23:47:03.180448,23:47:03.195178,23:47:03.204466,23:47:03.647363,23:47:03.647396,23:47:03.653846,23:47:03.653870,23:47:03.659647,23:47:03.616439,23:47:03.616639,23:47:03.168118
450,leak,23:47:08.141458,23:47:08.141458,23:47:08.141887,23:47:08.141887,23:47:08.143191,23:47:08.143191,23:47:08.144614,23:47:08.144614,23:47:08.153995,23:47:08.154017,23:47:08.179765,23:47:08.188478,23:47:08.638081,23:47:08.638114,23:47:08.644430,23:47:08.644457,23:47:08.650110,23:47:08.592194,23:47:08.592353,23:47:08.142598
450,safe,23:47:13.213758,23:47:13.213758,23:47:13.214120,23:47:13.214120,23:47:13.215356,23:47:13.215356,23:47:13.218283,23:47:13.218283,23:47:13.228150,23:47:13.228169,23:47:13.315210,23:47:13.324109,23:47:13.780929,23:47:13.780975,23:47:13.787102,23:47:13.787125,23:47:13.792348,23:47:13.674217,23:47:13.674403,23:47:13.214817
450,safe,23:47:18.807424,23:47:18.807424,23:47:18.807886,23:47:18.807886,23:47:18.809323,23:47:18.809323,23:47:18.811946,23:47:18.811946,23:47:18.821335,23:47:18.821362,23:47:18.835232,23:47:18.844133,23:47:19.292855,23:47:19.292881,23:47:19.298713,23:47:19.298736,23:47:19.304239,23:47:19.276062,23:47:19.276215,23:47:18.808653
450,leak,23:47:24.274751,23:47:24.274751,23:47:24.275179,23:47:24.275179,23:47:24.276532,23:47:24.276532,23:47:24.278988,23:47:24.278988,23:47:24.288752,23:47:24.288772,23:47:24.302654,23:47:24.311567,23:47:24.760990,23:47:24.761018,23:47:24.766914,23:47:24.766939,23:47:24.772667,23:47:24.739844,23:47:24.740004,23:47:24.275915
450,leak,23:47:29.271997,23:47:29.271997,23:47:29.272468,23:47:29.272468,23:47:29.273775,23:47:29.273775,23:47:29.275209,23:47:29.275209,23:47:29.284624,23:47:29.284642,23:47:29.299386,23:47:29.308454,23:47:29.757175,23:47:29.757205,23:47:29.763397,23:47:29.763424,23:47:29.769638,23:47:29.722879,23:47:29.723046,23:47:29.273219
450,safe,23:47:32.617423,23:47:32.617423,23:47:32.618009,23:47:32.618009,23:47:32.619518,23:47:32.619518,23:47:32.621044,23:47:32.621044,23:47:32.631281,23:47:32.631308,23:47:32.645764,23:47:32.655119,23:47:33.100271,23:47:33.100302,23:47:33.106120,23:47:33.106148,23:47:33.111686,23:47:33.068123,23:47:33.068295,23:47:32.618860
450,safe,23:47:38.587306,23:47:38.587306,23:47:38.587662,23:47:38.587662,23:47:38.588934,23:47:38.588934,23:47:38.591052,23:47:38.591052,23:47:38.601330,23:47:38.601355,23:47:38.615025,23:47:38.623622,23:47:39.081277,23:47:39.081308,23:47:39.087569,23:47:39.087594,23:47:39.093107,23:47:39.054324,23:47:39.054543,23:47:38.588284
450,leak,23:47:43.965601,23:47:43.965601,23:47:43.966057,23:47:43.966057,23:47:43.967345,23:47:43.967345,23:47:43.969588,23:47:43.969588,23:47:43.979017,23:47:43.979037,23:47:43.993473,23:47:44.001939,23:47:44.450803,23:47:44.450847,23:47:44.457205,23:47:44.457228,23:47:44.463146,23:47:44.438728,23:47:44.438934,23:47:43.966756
450,safe,23:47:47.288155,23:47:47.288155,23:47:47.288536,23:47:47.288536,23:47:47.289735,23:47:47.289735,23:47:47.291202,23:47:47.291202,23:47:47.300419,23:47:47.300438,23:47:47.314242,23:47:47.322937,23:47:47.763796,23:47:47.763823,23:47:47.770102,23:47:47.770124,23:47:47.775456,23:47:47.739186,23:47:47.739362,23:47:47.289166
450,leak,23:47:52.872646,23:47:52.872646,23:47:52.873156,23:47:52.873156,23:47:52.874414,23:47:52.874414,23:47:52.876857,23:47:52.876857,23:47:52.888635,23:47:52.888656,23:47:52.903262,23:47:52.912344,23:47:53.363703,23:47:53.363728,23:47:53.370163,23:47:53.370188,23:47:53.375770,23:47:53.348012,23:47:53.348248,23:47:52.873846
450,safe,23:47:57.042531,23:47:57.042531,23:47:57.042917,23:47:57.042917,23:47:57.044231,23:47:57.044231,23:47:57.045733,23:47:57.045733,23:47:57.055071,23:47:57.055091,23:47:57.068358,23:47:57.076878,23:47:57.524688,23:47:57.524716,23:47:57.530838,23:47:57.530861,23:47:57.536777,23:47:57.493141,23:47:57.493332,23:47:57.043654
450,leak,23:48:02.356699,23:48:02.356699,23:48:02.357128,23:48:02.357128,23:48:02.358247,23:48:02.358247,23:48:02.360553,23:48:02.360553,23:48:02.369890,23:48:02.369912,23:48:02.383495,23:48:02.392082,23:48:02.843493,23:48:02.843528,23:48:02.849863,23:48:02.849890,23:48:02.855375,23:48:02.826621,23:48:02.826775,23:48:02.357731
450,safe,23:48:06.384659,23:48:06.384659,23:48:06.385023,23:48:06.385023,23:48:06.386190,23:48:06.386190,23:48:06.387626,23:48:06.387626,23:48:06.396995,23:48:06.397017,23:48:06.411485,23:48:06.420264,23:48:06.868221,23:48:06.868253,23:48:06.874520,23:48:06.874543,23:48:06.880256,23:48:06.835627,23:48:06.835802,23:48:06.385644
450,leak,23:48:11.819579,23:48:11.819579,23:48:11.820007,23:48:11.820007,23:48:11.821201,23:48:11.821201,23:48:11.823559,23:48:11.823559,23:48:11.833126,23:48:11.833143,23:48:11.854263,23:48:11.862959,23:48:12.312872,23:48:12.312899,23:48:12.318897,23:48:12.318919,23:48:12.324622,23:48:12.291523,23:48:12.291700,23:48:11.820692
450,leak,23:48:15.881040,23:48:15.881040,23:48:15.881378,23:48:15.881378,23:48:15.882524,23:48:15.882524,23:48:15.883907,23:48:15.883907,23:48:15.893876,23:48:15.893895,23:48:15.908801,23:48:15.917722,23:48:16.360649,23:48:16.360682,23:48:16.366694,23:48:16.366726,23:48:16.372454,23:48:16.332080,23:48:16.332257,23:48:15.882019
450,safe,23:48:19.301247,23:48:19.301247,23:48:19.301735,23:48:19.301735,23:48:19.303118,23:48:19.303118,23:48:19.304706,23:48:19.304706,23:48:19.314110,23:48:19.314137,23:48:19.328060,23:48:19.336680,23:48:19.781204,23:48:19.781233,23:48:19.787092,23:48:19.787116,23:48:19.792823,23:48:19.751936,23:48:19.752090,23:48:19.302467
450,leak,23:48:24.687337,23:48:24.687337,23:48:24.687749,23:48:24.687749,23:48:24.688929,23:48:24.688929,23:48:24.691081,23:48:24.691081,23:48:24.700464,23:48:24.700493,23:48:24.714736,23:48:24.722858,23:48:25.172105,23:48:25.172133,23:48:25.178103,23:48:25.178121,23:48:25.184117,23:48:25.163262,23:48:25.163419,23:48:24.688415
450,leak,23:48:28.432398,23:48:28.432398,23:48:28.432769,23:48:28.432769,23:48:28.433917,23:48:28.433917,23:48:28.435876,23:48:28.435876,23:48:28.445752,23:48:28.445775,23:48:28.460039,23:48:28.468388,23:48:28.915097,23:48:28.915131,23:48:28.920944,23:48:28.920966,23:48:28.926363,23:48:28.883083,23:48:28.883269,23:48:28.433409
450,safe,23:48:32.366062,23:48:32.366062,23:48:32.366392,23:48:32.366392,23:48:32.367516,23:48:32.367516,23:48:32.369053,23:48:32.369053,23:48:32.379292,23:48:32.379314,23:48:32.393245,23:48:32.402707,23:48:32.850878,23:48:32.850908,23:48:32.856899,23:48:32.856928,23:48:32.862504,23:48:32.816977,23:48:32.817140,23:48:32.367004
450,leak,23:48:37.801632,23:48:37.801632,23:48:37.802085,23:48:37.802085,23:48:37.803374,23:48:37.803374,23:48:37.805613,23:48:37.805613,23:48:37.815556,23:48:37.815575,23:48:37.829033,23:48:37.837951,23:48:38.289610,23:48:38.289642,23:48:38.295970,23:48:38.295994,23:48:38.301607,23:48:38.270961,23:48:38.271117,23:48:37.802809
450,leak,23:48:41.581146,23:48:41.581146,23:48:41.581501,23:48:41.581501,23:48:41.582739,23:48:41.582739,23:48:41.584157,23:48:41.584157,23:48:41.593865,23:48:41.593889,23:48:41.607428,23:48:41.616026,23:48:42.059839,23:48:42.059866,23:48:42.066126,23:48:42.066153,23:48:42.071976,23:48:42.031935,23:48:42.032097,23:48:41.582155
450,leak,23:48:46.561528,23:48:46.561528,23:48:46.562008,23:48:46.562008,23:48:46.563307,23:48:46.563307,23:48:46.564781,23:48:46.564781,23:48:46.575337,23:48:46.575369,23:48:46.589074,23:48:46.597712,23:48:47.053431,23:48:47.053459,23:48:47.059611,23:48:47.059637,23:48:47.065422,23:48:47.012236,23:48:47.012406,23:48:46.562769
450,leak,23:48:49.956417,23:48:49.956417,23:48:49.956825,23:48:49.956825,23:48:49.958014,23:48:49.958014,23:48:49.959463,23:48:49.959463,23:48:49.968993,23:48:49.969012,23:48:49.983184,23:48:49.991749,23:48:50.450646,23:48:50.450696,23:48:50.457185,23:48:50.457208,23:48:50.462972,23:48:50.407315,23:48:50.407494,23:48:49.957507
450,safe,23:48:53.982131,23:48:53.982131,23:48:53.982532,23:48:53.982532,23:48:53.983772,23:48:53.983772,23:48:53.985178,23:48:53.985178,23:48:53.994465,23:48:53.994485,23:48:54.008344,23:48:54.017465,23:48:54.459277,23:48:54.459307,23:48:54.465545,23:48:54.465570,23:48:54.471264,23:48:54.432832,23:48:54.433003,23:48:53.983234
450,leak,23:48:59.337302,23:48:59.337302,23:48:59.337655,23:48:59.337655,23:48:59.338814,23:48:59.338814,23:48:59.341147,23:48:59.341147,23:48:59.350557,23:48:59.350578,23:48:59.364649,23:48:59.373380,23:48:59.822550,23:48:59.822576,23:48:59.828895,23:48:59.828923,23:48:59.834628,23:48:59.812917,23:48:59.813067,23:48:59.338244
450,leak,23:49:04.384195,23:49:04.384195,23:49:04.384603,23:49:04.384603,23:49:04.385946,23:49:04.385946,23:49:04.388274,23:49:04.388274,23:49:04.397548,23:49:04.397566,23:49:04.419113,23:49:04.427513,23:49:04.880882,23:49:04.880910,23:49:04.886988,23:49:04.887015,23:49:04.892520,23:49:04.835812,23:49:04.835978,23:49:04.385377
450,leak,23:49:07.963338,23:49:07.963338,23:49:07.963717,23:49:07.963717,23:49:07.965117,23:49:07.965117,23:49:07.966592,23:49:07.966592,23:49:07.976947,23:49:07.976967,23:49:07.991169,23:49:07.999907,23:49:08.442482,23:49:08.442511,23:49:08.449208,23:49:08.449235,23:49:08.454972,23:49:08.414280,23:49:08.414470,23:49:07.964456
450,leak,23:49:12.124617,23:49:12.124617,23:49:12.125086,23:49:12.125086,23:49:12.126562,23:49:12.126562,23:49:12.127997,23:49:12.127997,23:49:12.137987,23:49:12.138013,23:49:12.152160,23:49:12.160708,23:49:12.608930,23:49:12.608961,23:49:12.615216,23:49:12.615245,23:49:12.621016,23:49:12.575723,23:49:12.575897,23:49:12.126010
450,safe,23:49:17.138769,23:49:17.138769,23:49:17.139216,23:49:17.139216,23:49:17.140654,23:49:17.140654,23:49:17.143382,23:49:17.143382,23:49:17.179331,23:49:17.179369,23:49:17.193861,23:49:17.202576,23:49:17.657475,23:49:17.657506,23:49:17.663792,23:49:17.663819,23:49:17.669700,23:49:17.606175,23:49:17.606394,23:49:17.140037
450,leak,23:49:22.742722,23:49:22.742722,23:49:22.743180,23:49:22.743180,23:49:22.744608,23:49:22.744608,23:49:22.746976,23:49:22.746976,23:49:22.780103,23:49:22.780134,23:49:22.794123,23:49:22.802730,23:49:23.251641,23:49:23.251669,23:49:23.257666,23:49:23.257690,23:49:23.263291,23:49:23.209046,23:49:23.209248,23:49:22.744018
450,leak,23:49:26.221931,23:49:26.221931,23:49:26.222335,23:49:26.222335,23:49:26.223677,23:49:26.223677,23:49:26.225197,23:49:26.225197,23:49:26.263564,23:49:26.263603,23:49:26.277679,23:49:26.286370,23:49:26.731890,23:49:26.731921,23:49:26.737906,23:49:26.737933,23:49:26.743900,23:49:26.673035,23:49:26.673249,23:49:26.223015
450,safe,23:49:31.260651,23:49:31.260651,23:49:31.260982,23:49:31.260982,23:49:31.262151,23:49:31.262151,23:49:31.264422,23:49:31.264422,23:49:31.274403,23:49:31.274429,23:49:31.289078,23:49:31.297943,23:49:31.747991,23:49:31.748019,23:49:31.753889,23:49:31.753912,23:49:31.759288,23:49:31.725397,23:49:31.725548,23:49:31.261636
450,leak,23:49:36.730088,23:49:36.730088,23:49:36.730507,23:49:36.730507,23:49:36.731784,23:49:36.731784,23:49:36.734089,23:49:36.734089,23:49:36.745813,23:49:36.745846,23:49:36.759739,23:49:36.768153,23:49:37.217810,23:49:37.217840,23:49:37.223773,23:49:37.223798,23:49:37.229828,23:49:37.192522,23:49:37.192675,23:49:36.731232
450,leak,23:49:40.217184,23:49:40.217184,23:49:40.217813,23:49:40.217813,23:49:40.219550,23:49:40.219550,23:49:40.221508,23:49:40.221508,23:49:40.233225,23:49:40.233275,23:49:40.252363,23:49:40.265649,23:49:40.722733,23:49:40.722768,23:49:40.728986,23:49:40.729015,23:49:40.734712,23:49:40.667746,23:49:40.667906,23:49:40.218791
450,leak,23:49:44.165385,23:49:44.165385,23:49:44.165808,23:49:44.165808,23:49:44.167249,23:49:44.167249,23:49:44.168710,23:49:44.168710,23:49:44.178071,23:49:44.178101,23:49:44.192600,23:49:44.201608,23:49:44.648480,23:49:44.648512,23:49:44.654755,23:49:44.654787,23:49:44.660703,23:49:44.616396,23:49:44.616558,23:49:44.166651
450,leak,23:49:48.043992,23:49:48.043992,23:49:48.044404,23:49:48.044404,23:49:48.045847,23:49:48.045847,23:49:48.047327,23:49:48.047327,23:49:48.057440,23:49:48.057463,23:49:48.071428,23:49:48.080457,23:49:48.522467,23:49:48.522497,23:49:48.528580,23:49:48.528605,23:49:48.534245,23:49:48.494742,23:49:48.494909,23:49:48.045163
450,leak,23:49:53.083822,23:49:53.083822,23:49:53.084231,23:49:53.084231,23:49:53.085657,23:49:53.085657,23:49:53.088441,23:49:53.088441,23:49:53.098234,23:49:53.098253,23:49:53.111927,23:49:53.120331,23:49:53.573853,23:49:53.573883,23:49:53.580176,23:49:53.580206,23:49:53.585996,23:49:53.548432,23:49:53.548589,23:49:53.084974
450,safe,23:49:56.581936,23:49:56.581936,23:49:56.582412,23:49:56.582412,23:49:56.583777,23:49:56.583777,23:49:56.585349,23:49:56.585349,23:49:56.594788,23:49:56.594806,23:49:56.618526,23:49:56.627807,23:49:57.066738,23:49:57.066767,23:49:57.072846,23:49:57.072873,23:49:57.078721,23:49:57.032379,23:49:57.032540,23:49:56.583141
450,safe,23:50:02.139432,23:50:02.139432,23:50:02.139919,23:50:02.139919,23:50:02.141198,23:50:02.141198,23:50:02.143641,23:50:02.143641,23:50:02.153231,23:50:02.153253,23:50:02.167265,23:50:02.176319,23:50:02.626741,23:50:02.626773,23:50:02.633154,23:50:02.633180,23:50:02.639694,23:50:02.601439,23:50:02.601607,23:50:02.140580
450,leak,23:50:07.727709,23:50:07.727709,23:50:07.728112,23:50:07.728112,23:50:07.729442,23:50:07.729442,23:50:07.731661,23:50:07.731661,23:50:07.741043,23:50:07.741063,23:50:07.755188,23:50:07.763450,23:50:08.213704,23:50:08.213733,23:50:08.219844,23:50:08.219870,23:50:08.225431,23:50:08.179232,23:50:08.179432,23:50:07.728848
450,leak,23:50:10.967787,23:50:10.967787,23:50:10.968253,23:50:10.968253,23:50:10.969538,23:50:10.969538,23:50:10.971092,23:50:10.971092,23:50:10.981458,23:50:10.981482,23:50:10.996327,23:50:11.005168,23:50:11.450722,23:50:11.450754,23:50:11.457162,23:50:11.457186,23:50:11.462592,23:50:11.418364,23:50:11.418526,23:50:10.969020
450,leak,23:50:16.018658,23:50:16.018658,23:50:16.019059,23:50:16.019059,23:50:16.020429,23:50:16.020429,23:50:16.023008,23:50:16.023008,23:50:16.032435,23:50:16.032482,23:50:16.047182,23:50:16.055978,23:50:16.505298,23:50:16.505326,23:50:16.511471,23:50:16.511499,23:50:16.516975,23:50:16.469965,23:50:16.470116,23:50:16.019841
450,leak,23:50:21.037332,23:50:21.037332,23:50:21.037750,23:50:21.037750,23:50:21.039412,23:50:21.039412,23:50:21.042138,23:50:21.042138,23:50:21.052243,23:50:21.052279,23:50:21.065880,23:50:21.074904,23:50:21.525354,23:50:21.525386,23:50:21.531538,23:50:21.531563,23:50:21.537176,23:50:21.512899,23:50:21.513074,23:50:21.038507
450,leak,23:50:26.012296,23:50:26.012296,23:50:26.012771,23:50:26.012771,23:50:26.013970,23:50:26.013970,23:50:26.015314,23:50:26.015314,23:50:26.024543,23:50:26.024563,23:50:26.038094,23:50:26.046405,23:50:26.497009,23:50:26.497040,23:50:26.503539,23:50:26.503569,23:50:26.509185,23:50:26.463421,23:50:26.463590,23:50:26.013457
450,leak,23:50:29.946271,23:50:29.946271,23:50:29.946701,23:50:29.946701,23:50:29.948041,23:50:29.948041,23:50:29.949613,23:50:29.949613,23:50:29.958932,23:50:29.958950,23:50:29.972735,23:50:29.981518,23:50:30.435329,23:50:30.435360,23:50:30.441636,23:50:30.441666,23:50:30.447309,23:50:30.397839,23:50:30.398006,23:50:29.947403
450,leak,23:50:33.476159,23:50:33.476159,23:50:33.476614,23:50:33.476614,23:50:33.477993,23:50:33.477993,23:50:33.479387,23:50:33.479387,23:50:33.488685,23:50:33.488703,23:50:33.502082,23:50:33.511183,23:50:33.956199,23:50:33.956226,23:50:33.962198,23:50:33.962224,23:50:33.968167,23:50:33.925392,23:50:33.925588,23:50:33.477339
450,leak,23:50:38.441181,23:50:38.441181,23:50:38.441539,23:50:38.441539,23:50:38.443203,23:50:38.443203,23:50:38.444950,23:50:38.444950,23:50:38.454293,23:50:38.454313,23:50:38.468302,23:50:38.477592,23:50:38.930104,23:50:38.930134,23:50:38.936353,23:50:38.936378,23:50:38.942016,23:50:38.891866,23:50:38.892038,23:50:38.442209
450,safe,23:50:42.448982,23:50:42.448982,23:50:42.449419,23:50:42.449419,23:50:42.450868,23:50:42.450868,23:50:42.452424,23:50:42.452424,23:50:42.461876,23:50:42.461895,23:50:42.476074,23:50:42.485357,23:50:42.932434,23:50:42.932462,23:50:42.938727,23:50:42.938756,23:50:42.944582,23:50:42.899951,23:50:42.900114,23:50:42.450167
450,leak,23:50:47.872155,23:50:47.872155,23:50:47.872538,23:50:47.872538,23:50:47.874065,23:50:47.874065,23:50:47.876538,23:50:47.876538,23:50:47.886087,23:50:47.886106,23:50:47.899743,23:50:47.908512,23:50:48.359098,23:50:48.359124,23:50:48.365152,23:50:48.365177,23:50:48.370937,23:50:48.333629,23:50:48.333780,23:50:47.873214
450,safe,23:50:52.981299,23:50:52.981299,23:50:52.981693,23:50:52.981693,23:50:52.982873,23:50:52.982873,23:50:52.985139,23:50:52.985139,23:50:52.994512,23:50:52.994530,23:50:53.016988,23:50:53.026108,23:50:53.475530,23:50:53.475567,23:50:53.481750,23:50:53.481777,23:50:53.487861,23:50:53.454974,23:50:53.455129,23:50:52.982350
450,leak,23:50:58.545083,23:50:58.545083,23:50:58.545503,23:50:58.545503,23:50:58.546719,23:50:58.546719,23:50:58.549075,23:50:58.549075,23:50:58.558516,23:50:58.558546,23:50:58.573221,23:50:58.582093,23:50:59.032606,23:50:59.032637,23:50:59.038619,23:50:59.038645,23:50:59.044348,23:50:58.996706,23:50:58.996904,23:50:58.546170
450,leak,23:51:03.594287,23:51:03.594287,23:51:03.594683,23:51:03.594683,23:51:03.595902,23:51:03.595902,23:51:03.598306,23:51:03.598306,23:51:03.607566,23:51:03.607591,23:51:03.621300,23:51:03.629990,23:51:04.080476,23:51:04.080502,23:51:04.086413,23:51:04.086437,23:51:04.092101,23:51:04.055715,23:51:04.055869,23:51:03.595354
450,leak,23:51:08.653452,23:51:08.653452,23:51:08.653873,23:51:08.653873,23:51:08.655961,23:51:08.655961,23:51:08.658350,23:51:08.658350,23:51:08.667570,23:51:08.667589,23:51:08.680878,23:51:08.689699,23:51:09.139159,23:51:09.139189,23:51:09.145170,23:51:09.145196,23:51:09.151150,23:51:09.124533,23:51:09.124685,23:51:08.655268
450,safe,23:51:13.716266,23:51:13.716266,23:51:13.716598,23:51:13.716598,23:51:13.717733,23:51:13.717733,23:51:13.719985,23:51:13.719985,23:51:13.729854,23:51:13.729874,23:51:13.743326,23:51:13.752241,23:51:14.200501,23:51:14.200539,23:51:14.206612,23:51:14.206634,23:51:14.212038,23:51:14.189003,23:51:14.189167,23:51:13.717206
450,safe,23:51:18.975948,23:51:18.975948,23:51:18.976396,23:51:18.976396,23:51:18.977784,23:51:18.977784,23:51:18.980062,23:51:18.980062,23:51:18.989945,23:51:18.989964,23:51:19.003546,23:51:19.011850,23:51:19.462738,23:51:19.462766,23:51:19.469646,23:51:19.469677,23:51:19.475928,23:51:19.451705,23:51:19.451883,23:51:18.977153
500,safe,23:51:24.527054,23:51:24.527054,23:51:24.527471,23:51:24.527471,23:51:24.528836,23:51:24.528836,23:51:24.531526,23:51:24.531526,23:51:24.543317,23:51:24.543344,23:51:24.557157,23:51:24.566332,23:51:25.017985,23:51:25.018020,23:51:25.024298,23:51:25.024322,23:51:25.030128,23:51:25.028719,23:51:25.028878,23:51:24.528265
500,safe,23:51:29.931512,23:51:29.931512,23:51:29.931930,23:51:29.931930,23:51:29.933589,23:51:29.933589,23:51:29.936247,23:51:29.936247,23:51:29.946121,23:51:29.946147,23:51:29.961486,23:51:29.970348,23:51:30.426240,23:51:30.426286,23:51:30.433950,23:51:30.433999,23:51:30.441597,23:51:30.452529,23:51:30.452742,23:51:29.932677
500,safe,23:51:33.238375,23:51:33.238375,23:51:33.238778,23:51:33.238778,23:51:33.240037,23:51:33.240037,23:51:33.241542,23:51:33.241542,23:51:33.251061,23:51:33.251079,23:51:33.264899,23:51:33.273383,23:51:33.683713,23:51:33.683757,23:51:33.689870,23:51:33.689893,23:51:33.695205,23:51:33.737470,23:51:33.737649,23:51:33.239504
500,safe,23:51:35.433655,23:51:35.433655,23:51:35.434084,23:51:35.434084,23:51:35.435376,23:51:35.435376,23:51:35.436827,23:51:35.436827,23:51:35.446237,23:51:35.446262,23:51:35.459769,23:51:35.468536,23:51:35.878606,23:51:35.878641,23:51:35.884699,23:51:35.884719,23:51:35.890235,23:51:35.934875,23:51:35.935061,23:51:35.434827
500,safe,23:51:37.512271,23:51:37.512271,23:51:37.512752,23:51:37.512752,23:51:37.514103,23:51:37.514103,23:51:37.515675,23:51:37.515675,23:51:37.525138,23:51:37.525159,23:51:37.540277,23:51:37.548790,23:51:37.965252,23:51:37.965287,23:51:37.971471,23:51:37.971495,23:51:37.977170,23:51:38.013235,23:51:38.013436,23:51:37.513528
500,safe,23:51:39.590476,23:51:39.590476,23:51:39.590903,23:51:39.590903,23:51:39.592157,23:51:39.592157,23:51:39.593523,23:51:39.593523,23:51:39.603668,23:51:39.603706,23:51:39.618124,23:51:39.627115,23:51:40.038770,23:51:40.038804,23:51:40.045004,23:51:40.045029,23:51:40.050803,23:51:40.091244,23:51:40.091428,23:51:39.591602
500,safe,23:51:41.678860,23:51:41.678860,23:51:41.679281,23:51:41.679281,23:51:41.680724,23:51:41.680724,23:51:41.682238,23:51:41.682238,23:51:41.691648,23:51:41.691666,23:51:41.715017,23:51:41.723558,23:51:42.135135,23:51:42.135170,23:51:42.141414,23:51:42.141440,23:51:42.147404,23:51:42.179874,23:51:42.180057,23:51:41.680115
500,safe,23:51:44.932446,23:51:44.932446,23:51:44.932861,23:51:44.932861,23:51:44.934191,23:51:44.934191,23:51:44.935593,23:51:44.935593,23:51:44.945359,23:51:44.945382,23:51:44.960368,23:51:44.969500,23:51:45.380199,23:51:45.380227,23:51:45.386016,23:51:45.386040,23:51:45.391480,23:51:45.433366,23:51:45.433533,23:51:44.933560
500,safe,23:51:47.131509,23:51:47.131509,23:51:47.131922,23:51:47.131922,23:51:47.133066,23:51:47.133066,23:51:47.134614,23:51:47.134614,23:51:47.144538,23:51:47.144557,23:51:47.158861,23:51:47.167567,23:51:47.578076,23:51:47.578105,23:51:47.584247,23:51:47.584273,23:51:47.591832,23:51:47.632653,23:51:47.632828,23:51:47.132562
500,safe,23:51:49.282525,23:51:49.282525,23:51:49.282932,23:51:49.282932,23:51:49.284129,23:51:49.284129,23:51:49.285621,23:51:49.285621,23:51:49.294865,23:51:49.294890,23:51:49.308803,23:51:49.318184,23:51:49.736115,23:51:49.736146,23:51:49.742484,23:51:49.742511,23:51:49.748013,23:51:49.783487,23:51:49.783755,23:51:49.283589
500,safe,23:51:51.517241,23:51:51.517241,23:51:51.517685,23:51:51.517685,23:51:51.519030,23:51:51.519030,23:51:51.520583,23:51:51.520583,23:51:51.530590,23:51:51.530609,23:51:51.544559,23:51:51.553423,23:51:51.964014,23:51:51.964046,23:51:51.970312,23:51:51.970338,23:51:51.976191,23:51:52.018061,23:51:52.018232,23:51:51.518389
500,safe,23:51:53.587556,23:51:53.587556,23:51:53.588007,23:51:53.588007,23:51:53.589186,23:51:53.589186,23:51:53.590572,23:51:53.590572,23:51:53.600428,23:51:53.600446,23:51:53.614876,23:51:53.623495,23:51:54.039298,23:51:54.039330,23:51:54.046098,23:51:54.046131,23:51:54.051920,23:51:54.088814,23:51:54.088999,23:51:53.588628
500,safe,23:51:55.664179,23:51:55.664179,23:51:55.664639,23:51:55.664639,23:51:55.665958,23:51:55.665958,23:51:55.667400,23:51:55.667400,23:51:55.677518,23:51:55.677540,23:51:55.692146,23:51:55.700499,23:51:56.112080,23:51:56.112113,23:51:56.118387,23:51:56.118414,23:51:56.124421,23:51:56.164717,23:51:56.164913,23:51:55.665332
500,safe,23:51:57.865516,23:51:57.865516,23:51:57.865915,23:51:57.865915,23:51:57.867055,23:51:57.867055,23:51:57.868564,23:51:57.868564,23:51:57.878020,23:51:57.878048,23:51:57.892009,23:51:57.900822,23:51:58.311205,23:51:58.311238,23:51:58.317896,23:51:58.317918,23:51:58.323293,23:51:58.366175,23:51:58.366354,23:51:57.866548
500,safe,23:51:59.936293,23:51:59.936293,23:51:59.936782,23:51:59.936782,23:51:59.938154,23:51:59.938154,23:51:59.939534,23:51:59.939534,23:51:59.949156,23:51:59.949181,23:51:59.963854,23:51:59.972745,23:52:00.388591,23:52:00.388635,23:52:00.396852,23:52:00.396885,23:52:00.404109,23:52:00.437571,23:52:00.437814,23:51:59.937522
500,safe,23:52:02.157311,23:52:02.157311,23:52:02.157693,23:52:02.157693,23:52:02.158980,23:52:02.158980,23:52:02.160570,23:52:02.160570,23:52:02.170640,23:52:02.170665,23:52:02.184745,23:52:02.193352,23:52:02.609798,23:52:02.609826,23:52:02.615885,23:52:02.615910,23:52:02.621474,23:52:02.658978,23:52:02.659159,23:52:02.158404
500,safe,23:52:05.410235,23:52:05.410235,23:52:05.410658,23:52:05.410658,23:52:05.411969,23:52:05.411969,23:52:05.413660,23:52:05.413660,23:52:05.423304,23:52:05.423327,23:52:05.437501,23:52:05.446459,23:52:05.859358,23:52:05.859389,23:52:05.865843,23:52:05.865871,23:52:05.871417,23:52:05.911018,23:52:05.911220,23:52:05.411409
500,safe,23:52:08.656724,23:52:08.656724,23:52:08.657146,23:52:08.657146,23:52:08.658347,23:52:08.658347,23:52:08.659818,23:52:08.659818,23:52:08.669101,23:52:08.669123,23:52:08.683188,23:52:08.692294,23:52:09.104070,23:52:09.104099,23:52:09.110058,23:52:09.110084,23:52:09.115494,23:52:09.157751,23:52:09.157927,23:52:08.657793
500,safe,23:52:11.910694,23:52:11.910694,23:52:11.911088,23:52:11.911088,23:52:11.912493,23:52:11.912493,23:52:11.913933,23:52:11.913933,23:52:11.923613,23:52:11.923632,23:52:11.946416,23:52:11.955296,23:52:12.365505,23:52:12.365534,23:52:12.371452,23:52:12.371476,23:52:12.377071,23:52:12.411295,23:52:12.411459,23:52:11.911901
500,safe,23:52:15.159738,23:52:15.159738,23:52:15.160171,23:52:15.160171,23:52:15.161571,23:52:15.161571,23:52:15.163104,23:52:15.163104,23:52:15.173244,23:52:15.173264,23:52:15.187200,23:52:15.195602,23:52:15.605524,23:52:15.605556,23:52:15.612029,23:52:15.612055,23:52:15.617810,23:52:15.660564,23:52:15.660745,23:52:15.160890
500,safe,23:52:18.399638,23:52:18.399638,23:52:18.400032,23:52:18.400032,23:52:18.401335,23:52:18.401335,23:52:18.402777,23:52:18.402777,23:52:18.412707,23:52:18.412730,23:52:18.426665,23:52:18.434860,23:52:18.844692,23:52:18.844723,23:52:18.850912,23:52:18.850938,23:52:18.856650,23:52:18.900724,23:52:18.900914,23:52:18.400786
500,safe,23:52:20.559912,23:52:20.559912,23:52:20.560314,23:52:20.560314,23:52:20.562655,23:52:20.562655,23:52:20.564426,23:52:20.564426,23:52:20.573857,23:52:20.573880,23:52:20.588413,23:52:20.597314,23:52:21.006953,23:52:21.006983,23:52:21.013064,23:52:21.013093,23:52:21.019016,23:52:21.060677,23:52:21.060843,23:52:20.561890
500,safe,23:52:22.636797,23:52:22.636797,23:52:22.637218,23:52:22.637218,23:52:22.638506,23:52:22.638506,23:52:22.640145,23:52:22.640145,23:52:22.649669,23:52:22.649693,23:52:22.664753,23:52:22.673531,23:52:23.082590,23:52:23.082622,23:52:23.088526,23:52:23.088550,23:52:23.094451,23:52:23.137935,23:52:23.138130,23:52:22.637868
500,safe,23:52:24.706525,23:52:24.706525,23:52:24.706931,23:52:24.706931,23:52:24.708157,23:52:24.708157,23:52:24.709582,23:52:24.709582,23:52:24.721294,23:52:24.721314,23:52:24.735093,23:52:24.744808,23:52:25.154541,23:52:25.154576,23:52:25.160558,23:52:25.160582,23:52:25.165741,23:52:25.207167,23:52:25.207345,23:52:24.707643
500,safe,23:52:26.776000,23:52:26.776000,23:52:26.776436,23:52:26.776436,23:52:26.777683,23:52:26.777683,23:52:26.779130,23:52:26.779130,23:52:26.788498,23:52:26.788518,23:52:26.802627,23:52:26.811461,23:52:27.221943,23:52:27.221971,23:52:27.227666,23:52:27.227688,23:52:27.233213,23:52:27.277237,23:52:27.277478,23:52:26.777131
500,safe,23:52:30.024513,23:52:30.024513,23:52:30.024868,23:52:30.024868,23:52:30.026181,23:52:30.026181,23:52:30.027807,23:52:30.027807,23:52:30.037883,23:52:30.037906,23:52:30.052471,23:52:30.061393,23:52:30.478781,23:52:30.478832,23:52:30.488620,23:52:30.488657,23:52:30.494984,23:52:30.525748,23:52:30.525986,23:52:30.025603
500,safe,23:52:33.312448,23:52:33.312448,23:52:33.312880,23:52:33.312880,23:52:33.314199,23:52:33.314199,23:52:33.315628,23:52:33.315628,23:52:33.325052,23:52:33.325071,23:52:33.339238,23:52:33.348061,23:52:33.758328,23:52:33.758356,23:52:33.764262,23:52:33.764287,23:52:33.770132,23:52:33.811271,23:52:33.811440,23:52:33.313614
500,safe,23:52:35.385994,23:52:35.385994,23:52:35.386439,23:52:35.386439,23:52:35.387739,23:52:35.387739,23:52:35.389264,23:52:35.389264,23:52:35.398669,23:52:35.398688,23:52:35.412305,23:52:35.420659,23:52:35.831423,23:52:35.831457,23:52:35.838030,23:52:35.838067,23:52:35.844280,23:52:35.886888,23:52:35.887056,23:52:35.387149
500,safe,23:52:38.637510,23:52:38.637510,23:52:38.637943,23:52:38.637943,23:52:38.639469,23:52:38.639469,23:52:38.641153,23:52:38.641153,23:52:38.651223,23:52:38.651244,23:52:38.664918,23:52:38.673876,23:52:39.084717,23:52:39.084747,23:52:39.090650,23:52:39.090672,23:52:39.096218,23:52:39.138092,23:52:39.138260,23:52:38.638683
500,safe,23:52:41.891475,23:52:41.891475,23:52:41.891871,23:52:41.891871,23:52:41.893232,23:52:41.893232,23:52:41.894766,23:52:41.894766,23:52:41.904347,23:52:41.904367,23:52:41.918463,23:52:41.927473,23:52:42.340409,23:52:42.340442,23:52:42.346221,23:52:42.346243,23:52:42.351542,23:52:42.392504,23:52:42.392715,23:52:41.892583
500,safe,23:52:45.144628,23:52:45.144628,23:52:45.145002,23:52:45.145002,23:52:45.146307,23:52:45.146307,23:52:45.147764,23:52:45.147764,23:52:45.157297,23:52:45.157316,23:52:45.178764,23:52:45.188086,23:52:45.604100,23:52:45.604133,23:52:45.610283,23:52:45.610307,23:52:45.615807,23:52:45.645659,23:52:45.645837,23:52:45.145752
500,safe,23:52:48.406339,23:52:48.406339,23:52:48.406721,23:52:48.406721,23:52:48.407916,23:52:48.407916,23:52:48.409802,23:52:48.409802,23:52:48.419430,23:52:48.419454,23:52:48.434480,23:52:48.444040,23:52:48.861038,23:52:48.861067,23:52:48.867122,23:52:48.867146,23:52:48.872983,23:52:48.907568,23:52:48.907741,23:52:48.407379
500,safe,23:52:51.673130,23:52:51.673130,23:52:51.673558,23:52:51.673558,23:52:51.674927,23:52:51.674927,23:52:51.676421,23:52:51.676421,23:52:51.686809,23:52:51.686838,23:52:51.701174,23:52:51.710086,23:52:52.118997,23:52:52.119032,23:52:52.125349,23:52:52.125377,23:52:52.130905,23:52:52.174137,23:52:52.174306,23:52:51.674337
500,safe,23:52:54.922960,23:52:54.922960,23:52:54.923369,23:52:54.923369,23:52:54.924768,23:52:54.924768,23:52:54.926249,23:52:54.926249,23:52:54.935793,23:52:54.935822,23:52:54.950105,23:52:54.958765,23:52:55.368721,23:52:55.368750,23:52:55.374579,23:52:55.374601,23:52:55.380192,23:52:55.423787,23:52:55.423972,23:52:54.924116
500,safe,23:52:56.998512,23:52:56.998512,23:52:56.998904,23:52:56.998904,23:52:57.000177,23:52:57.000177,23:52:57.001761,23:52:57.001761,23:52:57.011142,23:52:57.011163,23:52:57.025941,23:52:57.035594,23:52:57.444356,23:52:57.444388,23:52:57.450422,23:52:57.450448,23:52:57.456270,23:52:57.499047,23:52:57.499208,23:52:56.999596
500,safe,23:52:59.201937,23:52:59.201937,23:52:59.202337,23:52:59.202337,23:52:59.203488,23:52:59.203488,23:52:59.204927,23:52:59.204927,23:52:59.214474,23:52:59.214499,23:52:59.228892,23:52:59.238179,23:52:59.648210,23:52:59.648239,23:52:59.654391,23:52:59.654416,23:52:59.660365,23:52:59.702775,23:52:59.702950,23:52:59.203002
500,safe,23:53:01.416459,23:53:01.416459,23:53:01.416945,23:53:01.416945,23:53:01.418293,23:53:01.418293,23:53:01.419768,23:53:01.419768,23:53:01.430319,23:53:01.430341,23:53:01.444706,23:53:01.453179,23:53:01.863286,23:53:01.863315,23:53:01.869097,23:53:01.869118,23:53:01.875028,23:53:01.917290,23:53:01.917457,23:53:01.417719
500,safe,23:53:03.615863,23:53:03.615863,23:53:03.616234,23:53:03.616234,23:53:03.617645,23:53:03.617645,23:53:03.619184,23:53:03.619184,23:53:03.628730,23:53:03.628752,23:53:03.642312,23:53:03.651362,23:53:04.065418,23:53:04.065446,23:53:04.071801,23:53:04.071829,23:53:04.077372,23:53:04.116651,23:53:04.116833,23:53:03.616975
500,safe,23:53:05.837191,23:53:05.837191,23:53:05.837620,23:53:05.837620,23:53:05.838927,23:53:05.838927,23:53:05.840412,23:53:05.840412,23:53:05.849754,23:53:05.849776,23:53:05.863756,23:53:05.873235,23:53:06.284635,23:53:06.284670,23:53:06.290844,23:53:06.290870,23:53:06.296531,23:53:06.338101,23:53:06.338258,23:53:05.838367
500,safe,23:53:09.092995,23:53:09.092995,23:53:09.093312,23:53:09.093312,23:53:09.094474,23:53:09.094474,23:53:09.095969,23:53:09.095969,23:53:09.105636,23:53:09.105663,23:53:09.119528,23:53:09.128457,23:53:09.538535,23:53:09.538565,23:53:09.544618,23:53:09.544640,23:53:09.550054,23:53:09.593836,23:53:09.594016,23:53:09.093957
500,safe,23:53:11.315469,23:53:11.315469,23:53:11.315882,23:53:11.315882,23:53:11.317211,23:53:11.317211,23:53:11.318646,23:53:11.318646,23:53:11.328696,23:53:11.328718,23:53:11.343033,23:53:11.351996,23:53:11.764538,23:53:11.764571,23:53:11.770945,23:53:11.771005,23:53:11.776964,23:53:11.816652,23:53:11.816830,23:53:11.316624
500,safe,23:53:13.396402,23:53:13.396402,23:53:13.396846,23:53:13.396846,23:53:13.398183,23:53:13.398183,23:53:13.399612,23:53:13.399612,23:53:13.408832,23:53:13.408853,23:53:13.422700,23:53:13.431687,23:53:13.842745,23:53:13.842773,23:53:13.848917,23:53:13.848942,23:53:13.854487,23:53:13.897345,23:53:13.897535,23:53:13.397605
500,safe,23:53:15.467204,23:53:15.467204,23:53:15.467580,23:53:15.467580,23:53:15.468710,23:53:15.468710,23:53:15.470151,23:53:15.470151,23:53:15.479648,23:53:15.479670,23:53:15.501975,23:53:15.511030,23:53:15.919513,23:53:15.919541,23:53:15.925263,23:53:15.925285,23:53:15.931035,23:53:15.967946,23:53:15.968118,23:53:15.468223
500,safe,23:53:17.549721,23:53:17.549721,23:53:17.550111,23:53:17.550111,23:53:17.551400,23:53:17.551400,23:53:17.552874,23:53:17.552874,23:53:17.562777,23:53:17.562797,23:53:17.577582,23:53:17.586391,23:53:17.997020,23:53:17.997049,23:53:18.002999,23:53:18.003022,23:53:18.008616,23:53:18.050713,23:53:18.050877,23:53:17.550807
500,safe,23:53:19.633841,23:53:19.633841,23:53:19.634236,23:53:19.634236,23:53:19.635455,23:53:19.635455,23:53:19.636934,23:53:19.636934,23:53:19.646245,23:53:19.646273,23:53:19.660689,23:53:19.669699,23:53:20.085194,23:53:20.085224,23:53:20.091174,23:53:20.091196,23:53:20.096609,23:53:20.134870,23:53:20.135071,23:53:19.634843
500,safe,23:53:22.901317,23:53:22.901317,23:53:22.901719,23:53:22.901719,23:53:22.903083,23:53:22.903083,23:53:22.904581,23:53:22.904581,23:53:22.914105,23:53:22.914138,23:53:22.928361,23:53:22.937432,23:53:23.348590,23:53:23.348626,23:53:23.354663,23:53:23.354688,23:53:23.360121,23:53:23.401962,23:53:23.402121,23:53:22.902395
500,safe,23:53:26.154665,23:53:26.154665,23:53:26.155047,23:53:26.155047,23:53:26.156363,23:53:26.156363,23:53:26.157903,23:53:26.157903,23:53:26.169669,23:53:26.169689,23:53:26.184398,23:53:26.193222,23:53:26.608340,23:53:26.608371,23:53:26.614607,23:53:26.614633,23:53:26.620588,23:53:26.655294,23:53:26.655462,23:53:26.155734
500,safe,23:53:29.409862,23:53:29.409862,23:53:29.410264,23:53:29.410264,23:53:29.411624,23:53:29.411624,23:53:29.413067,23:53:29.413067,23:53:29.423117,23:53:29.423135,23:53:29.437222,23:53:29.446191,23:53:29.861636,23:53:29.861669,23:53:29.867597,23:53:29.867619,23:53:29.873077,23:53:29.911238,23:53:29.911416,23:53:29.411054
500,safe,23:53:31.628477,23:53:31.628477,23:53:31.628914,23:53:31.628914,23:53:31.630122,23:53:31.630122,23:53:31.631626,23:53:31.631626,23:53:31.641058,23:53:31.641088,23:53:31.655525,23:53:31.664354,23:53:32.075744,23:53:32.075776,23:53:32.081856,23:53:32.081880,23:53:32.088311,23:53:32.129364,23:53:32.129539,23:53:31.629593
500,safe,23:53:34.875765,23:53:34.875765,23:53:34.876177,23:53:34.876177,23:53:34.877526,23:53:34.877526,23:53:34.878954,23:53:34.878954,23:53:34.888983,23:53:34.889023,23:53:34.902746,23:53:34.911273,23:53:35.322037,23:53:35.322066,23:53:35.328050,23:53:35.328074,23:53:35.333402,23:53:35.377090,23:53:35.377257,23:53:34.876935
500,safe,23:53:37.039574,23:53:37.039574,23:53:37.039953,23:53:37.039953,23:53:37.041287,23:53:37.041287,23:53:37.042825,23:53:37.042825,23:53:37.052582,23:53:37.052607,23:53:37.067405,23:53:37.076134,23:53:37.485184,23:53:37.485215,23:53:37.491257,23:53:37.491281,23:53:37.496898,23:53:37.540639,23:53:37.540818,23:53:37.040657
500,safe,23:53:39.241183,23:53:39.241183,23:53:39.241578,23:53:39.241578,23:53:39.242734,23:53:39.242734,23:53:39.244235,23:53:39.244235,23:53:39.253651,23:53:39.253670,23:53:39.267080,23:53:39.275864,23:53:39.687464,23:53:39.687495,23:53:39.693795,23:53:39.693818,23:53:39.699217,23:53:39.742104,23:53:39.742352,23:53:39.242192
500,safe,23:53:41.453419,23:53:41.453419,23:53:41.453827,23:53:41.453827,23:53:41.455001,23:53:41.455001,23:53:41.456540,23:53:41.456540,23:53:41.465986,23:53:41.466010,23:53:41.479070,23:53:41.487626,23:53:41.900879,23:53:41.900908,23:53:41.906913,23:53:41.906939,23:53:41.912552,23:53:41.954415,23:53:41.954607,23:53:41.454499
500,safe,23:53:43.535118,23:53:43.535118,23:53:43.535500,23:53:43.535500,23:53:43.536764,23:53:43.536764,23:53:43.538203,23:53:43.538203,23:53:43.548628,23:53:43.548657,23:53:43.562327,23:53:43.570934,23:53:43.980678,23:53:43.980710,23:53:43.986862,23:53:43.986886,23:53:43.992818,23:53:44.035807,23:53:44.035970,23:53:43.536243
500,safe,23:53:45.738736,23:53:45.738736,23:53:45.739129,23:53:45.739129,23:53:45.740472,23:53:45.740472,23:53:45.742318,23:53:45.742318,23:53:45.751793,23:53:45.751812,23:53:45.774058,23:53:45.782672,23:53:46.192169,23:53:46.192198,23:53:46.197927,23:53:46.197949,23:53:46.203395,23:53:46.239903,23:53:46.240088,23:53:45.739832
500,safe,23:53:47.950526,23:53:47.950526,23:53:47.950914,23:53:47.950914,23:53:47.952136,23:53:47.952136,23:53:47.953642,23:53:47.953642,23:53:47.962961,23:53:47.962979,23:53:47.977500,23:53:47.986018,23:53:48.397875,23:53:48.397929,23:53:48.404427,23:53:48.404449,23:53:48.410720,23:53:48.451103,23:53:48.451289,23:53:47.951605
500,safe,23:53:50.170576,23:53:50.170576,23:53:50.170893,23:53:50.170893,23:53:50.172075,23:53:50.172075,23:53:50.173802,23:53:50.173802,23:53:50.184097,23:53:50.184116,23:53:50.197689,23:53:50.206322,23:53:50.624689,23:53:50.624721,23:53:50.631000,23:53:50.631024,23:53:50.637272,23:53:50.671551,23:53:50.671744,23:53:50.171541
500,safe,23:53:53.440081,23:53:53.440081,23:53:53.440476,23:53:53.440476,23:53:53.441899,23:53:53.441899,23:53:53.443351,23:53:53.443351,23:53:53.452662,23:53:53.452684,23:53:53.467426,23:53:53.475952,23:53:53.891420,23:53:53.891452,23:53:53.897475,23:53:53.897501,23:53:53.903387,23:53:53.940907,23:53:53.941122,23:53:53.441213
500,safe,23:53:56.693825,23:53:56.693825,23:53:56.694299,23:53:56.694299,23:53:56.695604,23:53:56.695604,23:53:56.697032,23:53:56.697032,23:53:56.706371,23:53:56.706391,23:53:56.720938,23:53:56.729321,23:53:57.138713,23:53:57.138746,23:53:57.144792,23:53:57.144815,23:53:57.149998,23:53:57.194459,23:53:57.194688,23:53:56.694958
500,safe,23:53:59.940682,23:53:59.940682,23:53:59.941085,23:53:59.941085,23:53:59.942367,23:53:59.942367,23:53:59.943867,23:53:59.943867,23:53:59.953723,23:53:59.953742,23:53:59.967853,23:53:59.976458,23:54:00.387315,23:54:00.387350,23:54:00.394905,23:54:00.394939,23:54:00.403070,23:54:00.441753,23:54:00.441959,23:53:59.941822
500,safe,23:54:03.213579,23:54:03.213579,23:54:03.214009,23:54:03.214009,23:54:03.215443,23:54:03.215443,23:54:03.216918,23:54:03.216918,23:54:03.227002,23:54:03.227021,23:54:03.240903,23:54:03.249919,23:54:03.658635,23:54:03.658664,23:54:03.664937,23:54:03.664963,23:54:03.670582,23:54:03.713191,23:54:03.713370,23:54:03.214800
500,safe,23:54:06.464829,23:54:06.464829,23:54:06.465235,23:54:06.465235,23:54:06.466381,23:54:06.466381,23:54:06.468037,23:54:06.468037,23:54:06.478073,23:54:06.478105,23:54:06.492400,23:54:06.500563,23:54:06.911304,23:54:06.911333,23:54:06.917194,23:54:06.917217,23:54:06.922717,23:54:06.965867,23:54:06.966027,23:54:06.465838
500,safe,23:54:09.714907,23:54:09.714907,23:54:09.715350,23:54:09.715350,23:54:09.716666,23:54:09.716666,23:54:09.718160,23:54:09.718160,23:54:09.727533,23:54:09.727552,23:54:09.741417,23:54:09.750687,23:54:10.161519,23:54:10.161549,23:54:10.167375,23:54:10.167398,23:54:10.173245,23:54:10.215832,23:54:10.216057,23:54:09.716120
500,safe,23:54:11.931081,23:54:11.931081,23:54:11.931453,23:54:11.931453,23:54:11.932723,23:54:11.932723,23:54:11.934161,23:54:11.934161,23:54:11.944395,23:54:11.944417,23:54:11.958848,23:54:11.967875,23:54:12.384521,23:54:12.384548,23:54:12.390355,23:54:12.390376,23:54:12.395749,23:54:12.432132,23:54:12.432312,23:54:11.932125
500,safe,23:54:14.101922,23:54:14.101922,23:54:14.102479,23:54:14.102479,23:54:14.103935,23:54:14.103935,23:54:14.105481,23:54:14.105481,23:54:14.114944,23:54:14.114963,23:54:14.128854,23:54:14.137468,23:54:14.546369,23:54:14.546401,23:54:14.552412,23:54:14.552442,23:54:14.558225,23:54:14.602835,23:54:14.603003,23:54:14.103273
500,safe,23:54:16.176702,23:54:16.176702,23:54:16.177047,23:54:16.177047,23:54:16.178615,23:54:16.178615,23:54:16.180374,23:54:16.180374,23:54:16.190139,23:54:16.190159,23:54:16.203151,23:54:16.212137,23:54:16.629305,23:54:16.629333,23:54:16.635280,23:54:16.635305,23:54:16.641194,23:54:16.677922,23:54:16.678141,23:54:16.177700
500,safe,23:54:18.383451,23:54:18.383451,23:54:18.383847,23:54:18.383847,23:54:18.385244,23:54:18.385244,23:54:18.386787,23:54:18.386787,23:54:18.396151,23:54:18.396169,23:54:18.417990,23:54:18.426394,23:54:18.841744,23:54:18.841778,23:54:18.847823,23:54:18.847847,23:54:18.853137,23:54:18.884382,23:54:18.884570,23:54:18.384521
500,safe,23:54:20.467744,23:54:20.467744,23:54:20.468489,23:54:20.468489,23:54:20.470692,23:54:20.470692,23:54:20.472788,23:54:20.472788,23:54:20.484644,23:54:20.484716,23:54:20.504933,23:54:20.519021,23:54:20.934586,23:54:20.934616,23:54:20.941173,23:54:20.941199,23:54:20.947068,23:54:20.968376,23:54:20.968570,23:54:20.469774
500,safe,23:54:22.706174,23:54:22.706174,23:54:22.706504,23:54:22.706504,23:54:22.707682,23:54:22.707682,23:54:22.709218,23:54:22.709218,23:54:22.718521,23:54:22.718540,23:54:22.733032,23:54:22.741751,23:54:23.157358,23:54:23.157389,23:54:23.163546,23:54:23.163571,23:54:23.170027,23:54:23.207292,23:54:23.207857,23:54:22.707163
500,safe,23:54:24.915860,23:54:24.915860,23:54:24.916286,23:54:24.916286,23:54:24.917565,23:54:24.917565,23:54:24.918970,23:54:24.918970,23:54:24.930661,23:54:24.930687,23:54:24.944358,23:54:24.953152,23:54:25.364696,23:54:25.364724,23:54:25.370575,23:54:25.370599,23:54:25.376220,23:54:25.416987,23:54:25.417167,23:54:24.917051
500,safe,23:54:26.992071,23:54:26.992071,23:54:26.992427,23:54:26.992427,23:54:26.993512,23:54:26.993512,23:54:26.995061,23:54:26.995061,23:54:27.004612,23:54:27.004635,23:54:27.018726,23:54:27.027214,23:54:27.437933,23:54:27.437978,23:54:27.444098,23:54:27.444124,23:54:27.449687,23:54:27.493017,23:54:27.493190,23:54:26.993009
500,safe,23:54:29.069535,23:54:29.069535,23:54:29.069991,23:54:29.069991,23:54:29.071522,23:54:29.071522,23:54:29.073390,23:54:29.073390,23:54:29.083141,23:54:29.083160,23:54:29.097128,23:54:29.105433,23:54:29.514831,23:54:29.514866,23:54:29.521023,23:54:29.521049,23:54:29.526719,23:54:29.570679,23:54:29.570856,23:54:29.070708
500,safe,23:54:32.327873,23:54:32.327873,23:54:32.328254,23:54:32.328254,23:54:32.330090,23:54:32.330090,23:54:32.331455,23:54:32.331455,23:54:32.340639,23:54:32.340661,23:54:32.354551,23:54:32.362679,23:54:32.775726,23:54:32.775756,23:54:32.781655,23:54:32.781675,23:54:32.787008,23:54:32.828863,23:54:32.829072,23:54:32.329572
500,safe,23:54:34.534117,23:54:34.534117,23:54:34.534553,23:54:34.534553,23:54:34.535836,23:54:34.535836,23:54:34.537325,23:54:34.537325,23:54:34.546819,23:54:34.546843,23:54:34.561085,23:54:34.570007,23:54:34.979075,23:54:34.979105,23:54:34.984873,23:54:34.984894,23:54:34.990150,23:54:35.034956,23:54:35.035141,23:54:34.535295
500,safe,23:54:36.748043,23:54:36.748043,23:54:36.748461,23:54:36.748461,23:54:36.749911,23:54:36.749911,23:54:36.751359,23:54:36.751359,23:54:36.760707,23:54:36.760737,23:54:36.775073,23:54:36.783806,23:54:37.194515,23:54:37.194554,23:54:37.201031,23:54:37.201066,23:54:37.206923,23:54:37.249761,23:54:37.249940,23:54:36.749248
500,safe,23:54:40.006155,23:54:40.006155,23:54:40.006614,23:54:40.006614,23:54:40.008061,23:54:40.008061,23:54:40.009621,23:54:40.009621,23:54:40.019171,23:54:40.019190,23:54:40.033130,23:54:40.041984,23:54:40.456608,23:54:40.456638,23:54:40.465385,23:54:40.465424,23:54:40.473187,23:54:40.506996,23:54:40.507249,23:54:40.007421
500,safe,23:54:43.281257,23:54:43.281257,23:54:43.281741,23:54:43.281741,23:54:43.283057,23:54:43.283057,23:54:43.284584,23:54:43.284584,23:54:43.294046,23:54:43.294065,23:54:43.308022,23:54:43.316817,23:54:43.728224,23:54:43.728256,23:54:43.734426,23:54:43.734450,23:54:43.740362,23:54:43.782226,23:54:43.782386,23:54:43.282508
500,safe,23:54:46.531514,23:54:46.531514,23:54:46.531912,23:54:46.531912,23:54:46.533134,23:54:46.533134,23:54:46.534914,23:54:46.534914,23:54:46.544329,23:54:46.544367,23:54:46.559405,23:54:46.568433,23:54:46.979194,23:54:46.979222,23:54:46.985269,23:54:46.985291,23:54:46.990852,23:54:47.032451,23:54:47.032624,23:54:46.532547
500,safe,23:54:48.612665,23:54:48.612665,23:54:48.613062,23:54:48.613062,23:54:48.614334,23:54:48.614334,23:54:48.615741,23:54:48.615741,23:54:48.625050,23:54:48.625068,23:54:48.646384,23:54:48.655232,23:54:49.071016,23:54:49.071050,23:54:49.077461,23:54:49.077488,23:54:49.083257,23:54:49.113815,23:54:49.113998,23:54:48.613762
500,safe,23:54:51.892406,23:54:51.892406,23:54:51.892775,23:54:51.892775,23:54:51.894166,23:54:51.894166,23:54:51.895612,23:54:51.895612,23:54:51.905817,23:54:51.905840,23:54:51.920350,23:54:51.928590,23:54:52.340776,23:54:52.340844,23:54:52.346728,23:54:52.346751,23:54:52.351991,23:54:52.393327,23:54:52.393510,23:54:51.893409
500,safe,23:54:54.117171,23:54:54.117171,23:54:54.117540,23:54:54.117540,23:54:54.118775,23:54:54.118775,23:54:54.120199,23:54:54.120199,23:54:54.130364,23:54:54.130382,23:54:54.144306,23:54:54.152956,23:54:54.563884,23:54:54.563915,23:54:54.569894,23:54:54.569917,23:54:54.575402,23:54:54.617876,23:54:54.618039,23:54:54.118206
500,safe,23:54:57.366660,23:54:57.366660,23:54:57.367048,23:54:57.367048,23:54:57.368532,23:54:57.368532,23:54:57.370104,23:54:57.370104,23:54:57.380296,23:54:57.380317,23:54:57.394415,23:54:57.403294,23:54:57.814170,23:54:57.814200,23:54:57.820212,23:54:57.820237,23:54:57.825862,23:54:57.867404,23:54:57.867589,23:54:57.367637
500,safe,23:54:59.571592,23:54:59.571592,23:54:59.572065,23:54:59.572065,23:54:59.573456,23:54:59.573456,23:54:59.575289,23:54:59.575289,23:54:59.584574,23:54:59.584592,23:54:59.598570,23:54:59.608055,23:55:00.019497,23:55:00.019525,23:55:00.026441,23:55:00.026473,23:55:00.032129,23:55:00.072320,23:55:00.072504,23:54:59.572856
500,safe,23:55:01.664233,23:55:01.664233,23:55:01.664631,23:55:01.664631,23:55:01.665882,23:55:01.665882,23:55:01.667406,23:55:01.667406,23:55:01.676855,23:55:01.676877,23:55:01.690971,23:55:01.699512,23:55:02.110591,23:55:02.110622,23:55:02.116562,23:55:02.116587,23:55:02.122777,23:55:02.165309,23:55:02.165493,23:55:01.665262
500,safe,23:55:03.742783,23:55:03.742783,23:55:03.743168,23:55:03.743168,23:55:03.744428,23:55:03.744428,23:55:03.745911,23:55:03.745911,23:55:03.755380,23:55:03.755404,23:55:03.769652,23:55:03.778155,23:55:04.188044,23:55:04.188071,23:55:04.193992,23:55:04.194014,23:55:04.199772,23:55:04.243862,23:55:04.244057,23:55:03.743879
500,safe,23:55:05.824563,23:55:05.824563,23:55:05.824973,23:55:05.824973,23:55:05.826112,23:55:05.826112,23:55:05.827536,23:55:05.827536,23:55:05.836874,23:55:05.836902,23:55:05.851540,23:55:05.860578,23:55:06.271039,23:55:06.271074,23:55:06.277211,23:55:06.277236,23:55:06.282758,23:55:06.325637,23:55:06.325819,23:55:05.825602
500,safe,23:55:09.088571,23:55:09.088571,23:55:09.089315,23:55:09.089315,23:55:09.090949,23:55:09.090949,23:55:09.092831,23:55:09.092831,23:55:09.105131,23:55:09.105177,23:55:09.120322,23:55:09.130182,23:55:09.544405,23:55:09.544436,23:55:09.550606,23:55:09.550630,23:55:09.556061,23:55:09.589092,23:55:09.589274,23:55:09.090186
500,safe,23:55:11.350503,23:55:11.350503,23:55:11.350890,23:55:11.350890,23:55:11.352146,23:55:11.352146,23:55:11.353531,23:55:11.353531,23:55:11.362916,23:55:11.362942,23:55:11.377604,23:55:11.386587,23:55:11.804463,23:55:11.804496,23:55:11.811017,23:55:11.811044,23:55:11.816752,23:55:11.851391,23:55:11.851568,23:55:11.351629
500,safe,23:55:13.573923,23:55:13.573923,23:55:13.574388,23:55:13.574388,23:55:13.576053,23:55:13.576053,23:55:13.577741,23:55:13.577741,23:55:13.587212,23:55:13.587233,23:55:13.602435,23:55:13.611339,23:55:14.021809,23:55:14.021841,23:55:14.028063,23:55:14.028088,23:55:14.033941,23:55:14.075024,23:55:14.075215,23:55:13.575188
500,safe,23:55:16.833728,23:55:16.833728,23:55:16.834086,23:55:16.834086,23:55:16.835244,23:55:16.835244,23:55:16.837094,23:55:16.837094,23:55:16.846618,23:55:16.846638,23:55:16.860574,23:55:16.868925,23:55:17.278311,23:55:17.278349,23:55:17.284693,23:55:17.284721,23:55:17.290509,23:55:17.334739,23:55:17.334921,23:55:16.834735
500,safe,23:55:19.043128,23:55:19.043128,23:55:19.043623,23:55:19.043623,23:55:19.045152,23:55:19.045152,23:55:19.046763,23:55:19.046763,23:55:19.056131,23:55:19.056157,23:55:19.080160,23:55:19.089564,23:55:19.501675,23:55:19.501706,23:55:19.507859,23:55:19.507882,23:55:19.513549,23:55:19.544131,23:55:19.544305,23:55:19.044397
500,safe,23:55:22.318901,23:55:22.318901,23:55:22.319280,23:55:22.319280,23:55:22.320436,23:55:22.320436,23:55:22.322109,23:55:22.322109,23:55:22.331624,23:55:22.331643,23:55:22.346995,23:55:22.355997,23:55:22.773202,23:55:22.773234,23:55:22.779267,23:55:22.779296,23:55:22.785200,23:55:22.819912,23:55:22.820106,23:55:22.319927
500,safe,23:55:24.534199,23:55:24.534199,23:55:24.534561,23:55:24.534561,23:55:24.535715,23:55:24.535715,23:55:24.537238,23:55:24.537238,23:55:24.549092,23:55:24.549118,23:55:24.564187,23:55:24.573080,23:55:24.982956,23:55:24.982984,23:55:24.988882,23:55:24.988909,23:55:24.994979,23:55:25.035347,23:55:25.035528,23:55:24.535207
500,safe,23:55:26.757100,23:55:26.757100,23:55:26.757534,23:55:26.757534,23:55:26.758712,23:55:26.758712,23:55:26.760222,23:55:26.760222,23:55:26.769641,23:55:26.769661,23:55:26.783365,23:55:26.791766,23:55:27.203283,23:55:27.203320,23:55:27.209476,23:55:27.209502,23:55:27.215131,23:55:27.258147,23:55:27.258312,23:55:26.758193
500,safe,23:55:28.843209,23:55:28.843209,23:55:28.843646,23:55:28.843646,23:55:28.845086,23:55:28.845086,23:55:28.846651,23:55:28.846651,23:55:28.856252,23:55:28.856271,23:55:28.871258,23:55:28.879961,23:55:29.294243,23:55:29.294275,23:55:29.300659,23:55:29.300685,23:55:29.306303,23:55:29.344118,23:55:29.344294,23:55:28.844385
500,safe,23:55:30.978507,23:55:30.978507,23:55:30.978841,23:55:30.978841,23:55:30.980066,23:55:30.980066,23:55:30.981480,23:55:30.981480,23:55:30.991539,23:55:30.991558,23:55:31.005472,23:55:31.014309,23:55:31.429846,23:55:31.429874,23:55:31.436009,23:55:31.436033,23:55:31.442340,23:55:31.479438,23:55:31.479616,23:55:30.979496
500,safe,23:55:33.210163,23:55:33.210163,23:55:33.210666,23:55:33.210666,23:55:33.212471,23:55:33.212471,23:55:33.214308,23:55:33.214308,23:55:33.224304,23:55:33.224325,23:55:33.238457,23:55:33.246879,23:55:33.654229,23:55:33.654258,23:55:33.660404,23:55:33.660430,23:55:33.665992,23:55:33.709549,23:55:33.709751,23:55:33.211457
500,safe,23:55:35.437061,23:55:35.437061,23:55:35.437479,23:55:35.437479,23:55:35.438650,23:55:35.438650,23:55:35.440234,23:55:35.440234,23:55:35.450765,23:55:35.450784,23:55:35.464304,23:55:35.472836,23:55:35.881600,23:55:35.881627,23:55:35.887573,23:55:35.887598,23:55:35.893142,23:55:35.937851,23:55:35.938029,23:55:35.438141
500,safe,23:55:37.642542,23:55:37.642542,23:55:37.642994,23:55:37.642994,23:55:37.644381,23:55:37.644381,23:55:37.645870,23:55:37.645870,23:55:37.655496,23:55:37.655519,23:55:37.669545,23:55:37.678846,23:55:38.088169,23:55:38.088198,23:55:38.094448,23:55:38.094478,23:55:38.100179,23:55:38.143617,23:55:38.143794,23:55:37.643816
500,safe,23:55:40.926099,23:55:40.926099,23:55:40.926430,23:55:40.926430,23:55:40.927675,23:55:40.927675,23:55:40.929232,23:55:40.929232,23:55:40.939536,23:55:40.939557,23:55:40.978831,23:55:40.987744,23:55:41.400873,23:55:41.400906,23:55:41.406905,23:55:41.406930,23:55:41.412382,23:55:41.426902,23:55:41.427113,23:55:40.927115
550,safe,23:55:44.213556,23:55:44.213556,23:55:44.213899,23:55:44.213899,23:55:44.215208,23:55:44.215208,23:55:44.216732,23:55:44.216732,23:55:44.226433,23:55:44.226451,23:55:44.237639,23:55:44.246394,23:55:44.661948,23:55:44.661979,23:55:44.667995,23:55:44.668019,23:55:44.673605,23:55:44.764532,23:55:44.764724,23:55:44.214590
550,safe,23:55:46.293296,23:55:46.293296,23:55:46.293614,23:55:46.293614,23:55:46.294668,23:55:46.294668,23:55:46.296021,23:55:46.296021,23:55:46.305299,23:55:46.305327,23:55:46.319538,23:55:46.328481,23:55:46.742641,23:55:46.742671,23:55:46.748622,23:55:46.748646,23:55:46.753958,23:55:46.844164,23:55:46.846220,23:55:46.294201
550,safe,23:55:48.374539,23:55:48.374539,23:55:48.374935,23:55:48.374935,23:55:48.376249,23:55:48.376249,23:55:48.377729,23:55:48.377729,23:55:48.387519,23:55:48.387543,23:55:48.411101,23:55:48.419748,23:55:48.829385,23:55:48.829414,23:55:48.835835,23:55:48.835861,23:55:48.841855,23:55:48.925740,23:55:48.925901,23:55:48.375686
550,safe,23:55:50.466057,23:55:50.466057,23:55:50.466578,23:55:50.466578,23:55:50.468125,23:55:50.468125,23:55:50.469878,23:55:50.469878,23:55:50.479857,23:55:50.479904,23:55:50.499913,23:55:50.511872,23:55:50.935683,23:55:50.935716,23:55:50.942144,23:55:50.942170,23:55:50.948034,23:55:51.016839,23:55:51.017012,23:55:50.467533
550,safe,23:55:52.571658,23:55:52.571658,23:55:52.572114,23:55:52.572114,23:55:52.573848,23:55:52.573848,23:55:52.575532,23:55:52.575532,23:55:52.585864,23:55:52.585886,23:55:52.599391,23:55:52.607778,23:55:53.021539,23:55:53.021575,23:55:53.027851,23:55:53.027881,23:55:53.033694,23:55:53.122390,23:55:53.122624,23:55:52.572956
550,safe,23:55:54.782951,23:55:54.782951,23:55:54.783359,23:55:54.783359,23:55:54.784610,23:55:54.784610,23:55:54.786073,23:55:54.786073,23:55:54.795944,23:55:54.795966,23:55:54.809538,23:55:54.818338,23:55:55.228204,23:55:55.228235,23:55:55.234325,23:55:55.234351,23:55:55.240073,23:55:55.334046,23:55:55.334205,23:55:54.784017
550,safe,23:55:56.989064,23:55:56.989064,23:55:56.989487,23:55:56.989487,23:55:56.990641,23:55:56.990641,23:55:56.992062,23:55:56.992062,23:55:57.001383,23:55:57.001404,23:55:57.015453,23:55:57.024369,23:55:57.436088,23:55:57.436121,23:55:57.442563,23:55:57.442584,23:55:57.448122,23:55:57.539942,23:55:57.540113,23:55:56.990123
550,safe,23:55:59.074207,23:55:59.074207,23:55:59.074608,23:55:59.074608,23:55:59.075800,23:55:59.075800,23:55:59.077258,23:55:59.077258,23:55:59.086554,23:55:59.086573,23:55:59.100570,23:55:59.109315,23:55:59.519978,23:55:59.520009,23:55:59.526238,23:55:59.526264,23:55:59.532026,23:55:59.625222,23:55:59.625371,23:55:59.075265
550,safe,23:56:02.339339,23:56:02.339339,23:56:02.339687,23:56:02.339687,23:56:02.340792,23:56:02.340792,23:56:02.342603,23:56:02.342603,23:56:02.352422,23:56:02.352447,23:56:02.367437,23:56:02.376315,23:56:02.786967,23:56:02.786995,23:56:02.792878,23:56:02.792906,23:56:02.798111,23:56:02.890253,23:56:02.890418,23:56:02.340309
550,safe,23:56:05.609173,23:56:05.609173,23:56:05.609572,23:56:05.609572,23:56:05.610840,23:56:05.610840,23:56:05.612348,23:56:05.612348,23:56:05.621708,23:56:05.621735,23:56:05.636127,23:56:05.645138,23:56:06.055694,23:56:06.055728,23:56:06.061545,23:56:06.061566,23:56:06.066995,23:56:06.160244,23:56:06.160419,23:56:05.610318
550,safe,23:56:08.871595,23:56:08.871595,23:56:08.872015,23:56:08.872015,23:56:08.873459,23:56:08.873459,23:56:08.875019,23:56:08.875019,23:56:08.885308,23:56:08.885334,23:56:08.900736,23:56:08.910030,23:56:09.320743,23:56:09.320780,23:56:09.326897,23:56:09.326922,23:56:09.332561,23:56:09.422203,23:56:09.422366,23:56:08.872782
550,safe,23:56:11.003679,23:56:11.003679,23:56:11.004006,23:56:11.004006,23:56:11.005178,23:56:11.005178,23:56:11.006668,23:56:11.006668,23:56:11.016967,23:56:11.016993,23:56:11.030741,23:56:11.039179,23:56:11.449132,23:56:11.449167,23:56:11.455041,23:56:11.455067,23:56:11.461153,23:56:11.554598,23:56:11.554754,23:56:11.004635
550,safe,23:56:13.163417,23:56:13.163417,23:56:13.163775,23:56:13.163775,23:56:13.164954,23:56:13.164954,23:56:13.166410,23:56:13.166410,23:56:13.175661,23:56:13.175683,23:56:13.190228,23:56:13.198640,23:56:13.609630,23:56:13.609661,23:56:13.615714,23:56:13.615739,23:56:13.621270,23:56:13.714438,23:56:13.714631,23:56:13.164444
550,safe,23:56:15.370432,23:56:15.370432,23:56:15.370797,23:56:15.370797,23:56:15.372472,23:56:15.372472,23:56:15.374215,23:56:15.374215,23:56:15.384679,23:56:15.384700,23:56:15.398917,23:56:15.407814,23:56:15.817967,23:56:15.817998,23:56:15.824458,23:56:15.824485,23:56:15.829961,23:56:15.921104,23:56:15.921303,23:56:15.371647
550,safe,23:56:18.626428,23:56:18.626428,23:56:18.626867,23:56:18.626867,23:56:18.628183,23:56:18.628183,23:56:18.629825,23:56:18.629825,23:56:18.639320,23:56:18.639342,23:56:18.663878,23:56:18.673053,23:56:19.083919,23:56:19.083952,23:56:19.090098,23:56:19.090123,23:56:19.095864,23:56:19.177687,23:56:19.177878,23:56:18.627619
550,safe,23:56:20.863787,23:56:20.863787,23:56:20.864182,23:56:20.864182,23:56:20.865470,23:56:20.865470,23:56:20.867023,23:56:20.867023,23:56:20.878755,23:56:20.878780,23:56:20.892685,23:56:20.901486,23:56:21.311396,23:56:21.311423,23:56:21.317645,23:56:21.317670,23:56:21.323284,23:56:21.415112,23:56:21.415352,23:56:20.864848
550,safe,23:56:23.096176,23:56:23.096176,23:56:23.096592,23:56:23.096592,23:56:23.098005,23:56:23.098005,23:56:23.099737,23:56:23.099737,23:56:23.109404,23:56:23.109430,23:56:23.123636,23:56:23.131777,23:56:23.543441,23:56:23.543472,23:56:23.549411,23:56:23.549431,23:56:23.554686,23:56:23.646698,23:56:23.646914,23:56:23.097356
550,safe,23:56:26.360813,23:56:26.360813,23:56:26.361248,23:56:26.361248,23:56:26.362555,23:56:26.362555,23:56:26.364105,23:56:26.364105,23:56:26.373441,23:56:26.373467,23:56:26.388513,23:56:26.397305,23:56:26.808452,23:56:26.808487,23:56:26.814481,23:56:26.814502,23:56:26.819848,23:56:26.911663,23:56:26.911822,23:56:26.362021
550,safe,23:56:29.616400,23:56:29.616400,23:56:29.616804,23:56:29.616804,23:56:29.618240,23:56:29.618240,23:56:29.619730,23:56:29.619730,23:56:29.629111,23:56:29.629133,23:56:29.643651,23:56:29.652877,23:56:30.068297,23:56:30.068329,23:56:30.074741,23:56:30.074767,23:56:30.080222,23:56:30.167186,23:56:30.167363,23:56:29.617529
550,safe,23:56:31.840749,23:56:31.840749,23:56:31.841247,23:56:31.841247,23:56:31.842537,23:56:31.842537,23:56:31.844002,23:56:31.844002,23:56:31.854194,23:56:31.854220,23:56:31.867938,23:56:31.876803,23:56:32.287028,23:56:32.287064,23:56:32.293162,23:56:32.293185,23:56:32.298557,23:56:32.391440,23:56:32.391606,23:56:31.841942
550,safe,23:56:35.098940,23:56:35.098940,23:56:35.099418,23:56:35.099418,23:56:35.100846,23:56:35.100846,23:56:35.102486,23:56:35.102486,23:56:35.111895,23:56:35.111915,23:56:35.125758,23:56:35.134588,23:56:35.545252,23:56:35.545286,23:56:35.551399,23:56:35.551422,23:56:35.557018,23:56:35.649830,23:56:35.649995,23:56:35.100141
550,safe,23:56:38.356385,23:56:38.356385,23:56:38.356706,23:56:38.356706,23:56:38.357803,23:56:38.357803,23:56:38.359261,23:56:38.359261,23:56:38.369141,23:56:38.369166,23:56:38.384088,23:56:38.393034,23:56:38.800686,23:56:38.800718,23:56:38.806980,23:56:38.807008,23:56:38.812364,23:56:38.907433,23:56:38.907607,23:56:38.357295
550,safe,23:56:41.617725,23:56:41.617725,23:56:41.618069,23:56:41.618069,23:56:41.619335,23:56:41.619335,23:56:41.620841,23:56:41.620841,23:56:41.630132,23:56:41.630151,23:56:41.644264,23:56:41.652722,23:56:42.069334,23:56:42.069363,23:56:42.075839,23:56:42.075864,23:56:42.081755,23:56:42.168731,23:56:42.168936,23:56:41.618766
550,safe,23:56:44.877485,23:56:44.877485,23:56:44.877954,23:56:44.877954,23:56:44.879370,23:56:44.879370,23:56:44.880915,23:56:44.880915,23:56:44.890257,23:56:44.890277,23:56:44.903591,23:56:44.911806,23:56:45.325326,23:56:45.325359,23:56:45.331433,23:56:45.331458,23:56:45.336957,23:56:45.428088,23:56:45.428249,23:56:44.878721
550,safe,23:56:48.139075,23:56:48.139075,23:56:48.139508,23:56:48.139508,23:56:48.140892,23:56:48.140892,23:56:48.142399,23:56:48.142399,23:56:48.151725,23:56:48.151745,23:56:48.165444,23:56:48.174096,23:56:48.590370,23:56:48.590420,23:56:48.596346,23:56:48.596369,23:56:48.602341,23:56:48.689934,23:56:48.690096,23:56:48.140275
550,safe,23:56:50.365753,23:56:50.365753,23:56:50.366156,23:56:50.366156,23:56:50.367507,23:56:50.367507,23:56:50.369085,23:56:50.369085,23:56:50.378648,23:56:50.378673,23:56:50.393383,23:56:50.401877,23:56:50.821409,23:56:50.821442,23:56:50.827695,23:56:50.827721,23:56:50.833474,23:56:50.916555,23:56:50.916753,23:56:50.366941
550,safe,23:56:52.591592,23:56:52.591592,23:56:52.591999,23:56:52.591999,23:56:52.593267,23:56:52.593267,23:56:52.594633,23:56:52.594633,23:56:52.604006,23:56:52.604031,23:56:52.627113,23:56:52.635987,23:56:53.045515,23:56:53.045547,23:56:53.051418,23:56:53.051444,23:56:53.057175,23:56:53.142719,23:56:53.142936,23:56:52.592707
550,safe,23:56:54.808047,23:56:54.808047,23:56:54.808431,23:56:54.808431,23:56:54.809665,23:56:54.809665,23:56:54.811141,23:56:54.811141,23:56:54.820546,23:56:54.820565,23:56:54.835236,23:56:54.844357,23:56:55.258803,23:56:55.258834,23:56:55.264978,23:56:55.265002,23:56:55.270745,23:56:55.358689,23:56:55.358847,23:56:54.809123
550,safe,23:56:58.075247,23:56:58.075247,23:56:58.075644,23:56:58.075644,23:56:58.076938,23:56:58.076938,23:56:58.078464,23:56:58.078464,23:56:58.087839,23:56:58.087858,23:56:58.101750,23:56:58.110155,23:56:58.525413,23:56:58.525446,23:56:58.532200,23:56:58.532225,23:56:58.538056,23:56:58.626345,23:56:58.626556,23:56:58.076348
550,safe,23:57:01.386472,23:57:01.386472,23:57:01.386961,23:57:01.386961,23:57:01.388241,23:57:01.388241,23:57:01.389672,23:57:01.389672,23:57:01.398997,23:57:01.399016,23:57:01.413330,23:57:01.422025,23:57:01.837010,23:57:01.837086,23:57:01.843348,23:57:01.843377,23:57:01.849056,23:57:01.937265,23:57:01.937426,23:57:01.387669
550,safe,23:57:04.650679,23:57:04.650679,23:57:04.651039,23:57:04.651039,23:57:04.652350,23:57:04.652350,23:57:04.653745,23:57:04.653745,23:57:04.663999,23:57:04.664017,23:57:04.678074,23:57:04.686873,23:57:05.099199,23:57:05.099228,23:57:05.105136,23:57:05.105163,23:57:05.111015,23:57:05.201556,23:57:05.201748,23:57:04.651770
550,safe,23:57:06.862237,23:57:06.862237,23:57:06.862651,23:57:06.862651,23:57:06.863798,23:57:06.863798,23:57:06.865222,23:57:06.865222,23:57:06.874636,23:57:06.874668,23:57:06.889273,23:57:06.898043,23:57:07.309369,23:57:07.309401,23:57:07.315506,23:57:07.315529,23:57:07.320914,23:57:07.413032,23:57:07.413202,23:57:06.863307
550,safe,23:57:10.120483,23:57:10.120483,23:57:10.120912,23:57:10.120912,23:57:10.122200,23:57:10.122200,23:57:10.123580,23:57:10.123580,23:57:10.133565,23:57:10.133590,23:57:10.147613,23:57:10.156345,23:57:10.574558,23:57:10.574591,23:57:10.583333,23:57:10.583367,23:57:10.591191,23:57:10.671434,23:57:10.671711,23:57:10.121601
550,safe,23:57:13.400704,23:57:13.400704,23:57:13.401123,23:57:13.401123,23:57:13.402473,23:57:13.402473,23:57:13.403912,23:57:13.403912,23:57:13.413717,23:57:13.413748,23:57:13.428128,23:57:13.436596,23:57:13.847133,23:57:13.847166,23:57:13.853144,23:57:13.853168,23:57:13.859552,23:57:13.951290,23:57:13.951484,23:57:13.401826
550,safe,23:57:16.658855,23:57:16.658855,23:57:16.659198,23:57:16.659198,23:57:16.660432,23:57:16.660432,23:57:16.661957,23:57:16.661957,23:57:16.671584,23:57:16.671615,23:57:16.685572,23:57:16.693626,23:57:17.102990,23:57:17.103022,23:57:17.109020,23:57:17.109046,23:57:17.115060,23:57:17.209824,23:57:17.209983,23:57:16.659888
550,safe,23:57:19.915319,23:57:19.915319,23:57:19.915700,23:57:19.915700,23:57:19.917152,23:57:19.917152,23:57:19.918676,23:57:19.918676,23:57:19.928040,23:57:19.928059,23:57:19.941329,23:57:19.949493,23:57:20.362384,23:57:20.362414,23:57:20.368568,23:57:20.368595,23:57:20.374356,23:57:20.466232,23:57:20.466423,23:57:19.916374
550,safe,23:57:22.152536,23:57:22.152536,23:57:22.152931,23:57:22.152931,23:57:22.154091,23:57:22.154091,23:57:22.155615,23:57:22.155615,23:57:22.164918,23:57:22.164937,23:57:22.178945,23:57:22.187822,23:57:22.603975,23:57:22.604008,23:57:22.610146,23:57:22.610168,23:57:22.615657,23:57:22.703603,23:57:22.703843,23:57:22.153564
550,safe,23:57:25.412582,23:57:25.412582,23:57:25.412956,23:57:25.412956,23:57:25.414182,23:57:25.414182,23:57:25.415731,23:57:25.415731,23:57:25.425077,23:57:25.425100,23:57:25.439399,23:57:25.448050,23:57:25.861335,23:57:25.861367,23:57:25.867298,23:57:25.867323,23:57:25.872924,23:57:25.963502,23:57:25.963671,23:57:25.413631
550,safe,23:57:27.625848,23:57:27.625848,23:57:27.626259,23:57:27.626259,23:57:27.627341,23:57:27.627341,23:57:27.628856,23:57:27.628856,23:57:27.640521,23:57:27.640550,23:57:27.663290,23:57:27.671984,23:57:28.082944,23:57:28.082975,23:57:28.088893,23:57:28.088918,23:57:28.094353,23:57:28.176862,23:57:28.177084,23:57:27.626847
550,safe,23:57:29.849514,23:57:29.849514,23:57:29.849927,23:57:29.849927,23:57:29.851140,23:57:29.851140,23:57:29.852617,23:57:29.852617,23:57:29.861915,23:57:29.861933,23:57:29.876361,23:57:29.884650,23:57:30.299663,23:57:30.299696,23:57:30.306042,23:57:30.306068,23:57:30.311699,23:57:30.399652,23:57:30.399835,23:57:29.850626
550,safe,23:57:32.035214,23:57:32.035214,23:57:32.035637,23:57:32.035637,23:57:32.037902,23:57:32.037902,23:57:32.039547,23:57:32.039547,23:57:32.049868,23:57:32.049890,23:57:32.064242,23:57:32.072861,23:57:32.481754,23:57:32.481791,23:57:32.488139,23:57:32.488166,23:57:32.493934,23:57:32.586260,23:57:32.586424,23:57:32.037298
550,safe,23:57:34.122169,23:57:34.122169,23:57:34.122542,23:57:34.122542,23:57:34.123784,23:57:34.123784,23:57:34.125339,23:57:34.125339,23:57:34.134659,23:57:34.134679,23:57:34.149358,23:57:34.157920,23:57:34.570679,23:57:34.570711,23:57:34.576866,23:57:34.576895,23:57:34.584007,23:57:34.673001,23:57:34.673171,23:57:34.123212
550,safe,23:57:36.208455,23:57:36.208455,23:57:36.208905,23:57:36.208905,23:57:36.210155,23:57:36.210155,23:57:36.211595,23:57:36.211595,23:57:36.220863,23:57:36.220882,23:57:36.234509,23:57:36.243162,23:57:36.655031,23:57:36.655061,23:57:36.661279,23:57:36.661304,23:57:36.667794,23:57:36.759653,23:57:36.759815,23:57:36.209612
550,safe,23:57:38.297115,23:57:38.297115,23:57:38.297520,23:57:38.297520,23:57:38.298699,23:57:38.298699,23:57:38.300588,23:57:38.300588,23:57:38.310193,23:57:38.310215,23:57:38.324525,23:57:38.333267,23:57:38.744204,23:57:38.744236,23:57:38.750537,23:57:38.750571,23:57:38.756078,23:57:38.847983,23:57:38.848144,23:57:38.298143
550,safe,23:57:40.512193,23:57:40.512193,23:57:40.512616,23:57:40.512616,23:57:40.513867,23:57:40.513867,23:57:40.515388,23:57:40.515388,23:57:40.524838,23:57:40.524865,23:57:40.539958,23:57:40.550231,23:57:40.968264,23:57:40.968295,23:57:40.973995,23:57:40.974016,23:57:40.979382,23:57:41.063029,23:57:41.063231,23:57:40.513289
550,safe,23:57:42.742474,23:57:42.742474,23:57:42.743105,23:57:42.743105,23:57:42.745220,23:57:42.745220,23:57:42.747120,23:57:42.747120,23:57:42.757870,23:57:42.757923,23:57:42.773185,23:57:42.782199,23:57:43.198880,23:57:43.198919,23:57:43.205085,23:57:43.205109,23:57:43.211182,23:57:43.293007,23:57:43.293170,23:57:42.744221
550,safe,23:57:46.010916,23:57:46.010916,23:57:46.011338,23:57:46.011338,23:57:46.012715,23:57:46.012715,23:57:46.014246,23:57:46.014246,23:57:46.023625,23:57:46.023648,23:57:46.038129,23:57:46.046932,23:57:46.458179,23:57:46.458211,23:57:46.464483,23:57:46.464513,23:57:46.470319,23:57:46.562005,23:57:46.562197,23:57:46.012102
550,safe,23:57:48.241502,23:57:48.241502,23:57:48.241911,23:57:48.241911,23:57:48.243445,23:57:48.243445,23:57:48.244911,23:57:48.244911,23:57:48.254769,23:57:48.254794,23:57:48.269078,23:57:48.277692,23:57:48.688804,23:57:48.688836,23:57:48.695401,23:57:48.695430,23:57:48.702112,23:57:48.792233,23:57:48.792422,23:57:48.242587
550,safe,23:57:50.459153,23:57:50.459153,23:57:50.459477,23:57:50.459477,23:57:50.460640,23:57:50.460640,23:57:50.462074,23:57:50.462074,23:57:50.472342,23:57:50.472369,23:57:50.486531,23:57:50.496843,23:57:50.913603,23:57:50.913637,23:57:50.919938,23:57:50.919967,23:57:50.925785,23:57:51.010228,23:57:51.010466,23:57:50.460104
550,safe,23:57:53.737309,23:57:53.737309,23:57:53.737728,23:57:53.737728,23:57:53.738936,23:57:53.738936,23:57:53.740448,23:57:53.740448,23:57:53.750343,23:57:53.750375,23:57:53.764615,23:57:53.773631,23:57:54.186947,23:57:54.186979,23:57:54.192962,23:57:54.192989,23:57:54.198533,23:57:54.287812,23:57:54.287968,23:57:53.738421
550,safe,23:57:55.917315,23:57:55.917315,23:57:55.917665,23:57:55.917665,23:57:55.918939,23:57:55.918939,23:57:55.920472,23:57:55.920472,23:57:55.929741,23:57:55.929760,23:57:55.953479,23:57:55.961994,23:57:56.372234,23:57:56.372270,23:57:56.378653,23:57:56.378679,23:57:56.384156,23:57:56.468463,23:57:56.468679,23:57:55.918329
550,safe,23:57:59.188348,23:57:59.188348,23:57:59.188792,23:57:59.188792,23:57:59.190083,23:57:59.190083,23:57:59.191449,23:57:59.191449,23:57:59.200824,23:57:59.200848,23:57:59.215080,23:57:59.224042,23:57:59.636090,23:57:59.636121,23:57:59.642278,23:57:59.642303,23:57:59.648234,23:57:59.739344,23:57:59.739534,23:57:59.189498
550,safe,23:58:01.337915,23:58:01.337915,23:58:01.338306,23:58:01.338306,23:58:01.339441,23:58:01.339441,23:58:01.340967,23:58:01.340967,23:58:01.350386,23:58:01.350404,23:58:01.364744,23:58:01.373206,23:58:01.786727,23:58:01.786759,23:58:01.792913,23:58:01.792936,23:58:01.798354,23:58:01.888932,23:58:01.889096,23:58:01.338936
550,safe,23:58:03.567434,23:58:03.567434,23:58:03.568090,23:58:03.568090,23:58:03.570102,23:58:03.570102,23:58:03.571682,23:58:03.571682,23:58:03.581199,23:58:03.581221,23:58:03.596417,23:58:03.605337,23:58:04.015330,23:58:04.015361,23:58:04.021346,23:58:04.021372,23:58:04.027134,23:58:04.117976,23:58:04.118141,23:58:03.569231
550,safe,23:58:06.841418,23:58:06.841418,23:58:06.841849,23:58:06.841849,23:58:06.843131,23:58:06.843131,23:58:06.844587,23:58:06.844587,23:58:06.854509,23:58:06.854527,23:58:06.868686,23:58:06.877354,23:58:07.288259,23:58:07.288294,23:58:07.294566,23:58:07.294592,23:58:07.300277,23:58:07.392457,23:58:07.392655,23:58:06.842538
550,safe,23:58:09.061860,23:58:09.061860,23:58:09.062270,23:58:09.062270,23:58:09.063540,23:58:09.063540,23:58:09.065010,23:58:09.065010,23:58:09.074705,23:58:09.074729,23:58:09.089893,23:58:09.098621,23:58:09.508588,23:58:09.508616,23:58:09.514385,23:58:09.514406,23:58:09.519801,23:58:09.613136,23:58:09.613308,23:58:09.063012
550,safe,23:58:12.328664,23:58:12.328664,23:58:12.329012,23:58:12.329012,23:58:12.330123,23:58:12.330123,23:58:12.331514,23:58:12.331514,23:58:12.340955,23:58:12.340975,23:58:12.355139,23:58:12.363888,23:58:12.776487,23:58:12.776520,23:58:12.782739,23:58:12.782762,23:58:12.788305,23:58:12.879604,23:58:12.879772,23:58:12.329609
550,safe,23:58:14.556074,23:58:14.556074,23:58:14.556434,23:58:14.556434,23:58:14.557872,23:58:14.557872,23:58:14.559619,23:58:14.559619,23:58:14.569771,23:58:14.569793,23:58:14.583188,23:58:14.592019,23:58:15.004512,23:58:15.004540,23:58:15.010449,23:58:15.010471,23:58:15.016221,23:58:15.107115,23:58:15.107273,23:58:14.557073
550,safe,23:58:17.817570,23:58:17.817570,23:58:17.818016,23:58:17.818016,23:58:17.819325,23:58:17.819325,23:58:17.820795,23:58:17.820795,23:58:17.830144,23:58:17.830164,23:58:17.844115,23:58:17.852838,23:58:18.267933,23:58:18.267963,23:58:18.273865,23:58:18.273890,23:58:18.279584,23:58:18.368561,23:58:18.368725,23:58:17.818713
550,safe,23:58:21.124157,23:58:21.124157,23:58:21.124546,23:58:21.124546,23:58:21.125704,23:58:21.125704,23:58:21.127083,23:58:21.127083,23:58:21.136368,23:58:21.136389,23:58:21.149974,23:58:21.158834,23:58:21.571191,23:58:21.571219,23:58:21.577427,23:58:21.577451,23:58:21.583322,23:58:21.675124,23:58:21.675282,23:58:21.125177
550,safe,23:58:24.388080,23:58:24.388080,23:58:24.388562,23:58:24.388562,23:58:24.390049,23:58:24.390049,23:58:24.391637,23:58:24.391637,23:58:24.402139,23:58:24.402169,23:58:24.417826,23:58:24.427092,23:58:24.840244,23:58:24.840276,23:58:24.846281,23:58:24.846306,23:58:24.852149,23:58:24.938594,23:58:24.938789,23:58:24.389413
550,safe,23:58:26.619504,23:58:26.619504,23:58:26.619980,23:58:26.619980,23:58:26.621278,23:58:26.621278,23:58:26.622696,23:58:26.622696,23:58:26.635153,23:58:26.635179,23:58:26.649398,23:58:26.658050,23:58:27.070269,23:58:27.070298,23:58:27.076691,23:58:27.076718,23:58:27.082123,23:58:27.170074,23:58:27.170232,23:58:26.620716
550,safe,23:58:29.889262,23:58:29.889262,23:58:29.889628,23:58:29.889628,23:58:29.890745,23:58:29.890745,23:58:29.892235,23:58:29.892235,23:58:29.902088,23:58:29.902110,23:58:29.923647,23:58:29.932333,23:58:30.342496,23:58:30.342523,23:58:30.348502,23:58:30.348523,23:58:30.353783,23:58:30.440177,23:58:30.440336,23:58:29.890230
550,safe,23:58:33.178710,23:58:33.178710,23:58:33.179081,23:58:33.179081,23:58:33.180316,23:58:33.180316,23:58:33.181741,23:58:33.181741,23:58:33.190946,23:58:33.190964,23:58:33.205067,23:58:33.213761,23:58:33.622596,23:58:33.622627,23:58:33.628718,23:58:33.628743,23:58:33.634286,23:58:33.728356,23:58:33.728556,23:58:33.179740
550,safe,23:58:36.427504,23:58:36.427504,23:58:36.427851,23:58:36.427851,23:58:36.428974,23:58:36.428974,23:58:36.430390,23:58:36.430390,23:58:36.440202,23:58:36.440225,23:58:36.454098,23:58:36.462854,23:58:36.873979,23:58:36.874011,23:58:36.880015,23:58:36.880036,23:58:36.885300,23:58:36.978259,23:58:36.978452,23:58:36.428483
550,safe,23:58:38.512471,23:58:38.512471,23:58:38.512924,23:58:38.512924,23:58:38.514324,23:58:38.514324,23:58:38.515708,23:58:38.515708,23:58:38.524929,23:58:38.524946,23:58:38.539323,23:58:38.547892,23:58:38.958681,23:58:38.958709,23:58:38.964598,23:58:38.964625,23:58:38.970210,23:58:39.063398,23:58:39.063564,23:58:38.513712
550,safe,23:58:40.613226,23:58:40.613226,23:58:40.613904,23:58:40.613904,23:58:40.615309,23:58:40.615309,23:58:40.616977,23:58:40.616977,23:58:40.627010,23:58:40.627067,23:58:40.647844,23:58:40.661488,23:58:41.078255,23:58:41.078288,23:58:41.084805,23:58:41.084832,23:58:41.090759,23:58:41.163781,23:58:41.163992,23:58:40.614746
550,safe,23:58:42.847465,23:58:42.847465,23:58:42.847969,23:58:42.847969,23:58:42.849480,23:58:42.849480,23:58:42.850967,23:58:42.850967,23:58:42.860402,23:58:42.860425,23:58:42.874615,23:58:42.884255,23:58:43.294423,23:58:43.294450,23:58:43.300288,23:58:43.300312,23:58:43.305797,23:58:43.398134,23:58:43.398295,23:58:42.848797
550,safe,23:58:44.935503,23:58:44.935503,23:58:44.935817,23:58:44.935817,23:58:44.937041,23:58:44.937041,23:58:44.938738,23:58:44.938738,23:58:44.948225,23:58:44.948249,23:58:44.961726,23:58:44.970510,23:58:45.382857,23:58:45.382886,23:58:45.388528,23:58:45.388549,23:58:45.393962,23:58:45.486584,23:58:45.486744,23:58:44.936486
550,safe,23:58:47.023296,23:58:47.023296,23:58:47.023641,23:58:47.023641,23:58:47.024840,23:58:47.024840,23:58:47.026367,23:58:47.026367,23:58:47.035810,23:58:47.035831,23:58:47.049548,23:58:47.058052,23:58:47.470149,23:58:47.470181,23:58:47.476213,23:58:47.476235,23:58:47.481510,23:58:47.574010,23:58:47.574173,23:58:47.024294
550,safe,23:58:49.240103,23:58:49.240103,23:58:49.240560,23:58:49.240560,23:58:49.242231,23:58:49.242231,23:58:49.243752,23:58:49.243752,23:58:49.253890,23:58:49.253914,23:58:49.267981,23:58:49.276486,23:58:49.691034,23:58:49.691062,23:58:49.697277,23:58:49.697305,23:58:49.702716,23:58:49.790818,23:58:49.791008,23:58:49.241292
550,safe,23:58:52.514670,23:58:52.514670,23:58:52.515015,23:58:52.515015,23:58:52.516560,23:58:52.516560,23:58:52.518051,23:58:52.518051,23:58:52.527240,23:58:52.527258,23:58:52.540638,23:58:52.548743,23:58:52.962653,23:58:52.962686,23:58:52.968985,23:58:52.969017,23:58:52.974890,23:58:53.065622,23:58:53.065784,23:58:52.515699
550,safe,23:58:54.689339,23:58:54.689339,23:58:54.689721,23:58:54.689721,23:58:54.690955,23:58:54.690955,23:58:54.692507,23:58:54.692507,23:58:54.701781,23:58:54.701802,23:58:54.715311,23:58:54.725223,23:58:55.140251,23:58:55.140278,23:58:55.146466,23:58:55.146493,23:58:55.152086,23:58:55.240191,23:58:55.240366,23:58:54.690368
550,safe,23:58:56.780702,23:58:56.780702,23:58:56.781134,23:58:56.781134,23:58:56.782622,23:58:56.782622,23:58:56.784003,23:58:56.784003,23:58:56.793352,23:58:56.793371,23:58:56.806856,23:58:56.815692,23:58:57.225629,23:58:57.225660,23:58:57.231945,23:58:57.231969,23:58:57.237578,23:58:57.331740,23:58:57.331933,23:58:56.781941
550,safe,23:58:58.866173,23:58:58.866173,23:58:58.866597,23:58:58.866597,23:58:58.867903,23:58:58.867903,23:58:58.869316,23:58:58.869316,23:58:58.878958,23:58:58.878979,23:58:58.900710,23:58:58.909240,23:58:59.320621,23:58:59.320650,23:58:59.326643,23:58:59.326665,23:58:59.332009,23:58:59.417126,23:58:59.417302,23:58:58.867310
550,safe,23:59:01.153431,23:59:01.153431,23:59:01.153777,23:59:01.153777,23:59:01.155088,23:59:01.155088,23:59:01.156507,23:59:01.156507,23:59:01.166336,23:59:01.166354,23:59:01.181466,23:59:01.190197,23:59:01.605336,23:59:01.605368,23:59:01.611464,23:59:01.611493,23:59:01.617218,23:59:01.704139,23:59:01.704285,23:59:01.154485
550,safe,23:59:04.423918,23:59:04.423918,23:59:04.424279,23:59:04.424279,23:59:04.425601,23:59:04.425601,23:59:04.427245,23:59:04.427245,23:59:04.436637,23:59:04.436657,23:59:04.450828,23:59:04.459933,23:59:04.871694,23:59:04.871729,23:59:04.877708,23:59:04.877733,23:59:04.883598,23:59:04.974677,23:59:04.974873,23:59:04.424982
550,safe,23:59:06.514390,23:59:06.514390,23:59:06.514769,23:59:06.514769,23:59:06.516038,23:59:06.516038,23:59:06.517366,23:59:06.517366,23:59:06.526573,23:59:06.526592,23:59:06.540759,23:59:06.549264,23:59:06.963468,23:59:06.963499,23:59:06.969525,23:59:06.969548,23:59:06.975206,23:59:07.065506,23:59:07.065701,23:59:06.515509
550,safe,23:59:09.776420,23:59:09.776420,23:59:09.776854,23:59:09.776854,23:59:09.778246,23:59:09.778246,23:59:09.779667,23:59:09.779667,23:59:09.789997,23:59:09.790015,23:59:09.804005,23:59:09.812741,23:59:10.223499,23:59:10.223549,23:59:10.229658,23:59:10.229684,23:59:10.235277,23:59:10.327328,23:59:10.327507,23:59:09.777675
550,safe,23:59:12.006584,23:59:12.006584,23:59:12.006937,23:59:12.006937,23:59:12.008326,23:59:12.008326,23:59:12.009827,23:59:12.009827,23:59:12.019311,23:59:12.019329,23:59:12.033173,23:59:12.042472,23:59:12.452275,23:59:12.452306,23:59:12.458332,23:59:12.458354,23:59:12.464063,23:59:12.557464,23:59:12.557629,23:59:12.007752
550,safe,23:59:15.267980,23:59:15.267980,23:59:15.268356,23:59:15.268356,23:59:15.269697,23:59:15.269697,23:59:15.271212,23:59:15.271212,23:59:15.281811,23:59:15.281835,23:59:15.296520,23:59:15.305012,23:59:15.714255,23:59:15.714286,23:59:15.720545,23:59:15.720569,23:59:15.726371,23:59:15.819024,23:59:15.819190,23:59:15.269058
550,safe,23:59:18.536729,23:59:18.536729,23:59:18.537077,23:59:18.537077,23:59:18.538334,23:59:18.538334,23:59:18.539808,23:59:18.539808,23:59:18.549206,23:59:18.549230,23:59:18.563386,23:59:18.571921,23:59:18.984312,23:59:18.984344,23:59:18.990536,23:59:18.990563,23:59:18.996319,23:59:19.087493,23:59:19.087688,23:59:18.537745
550,safe,23:59:20.763173,23:59:20.763173,23:59:20.763968,23:59:20.763968,23:59:20.766041,23:59:20.766041,23:59:20.768230,23:59:20.768230,23:59:20.778717,23:59:20.778793,23:59:20.806463,23:59:20.822244,23:59:21.235224,23:59:21.235253,23:59:21.241736,23:59:21.241762,23:59:21.247621,23:59:21.313951,23:59:21.314127,23:59:20.765061
550,safe,23:59:24.052743,23:59:24.052743,23:59:24.053223,23:59:24.053223,23:59:24.054694,23:59:24.054694,23:59:24.056167,23:59:24.056167,23:59:24.065694,23:59:24.065720,23:59:24.080301,23:59:24.089618,23:59:24.505148,23:59:24.505175,23:59:24.511218,23:59:24.511241,23:59:24.516630,23:59:24.603810,23:59:24.603971,23:59:24.054031
550,safe,23:59:26.149178,23:59:26.149178,23:59:26.149590,23:59:26.149590,23:59:26.150925,23:59:26.150925,23:59:26.152519,23:59:26.152519,23:59:26.164337,23:59:26.164360,23:59:26.178314,23:59:26.187381,23:59:26.602755,23:59:26.602783,23:59:26.609133,23:59:26.609157,23:59:26.614820,23:59:26.699939,23:59:26.700105,23:59:26.150373
550,safe,23:59:29.383081,23:59:29.383081,23:59:29.383494,23:59:29.383494,23:59:29.384895,23:59:29.384895,23:59:29.386521,23:59:29.386521,23:59:29.395911,23:59:29.395930,23:59:29.409803,23:59:29.418269,23:59:29.828404,23:59:29.828434,23:59:29.834760,23:59:29.834785,23:59:29.840319,23:59:29.934009,23:59:29.934176,23:59:29.384210
550,safe,23:59:32.661882,23:59:32.661882,23:59:32.662227,23:59:32.662227,23:59:32.663341,23:59:32.663341,23:59:32.664753,23:59:32.664753,23:59:32.674381,23:59:32.674405,23:59:32.697441,23:59:32.706053,23:59:33.121516,23:59:33.121545,23:59:33.128171,23:59:33.128196,23:59:33.133947,23:59:33.212619,23:59:33.212797,23:59:32.662841
550,safe,23:59:34.765382,23:59:34.765382,23:59:34.765792,23:59:34.765792,23:59:34.767116,23:59:34.767116,23:59:34.768639,23:59:34.768639,23:59:34.778449,23:59:34.778477,23:59:34.792903,23:59:34.802329,23:59:35.212626,23:59:35.212658,23:59:35.218679,23:59:35.218706,23:59:35.224356,23:59:35.316225,23:59:35.316386,23:59:34.766524
550,safe,23:59:38.037346,23:59:38.037346,23:59:38.037788,23:59:38.037788,23:59:38.039037,23:59:38.039037,23:59:38.040546,23:59:38.040546,23:59:38.050921,23:59:38.050940,23:59:38.064941,23:59:38.073325,23:59:38.483723,23:59:38.483751,23:59:38.489756,23:59:38.489783,23:59:38.495194,23:59:38.588537,23:59:38.588730,23:59:38.038453
550,safe,23:59:40.129193,23:59:40.129193,23:59:40.129595,23:59:40.129595,23:59:40.131014,23:59:40.131014,23:59:40.132535,23:59:40.132535,23:59:40.141935,23:59:40.141961,23:59:40.157131,23:59:40.165330,23:59:40.575773,23:59:40.575809,23:59:40.582054,23:59:40.582079,23:59:40.587513,23:59:40.679853,23:59:40.680010,23:59:40.130376
550,safe,23:59:43.406511,23:59:43.406511,23:59:43.406874,23:59:43.406874,23:59:43.408090,23:59:43.408090,23:59:43.409536,23:59:43.409536,23:59:43.419434,23:59:43.419454,23:59:43.433335,23:59:43.441905,23:59:43.853245,23:59:43.853278,23:59:43.859298,23:59:43.859320,23:59:43.864482,23:59:43.957179,23:59:43.957343,23:59:43.407527
550,safe,23:59:47.009557,23:59:47.009557,23:59:47.009916,23:59:47.009916,23:59:47.011177,23:59:47.011177,23:59:47.012867,23:59:47.012867,23:59:47.023186,23:59:47.023213,23:59:47.037505,23:59:47.046229,23:59:47.453758,23:59:47.453785,23:59:47.459728,23:59:47.459750,23:59:47.465001,23:59:47.560427,23:59:47.560626,23:59:47.010596
550,safe,23:59:49.172270,23:59:49.172270,23:59:49.172645,23:59:49.172645,23:59:49.173947,23:59:49.173947,23:59:49.175401,23:59:49.175401,23:59:49.184674,23:59:49.184692,23:59:49.198831,23:59:49.207121,23:59:49.617709,23:59:49.617741,23:59:49.624376,23:59:49.624410,23:59:49.630398,23:59:49.723118,23:59:49.723280,23:59:49.173324
550,safe,23:59:52.438878,23:59:52.438878,23:59:52.439248,23:59:52.439248,23:59:52.440279,23:59:52.440279,23:59:52.441842,23:59:52.441842,23:59:52.451608,23:59:52.451645,23:59:52.466043,23:59:52.474687,23:59:52.880621,23:59:52.880655,23:59:52.887398,23:59:52.887425,23:59:52.893022,23:59:52.989564,23:59:52.989760,23:59:52.439817
550,safe,23:59:54.579451,23:59:54.579451,23:59:54.579766,23:59:54.579766,23:59:54.581136,23:59:54.581136,23:59:54.582813,23:59:54.582813,23:59:54.592928,23:59:54.592953,23:59:54.606720,23:59:54.614496,23:59:55.018676,23:59:55.018709,23:59:55.024991,23:59:55.025015,23:59:55.030770,23:59:55.130192,23:59:55.130345,23:59:54.580296
550,safe,23:59:56.640225,23:59:56.640225,23:59:56.640610,23:59:56.640610,23:59:56.641648,23:59:56.641648,23:59:56.643046,23:59:56.643046,23:59:56.652224,23:59:56.652241,23:59:56.665279,23:59:56.673104,23:59:57.077440,23:59:57.077471,23:59:57.083461,23:59:57.083485,23:59:57.088808,23:59:57.191256,23:59:57.191437,23:59:56.641165
550,safe,23:59:58.819921,23:59:58.819921,23:59:58.820222,23:59:58.820222,23:59:58.821217,23:59:58.821217,23:59:58.822612,23:59:58.822612,23:59:58.831732,23:59:58.831758,23:59:58.845589,00:00:00.174675,00:00:01.298385,23:59:59.257763,23:59:59.263506,23:59:59.263529,23:59:59.269392,23:59:59.370940,23:59:59.371094,23:59:58.820726
550,safe,00:00:02.030327,00:00:02.030327,00:00:02.030703,00:00:02.030703,00:00:02.032198,00:00:02.032198,00:00:02.033686,00:00:02.033686,00:00:02.043875,00:00:02.043896,00:00:02.057545,00:00:02.067240,00:00:02.471983,00:00:02.472012,00:00:02.477665,00:00:02.477686,00:00:02.482913,00:00:02.580971,00:00:02.581133,00:00:02.031448
550,safe,00:00:04.093960,00:00:04.093960,00:00:04.094279,00:00:04.094279,00:00:04.095271,00:00:04.095271,00:00:04.096682,00:00:04.096682,00:00:04.105858,00:00:04.105878,00:00:04.126559,00:00:04.135193,00:00:04.539135,00:00:04.539166,00:00:04.545093,00:00:04.545118,00:00:04.552040,00:00:04.645077,00:00:04.645223,00:00:04.094818
550,safe,00:00:07.309651,00:00:07.309651,00:00:07.309984,00:00:07.309984,00:00:07.311115,00:00:07.311115,00:00:07.312543,00:00:07.312543,00:00:07.321756,00:00:07.321773,00:00:07.334845,00:00:07.343505,00:00:07.747813,00:00:07.747841,00:00:07.753827,00:00:07.753850,00:00:07.758932,00:00:07.860892,00:00:07.861058,00:00:07.310591
600,safe,00:00:10.515680,00:00:10.515680,00:00:10.515980,00:00:10.515980,00:00:10.517036,00:00:10.517036,00:00:10.518348,00:00:10.518348,00:00:10.527443,00:00:10.527460,00:00:10.540560,00:00:10.549094,00:00:10.960887,00:00:10.960919,00:00:10.967044,00:00:10.967071,00:00:10.973033,00:00:11.116946,00:00:11.117139,00:00:10.516545
600,safe,00:00:12.719095,00:00:12.719095,00:00:12.719394,00:00:12.719394,00:00:12.720385,00:00:12.720385,00:00:12.721728,00:00:12.721728,00:00:12.731244,00:00:12.731262,00:00:12.744527,00:00:12.752919,00:00:13.156757,00:00:13.156785,00:00:13.164108,00:00:13.164135,00:00:13.169899,00:00:13.319984,00:00:13.320158,00:00:12.719895
600,safe,00:00:14.914087,00:00:14.914087,00:00:14.914395,00:00:14.914395,00:00:14.915400,00:00:14.915400,00:00:14.916830,00:00:14.916830,00:00:14.926252,00:00:14.926270,00:00:14.939308,00:00:14.947481,00:00:15.351572,00:00:15.351601,00:00:15.357455,00:00:15.357479,00:00:15.362925,00:00:15.515008,00:00:15.515182,00:00:14.914940
600,safe,00:00:16.966851,00:00:16.966851,00:00:16.967154,00:00:16.967154,00:00:16.968201,00:00:16.968201,00:00:16.969596,00:00:16.969596,00:00:16.979320,00:00:16.979338,00:00:16.992050,00:00:17.000382,00:00:17.402336,00:00:17.402363,00:00:17.408460,00:00:17.408486,00:00:17.413905,00:00:17.567708,00:00:17.567893,00:00:16.967722
600,safe,00:00:20.167976,00:00:20.167976,00:00:20.168303,00:00:20.168303,00:00:20.169249,00:00:20.169249,00:00:20.170625,00:00:20.170625,00:00:20.179930,00:00:20.179955,00:00:20.193233,00:00:20.201213,00:00:20.605931,00:00:20.605962,00:00:20.612062,00:00:20.612085,00:00:20.618061,00:00:20.769039,00:00:20.769199,00:00:20.168805
600,safe,00:00:23.391339,00:00:23.391339,00:00:23.391635,00:00:23.391635,00:00:23.392590,00:00:23.392590,00:00:23.393954,00:00:23.393954,00:00:23.403145,00:00:23.403163,00:00:23.416529,00:00:23.424338,00:00:23.828157,00:00:23.828189,00:00:23.834011,00:00:23.834034,00:00:23.839234,00:00:23.992574,00:00:23.992773,00:00:23.392136
600,safe,00:00:26.589529,00:00:26.589529,00:00:26.589840,00:00:26.589840,00:00:26.590911,00:00:26.590911,00:00:26.592188,00:00:26.592188,00:00:26.601261,00:00:26.601278,00:00:26.614703,00:00:26.623168,00:00:27.026945,00:00:27.026976,00:00:27.032872,00:00:27.032894,00:00:27.038670,00:00:27.190313,00:00:27.190468,00:00:26.590430
600,safe,00:00:28.735327,00:00:28.735327,00:00:28.735630,00:00:28.735630,00:00:28.736643,00:00:28.736643,00:00:28.737951,00:00:28.737951,00:00:28.749398,00:00:28.749415,00:00:28.762232,00:00:28.770437,00:00:29.175082,00:00:29.175110,00:00:29.181232,00:00:29.181260,00:00:29.187021,00:00:29.336464,00:00:29.336629,00:00:28.736147
600,safe,00:00:31.953700,00:00:31.953700,00:00:31.954001,00:00:31.954001,00:00:31.955211,00:00:31.955211,00:00:31.956743,00:00:31.956743,00:00:31.965848,00:00:31.965866,00:00:31.978440,00:00:31.986270,00:00:32.390491,00:00:32.390523,00:00:32.396463,00:00:32.396484,00:00:32.401396,00:00:32.554938,00:00:32.555131,00:00:31.954593
600,safe,00:00:34.003521,00:00:34.003521,00:00:34.003913,00:00:34.003913,00:00:34.005173,00:00:34.005173,00:00:34.006524,00:00:34.006524,00:00:34.016068,00:00:34.016086,00:00:34.028938,00:00:34.037310,00:00:34.439962,00:00:34.439989,00:00:34.445860,00:00:34.445883,00:00:34.451074,00:00:34.604233,00:00:34.604393,00:00:34.004609
600,safe,00:00:36.182476,00:00:36.182476,00:00:36.182771,00:00:36.182771,00:00:36.183780,00:00:36.183780,00:00:36.185276,00:00:36.185276,00:00:36.194707,00:00:36.194727,00:00:36.215370,00:00:36.223744,00:00:36.628185,00:00:36.628213,00:00:36.634164,00:00:36.634191,00:00:36.639757,00:00:36.783390,00:00:36.783546,00:00:36.183333
600,safe,00:00:39.397942,00:00:39.397942,00:00:39.398242,00:00:39.398242,00:00:39.399239,00:00:39.399239,00:00:39.400572,00:00:39.400572,00:00:39.409876,00:00:39.409894,00:00:39.424821,00:00:39.432836,00:00:39.836627,00:00:39.836655,00:00:39.842514,00:00:39.842542,00:00:39.849511,00:00:39.999147,00:00:39.999310,00:00:39.398766
600,safe,00:00:41.615755,00:00:41.615755,00:00:41.616110,00:00:41.616110,00:00:41.617081,00:00:41.617081,00:00:41.618351,00:00:41.618351,00:00:41.627553,00:00:41.627570,00:00:41.640914,00:00:41.649300,00:00:42.053548,00:00:42.053579,00:00:42.059436,00:00:42.059457,00:00:42.064620,00:00:42.217010,00:00:42.217168,00:00:41.616618
600,safe,00:00:44.818820,00:00:44.818820,00:00:44.819131,00:00:44.819131,00:00:44.820110,00:00:44.820110,00:00:44.821412,00:00:44.821412,00:00:44.830430,00:00:44.830448,00:00:44.843586,00:00:44.852220,00:00:45.256033,00:00:45.256062,00:00:45.262046,00:00:45.262071,00:00:45.267459,00:00:45.419966,00:00:45.420167,00:00:44.819654
600,safe,00:00:48.026455,00:00:48.026455,00:00:48.026846,00:00:48.026846,00:00:48.028053,00:00:48.028053,00:00:48.029379,00:00:48.029379,00:00:48.038609,00:00:48.038631,00:00:48.051295,00:00:48.059263,00:00:48.462517,00:00:48.462546,00:00:48.468457,00:00:48.468482,00:00:48.473638,00:00:48.627222,00:00:48.627371,00:00:48.027548
600,safe,00:00:51.277203,00:00:51.277203,00:00:51.277520,00:00:51.277520,00:00:51.278530,00:00:51.278530,00:00:51.279851,00:00:51.279851,00:00:51.289204,00:00:51.289224,00:00:51.302408,00:00:51.310130,00:00:51.713454,00:00:51.713483,00:00:51.719386,00:00:51.719415,00:00:51.724556,00:00:51.878048,00:00:51.878211,00:00:51.278053
600,safe,00:00:54.481095,00:00:54.481095,00:00:54.481392,00:00:54.481392,00:00:54.482432,00:00:54.482432,00:00:54.483789,00:00:54.483789,00:00:54.493041,00:00:54.493058,00:00:54.506013,00:00:54.514773,00:00:54.919244,00:00:54.919272,00:00:54.925231,00:00:54.925254,00:00:54.930452,00:00:55.082139,00:00:55.082326,00:00:54.481902
600,safe,00:00:57.683859,00:00:57.683859,00:00:57.684206,00:00:57.684206,00:00:57.685247,00:00:57.685247,00:00:57.686508,00:00:57.686508,00:00:57.696207,00:00:57.696226,00:00:57.709064,00:00:57.717184,00:00:58.121845,00:00:58.121875,00:00:58.127734,00:00:58.127755,00:00:58.133047,00:00:58.284723,00:00:58.284877,00:00:57.684792
600,safe,00:00:59.557285,00:00:59.557285,00:00:59.557635,00:00:59.557635,00:00:59.558841,00:00:59.558841,00:00:59.560302,00:00:59.560302,00:00:59.570438,00:00:59.570464,00:00:59.583571,00:00:59.591564,00:00:59.996455,00:00:59.996484,00:01:00.002337,00:01:00.002362,00:01:00.007850,00:01:00.158287,00:01:00.158434,00:00:59.558317
600,safe,00:01:01.644500,00:01:01.644500,00:01:01.644811,00:01:01.644811,00:01:01.645798,00:01:01.645798,00:01:01.647223,00:01:01.647223,00:01:01.657011,00:01:01.657030,00:01:01.670026,00:01:01.678082,00:01:02.081920,00:01:02.081951,00:01:02.087925,00:01:02.087949,00:01:02.093187,00:01:02.245647,00:01:02.245852,00:01:01.645331
600,safe,00:01:03.840119,00:01:03.840119,00:01:03.840474,00:01:03.840474,00:01:03.841501,00:01:03.841501,00:01:03.842775,00:01:03.842775,00:01:03.851853,00:01:03.851879,00:01:03.864828,00:01:03.873023,00:01:04.276667,00:01:04.276694,00:01:04.282516,00:01:04.282537,00:01:04.287615,00:01:04.441067,00:01:04.441260,00:01:03.841039
600,safe,00:01:07.047266,00:01:07.047266,00:01:07.047585,00:01:07.047585,00:01:07.048594,00:01:07.048594,00:01:07.049961,00:01:07.049961,00:01:07.059980,00:01:07.059997,00:01:07.072961,00:01:07.081463,00:01:07.486012,00:01:07.486044,00:01:07.492252,00:01:07.492275,00:01:07.498120,00:01:07.648072,00:01:07.648243,00:01:07.048121
600,safe,00:01:09.105777,00:01:09.105777,00:01:09.106135,00:01:09.106135,00:01:09.107215,00:01:09.107215,00:01:09.108524,00:01:09.108524,00:01:09.118697,00:01:09.118716,00:01:09.139349,00:01:09.147693,00:01:09.552161,00:01:09.552189,00:01:09.558057,00:01:09.558079,00:01:09.563130,00:01:09.706902,00:01:09.707071,00:01:09.106731
600,safe,00:01:11.204280,00:01:11.204280,00:01:11.204582,00:01:11.204582,00:01:11.205590,00:01:11.205590,00:01:11.207018,00:01:11.207018,00:01:11.216838,00:01:11.216856,00:01:11.230800,00:01:11.238946,00:01:11.643037,00:01:11.643068,00:01:11.648835,00:01:11.648856,00:01:11.654072,00:01:11.805374,00:01:11.805550,00:01:11.205115
600,safe,00:01:14.422815,00:01:14.422815,00:01:14.423116,00:01:14.423116,00:01:14.424090,00:01:14.424090,00:01:14.425500,00:01:14.425500,00:01:14.435463,00:01:14.435481,00:01:14.448545,00:01:14.456622,00:01:14.861334,00:01:14.861362,00:01:14.867047,00:01:14.867067,00:01:14.872089,00:01:15.024216,00:01:15.024401,00:01:14.423617
600,safe,00:01:17.625247,00:01:17.625247,00:01:17.625546,00:01:17.625546,00:01:17.626476,00:01:17.626476,00:01:17.627900,00:01:17.627900,00:01:17.637055,00:01:17.637071,00:01:17.650226,00:01:17.659013,00:01:18.063300,00:01:18.063329,00:01:18.069140,00:01:18.069165,00:01:18.074445,00:01:18.226208,00:01:18.226370,00:01:17.626043
600,safe,00:01:20.841826,00:01:20.841826,00:01:20.842458,00:01:20.842458,00:01:20.844407,00:01:20.844407,00:01:20.846341,00:01:20.846341,00:01:20.857311,00:01:20.857357,00:01:20.876707,00:01:20.889342,00:01:21.299951,00:01:21.299978,00:01:21.305802,00:01:21.305831,00:01:21.310979,00:01:21.442472,00:01:21.442719,00:01:20.843415
600,safe,00:01:24.076421,00:01:24.076421,00:01:24.076723,00:01:24.076723,00:01:24.077871,00:01:24.077871,00:01:24.079360,00:01:24.079360,00:01:24.088608,00:01:24.088626,00:01:24.101666,00:01:24.109787,00:01:24.513684,00:01:24.513713,00:01:24.519325,00:01:24.519347,00:01:24.524310,00:01:24.677394,00:01:24.677550,00:01:24.077214
600,safe,00:01:27.286095,00:01:27.286095,00:01:27.286431,00:01:27.286431,00:01:27.287478,00:01:27.287478,00:01:27.288956,00:01:27.288956,00:01:27.298194,00:01:27.298211,00:01:27.311493,00:01:27.319400,00:01:27.723545,00:01:27.723572,00:01:27.729166,00:01:27.729189,00:01:27.734250,00:01:27.887108,00:01:27.887286,00:01:27.286999
600,safe,00:01:29.343554,00:01:29.343554,00:01:29.343871,00:01:29.343871,00:01:29.344995,00:01:29.344995,00:01:29.346388,00:01:29.346388,00:01:29.355676,00:01:29.355693,00:01:29.368422,00:01:29.376644,00:01:29.780275,00:01:29.780306,00:01:29.786175,00:01:29.786198,00:01:29.791183,00:01:29.944498,00:01:29.944667,00:01:29.344508
600,safe,00:01:31.460547,00:01:31.460547,00:01:31.460842,00:01:31.460842,00:01:31.461969,00:01:31.461969,00:01:31.463406,00:01:31.463406,00:01:31.475825,00:01:31.475843,00:01:31.488793,00:01:31.497118,00:01:31.900589,00:01:31.900617,00:01:31.906347,00:01:31.906371,00:01:31.912449,00:01:32.061525,00:01:32.061709,00:01:31.461374
600,safe,00:01:33.474930,00:01:33.474930,00:01:33.475225,00:01:33.475225,00:01:33.476175,00:01:33.476175,00:01:33.477523,00:01:33.477523,00:01:33.486829,00:01:33.486846,00:01:33.500323,00:01:33.508300,00:01:33.910421,00:01:33.910452,00:01:33.917126,00:01:33.917151,00:01:33.922240,00:01:34.074077,00:01:34.074270,00:01:33.475728
600,safe,00:01:36.679357,00:01:36.679357,00:01:36.679745,00:01:36.679745,00:01:36.680770,00:01:36.680770,00:01:36.682045,00:01:36.682045,00:01:36.692094,00:01:36.692112,00:01:36.704943,00:01:36.712871,00:01:37.117519,00:01:37.117547,00:01:37.123385,00:01:37.123409,00:01:37.128571,00:01:37.280124,00:01:37.280317,00:01:36.680295
600,safe,00:01:38.856837,00:01:38.856837,00:01:38.857153,00:01:38.857153,00:01:38.858180,00:01:38.858180,00:01:38.859450,00:01:38.859450,00:01:38.869216,00:01:38.869233,00:01:38.881617,00:01:38.890360,00:01:39.295134,00:01:39.295165,00:01:39.301107,00:01:39.301128,00:01:39.306237,00:01:39.457740,00:01:39.457908,00:01:38.857700
600,safe,00:01:42.076475,00:01:42.076475,00:01:42.076817,00:01:42.076817,00:01:42.077816,00:01:42.077816,00:01:42.079158,00:01:42.079158,00:01:42.089226,00:01:42.089244,00:01:42.109449,00:01:42.117904,00:01:42.521393,00:01:42.521424,00:01:42.527676,00:01:42.527701,00:01:42.532945,00:01:42.677577,00:01:42.677743,00:01:42.077358
600,safe,00:01:44.266691,00:01:44.266691,00:01:44.267031,00:01:44.267031,00:01:44.268068,00:01:44.268068,00:01:44.269322,00:01:44.269322,00:01:44.278508,00:01:44.278525,00:01:44.291786,00:01:44.300210,00:01:44.705157,00:01:44.705183,00:01:44.711375,00:01:44.711399,00:01:44.717193,00:01:44.867604,00:01:44.867777,00:01:44.267607
600,safe,00:01:47.474405,00:01:47.474405,00:01:47.474698,00:01:47.474698,00:01:47.475697,00:01:47.475697,00:01:47.477055,00:01:47.477055,00:01:47.487135,00:01:47.487153,00:01:47.500393,00:01:47.508264,00:01:47.912198,00:01:47.912225,00:01:47.918030,00:01:47.918052,00:01:47.923156,00:01:48.075259,00:01:48.075433,00:01:47.475237
600,safe,00:01:50.683993,00:01:50.683993,00:01:50.684286,00:01:50.684286,00:01:50.685247,00:01:50.685247,00:01:50.686585,00:01:50.686585,00:01:50.696334,00:01:50.696351,00:01:50.710355,00:01:50.718739,00:01:51.129942,00:01:51.129969,00:01:51.136020,00:01:51.136044,00:01:51.141801,00:01:51.284884,00:01:51.285052,00:01:50.684807
600,safe,00:01:53.916029,00:01:53.916029,00:01:53.916339,00:01:53.916339,00:01:53.917416,00:01:53.917416,00:01:53.918735,00:01:53.918735,00:01:53.928229,00:01:53.928246,00:01:53.940958,00:01:53.948727,00:01:54.351035,00:01:54.351063,00:01:54.356860,00:01:54.356883,00:01:54.362211,00:01:54.517061,00:01:54.517224,00:01:53.916893
600,safe,00:01:57.120394,00:01:57.120394,00:01:57.120741,00:01:57.120741,00:01:57.121766,00:01:57.121766,00:01:57.123064,00:01:57.123064,00:01:57.132849,00:01:57.132869,00:01:57.145770,00:01:57.153617,00:01:57.557048,00:01:57.557080,00:01:57.562958,00:01:57.562980,00:01:57.568259,00:01:57.721195,00:01:57.721357,00:01:57.121321
600,safe,00:02:00.327058,00:02:00.327058,00:02:00.327361,00:02:00.327361,00:02:00.328374,00:02:00.328374,00:02:00.329708,00:02:00.329708,00:02:00.338810,00:02:00.338835,00:02:00.351772,00:02:00.360027,00:02:00.764653,00:02:00.764681,00:02:00.771524,00:02:00.771554,00:02:00.777748,00:02:00.928420,00:02:00.928592,00:02:00.327909
600,safe,00:02:03.550755,00:02:03.550755,00:02:03.551068,00:02:03.551068,00:02:03.552149,00:02:03.552149,00:02:03.553521,00:02:03.553521,00:02:03.561449,00:02:03.561470,00:02:03.574030,00:02:03.582483,00:02:03.986965,00:02:03.986994,00:02:03.992725,00:02:03.992751,00:02:03.998015,00:02:04.150569,00:02:04.150728,00:02:03.551629
600,safe,00:02:05.606450,00:02:05.606450,00:02:05.606759,00:02:05.606759,00:02:05.607766,00:02:05.607766,00:02:05.609238,00:02:05.609238,00:02:05.618475,00:02:05.618501,00:02:05.631917,00:02:05.639701,00:02:06.043253,00:02:06.043281,00:02:06.048831,00:02:06.048852,00:02:06.054017,00:02:06.207605,00:02:06.207773,00:02:05.607291
600,safe,00:02:08.813370,00:02:08.813370,00:02:08.813771,00:02:08.813771,00:02:08.814836,00:02:08.814836,00:02:08.816165,00:02:08.816165,00:02:08.825359,00:02:08.825377,00:02:08.838541,00:02:08.846666,00:02:09.250813,00:02:09.250840,00:02:09.256620,00:02:09.256643,00:02:09.262573,00:02:09.414335,00:02:09.414485,00:02:08.814369
600,safe,00:02:10.870480,00:02:10.870480,00:02:10.870944,00:02:10.870944,00:02:10.872934,00:02:10.872934,00:02:10.874915,00:02:10.874915,00:02:10.884967,00:02:10.885003,00:02:10.904828,00:02:10.915809,00:02:11.325176,00:02:11.325208,00:02:11.331084,00:02:11.331105,00:02:11.336632,00:02:11.471357,00:02:11.471531,00:02:10.871935
600,safe,00:02:14.098418,00:02:14.098418,00:02:14.098720,00:02:14.098720,00:02:14.099674,00:02:14.099674,00:02:14.100921,00:02:14.100921,00:02:14.110908,00:02:14.110926,00:02:14.123808,00:02:14.131773,00:02:14.537336,00:02:14.537367,00:02:14.543239,00:02:14.543263,00:02:14.548570,00:02:14.699621,00:02:14.699789,00:02:14.099233
600,safe,00:02:17.307749,00:02:17.307749,00:02:17.308058,00:02:17.308058,00:02:17.309036,00:02:17.309036,00:02:17.310437,00:02:17.310437,00:02:17.319820,00:02:17.319837,00:02:17.340530,00:02:17.349329,00:02:17.754130,00:02:17.754159,00:02:17.759782,00:02:17.759803,00:02:17.764910,00:02:17.908510,00:02:17.908668,00:02:17.308566
600,safe,00:02:19.375959,00:02:19.375959,00:02:19.376262,00:02:19.376262,00:02:19.377254,00:02:19.377254,00:02:19.378655,00:02:19.378655,00:02:19.387785,00:02:19.387803,00:02:19.401325,00:02:19.409583,00:02:19.814029,00:02:19.814056,00:02:19.819927,00:02:19.819952,00:02:19.825555,00:02:19.976736,00:02:19.976906,00:02:19.376797
600,safe,00:02:21.620535,00:02:21.620535,00:02:21.620839,00:02:21.620839,00:02:21.621814,00:02:21.621814,00:02:21.623212,00:02:21.623212,00:02:21.633418,00:02:21.633435,00:02:21.646721,00:02:21.655567,00:02:22.059851,00:02:22.059881,00:02:22.065834,00:02:22.065858,00:02:22.071667,00:02:22.221449,00:02:22.221610,00:02:21.621364
600,safe,00:02:24.831818,00:02:24.831818,00:02:24.832157,00:02:24.832157,00:02:24.833322,00:02:24.833322,00:02:24.834835,00:02:24.834835,00:02:24.844132,00:02:24.844150,00:02:24.857497,00:02:24.866122,00:02:25.270054,00:02:25.270082,00:02:25.276127,00:02:25.276148,00:02:25.281413,00:02:25.432906,00:02:25.433073,00:02:24.832719
600,safe,00:02:26.889303,00:02:26.889303,00:02:26.889662,00:02:26.889662,00:02:26.890869,00:02:26.890869,00:02:26.892296,00:02:26.892296,00:02:26.901751,00:02:26.901769,00:02:26.915115,00:02:26.923344,00:02:27.327658,00:02:27.327686,00:02:27.335251,00:02:27.335274,00:02:27.340342,00:02:27.490076,00:02:27.490272,00:02:26.890313
600,safe,00:02:28.949901,00:02:28.949901,00:02:28.950235,00:02:28.950235,00:02:28.951231,00:02:28.951231,00:02:28.952483,00:02:28.952483,00:02:28.961614,00:02:28.961632,00:02:28.974499,00:02:28.982576,00:02:29.386834,00:02:29.386865,00:02:29.392822,00:02:29.392847,00:02:29.398059,00:02:29.551124,00:02:29.551313,00:02:28.950784
600,safe,00:02:31.130854,00:02:31.130854,00:02:31.131239,00:02:31.131239,00:02:31.132329,00:02:31.132329,00:02:31.133716,00:02:31.133716,00:02:31.142928,00:02:31.142946,00:02:31.156713,00:02:31.165105,00:02:31.569942,00:02:31.569970,00:02:31.575757,00:02:31.575781,00:02:31.581333,00:02:31.731682,00:02:31.731859,00:02:31.131845
600,safe,00:02:34.344467,00:02:34.344467,00:02:34.344816,00:02:34.344816,00:02:34.345807,00:02:34.345807,00:02:34.347170,00:02:34.347170,00:02:34.358901,00:02:34.358918,00:02:34.371658,00:02:34.379416,00:02:34.781565,00:02:34.781593,00:02:34.787375,00:02:34.787395,00:02:34.792346,00:02:34.945311,00:02:34.945484,00:02:34.345380
600,safe,00:02:37.555336,00:02:37.555336,00:02:37.555686,00:02:37.555686,00:02:37.556732,00:02:37.556732,00:02:37.558041,00:02:37.558041,00:02:37.567320,00:02:37.567337,00:02:37.580418,00:02:37.588495,00:02:37.993335,00:02:37.993363,00:02:37.999051,00:02:37.999072,00:02:38.004071,00:02:38.156154,00:02:38.156347,00:02:37.556232
600,safe,00:02:40.763114,00:02:40.763114,00:02:40.763423,00:02:40.763423,00:02:40.764426,00:02:40.764426,00:02:40.765702,00:02:40.765702,00:02:40.774980,00:02:40.775018,00:02:40.789549,00:02:40.800340,00:02:41.209962,00:02:41.209990,00:02:41.215743,00:02:41.215768,00:02:41.221229,00:02:41.364375,00:02:41.364578,00:02:40.763936
600,safe,00:02:43.996897,00:02:43.996897,00:02:43.997216,00:02:43.997216,00:02:43.998219,00:02:43.998219,00:02:43.999903,00:02:43.999903,00:02:44.009745,00:02:44.009769,00:02:44.023084,00:02:44.031386,00:02:44.434533,00:02:44.434565,00:02:44.440450,00:02:44.440472,00:02:44.445833,00:02:44.598126,00:02:44.598306,00:02:43.997734
600,safe,00:02:46.056884,00:02:46.056884,00:02:46.057186,00:02:46.057186,00:02:46.058138,00:02:46.058138,00:02:46.059485,00:02:46.059485,00:02:46.069429,00:02:46.069446,00:02:46.082608,00:02:46.090908,00:02:46.495707,00:02:46.495735,00:02:46.501647,00:02:46.501669,00:02:46.506699,00:02:46.657617,00:02:46.657788,00:02:46.057699
600,safe,00:02:48.241451,00:02:48.241451,00:02:48.241754,00:02:48.241754,00:02:48.242816,00:02:48.242816,00:02:48.244282,00:02:48.244282,00:02:48.254449,00:02:48.254467,00:02:48.275580,00:02:48.283871,00:02:48.686796,00:02:48.686824,00:02:48.692548,00:02:48.692569,00:02:48.697662,00:02:48.842535,00:02:48.842695,00:02:48.242304
600,safe,00:02:51.509509,00:02:51.509509,00:02:51.509808,00:02:51.509808,00:02:51.510868,00:02:51.510868,00:02:51.512206,00:02:51.512206,00:02:51.522259,00:02:51.522277,00:02:51.535806,00:02:51.543902,00:02:51.947954,00:02:51.947984,00:02:51.954403,00:02:51.954427,00:02:51.959655,00:02:52.110674,00:02:52.110832,00:02:51.510321
600,safe,00:02:54.722354,00:02:54.722354,00:02:54.722665,00:02:54.722665,00:02:54.723716,00:02:54.723716,00:02:54.725096,00:02:54.725096,00:02:54.734077,00:02:54.734094,00:02:54.747394,00:02:54.755808,00:02:55.159541,00:02:55.159570,00:02:55.165301,00:02:55.165326,00:02:55.170635,00:02:55.323236,00:02:55.323395,00:02:54.723214
600,safe,00:02:56.900853,00:02:56.900853,00:02:56.901158,00:02:56.901158,00:02:56.902172,00:02:56.902172,00:02:56.903445,00:02:56.903445,00:02:56.913232,00:02:56.913253,00:02:56.926189,00:02:56.934334,00:02:57.338822,00:02:57.338851,00:02:57.345108,00:02:57.345135,00:02:57.350597,00:02:57.501821,00:02:57.501983,00:02:56.901715
600,safe,00:03:00.112754,00:03:00.112754,00:03:00.113102,00:03:00.113102,00:03:00.114248,00:03:00.114248,00:03:00.115649,00:03:00.115649,00:03:00.125407,00:03:00.125423,00:03:00.138811,00:03:00.147021,00:03:00.551821,00:03:00.551849,00:03:00.558402,00:03:00.558432,00:03:00.564121,00:03:00.713734,00:03:00.713903,00:03:00.113726
600,safe,00:03:02.321894,00:03:02.321894,00:03:02.322220,00:03:02.322220,00:03:02.323233,00:03:02.323233,00:03:02.324702,00:03:02.324702,00:03:02.335044,00:03:02.335074,00:03:02.348425,00:03:02.356764,00:03:02.760519,00:03:02.760552,00:03:02.766785,00:03:02.766808,00:03:02.772589,00:03:02.922785,00:03:02.922963,00:03:02.322748
600,safe,00:03:04.509897,00:03:04.509897,00:03:04.510207,00:03:04.510207,00:03:04.511296,00:03:04.511296,00:03:04.512643,00:03:04.512643,00:03:04.522071,00:03:04.522088,00:03:04.534541,00:03:04.543016,00:03:04.947354,00:03:04.947381,00:03:04.953117,00:03:04.953139,00:03:04.958026,00:03:05.111128,00:03:05.111311,00:03:04.510751
600,safe,00:03:07.718633,00:03:07.718633,00:03:07.718941,00:03:07.718941,00:03:07.719977,00:03:07.719977,00:03:07.721361,00:03:07.721361,00:03:07.730492,00:03:07.730510,00:03:07.743503,00:03:07.751491,00:03:08.155989,00:03:08.156015,00:03:08.161611,00:03:08.161633,00:03:08.166747,00:03:08.319560,00:03:08.319748,00:03:07.719483
600,safe,00:03:09.777946,00:03:09.777946,00:03:09.778398,00:03:09.778398,00:03:09.779923,00:03:09.779923,00:03:09.781488,00:03:09.781488,00:03:09.790948,00:03:09.791009,00:03:09.805471,00:03:09.814339,00:03:10.219094,00:03:10.219126,00:03:10.225171,00:03:10.225194,00:03:10.230809,00:03:10.378895,00:03:10.379087,00:03:09.779300
600,safe,00:03:13.001508,00:03:13.001508,00:03:13.001902,00:03:13.001902,00:03:13.003338,00:03:13.003338,00:03:13.004773,00:03:13.004773,00:03:13.014325,00:03:13.014359,00:03:13.028393,00:03:13.037252,00:03:13.440378,00:03:13.440405,00:03:13.446248,00:03:13.446269,00:03:13.451401,00:03:13.602101,00:03:13.602255,00:03:13.002717
600,safe,00:03:15.188150,00:03:15.188150,00:03:15.188499,00:03:15.188499,00:03:15.189576,00:03:15.189576,00:03:15.190935,00:03:15.190935,00:03:15.200407,00:03:15.200424,00:03:15.213142,00:03:15.221339,00:03:15.625479,00:03:15.625506,00:03:15.631587,00:03:15.631609,00:03:15.636533,00:03:15.789248,00:03:15.789441,00:03:15.189067
600,safe,00:03:17.247091,00:03:17.247091,00:03:17.247393,00:03:17.247393,00:03:17.248364,00:03:17.248364,00:03:17.249648,00:03:17.249648,00:03:17.259542,00:03:17.259560,00:03:17.272074,00:03:17.279851,00:03:17.683659,00:03:17.683685,00:03:17.689222,00:03:17.689243,00:03:17.694316,00:03:17.847897,00:03:17.848058,00:03:17.247917
600,safe,00:03:19.432195,00:03:19.432195,00:03:19.432544,00:03:19.432544,00:03:19.433608,00:03:19.433608,00:03:19.435045,00:03:19.435045,00:03:19.444200,00:03:19.444218,00:03:19.464791,00:03:19.472935,00:03:19.876450,00:03:19.876479,00:03:19.882315,00:03:19.882340,00:03:19.887622,00:03:20.033208,00:03:20.033394,00:03:19.433133
600,safe,00:03:22.654498,00:03:22.654498,00:03:22.654800,00:03:22.654800,00:03:22.655851,00:03:22.655851,00:03:22.657299,00:03:22.657299,00:03:22.666486,00:03:22.666504,00:03:22.680170,00:03:22.688310,00:03:23.093079,00:03:23.093107,00:03:23.098881,00:03:23.098905,00:03:23.104399,00:03:23.255699,00:03:23.255873,00:03:22.655342
600,safe,00:03:24.808016,00:03:24.808016,00:03:24.808325,00:03:24.808325,00:03:24.809298,00:03:24.809298,00:03:24.810652,00:03:24.810652,00:03:24.820645,00:03:24.820663,00:03:24.833828,00:03:24.842206,00:03:25.244244,00:03:25.244275,00:03:25.250053,00:03:25.250076,00:03:25.255542,00:03:25.408983,00:03:25.409140,00:03:24.808850
600,safe,00:03:27.009579,00:03:27.009579,00:03:27.009900,00:03:27.009900,00:03:27.010883,00:03:27.010883,00:03:27.012176,00:03:27.012176,00:03:27.021408,00:03:27.021426,00:03:27.034313,00:03:27.042796,00:03:27.445737,00:03:27.445765,00:03:27.451495,00:03:27.451518,00:03:27.456862,00:03:27.610448,00:03:27.610647,00:03:27.010413
600,safe,00:03:29.190526,00:03:29.190526,00:03:29.190878,00:03:29.190878,00:03:29.191949,00:03:29.191949,00:03:29.193279,00:03:29.193279,00:03:29.203082,00:03:29.203104,00:03:29.216152,00:03:29.224034,00:03:29.628098,00:03:29.628126,00:03:29.634113,00:03:29.634134,00:03:29.639335,00:03:29.791364,00:03:29.791523,00:03:29.191472
600,safe,00:03:32.408185,00:03:32.408185,00:03:32.408544,00:03:32.408544,00:03:32.409570,00:03:32.409570,00:03:32.410937,00:03:32.410937,00:03:32.421031,00:03:32.421048,00:03:32.434167,00:03:32.442473,00:03:32.846257,00:03:32.846284,00:03:32.852299,00:03:32.852325,00:03:32.857936,00:03:33.009247,00:03:33.009449,00:03:32.409079
600,safe,00:03:35.618368,00:03:35.618368,00:03:35.618675,00:03:35.618675,00:03:35.619650,00:03:35.619650,00:03:35.620886,00:03:35.620886,00:03:35.632903,00:03:35.632928,00:03:35.645513,00:03:35.654785,00:03:36.059143,00:03:36.059177,00:03:36.064935,00:03:36.064957,00:03:36.070271,00:03:36.219562,00:03:36.219726,00:03:35.619216
600,safe,00:03:37.807861,00:03:37.807861,00:03:37.808164,00:03:37.808164,00:03:37.809129,00:03:37.809129,00:03:37.810484,00:03:37.810484,00:03:37.820450,00:03:37.820475,00:03:37.833621,00:03:37.841997,00:03:38.245791,00:03:38.245822,00:03:38.251812,00:03:38.251837,00:03:38.257103,00:03:38.409019,00:03:38.409264,00:03:37.808665
600,safe,00:03:41.050114,00:03:41.050114,00:03:41.050708,00:03:41.050708,00:03:41.052514,00:03:41.052514,00:03:41.054497,00:03:41.054497,00:03:41.064318,00:03:41.064345,00:03:41.079436,00:03:41.088463,00:03:41.493756,00:03:41.493787,00:03:41.499996,00:03:41.500027,00:03:41.505502,00:03:41.651087,00:03:41.651275,00:03:41.051554
600,safe,00:03:43.122281,00:03:43.122281,00:03:43.122611,00:03:43.122611,00:03:43.123632,00:03:43.123632,00:03:43.124926,00:03:43.124926,00:03:43.134021,00:03:43.134039,00:03:43.146552,00:03:43.154349,00:03:43.558973,00:03:43.559002,00:03:43.565253,00:03:43.565280,00:03:43.570691,00:03:43.723288,00:03:43.723487,00:03:43.123176
600,safe,00:03:46.342830,00:03:46.342830,00:03:46.343244,00:03:46.343244,00:03:46.344396,00:03:46.344396,00:03:46.346249,00:03:46.346249,00:03:46.355579,00:03:46.355596,00:03:46.370592,00:03:46.378829,00:03:46.783409,00:03:46.783440,00:03:46.789490,00:03:46.789512,00:03:46.794750,00:03:46.943893,00:03:46.944106,00:03:46.343775
600,safe,00:03:48.499182,00:03:48.499182,00:03:48.499499,00:03:48.499499,00:03:48.500572,00:03:48.500572,00:03:48.501928,00:03:48.501928,00:03:48.511111,00:03:48.511141,00:03:48.524378,00:03:48.532311,00:03:48.935988,00:03:48.936015,00:03:48.941903,00:03:48.941928,00:03:48.947166,00:03:49.100019,00:03:49.100193,00:03:48.500092
600,safe,00:03:50.565458,00:03:50.565458,00:03:50.565804,00:03:50.565804,00:03:50.566791,00:03:50.566791,00:03:50.568227,00:03:50.568227,00:03:50.578386,00:03:50.578404,00:03:50.600185,00:03:50.608420,00:03:51.019104,00:03:51.019148,00:03:51.028034,00:03:51.028059,00:03:51.035651,00:03:51.166437,00:03:51.166637,00:03:50.566336
600,safe,00:03:52.779527,00:03:52.779527,00:03:52.779813,00:03:52.779813,00:03:52.780775,00:03:52.780775,00:03:52.782143,00:03:52.782143,00:03:52.792551,00:03:52.792568,00:03:52.806313,00:03:52.814844,00:03:53.219178,00:03:53.219210,00:03:53.225239,00:03:53.225260,00:03:53.230379,00:03:53.380522,00:03:53.380742,00:03:52.780335
600,safe,00:03:54.970642,00:03:54.970642,00:03:54.970998,00:03:54.970998,00:03:54.972011,00:03:54.972011,00:03:54.973385,00:03:54.973385,00:03:54.983165,00:03:54.983183,00:03:54.996232,00:03:55.004712,00:03:55.406883,00:03:55.406913,00:03:55.412698,00:03:55.412719,00:03:55.418024,00:03:55.571341,00:03:55.571513,00:03:54.971556
600,safe,00:03:58.137533,00:03:58.137533,00:03:58.137884,00:03:58.137884,00:03:58.139006,00:03:58.139006,00:03:58.140379,00:03:58.140379,00:03:58.149908,00:03:58.149926,00:03:58.163377,00:03:58.171163,00:03:58.573803,00:03:58.573832,00:03:58.579651,00:03:58.579672,00:03:58.584775,00:03:58.738454,00:03:58.738609,00:03:58.138502
600,safe,00:04:00.337543,00:04:00.337543,00:04:00.337847,00:04:00.337847,00:04:00.338792,00:04:00.338792,00:04:00.340026,00:04:00.340026,00:04:00.349130,00:04:00.349147,00:04:00.361884,00:04:00.369751,00:04:00.773731,00:04:00.773759,00:04:00.779518,00:04:00.779542,00:04:00.784766,00:04:00.938591,00:04:00.938820,00:04:00.338342
600,safe,00:04:03.517458,00:04:03.517458,00:04:03.517751,00:04:03.517751,00:04:03.519758,00:04:03.519758,00:04:03.521159,00:04:03.521159,00:04:03.530273,00:04:03.530290,00:04:03.543036,00:04:03.551300,00:04:03.953422,00:04:03.953448,00:04:03.959163,00:04:03.959185,00:04:03.964541,00:04:04.116768,00:04:04.116935,00:04:03.519225
600,safe,00:04:06.734450,00:04:06.734450,00:04:06.734789,00:04:06.734789,00:04:06.735809,00:04:06.735809,00:04:06.737080,00:04:06.737080,00:04:06.746466,00:04:06.746483,00:04:06.759638,00:04:06.767702,00:04:07.173105,00:04:07.173136,00:04:07.178997,00:04:07.179021,00:04:07.184408,00:04:07.335231,00:04:07.335402,00:04:06.735346
600,safe,00:04:08.799829,00:04:08.799829,00:04:08.800117,00:04:08.800117,00:04:08.801087,00:04:08.801087,00:04:08.802414,00:04:08.802414,00:04:08.811451,00:04:08.811468,00:04:08.824654,00:04:08.834504,00:04:09.238981,00:04:09.239009,00:04:09.244698,00:04:09.244721,00:04:09.250058,00:04:09.400667,00:04:09.400844,00:04:08.800625
600,safe,00:04:10.994555,00:04:10.994555,00:04:10.995330,00:04:10.995330,00:04:10.997568,00:04:10.997568,00:04:10.999704,00:04:10.999704,00:04:11.010849,00:04:11.010902,00:04:11.035927,00:04:11.048015,00:04:11.452621,00:04:11.452652,00:04:11.458811,00:04:11.458833,00:04:11.464352,00:04:11.595267,00:04:11.595450,00:04:10.996780
600,safe,00:04:14.242572,00:04:14.242572,00:04:14.242886,00:04:14.242886,00:04:14.243894,00:04:14.243894,00:04:14.245199,00:04:14.245199,00:04:14.255473,00:04:14.255493,00:04:14.268297,00:04:14.276538,00:04:14.679324,00:04:14.679354,00:04:14.685082,00:04:14.685104,00:04:14.690250,00:04:14.843376,00:04:14.843538,00:04:14.243408
600,safe,00:04:17.453758,00:04:17.453758,00:04:17.454059,00:04:17.454059,00:04:17.455124,00:04:17.455124,00:04:17.456547,00:04:17.456547,00:04:17.465579,00:04:17.465596,00:04:17.478813,00:04:17.487366,00:04:17.891105,00:04:17.891133,00:04:17.896834,00:04:17.896855,00:04:17.901759,00:04:18.054882,00:04:18.055043,00:04:17.454583
600,safe,00:04:19.642278,00:04:19.642278,00:04:19.642577,00:04:19.642577,00:04:19.643576,00:04:19.643576,00:04:19.644977,00:04:19.644977,00:04:19.654136,00:04:19.654153,00:04:19.667257,00:04:19.675137,00:04:20.079488,00:04:20.079517,00:04:20.085583,00:04:20.085605,00:04:20.090596,00:04:20.242928,00:04:20.243089,00:04:19.643117
600,safe,00:04:21.754222,00:04:21.754222,00:04:21.754576,00:04:21.754576,00:04:21.755703,00:04:21.755703,00:04:21.757059,00:04:21.757059,00:04:21.766895,00:04:21.766914,00:04:21.787770,00:04:21.795997,00:04:22.199646,00:04:22.199673,00:04:22.205563,00:04:22.205587,00:04:22.211099,00:04:22.354958,00:04:22.355123,00:04:21.755180
600,safe,00:04:23.950272,00:04:23.950272,00:04:23.950586,00:04:23.950586,00:04:23.951618,00:04:23.951618,00:04:23.952904,00:04:23.952904,00:04:23.962385,00:04:23.962403,00:04:23.976751,00:04:23.984660,00:04:24.389146,00:04:24.389176,00:04:24.394834,00:04:24.394855,00:04:24.400254,00:04:24.551232,00:04:24.551402,00:04:23.951153
600,safe,00:04:26.152820,00:04:26.152820,00:04:26.153132,00:04:26.153132,00:04:26.154135,00:04:26.154135,00:04:26.155545,00:04:26.155545,00:04:26.165809,00:04:26.165827,00:04:26.179808,00:04:26.188341,00:04:26.592616,00:04:26.592647,00:04:26.598837,00:04:26.598860,00:04:26.603973,00:04:26.753690,00:04:26.753898,00:04:26.153666
600,safe,00:04:28.220283,00:04:28.220283,00:04:28.220583,00:04:28.220583,00:04:28.221560,00:04:28.221560,00:04:28.222910,00:04:28.222910,00:04:28.232298,00:04:28.232318,00:04:28.245457,00:04:28.253709,00:04:28.656827,00:04:28.656857,00:04:28.663277,00:04:28.663305,00:04:28.669339,00:04:28.821403,00:04:28.821562,00:04:28.221091
600,safe,00:04:30.410200,00:04:30.410200,00:04:30.410530,00:04:30.410530,00:04:30.411570,00:04:30.411570,00:04:30.412918,00:04:30.412918,00:04:30.422249,00:04:30.422267,00:04:30.435435,00:04:30.443628,00:04:30.846539,00:04:30.846568,00:04:30.853119,00:04:30.853147,00:04:30.859595,00:04:31.011026,00:04:31.011183,00:04:30.411091
600,safe,00:04:32.609663,00:04:32.609663,00:04:32.609980,00:04:32.609980,00:04:32.610980,00:04:32.610980,00:04:32.612315,00:04:32.612315,00:04:32.623860,00:04:32.623877,00:04:32.637165,00:04:32.645193,00:04:33.049764,00:04:33.049792,00:04:33.056228,00:04:33.056261,00:04:33.062099,00:04:33.210570,00:04:33.210737,00:04:32.610523
