attacker_delay,outcome,attacker_start_time,Document_lookup_start,Document_lookup_end,Blob_fetch_start,Blob_fetch_end,Initial_sec_validation_start,Initial_sec_validation_end,Document_marked_safe_start,Document_marked_safe_end,Dispatch_to_agent_start,Dispatch_to_agent_end,LLM_inference_start,LLM_inference_end,Agent_retrieves_document_state_start,Agent_retrieves_document_state_end,Agent_retrieves_document_start,Agent_retrieves_document_end,attacker_modify_time,attacker_modify_done,blob_read_time
1,blocked,00:12:47.201526,00:12:47.201526,00:12:47.202898,00:12:47.202898,00:12:47.204442,00:12:47.204442,00:12:47.213427,00:12:47.213427,,,,,,,,,,00:12:47.202757,00:12:47.202896,00:12:47.203643
1,blocked,00:12:47.663990,00:12:47.663990,00:12:47.664695,00:12:47.664695,00:12:47.666570,00:12:47.666570,00:12:47.668179,00:12:47.668179,,,,,,,,,,00:12:47.665294,00:12:47.665414,00:12:47.665823
1,blocked,00:12:48.125765,00:12:48.125765,00:12:48.127013,00:12:48.127013,00:12:48.129081,00:12:48.129081,00:12:48.131292,00:12:48.131292,,,,,,,,,,00:12:48.127465,00:12:48.127722,00:12:48.128354
1,safe,00:12:48.584653,00:12:48.584653,00:12:48.585186,00:12:48.585186,00:12:48.586546,00:12:48.586546,00:12:48.588276,00:12:48.588276,00:12:48.598665,00:12:48.598695,00:12:49.403044,00:12:49.430847,00:12:57.977070,00:12:49.412514,00:12:49.419013,00:12:49.419036,00:12:49.425914,00:12:48.586281,00:12:48.586375,00:12:48.585990
1,safe,00:13:02.335827,00:13:02.335827,00:13:02.336391,00:13:02.336391,00:13:02.338095,00:13:02.338095,00:13:02.341034,00:13:02.341034,00:13:02.351161,00:13:02.351199,00:13:02.365611,00:13:02.388751,00:13:02.863554,00:13:02.372144,00:13:02.377940,00:13:02.377968,00:13:02.383918,00:13:02.354434,00:13:02.354559,00:13:02.337324
1,leak,00:13:07.242309,00:13:07.242309,00:13:07.242782,00:13:07.242782,00:13:07.244228,00:13:07.244228,00:13:07.246134,00:13:07.246134,00:13:07.255856,00:13:07.255890,00:13:07.271382,00:13:07.293081,00:13:07.768082,00:13:07.277400,00:13:07.283152,00:13:07.283176,00:13:07.288660,00:13:07.243870,00:13:07.243972,00:13:07.243563
1,safe,00:13:10.600239,00:13:10.600239,00:13:10.600721,00:13:10.600721,00:13:10.602328,00:13:10.602328,00:13:10.604306,00:13:10.604306,00:13:10.614538,00:13:10.614577,00:13:10.630912,00:13:10.654924,00:13:11.125153,00:13:10.637414,00:13:10.643953,00:13:10.643984,00:13:10.650225,00:13:10.601976,00:13:10.602103,00:13:10.601641
1,safe,00:13:15.315198,00:13:15.315198,00:13:15.315672,00:13:15.315672,00:13:15.317254,00:13:15.317254,00:13:15.319178,00:13:15.319178,00:13:15.329433,00:13:15.329461,00:13:15.344759,00:13:15.365464,00:13:15.838250,00:13:15.350669,00:13:15.355885,00:13:15.355908,00:13:15.361353,00:13:15.316749,00:13:15.316842,00:13:15.316434
1,safe,00:13:20.246734,00:13:20.246734,00:13:20.247174,00:13:20.247174,00:13:20.248430,00:13:20.248430,00:13:20.249839,00:13:20.249839,00:13:20.260406,00:13:20.260446,00:13:20.274543,00:13:20.295873,00:13:20.762813,00:13:20.280653,00:13:20.285956,00:13:20.285982,00:13:20.291523,00:13:20.248202,00:13:20.248297,00:13:20.247935
1,safe,00:13:25.161676,00:13:25.161676,00:13:25.162159,00:13:25.162159,00:13:25.163358,00:13:25.163358,00:13:25.164706,00:13:25.164706,00:13:25.174110,00:13:25.174134,00:13:25.188314,00:13:25.208836,00:13:25.677424,00:13:25.193877,00:13:25.199356,00:13:25.199379,00:13:25.204669,00:13:25.163135,00:13:25.163219,00:13:25.162865
1,leak,00:13:30.029111,00:13:30.029111,00:13:30.029562,00:13:30.029562,00:13:30.030923,00:13:30.030923,00:13:30.032710,00:13:30.032710,00:13:30.044101,00:13:30.044137,00:13:30.061902,00:13:30.086172,00:13:30.551873,00:13:30.070186,00:13:30.076416,00:13:30.076441,00:13:30.081927,00:13:30.030614,00:13:30.030970,00:13:30.030334
1,safe,00:13:33.601962,00:13:33.601962,00:13:33.602438,00:13:33.602438,00:13:33.603926,00:13:33.603926,00:13:33.605630,00:13:33.605630,00:13:33.616064,00:13:33.616116,00:13:33.631001,00:13:33.653438,00:13:34.125088,00:13:33.637468,00:13:33.643094,00:13:33.643119,00:13:33.649095,00:13:33.603580,00:13:33.603676,00:13:33.603293
1,safe,00:13:38.466630,00:13:38.466630,00:13:38.467115,00:13:38.467115,00:13:38.468785,00:13:38.468785,00:13:38.470419,00:13:38.470419,00:13:38.480270,00:13:38.480306,00:13:38.502523,00:13:38.524248,00:13:38.997514,00:13:38.508805,00:13:38.514137,00:13:38.514160,00:13:38.520035,00:13:38.468246,00:13:38.468352,00:13:38.467920
1,safe,00:13:43.627257,00:13:43.627257,00:13:43.627736,00:13:43.627736,00:13:43.629330,00:13:43.629330,00:13:43.632180,00:13:43.632180,00:13:43.641890,00:13:43.641930,00:13:43.707978,00:13:43.730299,00:13:44.209178,00:13:43.714151,00:13:43.720251,00:13:43.720276,00:13:43.726121,00:13:43.645085,00:13:43.645214,00:13:43.628587
1,blocked,00:13:48.607854,00:13:48.607854,00:13:48.608524,00:13:48.608524,00:13:48.610655,00:13:48.610655,00:13:48.613084,00:13:48.613084,,,,,,,,,,00:13:48.609182,00:13:48.609326,00:13:48.609801
1,leak,00:13:49.079216,00:13:49.079216,00:13:49.079603,00:13:49.079603,00:13:49.080958,00:13:49.080958,00:13:49.082408,00:13:49.082408,00:13:49.093039,00:13:49.093084,00:13:49.110015,00:13:49.132547,00:13:49.613270,00:13:49.116589,00:13:49.122290,00:13:49.122313,00:13:49.128263,00:13:49.080726,00:13:49.080827,00:13:49.080422
1,safe,00:13:52.444317,00:13:52.444317,00:13:52.444805,00:13:52.444805,00:13:52.446506,00:13:52.446506,00:13:52.448432,00:13:52.448432,00:13:52.458498,00:13:52.458533,00:13:52.473581,00:13:52.497170,00:13:52.969071,00:13:52.480039,00:13:52.486140,00:13:52.486167,00:13:52.492545,00:13:52.446174,00:13:52.446324,00:13:52.445775
1,leak,00:13:57.390414,00:13:57.390414,00:13:57.390887,00:13:57.390887,00:13:57.392635,00:13:57.392635,00:13:57.394250,00:13:57.394250,00:13:57.404197,00:13:57.404230,00:13:57.417517,00:13:57.439072,00:13:57.913064,00:13:57.423283,00:13:57.428828,00:13:57.428852,00:13:57.434934,00:13:57.392290,00:13:57.392420,00:13:57.391867
1,safe,00:14:00.925587,00:14:00.925587,00:14:00.926056,00:14:00.926056,00:14:00.927804,00:14:00.927804,00:14:00.929513,00:14:00.929513,00:14:00.939268,00:14:00.939306,00:14:00.953700,00:14:00.974738,00:14:01.446855,00:14:00.959421,00:14:00.964974,00:14:00.964999,00:14:00.970751,00:14:00.927305,00:14:00.927420,00:14:00.926940
1,safe,00:14:06.089703,00:14:06.089703,00:14:06.090143,00:14:06.090143,00:14:06.091663,00:14:06.091663,00:14:06.094324,00:14:06.094324,00:14:06.105320,00:14:06.105353,00:14:06.120826,00:14:06.142100,00:14:06.619885,00:14:06.126689,00:14:06.132098,00:14:06.132124,00:14:06.137789,00:14:06.102188,00:14:06.102316,00:14:06.091021
1,safe,00:14:11.164828,00:14:11.164828,00:14:11.165282,00:14:11.165282,00:14:11.166713,00:14:11.166713,00:14:11.168995,00:14:11.168995,00:14:11.179056,00:14:11.179096,00:14:11.194407,00:14:11.217221,00:14:11.693016,00:14:11.200831,00:14:11.206629,00:14:11.206652,00:14:11.212479,00:14:11.166990,00:14:11.167088,00:14:11.166110
1,safe,00:14:16.276558,00:14:16.276558,00:14:16.277113,00:14:16.277113,00:14:16.278898,00:14:16.278898,00:14:16.281457,00:14:16.281457,00:14:16.292477,00:14:16.292527,00:14:16.311088,00:14:16.334944,00:14:16.808788,00:14:16.318082,00:14:16.324452,00:14:16.324479,00:14:16.330465,00:14:16.288896,00:14:16.289134,00:14:16.278051
1,blocked,00:14:21.140956,00:14:21.140956,00:14:21.141487,00:14:21.141487,00:14:21.143649,00:14:21.143649,00:14:21.146237,00:14:21.146237,,,,,,,,,,00:14:21.142335,00:14:21.142470,00:14:21.142916
1,safe,00:14:21.613618,00:14:21.613618,00:14:21.614196,00:14:21.614196,00:14:21.615963,00:14:21.615963,00:14:21.617622,00:14:21.617622,00:14:21.627356,00:14:21.627387,00:14:21.643763,00:14:21.665864,00:14:22.154777,00:14:21.649897,00:14:21.655590,00:14:21.655615,00:14:21.661509,00:14:21.615346,00:14:21.615433,00:14:21.615047
1,safe,00:14:26.522167,00:14:26.522167,00:14:26.522655,00:14:26.522655,00:14:26.524005,00:14:26.524005,00:14:26.525344,00:14:26.525344,00:14:26.536082,00:14:26.536123,00:14:26.551511,00:14:26.573875,00:14:27.051192,00:14:26.558042,00:14:26.563910,00:14:26.563938,00:14:26.569667,00:14:26.523760,00:14:26.523860,00:14:26.523457
1,safe,00:14:31.641069,00:14:31.641069,00:14:31.641549,00:14:31.641549,00:14:31.643315,00:14:31.643315,00:14:31.645611,00:14:31.645611,00:14:31.655140,00:14:31.655169,00:14:31.672907,00:14:31.695940,00:14:32.174754,00:14:31.679974,00:14:31.685654,00:14:31.685679,00:14:31.691733,00:14:31.643201,00:14:31.643342,00:14:31.642500
1,leak,00:14:36.762678,00:14:36.762678,00:14:36.763069,00:14:36.763069,00:14:36.764529,00:14:36.764529,00:14:36.766862,00:14:36.766862,00:14:36.780624,00:14:36.780670,00:14:36.795508,00:14:36.817565,00:14:37.293079,00:14:36.801773,00:14:36.807345,00:14:36.807369,00:14:36.813094,00:14:36.764489,00:14:36.764636,00:14:36.763877
1,safe,00:14:40.245406,00:14:40.245406,00:14:40.245805,00:14:40.245805,00:14:40.247474,00:14:40.247474,00:14:40.248921,00:14:40.248921,00:14:40.258468,00:14:40.258504,00:14:40.272747,00:14:40.303970,00:14:40.777930,00:14:40.287463,00:14:40.293531,00:14:40.293555,00:14:40.299385,00:14:40.247531,00:14:40.247660,00:14:40.246701
1,blocked,00:14:45.176889,00:14:45.176889,00:14:45.177447,00:14:45.177447,00:14:45.179712,00:14:45.179712,00:14:45.181289,00:14:45.181289,,,,,,,,,,00:14:45.178242,00:14:45.178365,00:14:45.178807
1,safe,00:14:45.644235,00:14:45.644235,00:14:45.644911,00:14:45.644911,00:14:45.646467,00:14:45.646467,00:14:45.648125,00:14:45.648125,00:14:45.657933,00:14:45.657979,00:14:45.673317,00:14:45.695738,00:14:46.186421,00:14:45.679662,00:14:45.685121,00:14:45.685145,00:14:45.691060,00:14:45.646159,00:14:45.646255,00:14:45.645818
1,safe,00:14:50.702910,00:14:50.702910,00:14:50.703385,00:14:50.703385,00:14:50.705261,00:14:50.705261,00:14:50.707603,00:14:50.707603,00:14:50.717367,00:14:50.717406,00:14:50.732086,00:14:50.753906,00:14:51.233134,00:14:50.738113,00:14:50.743697,00:14:50.743724,00:14:50.749451,00:14:50.705043,00:14:50.705153,00:14:50.704323
1,safe,00:14:55.840060,00:14:55.840060,00:14:55.840724,00:14:55.840724,00:14:55.842682,00:14:55.842682,00:14:55.845972,00:14:55.845972,00:14:55.856380,00:14:55.856430,00:14:55.877733,00:14:55.910830,00:14:56.403842,00:14:55.886114,00:14:55.894279,00:14:55.894315,00:14:55.902817,00:14:55.842327,00:14:55.842493,00:14:55.841910
1,safe,00:15:01.013474,00:15:01.013474,00:15:01.013982,00:15:01.013982,00:15:01.015733,00:15:01.015733,00:15:01.018523,00:15:01.018523,00:15:01.028699,00:15:01.028735,00:15:01.044066,00:15:01.065864,00:15:01.541455,00:15:01.050123,00:15:01.055794,00:15:01.055819,00:15:01.061772,00:15:01.033866,00:15:01.034004,00:15:01.014817
1,leak,00:15:06.341557,00:15:06.341557,00:15:06.342010,00:15:06.342010,00:15:06.343851,00:15:06.343851,00:15:06.346730,00:15:06.346730,00:15:06.356565,00:15:06.356612,00:15:06.372447,00:15:06.395288,00:15:06.874696,00:15:06.378888,00:15:06.385266,00:15:06.385297,00:15:06.390909,00:15:06.343886,00:15:06.344033,00:15:06.343017
1,safe,00:15:09.764155,00:15:09.764155,00:15:09.764627,00:15:09.764627,00:15:09.766057,00:15:09.766057,00:15:09.767661,00:15:09.767661,00:15:09.778182,00:15:09.778218,00:15:09.792064,00:15:09.813517,00:15:10.284191,00:15:09.798168,00:15:09.803758,00:15:09.803781,00:15:09.809347,00:15:09.765707,00:15:09.765803,00:15:09.765409
1,leak,00:15:14.779385,00:15:14.779385,00:15:14.779914,00:15:14.779914,00:15:14.781410,00:15:14.781410,00:15:14.784039,00:15:14.784039,00:15:14.793819,00:15:14.793853,00:15:14.808497,00:15:14.829702,00:15:15.302868,00:15:14.814354,00:15:14.819880,00:15:14.819904,00:15:14.825338,00:15:14.781646,00:15:14.781785,00:15:14.780809
1,safe,00:15:18.213281,00:15:18.213281,00:15:18.213772,00:15:18.213772,00:15:18.215157,00:15:18.215157,00:15:18.216934,00:15:18.216934,00:15:18.227457,00:15:18.227492,00:15:18.242432,00:15:18.262112,00:15:18.729770,00:15:18.248050,00:15:18.253085,00:15:18.253109,00:15:18.258260,00:15:18.214878,00:15:18.214965,00:15:18.214560
1,safe,00:15:23.335693,00:15:23.335693,00:15:23.336060,00:15:23.336060,00:15:23.337546,00:15:23.337546,00:15:23.339938,00:15:23.339938,00:15:23.349720,00:15:23.349753,00:15:23.363584,00:15:23.384064,00:15:23.859064,00:15:23.369414,00:15:23.374596,00:15:23.374617,00:15:23.379805,00:15:23.337807,00:15:23.337920,00:15:23.336757
1,blocked,00:15:28.210419,00:15:28.210419,00:15:28.211114,00:15:28.211114,00:15:28.212830,00:15:28.212830,00:15:28.214391,00:15:28.214391,,,,,,,,,,00:15:28.211663,00:15:28.211789,00:15:28.212178
1,leak,00:15:28.682286,00:15:28.682286,00:15:28.682892,00:15:28.682892,00:15:28.684496,00:15:28.684496,00:15:28.685942,00:15:28.685942,00:15:28.696266,00:15:28.696308,00:15:28.712564,00:15:28.733835,00:15:29.243640,00:15:28.718712,00:15:28.723766,00:15:28.723785,00:15:28.729163,00:15:28.684167,00:15:28.684285,00:15:28.683795
1,safe,00:15:32.207858,00:15:32.207858,00:15:32.208264,00:15:32.208264,00:15:32.209528,00:15:32.209528,00:15:32.211166,00:15:32.211166,00:15:32.221332,00:15:32.221362,00:15:32.235065,00:15:32.255253,00:15:32.719406,00:15:32.240679,00:15:32.245965,00:15:32.245981,00:15:32.251153,00:15:32.209271,00:15:32.209361,00:15:32.209011
1,safe,00:15:37.213683,00:15:37.213683,00:15:37.214039,00:15:37.214039,00:15:37.215541,00:15:37.215541,00:15:37.218133,00:15:37.218133,00:15:37.227608,00:15:37.227634,00:15:37.248846,00:15:37.269336,00:15:37.734241,00:15:37.254604,00:15:37.259868,00:15:37.259895,00:15:37.264942,00:15:37.215859,00:15:37.215962,00:15:37.214737
1,safe,00:15:42.245413,00:15:42.245413,00:15:42.246031,00:15:42.246031,00:15:42.247873,00:15:42.247873,00:15:42.250242,00:15:42.250242,00:15:42.259841,00:15:42.259872,00:15:42.275178,00:15:42.297085,00:15:42.765901,00:15:42.281353,00:15:42.286865,00:15:42.286880,00:15:42.292706,00:15:42.260942,00:15:42.261062,00:15:42.247028
1,safe,00:15:47.222778,00:15:47.222778,00:15:47.223176,00:15:47.223176,00:15:47.224567,00:15:47.224567,00:15:47.226260,00:15:47.226260,00:15:47.236421,00:15:47.236452,00:15:47.250608,00:15:47.270987,00:15:47.753584,00:15:47.256626,00:15:47.261802,00:15:47.261821,00:15:47.267182,00:15:47.224217,00:15:47.224301,00:15:47.223934
1,safe,00:15:52.292025,00:15:52.292025,00:15:52.292414,00:15:52.292414,00:15:52.293756,00:15:52.293756,00:15:52.296078,00:15:52.296078,00:15:52.306072,00:15:52.306101,00:15:52.319694,00:15:52.340237,00:15:52.817428,00:15:52.325413,00:15:52.330639,00:15:52.330663,00:15:52.335975,00:15:52.311284,00:15:52.311407,00:15:52.293207
1,safe,00:15:57.391026,00:15:57.391026,00:15:57.391419,00:15:57.391419,00:15:57.392772,00:15:57.392772,00:15:57.395068,00:15:57.395068,00:15:57.404536,00:15:57.404569,00:15:57.418019,00:15:57.438157,00:15:57.908093,00:15:57.423555,00:15:57.428549,00:15:57.428571,00:15:57.434053,00:15:57.412389,00:15:57.412534,00:15:57.392136
1,blocked,00:16:02.138179,00:16:02.138179,00:16:02.138702,00:16:02.138702,00:16:02.140027,00:16:02.140027,00:16:02.141540,00:16:02.141540,,,,,,,,,,00:16:02.138954,00:16:02.139065,00:16:02.139462
1,safe,00:16:02.601079,00:16:02.601079,00:16:02.601555,00:16:02.601555,00:16:02.603165,00:16:02.603165,00:16:02.604712,00:16:02.604712,00:16:02.614971,00:16:02.615001,00:16:02.631952,00:16:02.656994,00:16:03.150476,00:16:02.640039,00:16:02.646201,00:16:02.646228,00:16:02.652537,00:16:02.602657,00:16:02.602744,00:16:02.602345
1,safe,00:16:07.676682,00:16:07.676682,00:16:07.677183,00:16:07.677183,00:16:07.678635,00:16:07.678635,00:16:07.680864,00:16:07.680864,00:16:07.690381,00:16:07.690452,00:16:07.706020,00:16:07.728002,00:16:08.212807,00:16:07.712176,00:16:07.717660,00:16:07.717681,00:16:07.723289,00:16:07.695900,00:16:07.696050,00:16:07.678013
1,error,,,,,,,,,,,,,,,,,,,,
1,safe,00:16:13.013667,00:16:13.013667,00:16:13.014174,00:16:13.014174,00:16:13.015877,00:16:13.015877,00:16:13.017936,00:16:13.017936,00:16:13.028598,00:16:13.028642,00:16:14.839931,00:16:14.865035,00:16:15.325529,00:16:14.846784,00:16:14.853569,00:16:14.853596,00:16:14.860031,00:16:13.029166,00:16:13.029330,00:16:13.015082
1,leak,00:16:19.506537,00:16:19.506537,00:16:19.507010,00:16:19.507010,00:16:19.508718,00:16:19.508718,00:16:19.511288,00:16:19.511288,00:16:19.524629,00:16:19.524658,00:16:19.536955,00:16:19.557750,00:16:20.029814,00:16:19.543067,00:16:19.548389,00:16:19.548410,00:16:19.553650,00:16:19.508774,00:16:19.508899,00:16:19.507775
1,safe,00:16:23.173265,00:16:23.173265,00:16:23.173770,00:16:23.173770,00:16:23.175314,00:16:23.175314,00:16:23.177272,00:16:23.177272,00:16:23.187350,00:16:23.187388,00:16:23.203622,00:16:23.227130,00:16:23.716937,00:16:23.210215,00:16:23.216445,00:16:23.216469,00:16:23.222620,00:16:23.175016,00:16:23.175128,00:16:23.174635
1,safe,00:16:28.165855,00:16:28.165855,00:16:28.166371,00:16:28.166371,00:16:28.168359,00:16:28.168359,00:16:28.170531,00:16:28.170531,00:16:28.180804,00:16:28.180859,00:16:28.200306,00:16:28.225919,00:16:28.727967,00:16:28.207343,00:16:28.214592,00:16:28.214618,00:16:28.221034,00:16:28.167781,00:16:28.167892,00:16:28.167413
1,leak,00:16:33.359417,00:16:33.359417,00:16:33.360243,00:16:33.360243,00:16:33.362624,00:16:33.362624,00:16:33.366114,00:16:33.366114,00:16:33.377021,00:16:33.377079,00:16:33.397168,00:16:33.432678,00:16:33.931032,00:16:33.413518,00:16:33.420143,00:16:33.420177,00:16:33.427345,00:16:33.380871,00:16:33.381039,00:16:33.361488
1,leak,00:16:37.053836,00:16:37.053836,00:16:37.054224,00:16:37.054224,00:16:37.055454,00:16:37.055454,00:16:37.057091,00:16:37.057091,00:16:37.067274,00:16:37.067307,00:16:37.080819,00:16:37.102936,00:16:37.585624,00:16:37.086963,00:16:37.092375,00:16:37.092398,00:16:37.098131,00:16:37.055356,00:16:37.055446,00:16:37.054861
1,safe,00:16:40.644883,00:16:40.644883,00:16:40.645336,00:16:40.645336,00:16:40.646674,00:16:40.646674,00:16:40.648506,00:16:40.648506,00:16:40.658937,00:16:40.658964,00:16:40.673057,00:16:40.692989,00:16:41.177597,00:16:40.678532,00:16:40.683598,00:16:40.683616,00:16:40.689066,00:16:40.646383,00:16:40.646472,00:16:40.646083
1,leak,00:16:45.744263,00:16:45.744263,00:16:45.744716,00:16:45.744716,00:16:45.746347,00:16:45.746347,00:16:45.748897,00:16:45.748897,00:16:45.758600,00:16:45.758639,00:16:45.774577,00:16:45.796119,00:16:46.283035,00:16:45.780370,00:16:45.785868,00:16:45.785891,00:16:45.791761,00:16:45.746350,00:16:45.746484,00:16:45.745531
1,leak,00:16:48.988165,00:16:48.988165,00:16:48.988705,00:16:48.988705,00:16:48.990283,00:16:48.990283,00:16:48.991901,00:16:48.991901,00:16:49.002402,00:16:49.002453,00:16:49.019611,00:16:49.047971,00:16:49.521599,00:16:49.027203,00:16:49.036321,00:16:49.036351,00:16:49.042962,00:16:48.989944,00:16:48.990094,00:16:48.989581
1,blocked,00:16:52.465266,00:16:52.465266,00:16:52.465862,00:16:52.465862,00:16:52.467736,00:16:52.467736,00:16:52.469801,00:16:52.469801,,,,,,,,,,00:16:52.466657,00:16:52.466817,00:16:52.467182
1,blocked,00:16:52.940218,00:16:52.940218,00:16:52.940819,00:16:52.940819,00:16:52.943062,00:16:52.943062,00:16:52.945326,00:16:52.945326,,,,,,,,,,00:16:52.941597,00:16:52.941745,00:16:52.942280
1,safe,00:16:53.414617,00:16:53.414617,00:16:53.415207,00:16:53.415207,00:16:53.416970,00:16:53.416970,00:16:53.418618,00:16:53.418618,00:16:53.428179,00:16:53.428209,00:16:53.443811,00:16:53.465603,00:16:53.973800,00:16:53.449705,00:16:53.455280,00:16:53.455304,00:16:53.460976,00:16:53.416662,00:16:53.416773,00:16:53.416204
1,safe,00:16:58.523417,00:16:58.523417,00:16:58.523780,00:16:58.523780,00:16:58.525052,00:16:58.525052,00:16:58.527204,00:16:58.527204,00:16:58.537328,00:16:58.537355,00:16:58.551216,00:16:58.571313,00:16:59.041158,00:16:58.556885,00:16:58.561949,00:16:58.561965,00:16:58.567037,00:16:58.538165,00:16:58.538266,00:16:58.524470
1,safe,00:17:03.606796,00:17:03.606796,00:17:03.607334,00:17:03.607334,00:17:03.608778,00:17:03.608778,00:17:03.611448,00:17:03.611448,00:17:03.621165,00:17:03.621196,00:17:03.636572,00:17:03.657496,00:17:04.143210,00:17:03.643657,00:17:03.648745,00:17:03.648762,00:17:03.653721,00:17:03.624230,00:17:03.624333,00:17:03.608121
1,safe,00:17:08.639977,00:17:08.639977,00:17:08.640545,00:17:08.640545,00:17:08.642019,00:17:08.642019,00:17:08.644481,00:17:08.644481,00:17:08.654479,00:17:08.654508,00:17:08.669213,00:17:08.690982,00:17:09.168130,00:17:08.675157,00:17:08.680781,00:17:08.680806,00:17:08.686612,00:17:08.652555,00:17:08.652664,00:17:08.641443
1,safe,00:17:13.679076,00:17:13.679076,00:17:13.679676,00:17:13.679676,00:17:13.681433,00:17:13.681433,00:17:13.684040,00:17:13.684040,00:17:13.694416,00:17:13.694461,00:17:13.709963,00:17:13.733012,00:17:14.205826,00:17:13.717027,00:17:13.722970,00:17:13.722996,00:17:13.728729,00:17:13.681165,00:17:13.681295,00:17:13.680570
1,leak,00:17:18.788679,00:17:18.788679,00:17:18.789235,00:17:18.789235,00:17:18.790981,00:17:18.790981,00:17:18.793481,00:17:18.793481,00:17:18.803134,00:17:18.803169,00:17:18.818052,00:17:18.840674,00:17:19.325916,00:17:18.824347,00:17:18.830313,00:17:18.830332,00:17:18.836516,00:17:18.813998,00:17:18.814378,00:17:18.790136
1,blocked,00:17:21.915234,00:17:21.915234,00:17:21.915806,00:17:21.915806,00:17:21.917773,00:17:21.917773,00:17:21.919588,00:17:21.919588,,,,,,,,,,00:17:21.916576,00:17:21.916724,00:17:21.917081
1,safe,00:17:22.392705,00:17:22.392705,00:17:22.393133,00:17:22.393133,00:17:22.394997,00:17:22.394997,00:17:22.396856,00:17:22.396856,00:17:22.406803,00:17:22.406843,00:17:22.424676,00:17:22.448754,00:17:22.933687,00:17:22.431233,00:17:22.437705,00:17:22.437723,00:17:22.444427,00:17:22.394546,00:17:22.394674,00:17:22.394076
1,safe,00:17:27.683732,00:17:27.683732,00:17:27.684169,00:17:27.684169,00:17:27.685841,00:17:27.685841,00:17:27.688669,00:17:27.688669,00:17:27.698745,00:17:27.698797,00:17:27.725020,00:17:27.748278,00:17:28.247386,00:17:27.731721,00:17:27.737731,00:17:27.737760,00:17:27.743616,00:17:27.705989,00:17:27.706131,00:17:27.684988
1,safe,00:17:32.755163,00:17:32.755163,00:17:32.755623,00:17:32.755623,00:17:32.757291,00:17:32.757291,00:17:32.760117,00:17:32.760117,00:17:32.769905,00:17:32.769942,00:17:32.785600,00:17:32.808205,00:17:33.283912,00:17:32.792120,00:17:32.797783,00:17:32.797811,00:17:32.803814,00:17:32.757311,00:17:32.757422,00:17:32.756435
1,safe,00:17:37.940330,00:17:37.940330,00:17:37.940776,00:17:37.940776,00:17:37.942717,00:17:37.942717,00:17:37.945246,00:17:37.945246,00:17:37.955299,00:17:37.955338,00:17:37.970608,00:17:37.993650,00:17:38.476672,00:17:37.977160,00:17:37.983182,00:17:37.983206,00:17:37.988931,00:17:37.958348,00:17:37.958498,00:17:37.941742
1,safe,00:17:43.014357,00:17:43.014357,00:17:43.014966,00:17:43.014966,00:17:43.016653,00:17:43.016653,00:17:43.019290,00:17:43.019290,00:17:43.029809,00:17:43.029853,00:17:43.046457,00:17:43.067686,00:17:43.546412,00:17:43.052365,00:17:43.058086,00:17:43.058111,00:17:43.063587,00:17:43.030452,00:17:43.030572,00:17:43.015870
1,safe,00:17:47.830249,00:17:47.830249,00:17:47.830713,00:17:47.830713,00:17:47.832176,00:17:47.832176,00:17:47.833625,00:17:47.833625,00:17:47.843656,00:17:47.843684,00:17:47.857277,00:17:47.878167,00:17:48.346073,00:17:47.862974,00:17:47.868432,00:17:47.868450,00:17:47.874151,00:17:47.831787,00:17:47.831875,00:17:47.831534
1,blocked,00:17:52.816220,00:17:52.816220,00:17:52.816828,00:17:52.816828,00:17:52.819045,00:17:52.819045,00:17:52.820818,00:17:52.820818,,,,,,,,,,00:17:52.817478,00:17:52.817665,00:17:52.818129
1,safe,00:17:53.293190,00:17:53.293190,00:17:53.293671,00:17:53.293671,00:17:53.295114,00:17:53.295114,00:17:53.296740,00:17:53.296740,00:17:53.307110,00:17:53.307155,00:17:53.324710,00:17:53.347076,00:17:53.831471,00:17:53.330925,00:17:53.337065,00:17:53.337084,00:17:53.342848,00:17:53.294738,00:17:53.294843,00:17:53.294415
1,safe,00:17:58.289262,00:17:58.289262,00:17:58.289692,00:17:58.289692,00:17:58.291088,00:17:58.291088,00:17:58.292888,00:17:58.292888,00:17:58.304434,00:17:58.304465,00:17:58.318679,00:17:58.339622,00:17:58.823947,00:17:58.324367,00:17:58.329801,00:17:58.329821,00:17:58.335420,00:17:58.290736,00:17:58.290823,00:17:58.290452
1,safe,00:18:03.608551,00:18:03.608551,00:18:03.609336,00:18:03.609336,00:18:03.611682,00:18:03.611682,00:18:03.615827,00:18:03.615827,00:18:03.631129,00:18:03.631193,00:18:03.657936,00:18:03.697844,00:18:04.208775,00:18:03.672826,00:18:03.681649,00:18:03.681690,00:18:03.690363,00:18:03.624007,00:18:03.624192,00:18:03.610569
1,safe,00:18:08.821378,00:18:08.821378,00:18:08.821897,00:18:08.821897,00:18:08.823308,00:18:08.823308,00:18:08.825951,00:18:08.825951,00:18:08.835816,00:18:08.835841,00:18:08.851610,00:18:08.878044,00:18:09.369625,00:18:08.857941,00:18:08.864532,00:18:08.864564,00:18:08.873330,00:18:08.836736,00:18:08.836877,00:18:08.822694
1,safe,00:18:13.628292,00:18:13.628292,00:18:13.628934,00:18:13.628934,00:18:13.630848,00:18:13.630848,00:18:13.632549,00:18:13.632549,00:18:13.642043,00:18:13.642084,00:18:13.656432,00:18:13.678298,00:18:14.170307,00:18:13.662259,00:18:13.668032,00:18:13.668058,00:18:13.673962,00:18:13.630107,00:18:13.630222,00:18:13.629822
1,safe,00:18:18.676205,00:18:18.676205,00:18:18.676835,00:18:18.676835,00:18:18.678969,00:18:18.678969,00:18:18.682042,00:18:18.682042,00:18:18.691738,00:18:18.691778,00:18:18.708480,00:18:18.736822,00:18:19.271551,00:18:18.715954,00:18:18.723378,00:18:18.723418,00:18:18.730552,00:18:18.695760,00:18:18.696315,00:18:18.678010
1,safe,00:18:23.711538,00:18:23.711538,00:18:23.712039,00:18:23.712039,00:18:23.713749,00:18:23.713749,00:18:23.717024,00:18:23.717024,00:18:23.727086,00:18:23.727127,00:18:23.745856,00:18:23.771018,00:18:24.256843,00:18:23.752607,00:18:23.759214,00:18:23.759241,00:18:23.765905,00:18:23.713764,00:18:23.713907,00:18:23.712852
1,safe,00:18:28.792232,00:18:28.792232,00:18:28.792732,00:18:28.792732,00:18:28.794107,00:18:28.794107,00:18:28.796414,00:18:28.796414,00:18:28.806485,00:18:28.806517,00:18:28.828927,00:18:28.850672,00:18:29.324319,00:18:28.834928,00:18:28.840611,00:18:28.840636,00:18:28.846234,00:18:28.794373,00:18:28.794493,00:18:28.793524
1,leak,00:18:33.622408,00:18:33.622408,00:18:33.623061,00:18:33.623061,00:18:33.625932,00:18:33.625932,00:18:33.628668,00:18:33.628668,00:18:33.640636,00:18:33.640689,00:18:33.666353,00:18:33.700544,00:18:34.224712,00:18:33.675270,00:18:33.683473,00:18:33.683504,00:18:33.693010,00:18:33.624635,00:18:33.624793,00:18:33.624229
1,leak,00:18:36.771727,00:18:36.771727,00:18:36.772253,00:18:36.772253,00:18:36.773957,00:18:36.773957,00:18:36.775435,00:18:36.775435,00:18:36.785925,00:18:36.785969,00:18:36.801156,00:18:36.824321,00:18:37.307513,00:18:36.807691,00:18:36.813599,00:18:36.813624,00:18:36.819903,00:18:36.773472,00:18:36.773577,00:18:36.773191
1,blocked,00:18:40.625087,00:18:40.625087,00:18:40.626322,00:18:40.626322,00:18:40.628432,00:18:40.628432,00:18:40.631425,00:18:40.631425,,,,,,,,,,00:18:40.626339,00:18:40.626511,00:18:40.627505
1,blocked,00:18:41.158091,00:18:41.158091,00:18:41.158745,00:18:41.158745,00:18:41.160126,00:18:41.160126,00:18:41.161796,00:18:41.161796,,,,,,,,,,00:18:41.158482,00:18:41.158636,00:18:41.159475
1,blocked,00:18:41.682080,00:18:41.682080,00:18:41.682828,00:18:41.682828,00:18:41.684787,00:18:41.684787,00:18:41.686531,00:18:41.686531,,,,,,,,,,00:18:41.683213,00:18:41.683408,00:18:41.683991
1,blocked,00:18:42.184584,00:18:42.184584,00:18:42.185249,00:18:42.185249,00:18:42.187365,00:18:42.187365,00:18:42.189434,00:18:42.189434,,,,,,,,,,00:18:42.185918,00:18:42.186071,00:18:42.186455
1,blocked,00:18:42.705530,00:18:42.705530,00:18:42.706269,00:18:42.706269,00:18:42.708088,00:18:42.708088,00:18:42.710392,00:18:42.710392,,,,,,,,,,00:18:42.706770,00:18:42.706933,00:18:42.707328
1,blocked,00:18:43.229531,00:18:43.229531,00:18:43.230170,00:18:43.230170,00:18:43.232761,00:18:43.232761,00:18:43.235462,00:18:43.235462,,,,,,,,,,00:18:43.230945,00:18:43.231159,00:18:43.231791
1,blocked,00:18:43.750621,00:18:43.750621,00:18:43.751202,00:18:43.751202,00:18:43.753742,00:18:43.753742,00:18:43.755560,00:18:43.755560,,,,,,,,,,00:18:43.752127,00:18:43.752335,00:18:43.752969
1,leak,00:18:44.259771,00:18:44.259771,00:18:44.260338,00:18:44.260338,00:18:44.261845,00:18:44.261845,00:18:44.263258,00:18:44.263258,00:18:44.273554,00:18:44.273603,00:18:44.289884,00:18:44.312654,00:18:44.798936,00:18:44.296251,00:18:44.302308,00:18:44.302335,00:18:44.308306,00:18:44.261475,00:18:44.261568,00:18:44.261200
1,safe,00:18:47.717032,00:18:47.717032,00:18:47.717508,00:18:47.717508,00:18:47.719313,00:18:47.719313,00:18:47.721020,00:18:47.721020,00:18:47.730652,00:18:47.730687,00:18:47.746586,00:18:47.769750,00:18:48.249002,00:18:47.753088,00:18:47.758653,00:18:47.758674,00:18:47.765035,00:18:47.718753,00:18:47.718862,00:18:47.718372
1,safe,00:18:52.868660,00:18:52.868660,00:18:52.869140,00:18:52.869140,00:18:52.870617,00:18:52.870617,00:18:52.873290,00:18:52.873290,00:18:52.882951,00:18:52.882985,00:18:52.898241,00:18:52.921602,00:18:53.403654,00:18:52.905256,00:18:52.911693,00:18:52.911719,00:18:52.917320,00:18:52.893945,00:18:52.894106,00:18:52.869957
1,safe,00:18:58.175672,00:18:58.175672,00:18:58.176245,00:18:58.176245,00:18:58.177964,00:18:58.177964,00:18:58.180991,00:18:58.180991,00:18:58.191223,00:18:58.191263,00:18:58.206660,00:18:58.229210,00:18:58.714220,00:18:58.212653,00:18:58.218802,00:18:58.218834,00:18:58.224732,00:18:58.177870,00:18:58.178019,00:18:58.177115
1,leak,00:19:03.050632,00:19:03.050632,00:19:03.051157,00:19:03.051157,00:19:03.052630,00:19:03.052630,00:19:03.054114,00:19:03.054114,00:19:03.063669,00:19:03.063708,00:19:03.078991,00:19:03.104911,00:19:03.592463,00:19:03.085131,00:19:03.091896,00:19:03.091925,00:19:03.099982,00:19:03.052299,00:19:03.052394,00:19:03.051987
1,blocked,00:19:06.562709,00:19:06.562709,00:19:06.563336,00:19:06.563336,00:19:06.565633,00:19:06.565633,00:19:06.567480,00:19:06.567480,,,,,,,,,,00:19:06.564276,00:19:06.564436,00:19:06.564774
1,blocked,00:19:07.063482,00:19:07.063482,00:19:07.064068,00:19:07.064068,00:19:07.065971,00:19:07.065971,00:19:07.067463,00:19:07.067463,,,,,,,,,,00:19:07.064737,00:19:07.064868,00:19:07.065293
1,blocked,00:19:07.543552,00:19:07.543552,00:19:07.544289,00:19:07.544289,00:19:07.546442,00:19:07.546442,00:19:07.548582,00:19:07.548582,,,,,,,,,,00:19:07.544919,00:19:07.545109,00:19:07.545648
2,safe,00:19:08.058397,00:19:08.058397,00:19:08.058850,00:19:08.058850,00:19:08.060255,00:19:08.060255,00:19:08.062117,00:19:08.062117,00:19:08.072129,00:19:08.072170,00:19:08.087493,00:19:08.110413,00:19:08.592276,00:19:08.093748,00:19:08.100023,00:19:08.100051,00:19:08.106026,00:19:08.060882,00:19:08.061006,00:19:08.059640
2,safe,00:19:13.094640,00:19:13.094640,00:19:13.095118,00:19:13.095118,00:19:13.096715,00:19:13.096715,00:19:13.100697,00:19:13.100697,00:19:13.110409,00:19:13.110440,00:19:13.127351,00:19:13.149465,00:19:13.628077,00:19:13.133994,00:19:13.139472,00:19:13.139493,00:19:13.145219,00:19:13.121556,00:19:13.121702,00:19:13.096070
2,safe,00:19:18.120192,00:19:18.120192,00:19:18.120810,00:19:18.120810,00:19:18.122611,00:19:18.122611,00:19:18.125525,00:19:18.125525,00:19:18.135528,00:19:18.135570,00:19:18.156634,00:19:18.186551,00:19:18.669854,00:19:18.167323,00:19:18.175077,00:19:18.175104,00:19:18.181683,00:19:18.123677,00:19:18.123795,00:19:18.121772
2,safe,00:19:23.327949,00:19:23.327949,00:19:23.328416,00:19:23.328416,00:19:23.329840,00:19:23.329840,00:19:23.332525,00:19:23.332525,00:19:23.342069,00:19:23.342103,00:19:23.365709,00:19:23.386914,00:19:23.865011,00:19:23.371640,00:19:23.377012,00:19:23.377037,00:19:23.382712,00:19:23.350894,00:19:23.351033,00:19:23.329214
2,safe,00:19:28.397116,00:19:28.397116,00:19:28.397699,00:19:28.397699,00:19:28.399436,00:19:28.399436,00:19:28.402189,00:19:28.402189,00:19:28.412080,00:19:28.412120,00:19:28.427090,00:19:28.450531,00:19:28.933784,00:19:28.433716,00:19:28.439808,00:19:28.439834,00:19:28.446017,00:19:28.423427,00:19:28.423577,00:19:28.398546
2,safe,00:19:33.509442,00:19:33.509442,00:19:33.509932,00:19:33.509932,00:19:33.511623,00:19:33.511623,00:19:33.514638,00:19:33.514638,00:19:33.524543,00:19:33.524582,00:19:33.540234,00:19:33.561466,00:19:34.041883,00:19:33.546359,00:19:33.552597,00:19:33.552623,00:19:33.558648,00:19:33.512528,00:19:33.512708,00:19:33.510750
2,safe,00:19:38.594609,00:19:38.594609,00:19:38.595357,00:19:38.595357,00:19:38.597692,00:19:38.597692,00:19:38.600992,00:19:38.600992,00:19:38.614011,00:19:38.614056,00:19:38.630655,00:19:38.655168,00:19:39.132745,00:19:38.637581,00:19:38.644298,00:19:38.644329,00:19:38.650839,00:19:38.616448,00:19:38.616567,00:19:38.596674
2,safe,00:19:43.686176,00:19:43.686176,00:19:43.686686,00:19:43.686686,00:19:43.688303,00:19:43.688303,00:19:43.691914,00:19:43.691914,00:19:43.701957,00:19:43.702000,00:19:43.717865,00:19:43.740179,00:19:44.222553,00:19:43.723808,00:19:43.729512,00:19:43.729539,00:19:43.735491,00:19:43.690129,00:19:43.690285,00:19:43.687497
2,leak,00:19:48.748485,00:19:48.748485,00:19:48.749056,00:19:48.749056,00:19:48.750802,00:19:48.750802,00:19:48.753503,00:19:48.753503,00:19:48.764361,00:19:48.764405,00:19:48.780273,00:19:48.804277,00:19:49.288314,00:19:48.786682,00:19:48.793011,00:19:48.793036,00:19:48.799225,00:19:48.769792,00:19:48.769942,00:19:48.749920
2,safe,00:19:52.263909,00:19:52.263909,00:19:52.264504,00:19:52.264504,00:19:52.266119,00:19:52.266119,00:19:52.268111,00:19:52.268111,00:19:52.279255,00:19:52.279301,00:19:52.296651,00:19:52.321344,00:19:52.807857,00:19:52.303274,00:19:52.309452,00:19:52.309483,00:19:52.316161,00:19:52.266214,00:19:52.266342,00:19:52.265361
2,safe,00:19:57.253617,00:19:57.253617,00:19:57.254301,00:19:57.254301,00:19:57.256332,00:19:57.256332,00:19:57.258565,00:19:57.258565,00:19:57.269129,00:19:57.269175,00:19:57.285387,00:19:57.307733,00:19:57.789243,00:19:57.292143,00:19:57.297549,00:19:57.297571,00:19:57.302948,00:19:57.255890,00:19:57.256185,00:19:57.255422
2,leak,00:20:02.271480,00:20:02.271480,00:20:02.272038,00:20:02.272038,00:20:02.273799,00:20:02.273799,00:20:02.277189,00:20:02.277189,00:20:02.288221,00:20:02.288263,00:20:02.306024,00:20:02.328972,00:20:02.804717,00:20:02.312170,00:20:02.318407,00:20:02.318436,00:20:02.324190,00:20:02.274438,00:20:02.274615,00:20:02.272952
2,safe,00:20:05.676076,00:20:05.676076,00:20:05.676674,00:20:05.676674,00:20:05.678202,00:20:05.678202,00:20:05.679947,00:20:05.679947,00:20:05.690505,00:20:05.690542,00:20:05.705364,00:20:05.728576,00:20:06.207264,00:20:05.711364,00:20:05.717774,00:20:05.717800,00:20:05.724033,00:20:05.678426,00:20:05.678550,00:20:05.677489
2,safe,00:20:10.504292,00:20:10.504292,00:20:10.504736,00:20:10.504736,00:20:10.506168,00:20:10.506168,00:20:10.507721,00:20:10.507721,00:20:10.517097,00:20:10.517125,00:20:10.531059,00:20:10.551869,00:20:11.025501,00:20:10.537067,00:20:10.542383,00:20:10.542419,00:20:10.547824,00:20:10.506728,00:20:10.506834,00:20:10.505496
2,safe,00:20:15.432346,00:20:15.432346,00:20:15.432887,00:20:15.432887,00:20:15.434479,00:20:15.434479,00:20:15.436234,00:20:15.436234,00:20:15.445968,00:20:15.446003,00:20:15.461342,00:20:15.483142,00:20:15.964436,00:20:15.467282,00:20:15.473170,00:20:15.473203,00:20:15.478723,00:20:15.434829,00:20:15.434987,00:20:15.433771
2,safe,00:20:20.489767,00:20:20.489767,00:20:20.490263,00:20:20.490263,00:20:20.491729,00:20:20.491729,00:20:20.493999,00:20:20.493999,00:20:20.503355,00:20:20.503383,00:20:20.525102,00:20:20.544829,00:20:21.019859,00:20:20.530637,00:20:20.535391,00:20:20.535410,00:20:20.540573,00:20:20.511495,00:20:20.511617,00:20:20.491062
2,safe,00:20:25.453214,00:20:25.453214,00:20:25.453718,00:20:25.453718,00:20:25.455576,00:20:25.455576,00:20:25.457535,00:20:25.457535,00:20:25.468124,00:20:25.468154,00:20:25.486642,00:20:25.513178,00:20:25.992959,00:20:25.494754,00:20:25.502560,00:20:25.502591,00:20:25.508771,00:20:25.455929,00:20:25.456100,00:20:25.454543
2,safe,00:20:30.305514,00:20:30.305514,00:20:30.305954,00:20:30.305954,00:20:30.307444,00:20:30.307444,00:20:30.309279,00:20:30.309279,00:20:30.320186,00:20:30.320220,00:20:30.334927,00:20:30.355779,00:20:30.832272,00:20:30.341057,00:20:30.346462,00:20:30.346485,00:20:30.351711,00:20:30.308259,00:20:30.308403,00:20:30.306765
2,safe,00:20:35.418863,00:20:35.418863,00:20:35.419318,00:20:35.419318,00:20:35.420756,00:20:35.420756,00:20:35.423116,00:20:35.423116,00:20:35.433346,00:20:35.433392,00:20:35.448734,00:20:35.472334,00:20:35.955125,00:20:35.455597,00:20:35.461515,00:20:35.461538,00:20:35.467950,00:20:35.421934,00:20:35.422497,00:20:35.420202
2,safe,00:20:40.126062,00:20:40.126062,00:20:40.126626,00:20:40.126626,00:20:40.128165,00:20:40.128165,00:20:40.130137,00:20:40.130137,00:20:40.140050,00:20:40.140080,00:20:40.154588,00:20:40.175978,00:20:40.649778,00:20:40.160681,00:20:40.165934,00:20:40.165958,00:20:40.172030,00:20:40.128485,00:20:40.128927,00:20:40.127431
2,leak,00:20:45.131709,00:20:45.131709,00:20:45.132143,00:20:45.132143,00:20:45.133919,00:20:45.133919,00:20:45.136297,00:20:45.136297,00:20:45.146093,00:20:45.146130,00:20:45.160901,00:20:45.182069,00:20:45.654757,00:20:45.166781,00:20:45.172471,00:20:45.172494,00:20:45.178009,00:20:45.157020,00:20:45.157143,00:20:45.133007
2,safe,00:20:48.507444,00:20:48.507444,00:20:48.507893,00:20:48.507893,00:20:48.509466,00:20:48.509466,00:20:48.511193,00:20:48.511193,00:20:48.521544,00:20:48.521572,00:20:48.535845,00:20:48.556562,00:20:49.032150,00:20:48.541609,00:20:48.546891,00:20:48.546912,00:20:48.552264,00:20:48.509685,00:20:48.509794,00:20:48.508636
2,safe,00:20:53.244935,00:20:53.244935,00:20:53.245337,00:20:53.245337,00:20:53.246784,00:20:53.246784,00:20:53.248470,00:20:53.248470,00:20:53.258084,00:20:53.258120,00:20:53.272291,00:20:53.293989,00:20:53.769318,00:20:53.278223,00:20:53.283705,00:20:53.283730,00:20:53.289819,00:20:53.247582,00:20:53.247697,00:20:53.246167
2,leak,00:20:58.302383,00:20:58.302383,00:20:58.303007,00:20:58.303007,00:20:58.304781,00:20:58.304781,00:20:58.307488,00:20:58.307488,00:20:58.317186,00:20:58.317230,00:20:58.332955,00:20:58.354787,00:20:58.837233,00:20:58.339205,00:20:58.344738,00:20:58.344766,00:20:58.350546,00:20:58.326354,00:20:58.326527,00:20:58.303948
2,leak,00:21:01.165104,00:21:01.165104,00:21:01.165634,00:21:01.165634,00:21:01.167218,00:21:01.167218,00:21:01.169036,00:21:01.169036,00:21:01.178680,00:21:01.178714,00:21:01.194285,00:21:01.215776,00:21:01.689019,00:21:01.200333,00:21:01.205785,00:21:01.205809,00:21:01.211326,00:21:01.167410,00:21:01.167515,00:21:01.166480
2,safe,00:21:04.382483,00:21:04.382483,00:21:04.382881,00:21:04.382881,00:21:04.384533,00:21:04.384533,00:21:04.386204,00:21:04.386204,00:21:04.395774,00:21:04.395806,00:21:04.409936,00:21:04.429946,00:21:04.906733,00:21:04.415644,00:21:04.420869,00:21:04.420888,00:21:04.426166,00:21:04.385048,00:21:04.385150,00:21:04.383612
2,safe,00:21:09.395541,00:21:09.395541,00:21:09.396038,00:21:09.396038,00:21:09.397793,00:21:09.397793,00:21:09.400173,00:21:09.400173,00:21:09.410425,00:21:09.410474,00:21:09.426738,00:21:09.450591,00:21:09.938472,00:21:09.433407,00:21:09.439577,00:21:09.439603,00:21:09.446126,00:21:09.419681,00:21:09.419824,00:21:09.396891
2,safe,00:21:14.611690,00:21:14.611690,00:21:14.612255,00:21:14.612255,00:21:14.613860,00:21:14.613860,00:21:14.616275,00:21:14.616275,00:21:14.680901,00:21:14.680953,00:21:14.707080,00:21:14.730391,00:21:15.212995,00:21:14.713650,00:21:14.719387,00:21:14.719411,00:21:14.725702,00:21:14.626757,00:21:14.626905,00:21:14.613159
2,safe,00:21:19.717861,00:21:19.717861,00:21:19.718399,00:21:19.718399,00:21:19.719873,00:21:19.719873,00:21:19.722569,00:21:19.722569,00:21:19.811971,00:21:19.812022,00:21:19.827291,00:21:19.849005,00:21:20.330403,00:21:19.833368,00:21:19.838832,00:21:19.838856,00:21:19.844720,00:21:19.743295,00:21:19.743470,00:21:19.719243
2,safe,00:21:24.773023,00:21:24.773023,00:21:24.773547,00:21:24.773547,00:21:24.775032,00:21:24.775032,00:21:24.777316,00:21:24.777316,00:21:24.793628,00:21:24.793661,00:21:24.807440,00:21:24.827363,00:21:25.308860,00:21:24.813000,00:21:24.818034,00:21:24.818057,00:21:24.823376,00:21:24.795346,00:21:24.795451,00:21:24.774443
2,leak,00:21:30.025478,00:21:30.025478,00:21:30.026035,00:21:30.026035,00:21:30.027447,00:21:30.027447,00:21:30.030072,00:21:30.030072,00:21:30.068766,00:21:30.068818,00:21:30.083855,00:21:30.105797,00:21:30.588665,00:21:30.089951,00:21:30.095591,00:21:30.095616,00:21:30.101360,00:21:30.052073,00:21:30.052216,00:21:30.026844
2,safe,00:21:33.611125,00:21:33.611125,00:21:33.611752,00:21:33.611752,00:21:33.613387,00:21:33.613387,00:21:33.615104,00:21:33.615104,00:21:33.650517,00:21:33.650562,00:21:33.665375,00:21:33.688849,00:21:34.164194,00:21:33.671618,00:21:33.677408,00:21:33.677438,00:21:33.684145,00:21:33.612985,00:21:33.613080,00:21:33.612629
2,safe,00:21:38.891149,00:21:38.891149,00:21:38.891640,00:21:38.891640,00:21:38.893269,00:21:38.893269,00:21:38.896109,00:21:38.896109,00:21:38.927524,00:21:38.927570,00:21:38.944208,00:21:38.966836,00:21:39.450322,00:21:38.950811,00:21:38.956859,00:21:38.956878,00:21:38.962604,00:21:38.894410,00:21:38.894542,00:21:38.892504
2,leak,00:21:43.439418,00:21:43.439418,00:21:43.439987,00:21:43.439987,00:21:43.441694,00:21:43.441694,00:21:43.443614,00:21:43.443614,00:21:43.453750,00:21:43.453795,00:21:43.470461,00:21:43.495103,00:21:43.994123,00:21:43.477467,00:21:43.483557,00:21:43.483579,00:21:43.490331,00:21:43.442336,00:21:43.442494,00:21:43.440995
2,safe,00:21:47.072684,00:21:47.072684,00:21:47.073092,00:21:47.073092,00:21:47.074435,00:21:47.074435,00:21:47.075880,00:21:47.075880,00:21:47.085835,00:21:47.085881,00:21:47.100815,00:21:47.122870,00:21:47.612086,00:21:47.106802,00:21:47.112543,00:21:47.112565,00:21:47.118295,00:21:47.075158,00:21:47.075268,00:21:47.073877
2,safe,00:21:52.052950,00:21:52.052950,00:21:52.053494,00:21:52.053494,00:21:52.055115,00:21:52.055115,00:21:52.056932,00:21:52.056932,00:21:52.067506,00:21:52.067549,00:21:52.085511,00:21:52.114264,00:21:52.600497,00:21:52.094395,00:21:52.102026,00:21:52.102054,00:21:52.108531,00:21:52.055284,00:21:52.055399,00:21:52.054338
2,safe,00:21:57.299154,00:21:57.299154,00:21:57.299667,00:21:57.299667,00:21:57.301127,00:21:57.301127,00:21:57.304382,00:21:57.304382,00:21:57.314384,00:21:57.314423,00:21:57.328910,00:21:57.351559,00:21:57.835821,00:21:57.334874,00:21:57.340996,00:21:57.341020,00:21:57.347064,00:21:57.302279,00:21:57.302446,00:21:57.300486
2,leak,00:22:02.394497,00:22:02.394497,00:22:02.394973,00:22:02.394973,00:22:02.396454,00:22:02.396454,00:22:02.399119,00:22:02.399119,00:22:02.408847,00:22:02.408894,00:22:02.425466,00:22:02.448577,00:22:02.932568,00:22:02.431955,00:22:02.437744,00:22:02.437768,00:22:02.443942,00:22:02.409446,00:22:02.409578,00:22:02.395807
2,safe,00:22:05.934327,00:22:05.934327,00:22:05.934891,00:22:05.934891,00:22:05.936569,00:22:05.936569,00:22:05.938140,00:22:05.938140,00:22:05.948145,00:22:05.948188,00:22:05.964549,00:22:05.988111,00:22:06.483421,00:22:05.971151,00:22:05.977482,00:22:05.977508,00:22:05.983343,00:22:05.936713,00:22:05.936859,00:22:05.935743
2,safe,00:22:10.990333,00:22:10.990333,00:22:10.990898,00:22:10.990898,00:22:10.992389,00:22:10.992389,00:22:10.995226,00:22:10.995226,00:22:11.005496,00:22:11.005532,00:22:11.028808,00:22:11.052602,00:22:11.541338,00:22:11.036199,00:22:11.042093,00:22:11.042118,00:22:11.048177,00:22:11.013691,00:22:11.013816,00:22:10.991774
2,safe,00:22:15.786354,00:22:15.786354,00:22:15.786978,00:22:15.786978,00:22:15.788543,00:22:15.788543,00:22:15.790343,00:22:15.790343,00:22:15.800658,00:22:15.800707,00:22:15.817957,00:22:15.839439,00:22:16.316297,00:22:15.824267,00:22:15.829502,00:22:15.829522,00:22:15.834934,00:22:15.788960,00:22:15.789089,00:22:15.787850
2,safe,00:22:20.689005,00:22:20.689005,00:22:20.689516,00:22:20.689516,00:22:20.690866,00:22:20.690866,00:22:20.692781,00:22:20.692781,00:22:20.702845,00:22:20.702872,00:22:20.718775,00:22:20.741090,00:22:21.221163,00:22:20.725180,00:22:20.731190,00:22:20.731215,00:22:20.736804,00:22:20.691159,00:22:20.691299,00:22:20.690278
2,safe,00:22:25.883469,00:22:25.883469,00:22:25.883962,00:22:25.883962,00:22:25.885382,00:22:25.885382,00:22:25.887869,00:22:25.887869,00:22:25.897344,00:22:25.897370,00:22:25.912355,00:22:25.939073,00:22:26.431632,00:22:25.918353,00:22:25.925714,00:22:25.925750,00:22:25.934227,00:22:25.902133,00:22:25.902257,00:22:25.884767
2,safe,00:22:30.694558,00:22:30.694558,00:22:30.695059,00:22:30.695059,00:22:30.696448,00:22:30.696448,00:22:30.698155,00:22:30.698155,00:22:30.708387,00:22:30.708447,00:22:30.723364,00:22:30.745819,00:22:31.238439,00:22:30.729778,00:22:30.735537,00:22:30.735563,00:22:30.741261,00:22:30.697173,00:22:30.697309,00:22:30.695864
2,safe,00:22:35.319996,00:22:35.319996,00:22:35.320396,00:22:35.320396,00:22:35.322208,00:22:35.322208,00:22:35.324192,00:22:35.324192,00:22:35.334296,00:22:35.334324,00:22:35.348976,00:22:35.371955,00:22:35.850617,00:22:35.355964,00:22:35.361766,00:22:35.361792,00:22:35.367547,00:22:35.322518,00:22:35.322613,00:22:35.321217
2,safe,00:22:39.982068,00:22:39.982068,00:22:39.982520,00:22:39.982520,00:22:39.983665,00:22:39.983665,00:22:39.985379,00:22:39.985379,00:22:39.994672,00:22:39.994696,00:22:40.008452,00:22:40.027954,00:22:40.502103,00:22:40.014013,00:22:40.019159,00:22:40.019180,00:22:40.024078,00:22:39.984824,00:22:39.984912,00:22:39.983180
2,safe,00:22:44.854629,00:22:44.854629,00:22:44.855027,00:22:44.855027,00:22:44.856279,00:22:44.856279,00:22:44.857910,00:22:44.857910,00:22:44.867204,00:22:44.867224,00:22:44.880542,00:22:44.899179,00:22:45.378743,00:22:44.885667,00:22:44.890336,00:22:44.890352,00:22:44.895087,00:22:44.856798,00:22:44.856917,00:22:44.855783
2,safe,00:22:49.673359,00:22:49.673359,00:22:49.673744,00:22:49.673744,00:22:49.675287,00:22:49.675287,00:22:49.676884,00:22:49.676884,00:22:49.686432,00:22:49.686455,00:22:49.699937,00:22:49.719492,00:22:50.191311,00:22:49.705430,00:22:49.710357,00:22:49.710374,00:22:49.715342,00:22:49.675653,00:22:49.675744,00:22:49.674431
2,safe,00:22:54.706542,00:22:54.706542,00:22:54.706933,00:22:54.706933,00:22:54.708091,00:22:54.708091,00:22:54.710327,00:22:54.710327,00:22:54.719578,00:22:54.719602,00:22:54.732724,00:22:54.752726,00:22:55.217378,00:22:54.738238,00:22:54.743432,00:22:54.743455,00:22:54.748718,00:22:54.733226,00:22:54.733374,00:22:54.707598
2,safe,00:22:59.608304,00:22:59.608304,00:22:59.608645,00:22:59.608645,00:22:59.610083,00:22:59.610083,00:22:59.611832,00:22:59.611832,00:22:59.621051,00:22:59.621082,00:22:59.635956,00:22:59.657083,00:23:00.139884,00:22:59.642936,00:22:59.648064,00:22:59.648080,00:22:59.653213,00:22:59.610587,00:22:59.610676,00:22:59.609286
2,leak,00:23:04.250399,00:23:04.250399,00:23:04.250762,00:23:04.250762,00:23:04.251920,00:23:04.251920,00:23:04.253493,00:23:04.253493,00:23:04.262672,00:23:04.262691,00:23:04.275770,00:23:04.295471,00:23:04.771391,00:23:04.281380,00:23:04.286578,00:23:04.286598,00:23:04.291654,00:23:04.253159,00:23:04.253312,00:23:04.251334
2,safe,00:23:07.619537,00:23:07.619537,00:23:07.619868,00:23:07.619868,00:23:07.621325,00:23:07.621325,00:23:07.623088,00:23:07.623088,00:23:07.632648,00:23:07.632676,00:23:07.653749,00:23:07.673164,00:23:08.136102,00:23:07.659324,00:23:07.664471,00:23:07.664489,00:23:07.669311,00:23:07.621776,00:23:07.621875,00:23:07.620463
2,leak,00:23:12.214817,00:23:12.214817,00:23:12.215204,00:23:12.215204,00:23:12.216413,00:23:12.216413,00:23:12.218143,00:23:12.218143,00:23:12.227382,00:23:12.227406,00:23:12.240669,00:23:12.259763,00:23:12.739702,00:23:12.246244,00:23:12.251020,00:23:12.251040,00:23:12.256032,00:23:12.217141,00:23:12.217237,00:23:12.215848
2,safe,00:23:15.555384,00:23:15.555384,00:23:15.555770,00:23:15.555770,00:23:15.557003,00:23:15.557003,00:23:15.558899,00:23:15.558899,00:23:15.571093,00:23:15.571119,00:23:15.584151,00:23:15.603956,00:23:16.071210,00:23:15.589473,00:23:15.594607,00:23:15.594632,00:23:15.599871,00:23:15.557932,00:23:15.558015,00:23:15.556403
2,safe,00:23:20.540497,00:23:20.540497,00:23:20.540920,00:23:20.540920,00:23:20.542086,00:23:20.542086,00:23:20.543504,00:23:20.543504,00:23:20.553175,00:23:20.553194,00:23:20.566118,00:23:20.585507,00:23:21.069245,00:23:20.571646,00:23:20.576610,00:23:20.576630,00:23:20.581366,00:23:20.542859,00:23:20.542946,00:23:20.541534
2,safe,00:23:25.563298,00:23:25.563298,00:23:25.563637,00:23:25.563637,00:23:25.564863,00:23:25.564863,00:23:25.567931,00:23:25.567931,00:23:25.577196,00:23:25.577220,00:23:25.590264,00:23:25.610028,00:23:26.074375,00:23:25.595992,00:23:25.600993,00:23:25.601010,00:23:25.606074,00:23:25.566669,00:23:25.566774,00:23:25.564307
2,safe,00:23:30.632233,00:23:30.632233,00:23:30.632650,00:23:30.632650,00:23:30.633873,00:23:30.633873,00:23:30.636001,00:23:30.636001,00:23:30.645174,00:23:30.645198,00:23:30.658804,00:23:30.677739,00:23:31.142969,00:23:30.664472,00:23:30.669157,00:23:30.669173,00:23:30.673934,00:23:30.654780,00:23:30.654887,00:23:30.633296
2,safe,00:23:36.036289,00:23:36.036289,00:23:36.036725,00:23:36.036725,00:23:36.037954,00:23:36.037954,00:23:36.040510,00:23:36.040510,00:23:36.050211,00:23:36.050234,00:23:36.063272,00:23:36.082136,00:23:36.552392,00:23:36.068765,00:23:36.073429,00:23:36.073446,00:23:36.078288,00:23:36.039483,00:23:36.039579,00:23:36.037389
2,leak,00:23:41.083289,00:23:41.083289,00:23:41.083614,00:23:41.083614,00:23:41.084749,00:23:41.084749,00:23:41.087324,00:23:41.087324,00:23:41.097614,00:23:41.097642,00:23:41.110934,00:23:41.130336,00:23:41.600808,00:23:41.116610,00:23:41.121515,00:23:41.121530,00:23:41.126471,00:23:41.110970,00:23:41.111081,00:23:41.084230
2,leak,00:23:44.538244,00:23:44.538244,00:23:44.538602,00:23:44.538602,00:23:44.539760,00:23:44.539760,00:23:44.541488,00:23:44.541488,00:23:44.550713,00:23:44.550735,00:23:44.564024,00:23:44.583899,00:23:45.045897,00:23:44.569648,00:23:44.574882,00:23:44.574905,00:23:44.580041,00:23:44.540615,00:23:44.540704,00:23:44.539245
2,safe,00:23:47.316139,00:23:47.316139,00:23:47.316578,00:23:47.316578,00:23:47.317722,00:23:47.317722,00:23:47.319429,00:23:47.319429,00:23:47.328567,00:23:47.328590,00:23:47.342256,00:23:47.361167,00:23:47.822786,00:23:47.347717,00:23:47.352179,00:23:47.352194,00:23:47.357395,00:23:47.318767,00:23:47.318847,00:23:47.317241
2,safe,00:23:52.176631,00:23:52.176631,00:23:52.176960,00:23:52.176960,00:23:52.178379,00:23:52.178379,00:23:52.179913,00:23:52.179913,00:23:52.189298,00:23:52.189320,00:23:52.202571,00:23:52.222039,00:23:52.685798,00:23:52.208334,00:23:52.213109,00:23:52.213128,00:23:52.218091,00:23:52.179255,00:23:52.179337,00:23:52.177557
2,safe,00:23:56.906884,00:23:56.906884,00:23:56.907250,00:23:56.907250,00:23:56.908399,00:23:56.908399,00:23:56.910131,00:23:56.910131,00:23:56.919357,00:23:56.919378,00:23:56.932373,00:23:56.951288,00:23:57.409719,00:23:56.937507,00:23:56.942431,00:23:56.942447,00:23:56.947504,00:23:56.909346,00:23:56.909461,00:23:56.907911
2,safe,00:24:01.764074,00:24:01.764074,00:24:01.764420,00:24:01.764420,00:24:01.765623,00:24:01.765623,00:24:01.766987,00:24:01.766987,00:24:01.776809,00:24:01.776831,00:24:01.797602,00:24:01.816711,00:24:02.281098,00:24:01.803123,00:24:01.808198,00:24:01.808216,00:24:01.813095,00:24:01.766578,00:24:01.766659,00:24:01.765031
2,safe,00:24:06.541313,00:24:06.541313,00:24:06.541643,00:24:06.541643,00:24:06.542745,00:24:06.542745,00:24:06.544352,00:24:06.544352,00:24:06.554087,00:24:06.554115,00:24:06.567998,00:24:06.588136,00:24:07.055802,00:24:06.573735,00:24:06.579147,00:24:06.579172,00:24:06.584338,00:24:06.543540,00:24:06.543631,00:24:06.542240
2,safe,00:24:11.137241,00:24:11.137241,00:24:11.137572,00:24:11.137572,00:24:11.138680,00:24:11.138680,00:24:11.140145,00:24:11.140145,00:24:11.149446,00:24:11.149467,00:24:11.162600,00:24:11.181702,00:24:11.645792,00:24:11.167770,00:24:11.173168,00:24:11.173186,00:24:11.177938,00:24:11.139838,00:24:11.139941,00:24:11.138196
2,safe,00:24:16.001141,00:24:16.001141,00:24:16.001474,00:24:16.001474,00:24:16.002661,00:24:16.002661,00:24:16.004214,00:24:16.004214,00:24:16.013540,00:24:16.013566,00:24:16.027369,00:24:16.045801,00:24:16.516265,00:24:16.032554,00:24:16.037219,00:24:16.037237,00:24:16.042233,00:24:16.003467,00:24:16.003557,00:24:16.002093
2,safe,00:24:20.858385,00:24:20.858385,00:24:20.858716,00:24:20.858716,00:24:20.859819,00:24:20.859819,00:24:20.861446,00:24:20.861446,00:24:20.871186,00:24:20.871209,00:24:20.884514,00:24:20.904867,00:24:21.368703,00:24:20.890062,00:24:20.895156,00:24:20.895178,00:24:20.900837,00:24:20.860897,00:24:20.860983,00:24:20.859303
2,safe,00:24:25.837970,00:24:25.837970,00:24:25.838369,00:24:25.838369,00:24:25.839534,00:24:25.839534,00:24:25.841311,00:24:25.841311,00:24:25.850888,00:24:25.850915,00:24:25.863899,00:24:25.882697,00:24:26.350108,00:24:25.869242,00:24:25.874237,00:24:25.874252,00:24:25.878992,00:24:25.840318,00:24:25.840407,00:24:25.838997
2,safe,00:24:30.565678,00:24:30.565678,00:24:30.566044,00:24:30.566044,00:24:30.567457,00:24:30.567457,00:24:30.569026,00:24:30.569026,00:24:30.578620,00:24:30.578656,00:24:30.591662,00:24:30.611287,00:24:31.076158,00:24:30.597248,00:24:30.602394,00:24:30.602417,00:24:30.607352,00:24:30.568131,00:24:30.568234,00:24:30.566664
2,safe,00:24:35.632532,00:24:35.632532,00:24:35.632953,00:24:35.632953,00:24:35.634130,00:24:35.634130,00:24:35.636283,00:24:35.636283,00:24:35.645997,00:24:35.646016,00:24:35.658613,00:24:35.677860,00:24:36.142623,00:24:35.663986,00:24:35.668521,00:24:35.668538,00:24:35.673610,00:24:35.635741,00:24:35.635827,00:24:35.633591
2,safe,00:24:40.473200,00:24:40.473200,00:24:40.473524,00:24:40.473524,00:24:40.474593,00:24:40.474593,00:24:40.476042,00:24:40.476042,00:24:40.485546,00:24:40.485565,00:24:40.498678,00:24:40.517184,00:24:40.980999,00:24:40.504036,00:24:40.508545,00:24:40.508561,00:24:40.513561,00:24:40.475849,00:24:40.475933,00:24:40.474126
2,safe,00:24:45.529152,00:24:45.529152,00:24:45.529517,00:24:45.529517,00:24:45.530637,00:24:45.530637,00:24:45.533976,00:24:45.533976,00:24:45.543128,00:24:45.543149,00:24:45.556046,00:24:45.574787,00:24:46.039795,00:24:45.561353,00:24:45.566156,00:24:45.566174,00:24:45.570829,00:24:45.532689,00:24:45.532828,00:24:45.530113
2,safe,00:24:50.481570,00:24:50.481570,00:24:50.481960,00:24:50.481960,00:24:50.483102,00:24:50.483102,00:24:50.484434,00:24:50.484434,00:24:50.493736,00:24:50.493759,00:24:50.507413,00:24:50.528099,00:24:50.991556,00:24:50.513302,00:24:50.518678,00:24:50.518695,00:24:50.524029,00:24:50.484035,00:24:50.484131,00:24:50.482615
2,leak,00:24:55.395409,00:24:55.395409,00:24:55.395829,00:24:55.395829,00:24:55.397020,00:24:55.397020,00:24:55.398437,00:24:55.398437,00:24:55.408335,00:24:55.408358,00:24:55.422174,00:24:55.442070,00:24:55.905912,00:24:55.427434,00:24:55.432687,00:24:55.432709,00:24:55.437897,00:24:55.398019,00:24:55.398102,00:24:55.396479
2,safe,00:24:58.805405,00:24:58.805405,00:24:58.805737,00:24:58.805737,00:24:58.807236,00:24:58.807236,00:24:58.808789,00:24:58.808789,00:24:58.818066,00:24:58.818091,00:24:58.845235,00:24:58.864831,00:24:59.326248,00:24:58.850850,00:24:58.855711,00:24:58.855732,00:24:58.860574,00:24:58.807852,00:24:58.807990,00:24:58.806376
2,safe,00:25:03.654020,00:25:03.654020,00:25:03.654385,00:25:03.654385,00:25:03.655572,00:25:03.655572,00:25:03.657095,00:25:03.657095,00:25:03.668643,00:25:03.668662,00:25:03.682059,00:25:03.701568,00:25:04.165881,00:25:03.687838,00:25:03.692940,00:25:03.692963,00:25:03.697951,00:25:03.656498,00:25:03.656578,00:25:03.655010
2,safe,00:25:08.646102,00:25:08.646102,00:25:08.646464,00:25:08.646464,00:25:08.647694,00:25:08.647694,00:25:08.649276,00:25:08.649276,00:25:08.658457,00:25:08.658480,00:25:08.671531,00:25:08.691708,00:25:09.156429,00:25:08.677299,00:25:08.682223,00:25:08.682248,00:25:08.687608,00:25:08.648512,00:25:08.648592,00:25:08.647181
2,safe,00:25:13.232997,00:25:13.232997,00:25:13.233323,00:25:13.233323,00:25:13.234342,00:25:13.234342,00:25:13.235927,00:25:13.235927,00:25:13.246047,00:25:13.246066,00:25:13.258946,00:25:13.278551,00:25:13.741841,00:25:13.264296,00:25:13.269117,00:25:13.269133,00:25:13.274454,00:25:13.235130,00:25:13.235207,00:25:13.233875
2,safe,00:25:18.225175,00:25:18.225175,00:25:18.225542,00:25:18.225542,00:25:18.226649,00:25:18.226649,00:25:18.227954,00:25:18.227954,00:25:18.237774,00:25:18.237804,00:25:18.251906,00:25:18.272795,00:25:18.739751,00:25:18.258097,00:25:18.263425,00:25:18.263442,00:25:18.268647,00:25:18.227786,00:25:18.227878,00:25:18.226143
2,leak,00:25:22.976009,00:25:22.976009,00:25:22.976332,00:25:22.976332,00:25:22.977408,00:25:22.977408,00:25:22.979106,00:25:22.979106,00:25:22.988602,00:25:22.988625,00:25:23.001603,00:25:23.020021,00:25:23.483381,00:25:23.006947,00:25:23.011447,00:25:23.011464,00:25:23.016222,00:25:22.978573,00:25:22.978675,00:25:22.976941
2,safe,00:25:25.686546,00:25:25.686546,00:25:25.686903,00:25:25.686903,00:25:25.687963,00:25:25.687963,00:25:25.689678,00:25:25.689678,00:25:25.700552,00:25:25.700583,00:25:25.713565,00:25:25.733021,00:25:26.192748,00:25:25.718799,00:25:25.724537,00:25:25.724554,00:25:25.729348,00:25:25.689350,00:25:25.689497,00:25:25.687495
2,safe,00:25:30.454586,00:25:30.454586,00:25:30.454942,00:25:30.454942,00:25:30.456019,00:25:30.456019,00:25:30.457359,00:25:30.457359,00:25:30.466476,00:25:30.466495,00:25:30.478803,00:25:30.497807,00:25:30.961831,00:25:30.484295,00:25:30.488956,00:25:30.488972,00:25:30.493962,00:25:30.457325,00:25:30.457409,00:25:30.455532
2,safe,00:25:35.159618,00:25:35.159618,00:25:35.159985,00:25:35.159985,00:25:35.161196,00:25:35.161196,00:25:35.162522,00:25:35.162522,00:25:35.171639,00:25:35.171661,00:25:35.184206,00:25:35.204076,00:25:35.666250,00:25:35.189450,00:25:35.194547,00:25:35.194572,00:25:35.199922,00:25:35.161899,00:25:35.161978,00:25:35.160679
2,safe,00:25:40.208657,00:25:40.208657,00:25:40.209053,00:25:40.209053,00:25:40.210246,00:25:40.210246,00:25:40.212423,00:25:40.212423,00:25:40.221614,00:25:40.221641,00:25:40.234658,00:25:40.253750,00:25:40.718108,00:25:40.240390,00:25:40.245270,00:25:40.245288,00:25:40.250038,00:25:40.231308,00:25:40.231430,00:25:40.209732
2,safe,00:25:45.045904,00:25:45.045904,00:25:45.046273,00:25:45.046273,00:25:45.047372,00:25:45.047372,00:25:45.048787,00:25:45.048787,00:25:45.058392,00:25:45.058412,00:25:45.070693,00:25:45.090364,00:25:45.554320,00:25:45.076143,00:25:45.081031,00:25:45.081051,00:25:45.086070,00:25:45.048498,00:25:45.048629,00:25:45.046899
2,safe,00:25:49.960001,00:25:49.960001,00:25:49.960432,00:25:49.960432,00:25:49.961767,00:25:49.961767,00:25:49.963468,00:25:49.963468,00:25:49.973034,00:25:49.973053,00:25:49.985588,00:25:50.004108,00:25:50.468495,00:25:49.990835,00:25:49.995462,00:25:49.995480,00:25:50.000475,00:25:49.962655,00:25:49.962741,00:25:49.961210
2,safe,00:25:54.944043,00:25:54.944043,00:25:54.944374,00:25:54.944374,00:25:54.945857,00:25:54.945857,00:25:54.947335,00:25:54.947335,00:25:54.956711,00:25:54.956739,00:25:54.978800,00:25:54.998238,00:25:55.463982,00:25:54.984444,00:25:54.989596,00:25:54.989618,00:25:54.994435,00:25:54.946859,00:25:54.946941,00:25:54.945020
2,safe,00:25:59.639037,00:25:59.639037,00:25:59.639384,00:25:59.639384,00:25:59.640909,00:25:59.640909,00:25:59.642620,00:25:59.642620,00:25:59.652215,00:25:59.652237,00:25:59.665642,00:25:59.684052,00:26:00.148802,00:25:59.670798,00:25:59.675633,00:25:59.675651,00:25:59.680385,00:25:59.642209,00:25:59.642297,00:25:59.640107
2,safe,00:26:04.478016,00:26:04.478016,00:26:04.478346,00:26:04.478346,00:26:04.479559,00:26:04.479559,00:26:04.481047,00:26:04.481047,00:26:04.490606,00:26:04.490626,00:26:04.503767,00:26:04.522736,00:26:04.988552,00:26:04.509240,00:26:04.513902,00:26:04.513921,00:26:04.518963,00:26:04.480485,00:26:04.480567,00:26:04.478962
2,safe,00:26:09.361796,00:26:09.361796,00:26:09.362122,00:26:09.362122,00:26:09.363180,00:26:09.363180,00:26:09.364515,00:26:09.364515,00:26:09.373791,00:26:09.373815,00:26:09.386333,00:26:09.406281,00:26:09.871215,00:26:09.391918,00:26:09.396827,00:26:09.396842,00:26:09.401969,00:26:09.364443,00:26:09.364543,00:26:09.362708
2,leak,00:26:14.278134,00:26:14.278134,00:26:14.278448,00:26:14.278448,00:26:14.279440,00:26:14.279440,00:26:14.280744,00:26:14.280744,00:26:14.290450,00:26:14.290473,00:26:14.303492,00:26:14.322545,00:26:14.784610,00:26:14.308929,00:26:14.313692,00:26:14.313710,00:26:14.318811,00:26:14.280544,00:26:14.280636,00:26:14.278961
2,safe,00:26:17.481821,00:26:17.481821,00:26:17.482204,00:26:17.482204,00:26:17.483365,00:26:17.483365,00:26:17.484770,00:26:17.484770,00:26:17.494167,00:26:17.494190,00:26:17.507962,00:26:17.526660,00:26:17.988276,00:26:17.513216,00:26:17.518155,00:26:17.518173,00:26:17.522966,00:26:17.484044,00:26:17.484149,00:26:17.482860
2,safe,00:26:22.485145,00:26:22.485145,00:26:22.485522,00:26:22.485522,00:26:22.487028,00:26:22.487028,00:26:22.489443,00:26:22.489443,00:26:22.498573,00:26:22.498598,00:26:22.511820,00:26:22.530680,00:26:22.994691,00:26:22.517197,00:26:22.522047,00:26:22.522065,00:26:22.526982,00:26:22.510009,00:26:22.510123,00:26:22.486162
2,safe,00:26:27.369401,00:26:27.369401,00:26:27.369755,00:26:27.369755,00:26:27.371160,00:26:27.371160,00:26:27.372912,00:26:27.372912,00:26:27.382361,00:26:27.382384,00:26:27.395432,00:26:27.414338,00:26:27.876636,00:26:27.400826,00:26:27.405486,00:26:27.405505,00:26:27.410434,00:26:27.371870,00:26:27.371996,00:26:27.370376
2,safe,00:26:32.281170,00:26:32.281170,00:26:32.281497,00:26:32.281497,00:26:32.282606,00:26:32.282606,00:26:32.283993,00:26:32.283993,00:26:32.293261,00:26:32.293283,00:26:32.306371,00:26:32.326327,00:26:32.796542,00:26:32.312134,00:26:32.317624,00:26:32.317643,00:26:32.322570,00:26:32.283887,00:26:32.283979,00:26:32.282065
2,safe,00:26:37.092842,00:26:37.092842,00:26:37.093435,00:26:37.093435,00:26:37.094694,00:26:37.094694,00:26:37.097141,00:26:37.097141,00:26:37.106572,00:26:37.106594,00:26:37.121538,00:26:37.140726,00:26:37.607635,00:26:37.127214,00:26:37.132145,00:26:37.132162,00:26:37.136915,00:26:37.095529,00:26:37.095609,00:26:37.094163
2,leak,00:26:42.053362,00:26:42.053362,00:26:42.053761,00:26:42.053761,00:26:42.054834,00:26:42.054834,00:26:42.056153,00:26:42.056153,00:26:42.065477,00:26:42.065499,00:26:42.078773,00:26:42.097700,00:26:42.565322,00:26:42.084203,00:26:42.088905,00:26:42.088924,00:26:42.093910,00:26:42.055875,00:26:42.055957,00:26:42.054369
2,leak,00:26:45.559597,00:26:45.559597,00:26:45.559938,00:26:45.559938,00:26:45.561374,00:26:45.561374,00:26:45.562764,00:26:45.562764,00:26:45.572038,00:26:45.572057,00:26:45.585086,00:26:45.604636,00:26:46.071408,00:26:45.590508,00:26:45.595632,00:26:45.595654,00:26:45.600789,00:26:45.562345,00:26:45.562441,00:26:45.560533
2,leak,00:26:48.849607,00:26:48.849607,00:26:48.849997,00:26:48.849997,00:26:48.851270,00:26:48.851270,00:26:48.852926,00:26:48.852926,00:26:48.865594,00:26:48.865618,00:26:48.891703,00:26:48.911673,00:26:49.375345,00:26:48.897460,00:26:48.902437,00:26:48.902457,00:26:48.907554,00:26:48.852088,00:26:48.852175,00:26:48.850758
3,leak,00:26:52.359509,00:26:52.359509,00:26:52.359970,00:26:52.359970,00:26:52.361160,00:26:52.361160,00:26:52.363287,00:26:52.363287,00:26:52.373183,00:26:52.373210,00:26:52.388399,00:26:52.407146,00:26:52.869930,00:26:52.393710,00:26:52.398554,00:26:52.398571,00:26:52.403434,00:26:52.362768,00:26:52.362862,00:26:52.360609
3,safe,00:26:55.868313,00:26:55.868313,00:26:55.868691,00:26:55.868691,00:26:55.869874,00:26:55.869874,00:26:55.871533,00:26:55.871533,00:26:55.880598,00:26:55.880617,00:26:55.893218,00:26:55.911605,00:26:56.374041,00:26:55.898443,00:26:55.903059,00:26:55.903074,00:26:55.907735,00:26:55.871601,00:26:55.871696,00:26:55.869313
3,leak,00:27:00.826949,00:27:00.826949,00:27:00.827468,00:27:00.827468,00:27:00.828629,00:27:00.828629,00:27:00.829938,00:27:00.829938,00:27:00.840463,00:27:00.840487,00:27:00.857373,00:27:00.877550,00:27:01.344908,00:27:00.864024,00:27:00.868669,00:27:00.868684,00:27:00.873634,00:27:00.830154,00:27:00.830406,00:27:00.828142
3,safe,00:27:03.566335,00:27:03.566335,00:27:03.566716,00:27:03.566716,00:27:03.567917,00:27:03.567917,00:27:03.569675,00:27:03.569675,00:27:03.579493,00:27:03.579517,00:27:03.593570,00:27:03.612243,00:27:04.072256,00:27:03.598884,00:27:03.603903,00:27:03.603922,00:27:03.608577,00:27:03.569685,00:27:03.569826,00:27:03.567374
3,safe,00:27:08.357342,00:27:08.357342,00:27:08.357737,00:27:08.357737,00:27:08.358912,00:27:08.358912,00:27:08.360317,00:27:08.360317,00:27:08.374170,00:27:08.374196,00:27:08.387994,00:27:08.406248,00:27:08.871032,00:27:08.393322,00:27:08.397911,00:27:08.397927,00:27:08.402576,00:27:08.360868,00:27:08.360986,00:27:08.358413
3,safe,00:27:13.373474,00:27:13.373474,00:27:13.373791,00:27:13.373791,00:27:13.374853,00:27:13.374853,00:27:13.377466,00:27:13.377466,00:27:13.387304,00:27:13.387324,00:27:13.400259,00:27:13.418609,00:27:13.882514,00:27:13.405420,00:27:13.409991,00:27:13.410009,00:27:13.415015,00:27:13.397066,00:27:13.397240,00:27:13.374320
3,leak,00:27:17.982190,00:27:17.982190,00:27:17.982549,00:27:17.982549,00:27:17.983728,00:27:17.983728,00:27:17.985395,00:27:17.985395,00:27:17.994871,00:27:17.994897,00:27:18.008940,00:27:18.028990,00:27:18.492071,00:27:18.014535,00:27:18.019664,00:27:18.019687,00:27:18.024670,00:27:17.985577,00:27:17.985660,00:27:17.983169
3,safe,00:27:21.582227,00:27:21.582227,00:27:21.582604,00:27:21.582604,00:27:21.583817,00:27:21.583817,00:27:21.585175,00:27:21.585175,00:27:21.594303,00:27:21.594327,00:27:21.607085,00:27:21.626272,00:27:22.088226,00:27:21.612612,00:27:21.617445,00:27:21.617462,00:27:21.622550,00:27:21.585494,00:27:21.585574,00:27:21.583236
3,safe,00:27:26.422736,00:27:26.422736,00:27:26.423196,00:27:26.423196,00:27:26.424753,00:27:26.424753,00:27:26.426753,00:27:26.426753,00:27:26.437950,00:27:26.438002,00:27:26.457029,00:27:26.483744,00:27:26.967703,00:27:26.464237,00:27:26.470246,00:27:26.470270,00:27:26.477583,00:27:26.426286,00:27:26.426472,00:27:26.424067
3,leak,00:27:31.449204,00:27:31.449204,00:27:31.449675,00:27:31.449675,00:27:31.450776,00:27:31.450776,00:27:31.453262,00:27:31.453262,00:27:31.463101,00:27:31.463124,00:27:31.476903,00:27:31.495507,00:27:31.964831,00:27:31.482373,00:27:31.487075,00:27:31.487091,00:27:31.491840,00:27:31.471508,00:27:31.471675,00:27:31.450294
3,leak,00:27:34.353417,00:27:34.353417,00:27:34.353821,00:27:34.353821,00:27:34.355248,00:27:34.355248,00:27:34.356657,00:27:34.356657,00:27:34.366830,00:27:34.366857,00:27:34.380160,00:27:34.399030,00:27:34.856839,00:27:34.385449,00:27:34.390091,00:27:34.390106,00:27:34.394912,00:27:34.356600,00:27:34.356680,00:27:34.354446
3,safe,00:27:37.729809,00:27:37.729809,00:27:37.730392,00:27:37.730392,00:27:37.731576,00:27:37.731576,00:27:37.733899,00:27:37.733899,00:27:37.743519,00:27:37.743549,00:27:37.768038,00:27:37.790122,00:27:38.258722,00:27:37.774505,00:27:37.780494,00:27:37.780511,00:27:37.786014,00:27:37.733259,00:27:37.733352,00:27:37.731015
3,safe,00:27:42.762716,00:27:42.762716,00:27:42.763205,00:27:42.763205,00:27:42.764470,00:27:42.764470,00:27:42.766909,00:27:42.766909,00:27:42.776235,00:27:42.776254,00:27:42.790294,00:27:42.809842,00:27:43.276207,00:27:42.795650,00:27:42.800781,00:27:42.800804,00:27:42.805829,00:27:42.779687,00:27:42.779780,00:27:42.763965
3,safe,00:27:47.712797,00:27:47.712797,00:27:47.713117,00:27:47.713117,00:27:47.714227,00:27:47.714227,00:27:47.716083,00:27:47.716083,00:27:47.725655,00:27:47.725680,00:27:47.739177,00:27:47.758182,00:27:48.226749,00:27:47.744591,00:27:47.749406,00:27:47.749423,00:27:47.754444,00:27:47.716101,00:27:47.716188,00:27:47.713694
3,safe,00:27:52.847557,00:27:52.847557,00:27:52.847879,00:27:52.847879,00:27:52.848926,00:27:52.848926,00:27:52.851302,00:27:52.851302,00:27:52.860633,00:27:52.860656,00:27:52.874131,00:27:52.892639,00:27:53.361659,00:27:52.879469,00:27:52.884328,00:27:52.884346,00:27:52.888967,00:27:52.864838,00:27:52.864942,00:27:52.848445
3,leak,00:27:57.583774,00:27:57.583774,00:27:57.584108,00:27:57.584108,00:27:57.585238,00:27:57.585238,00:27:57.586824,00:27:57.586824,00:27:57.596024,00:27:57.596048,00:27:57.608682,00:27:57.628758,00:27:58.099408,00:27:57.614288,00:27:57.619330,00:27:57.619354,00:27:57.624837,00:27:57.587115,00:27:57.587203,00:27:57.584736
3,safe,00:28:01.019164,00:28:01.019164,00:28:01.019609,00:28:01.019609,00:28:01.020892,00:28:01.020892,00:28:01.022307,00:28:01.022307,00:28:01.032893,00:28:01.032922,00:28:01.046613,00:28:01.066757,00:28:01.530364,00:28:01.052434,00:28:01.057513,00:28:01.057532,00:28:01.062604,00:28:01.022609,00:28:01.022697,00:28:01.020287
3,safe,00:28:05.883159,00:28:05.883159,00:28:05.883598,00:28:05.883598,00:28:05.884777,00:28:05.884777,00:28:05.886641,00:28:05.886641,00:28:05.895857,00:28:05.895881,00:28:05.909923,00:28:05.929020,00:28:06.401706,00:28:05.915461,00:28:05.920147,00:28:05.920163,00:28:05.924939,00:28:05.886376,00:28:05.886461,00:28:05.884181
3,safe,00:28:10.838802,00:28:10.838802,00:28:10.839125,00:28:10.839125,00:28:10.840202,00:28:10.840202,00:28:10.841530,00:28:10.841530,00:28:10.856110,00:28:10.856136,00:28:10.869142,00:28:10.887979,00:28:11.353435,00:28:10.874549,00:28:10.879406,00:28:10.879429,00:28:10.884180,00:28:10.842096,00:28:10.842181,00:28:10.839709
3,leak,00:28:15.919682,00:28:15.919682,00:28:15.920051,00:28:15.920051,00:28:15.921168,00:28:15.921168,00:28:15.923595,00:28:15.923595,00:28:15.932703,00:28:15.932723,00:28:15.946158,00:28:15.965582,00:28:16.431880,00:28:15.951699,00:28:15.956398,00:28:15.956423,00:28:15.961590,00:28:15.937208,00:28:15.937312,00:28:15.920646
3,safe,00:28:18.730911,00:28:18.730911,00:28:18.731252,00:28:18.731252,00:28:18.732297,00:28:18.732297,00:28:18.734112,00:28:18.734112,00:28:18.743307,00:28:18.743327,00:28:18.756674,00:28:18.777400,00:28:19.235936,00:28:18.762079,00:28:18.767616,00:28:18.767641,00:28:18.773275,00:28:18.734042,00:28:18.734127,00:28:18.731810
3,safe,00:28:23.692288,00:28:23.692288,00:28:23.692708,00:28:23.692708,00:28:23.693861,00:28:23.693861,00:28:23.695171,00:28:23.695171,00:28:23.711937,00:28:23.711958,00:28:23.725079,00:28:23.743270,00:28:24.208039,00:28:23.730519,00:28:23.735059,00:28:23.735075,00:28:23.739618,00:28:23.696091,00:28:23.696239,00:28:23.693367
3,safe,00:28:28.622417,00:28:28.622417,00:28:28.622839,00:28:28.622839,00:28:28.624164,00:28:28.624164,00:28:28.625554,00:28:28.625554,00:28:28.637290,00:28:28.637317,00:28:28.651661,00:28:28.671269,00:28:29.138452,00:28:28.657261,00:28:28.662388,00:28:28.662408,00:28:28.667398,00:28:28.625777,00:28:28.625877,00:28:28.623618
3,safe,00:28:33.674814,00:28:33.674814,00:28:33.675205,00:28:33.675205,00:28:33.676389,00:28:33.676389,00:28:33.678913,00:28:33.678913,00:28:33.688181,00:28:33.688201,00:28:33.709245,00:28:33.728945,00:28:34.193748,00:28:33.714990,00:28:33.719873,00:28:33.719899,00:28:33.724927,00:28:33.689480,00:28:33.689585,00:28:33.675823
3,safe,00:28:38.620259,00:28:38.620259,00:28:38.620695,00:28:38.620695,00:28:38.622238,00:28:38.622238,00:28:38.623933,00:28:38.623933,00:28:38.633258,00:28:38.633287,00:28:38.647185,00:28:38.667562,00:28:39.137199,00:28:38.652738,00:28:38.658384,00:28:38.658406,00:28:38.663353,00:28:38.623909,00:28:38.624061,00:28:38.621536
3,safe,00:28:43.592102,00:28:43.592102,00:28:43.592512,00:28:43.592512,00:28:43.593591,00:28:43.593591,00:28:43.595309,00:28:43.595309,00:28:43.605306,00:28:43.605330,00:28:43.618580,00:28:43.637187,00:28:44.101525,00:28:43.623971,00:28:43.628869,00:28:43.628893,00:28:43.633509,00:28:43.595365,00:28:43.595456,00:28:43.593123
3,leak,00:28:48.394599,00:28:48.394599,00:28:48.394969,00:28:48.394969,00:28:48.396202,00:28:48.396202,00:28:48.397665,00:28:48.397665,00:28:48.407170,00:28:48.407191,00:28:48.420866,00:28:48.440016,00:28:48.904706,00:28:48.426082,00:28:48.430907,00:28:48.430926,00:28:48.436223,00:28:48.398153,00:28:48.398248,00:28:48.395637
3,safe,00:28:51.216836,00:28:51.216836,00:28:51.217242,00:28:51.217242,00:28:51.218590,00:28:51.218590,00:28:51.219877,00:28:51.219877,00:28:51.234009,00:28:51.234033,00:28:51.246921,00:28:51.266350,00:28:51.726251,00:28:51.252521,00:28:51.257586,00:28:51.257603,00:28:51.262286,00:28:51.220337,00:28:51.220453,00:28:51.217991
3,leak,00:28:56.032983,00:28:56.032983,00:28:56.033325,00:28:56.033325,00:28:56.034427,00:28:56.034427,00:28:56.035734,00:28:56.035734,00:28:56.050080,00:28:56.050110,00:28:56.062924,00:28:56.082121,00:28:56.549836,00:28:56.068438,00:28:56.073313,00:28:56.073333,00:28:56.078510,00:28:56.036583,00:28:56.036663,00:28:56.033942
3,leak,00:28:59.350022,00:28:59.350022,00:28:59.350401,00:28:59.350401,00:28:59.351977,00:28:59.351977,00:28:59.353633,00:28:59.353633,00:28:59.362799,00:28:59.362818,00:28:59.375539,00:28:59.394341,00:28:59.853487,00:28:59.380838,00:28:59.385678,00:28:59.385697,00:28:59.390588,00:28:59.353264,00:28:59.353396,00:28:59.351142
3,safe,00:29:02.471023,00:29:02.471023,00:29:02.471385,00:29:02.471385,00:29:02.472484,00:29:02.472484,00:29:02.473845,00:29:02.473845,00:29:02.487124,00:29:02.487145,00:29:02.499610,00:29:02.518051,00:29:02.978754,00:29:02.505136,00:29:02.509730,00:29:02.509748,00:29:02.514333,00:29:02.475010,00:29:02.475155,00:29:02.471944
3,leak,00:29:07.501588,00:29:07.501588,00:29:07.501927,00:29:07.501927,00:29:07.503005,00:29:07.503005,00:29:07.505097,00:29:07.505097,00:29:07.515552,00:29:07.515578,00:29:07.529085,00:29:07.548640,00:29:08.013689,00:29:07.534319,00:29:07.539501,00:29:07.539524,00:29:07.544701,00:29:07.525074,00:29:07.525214,00:29:07.502525
3,safe,00:29:10.788665,00:29:10.788665,00:29:10.789032,00:29:10.789032,00:29:10.790155,00:29:10.790155,00:29:10.791464,00:29:10.791464,00:29:10.804896,00:29:10.804921,00:29:10.818027,00:29:10.836868,00:29:11.298648,00:29:10.823224,00:29:10.828141,00:29:10.828165,00:29:10.833082,00:29:10.792421,00:29:10.792534,00:29:10.789628
3,safe,00:29:15.733106,00:29:15.733106,00:29:15.733492,00:29:15.733492,00:29:15.734671,00:29:15.734671,00:29:15.736067,00:29:15.736067,00:29:15.746037,00:29:15.746061,00:29:15.759148,00:29:15.777514,00:29:16.241956,00:29:15.764383,00:29:15.768900,00:29:15.768915,00:29:15.773644,00:29:15.736832,00:29:15.736936,00:29:15.734120
3,safe,00:29:20.704880,00:29:20.704880,00:29:20.705283,00:29:20.705283,00:29:20.706848,00:29:20.706848,00:29:20.708332,00:29:20.708332,00:29:20.717786,00:29:20.717807,00:29:20.731232,00:29:20.749827,00:29:21.214016,00:29:20.736582,00:29:20.741405,00:29:20.741421,00:29:20.746149,00:29:20.708030,00:29:20.708134,00:29:20.705945
3,safe,00:29:25.313761,00:29:25.313761,00:29:25.314162,00:29:25.314162,00:29:25.315330,00:29:25.315330,00:29:25.316686,00:29:25.316686,00:29:25.330065,00:29:25.330087,00:29:25.350497,00:29:25.370409,00:29:25.834206,00:29:25.356205,00:29:25.361554,00:29:25.361578,00:29:25.366455,00:29:25.317133,00:29:25.317215,00:29:25.314804
3,safe,00:29:30.263629,00:29:30.263629,00:29:30.264038,00:29:30.264038,00:29:30.265295,00:29:30.265295,00:29:30.266675,00:29:30.266675,00:29:30.281612,00:29:30.281641,00:29:30.295765,00:29:30.316048,00:29:30.781112,00:29:30.301383,00:29:30.306477,00:29:30.306497,00:29:30.312027,00:29:30.267189,00:29:30.267283,00:29:30.264724
3,safe,00:29:35.301102,00:29:35.301102,00:29:35.301460,00:29:35.301460,00:29:35.303012,00:29:35.303012,00:29:35.305321,00:29:35.305321,00:29:35.315254,00:29:35.315278,00:29:35.328374,00:29:35.348242,00:29:35.811678,00:29:35.334011,00:29:35.339060,00:29:35.339076,00:29:35.344181,00:29:35.314903,00:29:35.315046,00:29:35.302174
3,safe,00:29:40.079785,00:29:40.079785,00:29:40.080182,00:29:40.080182,00:29:40.081319,00:29:40.081319,00:29:40.082725,00:29:40.082725,00:29:40.092278,00:29:40.092302,00:29:40.106109,00:29:40.125213,00:29:40.590020,00:29:40.111681,00:29:40.116595,00:29:40.116614,00:29:40.121541,00:29:40.083217,00:29:40.083320,00:29:40.080767
3,safe,00:29:45.051767,00:29:45.051767,00:29:45.052116,00:29:45.052116,00:29:45.053205,00:29:45.053205,00:29:45.054558,00:29:45.054558,00:29:45.069070,00:29:45.069095,00:29:45.081981,00:29:45.101118,00:29:45.565924,00:29:45.087358,00:29:45.092402,00:29:45.092423,00:29:45.097319,00:29:45.055619,00:29:45.055698,00:29:45.052723
3,leak,00:29:49.880883,00:29:49.880883,00:29:49.881212,00:29:49.881212,00:29:49.882379,00:29:49.882379,00:29:49.884072,00:29:49.884072,00:29:49.894474,00:29:49.894502,00:29:49.907461,00:29:49.925968,00:29:50.391072,00:29:49.912664,00:29:49.917358,00:29:49.917379,00:29:49.922298,00:29:49.884525,00:29:49.884616,00:29:49.881846
3,safe,00:29:52.996225,00:29:52.996225,00:29:52.996596,00:29:52.996596,00:29:52.997795,00:29:52.997795,00:29:52.999163,00:29:52.999163,00:29:53.008989,00:29:53.009022,00:29:53.023097,00:29:53.042489,00:29:53.502253,00:29:53.028734,00:29:53.033656,00:29:53.033673,00:29:53.038754,00:29:52.999478,00:29:52.999559,00:29:52.997240
3,safe,00:29:57.943379,00:29:57.943379,00:29:57.943734,00:29:57.943734,00:29:57.944845,00:29:57.944845,00:29:57.946292,00:29:57.946292,00:29:57.959768,00:29:57.959792,00:29:57.972607,00:29:57.991488,00:29:58.453899,00:29:57.977742,00:29:57.982373,00:29:57.982391,00:29:57.987487,00:29:57.946955,00:29:57.947071,00:29:57.944322
3,safe,00:30:02.881218,00:30:02.881218,00:30:02.881596,00:30:02.881596,00:30:02.882800,00:30:02.882800,00:30:02.884345,00:30:02.884345,00:30:02.893599,00:30:02.893618,00:30:02.907411,00:30:02.926259,00:30:03.390119,00:30:02.912543,00:30:02.917592,00:30:02.917610,00:30:02.922502,00:30:02.884333,00:30:02.884414,00:30:02.882244
3,safe,00:30:07.601645,00:30:07.601645,00:30:07.601973,00:30:07.601973,00:30:07.603013,00:30:07.603013,00:30:07.604712,00:30:07.604712,00:30:07.613983,00:30:07.614009,00:30:07.627442,00:30:07.647258,00:30:08.111532,00:30:07.633380,00:30:07.638678,00:30:07.638700,00:30:07.643533,00:30:07.605178,00:30:07.605280,00:30:07.602549
3,leak,00:30:12.405222,00:30:12.405222,00:30:12.405607,00:30:12.405607,00:30:12.406807,00:30:12.406807,00:30:12.408190,00:30:12.408190,00:30:12.420407,00:30:12.420429,00:30:12.433488,00:30:12.452640,00:30:12.915103,00:30:12.438933,00:30:12.444133,00:30:12.444152,00:30:12.448920,00:30:12.408546,00:30:12.408644,00:30:12.406275
3,safe,00:30:15.276902,00:30:15.276902,00:30:15.277274,00:30:15.277274,00:30:15.278607,00:30:15.278607,00:30:15.280362,00:30:15.280362,00:30:15.289857,00:30:15.289881,00:30:15.303349,00:30:15.323614,00:30:15.784677,00:30:15.308886,00:30:15.314213,00:30:15.314232,00:30:15.319251,00:30:15.280345,00:30:15.280441,00:30:15.277985
3,safe,00:30:19.998684,00:30:19.998684,00:30:19.999097,00:30:19.999097,00:30:20.000268,00:30:20.000268,00:30:20.002074,00:30:20.002074,00:30:20.011783,00:30:20.011808,00:30:20.032111,00:30:20.052160,00:30:20.515724,00:30:20.037869,00:30:20.042878,00:30:20.042893,00:30:20.047976,00:30:20.002172,00:30:20.002299,00:30:19.999725
3,safe,00:30:24.836397,00:30:24.836397,00:30:24.836730,00:30:24.836730,00:30:24.837774,00:30:24.837774,00:30:24.839103,00:30:24.839103,00:30:24.852896,00:30:24.852925,00:30:24.866965,00:30:24.885744,00:30:25.350122,00:30:24.872474,00:30:24.877014,00:30:24.877031,00:30:24.881901,00:30:24.839949,00:30:24.840050,00:30:24.837306
3,leak,00:30:29.691087,00:30:29.691087,00:30:29.691445,00:30:29.691445,00:30:29.692749,00:30:29.692749,00:30:29.694033,00:30:29.694033,00:30:29.703328,00:30:29.703354,00:30:29.716549,00:30:29.736021,00:30:30.201398,00:30:29.722278,00:30:29.726978,00:30:29.727002,00:30:29.732116,00:30:29.694336,00:30:29.694426,00:30:29.692228
3,safe,00:30:32.754454,00:30:32.754454,00:30:32.754793,00:30:32.754793,00:30:32.756074,00:30:32.756074,00:30:32.757531,00:30:32.757531,00:30:32.771153,00:30:32.771177,00:30:32.784185,00:30:32.803316,00:30:33.264290,00:30:32.789685,00:30:32.794654,00:30:32.794670,00:30:32.799608,00:30:32.758286,00:30:32.758563,00:30:32.755429
3,leak,00:30:37.436299,00:30:37.436299,00:30:37.436704,00:30:37.436704,00:30:37.437825,00:30:37.437825,00:30:37.439074,00:30:37.439074,00:30:37.452535,00:30:37.452563,00:30:37.465674,00:30:37.485411,00:30:37.949247,00:30:37.471089,00:30:37.476338,00:30:37.476360,00:30:37.481581,00:30:37.439914,00:30:37.440108,00:30:37.437313
3,leak,00:30:40.823151,00:30:40.823151,00:30:40.823535,00:30:40.823535,00:30:40.824968,00:30:40.824968,00:30:40.826362,00:30:40.826362,00:30:40.836377,00:30:40.836401,00:30:40.850009,00:30:40.869144,00:30:41.330819,00:30:40.855702,00:30:40.860561,00:30:40.860581,00:30:40.865478,00:30:40.826561,00:30:40.826639,00:30:40.824166
3,safe,00:30:44.038690,00:30:44.038690,00:30:44.039016,00:30:44.039016,00:30:44.040243,00:30:44.040243,00:30:44.041739,00:30:44.041739,00:30:44.056032,00:30:44.056057,00:30:44.069589,00:30:44.089109,00:30:44.549153,00:30:44.075043,00:30:44.079961,00:30:44.079978,00:30:44.084887,00:30:44.042397,00:30:44.042613,00:30:44.039670
3,safe,00:30:48.788932,00:30:48.788932,00:30:48.789279,00:30:48.789279,00:30:48.790430,00:30:48.790430,00:30:48.792348,00:30:48.792348,00:30:48.802164,00:30:48.802196,00:30:48.815698,00:30:48.834877,00:30:49.300003,00:30:48.821389,00:30:48.826256,00:30:48.826272,00:30:48.831167,00:30:48.792623,00:30:48.792724,00:30:48.789907
3,leak,00:30:53.833121,00:30:53.833121,00:30:53.833497,00:30:53.833497,00:30:53.834865,00:30:53.834865,00:30:53.837355,00:30:53.837355,00:30:53.846405,00:30:53.846427,00:30:53.859308,00:30:53.877919,00:30:54.342039,00:30:53.864561,00:30:53.869328,00:30:53.869346,00:30:53.874289,00:30:53.847486,00:30:53.847582,00:30:53.834106
3,safe,00:30:56.440302,00:30:56.440302,00:30:56.440715,00:30:56.440715,00:30:56.442181,00:30:56.442181,00:30:56.443710,00:30:56.443710,00:30:56.452936,00:30:56.452957,00:30:56.466442,00:30:56.485232,00:30:56.951670,00:30:56.471974,00:30:56.476665,00:30:56.476684,00:30:56.481467,00:30:56.443800,00:30:56.443884,00:30:56.441383
3,leak,00:31:00.972586,00:31:00.972586,00:31:00.973155,00:31:00.973155,00:31:00.974556,00:31:00.974556,00:31:00.976036,00:31:00.976036,00:31:00.986439,00:31:00.986463,00:31:00.998959,00:31:01.018185,00:31:01.480831,00:31:01.004132,00:31:01.009151,00:31:01.009172,00:31:01.014346,00:31:00.975565,00:31:00.975647,00:31:00.973936
3,safe,00:31:04.111056,00:31:04.111056,00:31:04.111372,00:31:04.111372,00:31:04.112527,00:31:04.112527,00:31:04.114267,00:31:04.114267,00:31:04.124299,00:31:04.124321,00:31:04.137012,00:31:04.155169,00:31:04.616794,00:31:04.142235,00:31:04.146706,00:31:04.146722,00:31:04.151504,00:31:04.114744,00:31:04.114827,00:31:04.111953
3,safe,00:31:08.825475,00:31:08.825475,00:31:08.825804,00:31:08.825804,00:31:08.827014,00:31:08.827014,00:31:08.828408,00:31:08.828408,00:31:08.841915,00:31:08.841938,00:31:08.865121,00:31:08.884816,00:31:09.349442,00:31:08.870773,00:31:08.875868,00:31:08.875887,00:31:08.880994,00:31:08.829053,00:31:08.829156,00:31:08.826462
3,safe,00:31:13.777024,00:31:13.777024,00:31:13.777442,00:31:13.777442,00:31:13.778518,00:31:13.778518,00:31:13.780201,00:31:13.780201,00:31:13.790047,00:31:13.790067,00:31:13.803164,00:31:13.821980,00:31:14.287034,00:31:13.808376,00:31:13.813130,00:31:13.813146,00:31:13.818216,00:31:13.780343,00:31:13.780442,00:31:13.778031
3,safe,00:31:18.814638,00:31:18.814638,00:31:18.815001,00:31:18.815001,00:31:18.816630,00:31:18.816630,00:31:18.819289,00:31:18.819289,00:31:18.829343,00:31:18.829376,00:31:18.842877,00:31:18.862659,00:31:19.326984,00:31:18.848788,00:31:18.853733,00:31:18.853751,00:31:18.858752,00:31:18.843069,00:31:18.843194,00:31:18.815692
3,leak,00:31:23.640055,00:31:23.640055,00:31:23.640434,00:31:23.640434,00:31:23.641634,00:31:23.641634,00:31:23.643197,00:31:23.643197,00:31:23.652376,00:31:23.652396,00:31:23.665925,00:31:23.684286,00:31:24.149496,00:31:23.671052,00:31:23.675581,00:31:23.675597,00:31:23.680488,00:31:23.643439,00:31:23.643538,00:31:23.641040
3,leak,00:31:27.147432,00:31:27.147432,00:31:27.147781,00:31:27.147781,00:31:27.148975,00:31:27.148975,00:31:27.150693,00:31:27.150693,00:31:27.159922,00:31:27.159944,00:31:27.172727,00:31:27.191993,00:31:27.652378,00:31:27.178172,00:31:27.183007,00:31:27.183028,00:31:27.188144,00:31:27.150593,00:31:27.150682,00:31:27.148377
3,safe,00:31:30.515128,00:31:30.515128,00:31:30.515490,00:31:30.515490,00:31:30.516653,00:31:30.516653,00:31:30.518013,00:31:30.518013,00:31:30.532524,00:31:30.532550,00:31:30.545488,00:31:30.565991,00:31:31.027648,00:31:30.551325,00:31:30.556565,00:31:30.556589,00:31:30.562018,00:31:30.518928,00:31:30.519092,00:31:30.516134
3,safe,00:31:35.532997,00:31:35.532997,00:31:35.533325,00:31:35.533325,00:31:35.534503,00:31:35.534503,00:31:35.536899,00:31:35.536899,00:31:35.547364,00:31:35.547388,00:31:35.560797,00:31:35.580234,00:31:36.044029,00:31:35.566144,00:31:35.571355,00:31:35.571374,00:31:35.576497,00:31:35.549527,00:31:35.549618,00:31:35.533906
3,safe,00:31:40.578027,00:31:40.578027,00:31:40.578416,00:31:40.578416,00:31:40.579533,00:31:40.579533,00:31:40.582030,00:31:40.582030,00:31:40.591613,00:31:40.591633,00:31:40.605029,00:31:40.624162,00:31:41.088910,00:31:40.610551,00:31:40.615290,00:31:40.615306,00:31:40.620268,00:31:40.597945,00:31:40.598061,00:31:40.579052
3,safe,00:31:45.212424,00:31:45.212424,00:31:45.212805,00:31:45.212805,00:31:45.214401,00:31:45.214401,00:31:45.215860,00:31:45.215860,00:31:45.225410,00:31:45.225436,00:31:45.238796,00:31:45.257022,00:31:45.719286,00:31:45.243951,00:31:45.248536,00:31:45.248552,00:31:45.253379,00:31:45.215876,00:31:45.216005,00:31:45.213567
3,safe,00:31:49.796899,00:31:49.796899,00:31:49.797277,00:31:49.797277,00:31:49.798538,00:31:49.798538,00:31:49.799902,00:31:49.799902,00:31:49.816159,00:31:49.816182,00:31:49.828583,00:31:49.847641,00:31:50.312319,00:31:49.833879,00:31:49.838951,00:31:49.838970,00:31:49.843973,00:31:49.800714,00:31:49.800858,00:31:49.797966
3,safe,00:31:54.827441,00:31:54.827441,00:31:54.827811,00:31:54.827811,00:31:54.828985,00:31:54.828985,00:31:54.831564,00:31:54.831564,00:31:54.840772,00:31:54.840795,00:31:54.853842,00:31:54.873095,00:31:55.338738,00:31:54.859484,00:31:54.864187,00:31:54.864202,00:31:54.869165,00:31:54.831227,00:31:54.831399,00:31:54.828426
3,safe,00:31:59.890027,00:31:59.890027,00:31:59.890387,00:31:59.890387,00:31:59.891805,00:31:59.891805,00:31:59.894234,00:31:59.894234,00:31:59.904099,00:31:59.904123,00:31:59.918094,00:31:59.936557,00:32:00.401026,00:31:59.923327,00:31:59.928043,00:31:59.928059,00:31:59.932785,00:31:59.912133,00:31:59.912241,00:31:59.890953
3,safe,00:32:04.656393,00:32:04.656393,00:32:04.656812,00:32:04.656812,00:32:04.658039,00:32:04.658039,00:32:04.659542,00:32:04.659542,00:32:04.668856,00:32:04.668876,00:32:04.689401,00:32:04.708247,00:32:05.172779,00:32:04.694819,00:32:04.699490,00:32:04.699506,00:32:04.704477,00:32:04.659798,00:32:04.659944,00:32:04.657490
3,safe,00:32:09.564923,00:32:09.564923,00:32:09.565309,00:32:09.565309,00:32:09.566504,00:32:09.566504,00:32:09.567932,00:32:09.567932,00:32:09.581314,00:32:09.581341,00:32:09.596165,00:32:09.615581,00:32:10.081785,00:32:09.601794,00:32:09.606935,00:32:09.606956,00:32:09.611829,00:32:09.569208,00:32:09.569300,00:32:09.565963
3,safe,00:32:14.624529,00:32:14.624529,00:32:14.624970,00:32:14.624970,00:32:14.626235,00:32:14.626235,00:32:14.628923,00:32:14.628923,00:32:14.638227,00:32:14.638251,00:32:14.651377,00:32:14.670890,00:32:15.135532,00:32:14.656688,00:32:14.661695,00:32:14.661714,00:32:14.666721,00:32:14.641420,00:32:14.641520,00:32:14.625661
3,safe,00:32:19.583424,00:32:19.583424,00:32:19.583780,00:32:19.583780,00:32:19.584827,00:32:19.584827,00:32:19.586477,00:32:19.586477,00:32:19.596313,00:32:19.596346,00:32:19.609667,00:32:19.629811,00:32:20.094386,00:32:19.615295,00:32:19.620195,00:32:19.620213,00:32:19.625645,00:32:19.586790,00:32:19.586878,00:32:19.584350
3,safe,00:32:24.337190,00:32:24.337190,00:32:24.337630,00:32:24.337630,00:32:24.338856,00:32:24.338856,00:32:24.340258,00:32:24.340258,00:32:24.353768,00:32:24.353794,00:32:24.366673,00:32:24.386078,00:32:24.849091,00:32:24.371883,00:32:24.377083,00:32:24.377108,00:32:24.382159,00:32:24.340709,00:32:24.340798,00:32:24.338303
3,leak,00:32:29.275223,00:32:29.275223,00:32:29.275569,00:32:29.275569,00:32:29.276762,00:32:29.276762,00:32:29.278196,00:32:29.278196,00:32:29.287753,00:32:29.287778,00:32:29.300631,00:32:29.319462,00:32:29.784389,00:32:29.305930,00:32:29.310755,00:32:29.310771,00:32:29.315731,00:32:29.278431,00:32:29.278514,00:32:29.276211
3,safe,00:32:32.456645,00:32:32.456645,00:32:32.456964,00:32:32.456964,00:32:32.458227,00:32:32.458227,00:32:32.459861,00:32:32.459861,00:32:32.469966,00:32:32.469989,00:32:32.483536,00:32:32.503325,00:32:32.964753,00:32:32.489094,00:32:32.494253,00:32:32.494274,00:32:32.499170,00:32:32.459873,00:32:32.459954,00:32:32.457707
3,safe,00:32:37.291673,00:32:37.291673,00:32:37.291996,00:32:37.291996,00:32:37.293272,00:32:37.293272,00:32:37.294886,00:32:37.294886,00:32:37.304734,00:32:37.304755,00:32:37.318175,00:32:37.337750,00:32:37.801628,00:32:37.323746,00:32:37.328759,00:32:37.328775,00:32:37.333750,00:32:37.295276,00:32:37.295364,00:32:37.292523
3,safe,00:32:42.233174,00:32:42.233174,00:32:42.233581,00:32:42.233581,00:32:42.234715,00:32:42.234715,00:32:42.236398,00:32:42.236398,00:32:42.245676,00:32:42.245699,00:32:42.258864,00:32:42.277779,00:32:42.743184,00:32:42.264278,00:32:42.269352,00:32:42.269373,00:32:42.274023,00:32:42.236653,00:32:42.236736,00:32:42.234197
3,safe,00:32:46.878328,00:32:46.878328,00:32:46.878692,00:32:46.878692,00:32:46.879982,00:32:46.879982,00:32:46.881462,00:32:46.881462,00:32:46.891807,00:32:46.891834,00:32:46.904839,00:32:46.924236,00:32:47.388219,00:32:46.910438,00:32:46.915389,00:32:46.915405,00:32:46.920274,00:32:46.881586,00:32:46.881676,00:32:46.879447
3,safe,00:32:51.693138,00:32:51.693138,00:32:51.693675,00:32:51.693675,00:32:51.694845,00:32:51.694845,00:32:51.696532,00:32:51.696532,00:32:51.705804,00:32:51.705830,00:32:51.720055,00:32:51.739412,00:32:52.203001,00:32:51.725534,00:32:51.730707,00:32:51.730724,00:32:51.735595,00:32:51.696771,00:32:51.696858,00:32:51.694359
3,safe,00:32:56.602318,00:32:56.602318,00:32:56.602774,00:32:56.602774,00:32:56.604261,00:32:56.604261,00:32:56.605816,00:32:56.605816,00:32:56.615693,00:32:56.615738,00:32:56.632097,00:32:56.659575,00:32:57.137053,00:32:56.639950,00:32:56.647745,00:32:56.647777,00:32:56.654572,00:32:56.605801,00:32:56.605903,00:32:56.603692
3,safe,00:33:01.630983,00:33:01.630983,00:33:01.631316,00:33:01.631316,00:33:01.632459,00:33:01.632459,00:33:01.635148,00:33:01.635148,00:33:01.644325,00:33:01.644343,00:33:01.665936,00:33:01.684874,00:33:02.148904,00:33:01.671553,00:33:01.676523,00:33:01.676539,00:33:01.681190,00:33:01.654547,00:33:01.654711,00:33:01.631959
3,safe,00:33:06.708253,00:33:06.708253,00:33:06.709138,00:33:06.709138,00:33:06.711220,00:33:06.711220,00:33:06.714995,00:33:06.714995,00:33:06.726039,00:33:06.726087,00:33:06.747614,00:33:06.779477,00:33:07.256025,00:33:06.756322,00:33:06.765581,00:33:06.765615,00:33:06.773580,00:33:06.737114,00:33:06.737255,00:33:06.710398
3,leak,00:33:11.761266,00:33:11.761266,00:33:11.761607,00:33:11.761607,00:33:11.762782,00:33:11.762782,00:33:11.765222,00:33:11.765222,00:33:11.774834,00:33:11.774865,00:33:11.788436,00:33:11.807334,00:33:12.271185,00:33:11.793972,00:33:11.798796,00:33:11.798811,00:33:11.803677,00:33:11.787204,00:33:11.787310,00:33:11.762210
3,leak,00:33:15.247981,00:33:15.247981,00:33:15.248327,00:33:15.248327,00:33:15.249517,00:33:15.249517,00:33:15.250870,00:33:15.250870,00:33:15.264422,00:33:15.264445,00:33:15.277433,00:33:15.296561,00:33:15.759311,00:33:15.282938,00:33:15.287818,00:33:15.287838,00:33:15.292643,00:33:15.251510,00:33:15.251604,00:33:15.249011
3,safe,00:33:18.756415,00:33:18.756415,00:33:18.756866,00:33:18.756866,00:33:18.758429,00:33:18.758429,00:33:18.760359,00:33:18.760359,00:33:18.770158,00:33:18.770191,00:33:18.784986,00:33:18.805751,00:33:19.269454,00:33:18.790722,00:33:18.796040,00:33:18.796062,00:33:18.801336,00:33:18.759822,00:33:18.759940,00:33:18.757709
3,safe,00:33:23.577325,00:33:23.577325,00:33:23.577708,00:33:23.577708,00:33:23.578917,00:33:23.578917,00:33:23.580389,00:33:23.580389,00:33:23.589868,00:33:23.589888,00:33:23.602434,00:33:23.621220,00:33:24.085761,00:33:23.607760,00:33:23.612750,00:33:23.612768,00:33:23.617543,00:33:23.580493,00:33:23.580593,00:33:23.578377
3,safe,00:33:28.467952,00:33:28.467952,00:33:28.468289,00:33:28.468289,00:33:28.469451,00:33:28.469451,00:33:28.470858,00:33:28.470858,00:33:28.480497,00:33:28.480548,00:33:28.493991,00:33:28.513051,00:33:28.978865,00:33:28.499658,00:33:28.504368,00:33:28.504386,00:33:28.509210,00:33:28.471370,00:33:28.471449,00:33:28.468945
3,safe,00:33:33.481820,00:33:33.481820,00:33:33.482203,00:33:33.482203,00:33:33.483371,00:33:33.483371,00:33:33.485798,00:33:33.485798,00:33:33.495112,00:33:33.495137,00:33:33.510907,00:33:33.531363,00:33:33.994106,00:33:33.517933,00:33:33.522805,00:33:33.522822,00:33:33.527645,00:33:33.485870,00:33:33.485960,00:33:33.482861
3,safe,00:33:38.461729,00:33:38.461729,00:33:38.462113,00:33:38.462113,00:33:38.463268,00:33:38.463268,00:33:38.464628,00:33:38.464628,00:33:38.480513,00:33:38.480547,00:33:38.493329,00:33:38.512582,00:33:38.976882,00:33:38.498698,00:33:38.503244,00:33:38.503260,00:33:38.508216,00:33:38.465335,00:33:38.465558,00:33:38.462734
3,safe,00:33:43.315618,00:33:43.315618,00:33:43.315954,00:33:43.315954,00:33:43.317038,00:33:43.317038,00:33:43.318380,00:33:43.318380,00:33:43.331746,00:33:43.331770,00:33:43.345194,00:33:43.363871,00:33:43.827811,00:33:43.350683,00:33:43.355315,00:33:43.355332,00:33:43.360065,00:33:43.319043,00:33:43.319362,00:33:43.316551
3,leak,00:33:47.979074,00:33:47.979074,00:33:47.979448,00:33:47.979448,00:33:47.980612,00:33:47.980612,00:33:47.981949,00:33:47.981949,00:33:47.995934,00:33:47.995961,00:33:48.008982,00:33:48.029133,00:33:48.491059,00:33:48.014543,00:33:48.019613,00:33:48.019640,00:33:48.025090,00:33:47.982956,00:33:47.983038,00:33:47.980077
3,safe,00:33:51.308646,00:33:51.308646,00:33:51.308981,00:33:51.308981,00:33:51.310096,00:33:51.310096,00:33:51.311852,00:33:51.311852,00:33:51.325706,00:33:51.325731,00:33:51.338582,00:33:51.356623,00:33:51.818149,00:33:51.343816,00:33:51.348386,00:33:51.348402,00:33:51.353036,00:33:51.312432,00:33:51.312515,00:33:51.309599
3,safe,00:33:56.296583,00:33:56.296583,00:33:56.296896,00:33:56.296896,00:33:56.297981,00:33:56.297981,00:33:56.299386,00:33:56.299386,00:33:56.312798,00:33:56.312822,00:33:56.334013,00:33:56.353561,00:33:56.824795,00:33:56.339827,00:33:56.344918,00:33:56.344939,00:33:56.349765,00:33:56.300275,00:33:56.300419,00:33:56.297453
3,error,,,,,,,,,,,,,,,,,,,,
3,safe,00:34:01.617880,00:34:01.617880,00:34:01.618297,00:34:01.618297,00:34:01.619664,00:34:01.619664,00:34:01.621087,00:34:01.621087,00:34:01.630913,00:34:01.630940,00:34:03.339317,00:34:03.359174,00:34:03.796597,00:34:03.345149,00:34:03.350284,00:34:03.350305,00:34:03.355329,00:34:01.633505,00:34:01.633601,00:34:01.619093
3,safe,00:34:08.379247,00:34:08.379247,00:34:08.379652,00:34:08.379652,00:34:08.380800,00:34:08.380800,00:34:08.383044,00:34:08.383044,00:34:08.392254,00:34:08.392280,00:34:08.404776,00:34:08.423567,00:34:08.889836,00:34:08.410290,00:34:08.415275,00:34:08.415293,00:34:08.419850,00:34:08.393092,00:34:08.393195,00:34:08.380253
3,leak,00:34:13.257532,00:34:13.257532,00:34:13.257905,00:34:13.257905,00:34:13.259077,00:34:13.259077,00:34:13.260623,00:34:13.260623,00:34:13.269911,00:34:13.269932,00:34:13.282518,00:34:13.301378,00:34:13.766377,00:34:13.287973,00:34:13.292702,00:34:13.292723,00:34:13.297618,00:34:13.261037,00:34:13.261117,00:34:13.258532
4,safe,00:34:16.075891,00:34:16.075891,00:34:16.076211,00:34:16.076211,00:34:16.077279,00:34:16.077279,00:34:16.078648,00:34:16.078648,00:34:16.091935,00:34:16.091959,00:34:16.105465,00:34:16.124661,00:34:16.583500,00:34:16.110736,00:34:16.115602,00:34:16.115621,00:34:16.120686,00:34:16.080494,00:34:16.080589,00:34:16.076784
4,safe,00:34:21.135670,00:34:21.135670,00:34:21.136031,00:34:21.136031,00:34:21.137164,00:34:21.137164,00:34:21.139520,00:34:21.139520,00:34:21.148617,00:34:21.148637,00:34:21.162418,00:34:21.182667,00:34:21.646838,00:34:21.168215,00:34:21.173517,00:34:21.173538,00:34:21.178664,00:34:21.151816,00:34:21.151915,00:34:21.136642
4,safe,00:34:26.107531,00:34:26.107531,00:34:26.107897,00:34:26.107897,00:34:26.108964,00:34:26.108964,00:34:26.110382,00:34:26.110382,00:34:26.123570,00:34:26.123594,00:34:26.136136,00:34:26.154822,00:34:26.618519,00:34:26.141502,00:34:26.146288,00:34:26.146305,00:34:26.151156,00:34:26.111846,00:34:26.111922,00:34:26.108479
4,safe,00:34:31.126534,00:34:31.126534,00:34:31.126854,00:34:31.126854,00:34:31.127922,00:34:31.127922,00:34:31.130217,00:34:31.130217,00:34:31.140432,00:34:31.140461,00:34:31.153431,00:34:31.171901,00:34:31.636741,00:34:31.158741,00:34:31.163418,00:34:31.163437,00:34:31.168293,00:34:31.142582,00:34:31.142668,00:34:31.127391
4,safe,00:34:36.039825,00:34:36.039825,00:34:36.040149,00:34:36.040149,00:34:36.041210,00:34:36.041210,00:34:36.042464,00:34:36.042464,00:34:36.056201,00:34:36.056221,00:34:36.069492,00:34:36.088831,00:34:36.552748,00:34:36.075022,00:34:36.079960,00:34:36.079979,00:34:36.084961,00:34:36.044307,00:34:36.044388,00:34:36.040708
4,safe,00:34:41.018501,00:34:41.018501,00:34:41.018884,00:34:41.018884,00:34:41.020077,00:34:41.020077,00:34:41.021470,00:34:41.021470,00:34:41.035014,00:34:41.035035,00:34:41.047363,00:34:41.065872,00:34:41.530109,00:34:41.052856,00:34:41.057293,00:34:41.057309,00:34:41.062125,00:34:41.022569,00:34:41.022655,00:34:41.019539
4,safe,00:34:46.182243,00:34:46.182243,00:34:46.182597,00:34:46.182597,00:34:46.184028,00:34:46.184028,00:34:46.186218,00:34:46.186218,00:34:46.195697,00:34:46.195719,00:34:46.208455,00:34:46.228959,00:34:46.699825,00:34:46.214383,00:34:46.219755,00:34:46.219778,00:34:46.225067,00:34:46.211275,00:34:46.211412,00:34:46.183232
4,leak,00:34:50.786444,00:34:50.786444,00:34:50.786854,00:34:50.786854,00:34:50.788262,00:34:50.788262,00:34:50.789663,00:34:50.789663,00:34:50.803182,00:34:50.803212,00:34:50.824383,00:34:50.843538,00:34:51.307013,00:34:50.829754,00:34:50.834710,00:34:50.834727,00:34:50.839587,00:34:50.791082,00:34:50.791173,00:34:50.787716
4,safe,00:34:54.251571,00:34:54.251571,00:34:54.251887,00:34:54.251887,00:34:54.253016,00:34:54.253016,00:34:54.254430,00:34:54.254430,00:34:54.268756,00:34:54.268787,00:34:54.282241,00:34:54.301450,00:34:54.758860,00:34:54.287803,00:34:54.292964,00:34:54.292984,00:34:54.297739,00:34:54.255878,00:34:54.255973,00:34:54.252530
4,safe,00:34:59.070481,00:34:59.070481,00:34:59.070946,00:34:59.070946,00:34:59.072503,00:34:59.072503,00:34:59.074021,00:34:59.074021,00:34:59.087784,00:34:59.087812,00:34:59.100966,00:34:59.120121,00:34:59.585226,00:34:59.106393,00:34:59.111182,00:34:59.111198,00:34:59.116173,00:34:59.075150,00:34:59.075245,00:34:59.071703
4,safe,00:35:03.786401,00:35:03.786401,00:35:03.786725,00:35:03.786725,00:35:03.787997,00:35:03.787997,00:35:03.789366,00:35:03.789366,00:35:03.803436,00:35:03.803463,00:35:03.816302,00:35:03.834303,00:35:04.298622,00:35:03.821435,00:35:03.825907,00:35:03.825921,00:35:03.830693,00:35:03.790642,00:35:03.790737,00:35:03.787260
4,safe,00:35:08.354464,00:35:08.354464,00:35:08.354883,00:35:08.354883,00:35:08.356029,00:35:08.356029,00:35:08.357256,00:35:08.357256,00:35:08.370895,00:35:08.370916,00:35:08.383992,00:35:08.403112,00:35:08.868813,00:35:08.389534,00:35:08.394338,00:35:08.394364,00:35:08.399337,00:35:08.359068,00:35:08.359255,00:35:08.355546
4,safe,00:35:13.082892,00:35:13.082892,00:35:13.083217,00:35:13.083217,00:35:13.084261,00:35:13.084261,00:35:13.085651,00:35:13.085651,00:35:13.099077,00:35:13.099103,00:35:13.112093,00:35:13.131147,00:35:13.595802,00:35:13.117786,00:35:13.122731,00:35:13.122752,00:35:13.127421,00:35:13.087484,00:35:13.087635,00:35:13.083763
4,safe,00:35:18.022818,00:35:18.022818,00:35:18.023276,00:35:18.023276,00:35:18.024405,00:35:18.024405,00:35:18.025656,00:35:18.025656,00:35:18.039595,00:35:18.039618,00:35:18.053308,00:35:18.072778,00:35:18.537927,00:35:18.059043,00:35:18.064009,00:35:18.064029,00:35:18.068914,00:35:18.026877,00:35:18.026990,00:35:18.023877
4,safe,00:35:22.377441,00:35:22.377441,00:35:22.377812,00:35:22.377812,00:35:22.378860,00:35:22.378860,00:35:22.380143,00:35:22.380143,00:35:22.395961,00:35:22.395981,00:35:22.408439,00:35:22.428026,00:35:22.891406,00:35:22.414029,00:35:22.418718,00:35:22.418733,00:35:22.423605,00:35:22.382569,00:35:22.382703,00:35:22.378395
4,leak,00:35:26.975906,00:35:26.975906,00:35:26.976276,00:35:26.976276,00:35:26.977605,00:35:26.977605,00:35:26.979310,00:35:26.979310,00:35:26.994088,00:35:26.994143,00:35:27.010936,00:35:27.031399,00:35:27.494703,00:35:27.017149,00:35:27.021955,00:35:27.021972,00:35:27.027388,00:35:26.980739,00:35:26.980868,00:35:26.976994
4,safe,00:35:29.762670,00:35:29.762670,00:35:29.763210,00:35:29.763210,00:35:29.764731,00:35:29.764731,00:35:29.766203,00:35:29.766203,00:35:29.781331,00:35:29.781369,00:35:29.795994,00:35:29.817968,00:35:30.284345,00:35:29.802118,00:35:29.807996,00:35:29.808020,00:35:29.813686,00:35:29.766993,00:35:29.767087,00:35:29.763993
4,safe,00:35:34.508180,00:35:34.508180,00:35:34.508533,00:35:34.508533,00:35:34.509713,00:35:34.509713,00:35:34.511028,00:35:34.511028,00:35:34.524442,00:35:34.524465,00:35:34.537520,00:35:34.556537,00:35:35.019307,00:35:34.542814,00:35:34.547747,00:35:34.547766,00:35:34.552605,00:35:34.512622,00:35:34.512701,00:35:34.509153
4,leak,00:35:39.513990,00:35:39.513990,00:35:39.514380,00:35:39.514380,00:35:39.515586,00:35:39.515586,00:35:39.517713,00:35:39.517713,00:35:39.526837,00:35:39.526861,00:35:39.539918,00:35:39.558782,00:35:40.022944,00:35:39.545337,00:35:39.549986,00:35:39.550001,00:35:39.554879,00:35:39.539212,00:35:39.539326,00:35:39.515040
4,safe,00:35:42.764915,00:35:42.764915,00:35:42.765305,00:35:42.765305,00:35:42.766714,00:35:42.766714,00:35:42.768085,00:35:42.768085,00:35:42.782306,00:35:42.782336,00:35:42.805466,00:35:42.824859,00:35:43.289065,00:35:42.810953,00:35:42.815683,00:35:42.815703,00:35:42.820742,00:35:42.768973,00:35:42.769064,00:35:42.765893
4,safe,00:35:47.911062,00:35:47.911062,00:35:47.911425,00:35:47.911425,00:35:47.912594,00:35:47.912594,00:35:47.914882,00:35:47.914882,00:35:47.924724,00:35:47.924747,00:35:47.938519,00:35:47.957847,00:35:48.422578,00:35:47.943801,00:35:47.949007,00:35:47.949035,00:35:47.954056,00:35:47.930875,00:35:47.931033,00:35:47.912098
4,safe,00:35:52.762310,00:35:52.762310,00:35:52.762628,00:35:52.762628,00:35:52.763649,00:35:52.763649,00:35:52.765029,00:35:52.765029,00:35:52.779270,00:35:52.779290,00:35:52.792474,00:35:52.811670,00:35:53.276416,00:35:52.797750,00:35:52.802944,00:35:52.802969,00:35:52.807812,00:35:52.766536,00:35:52.766613,00:35:52.763197
4,safe,00:35:57.781133,00:35:57.781133,00:35:57.781456,00:35:57.781456,00:35:57.782875,00:35:57.782875,00:35:57.785101,00:35:57.785101,00:35:57.794597,00:35:57.794624,00:35:57.807258,00:35:57.825677,00:35:58.291460,00:35:57.812351,00:35:57.817386,00:35:57.817404,00:35:57.821954,00:35:57.798171,00:35:57.798265,00:35:57.782030
4,leak,00:36:02.731182,00:36:02.731182,00:36:02.731505,00:36:02.731505,00:36:02.732897,00:36:02.732897,00:36:02.734280,00:36:02.734280,00:36:02.748720,00:36:02.748744,00:36:02.761925,00:36:02.781034,00:36:03.245904,00:36:02.767453,00:36:02.772396,00:36:02.772417,00:36:02.777201,00:36:02.735524,00:36:02.735608,00:36:02.732070
4,safe,00:36:06.071557,00:36:06.071557,00:36:06.071920,00:36:06.071920,00:36:06.073027,00:36:06.073027,00:36:06.074651,00:36:06.074651,00:36:06.089142,00:36:06.089165,00:36:06.199849,00:36:06.219408,00:36:06.680699,00:36:06.205497,00:36:06.210835,00:36:06.210855,00:36:06.215714,00:36:06.075781,00:36:06.075928,00:36:06.072528
4,safe,00:36:11.142971,00:36:11.142971,00:36:11.143400,00:36:11.143400,00:36:11.144481,00:36:11.144481,00:36:11.147102,00:36:11.147102,00:36:11.160934,00:36:11.160953,00:36:11.172619,00:36:11.191667,00:36:11.657920,00:36:11.178532,00:36:11.183172,00:36:11.183188,00:36:11.188039,00:36:11.148116,00:36:11.148270,00:36:11.143939
4,safe,00:36:16.147780,00:36:16.147780,00:36:16.148203,00:36:16.148203,00:36:16.149418,00:36:16.149418,00:36:16.151917,00:36:16.151917,00:36:16.161157,00:36:16.161180,00:36:16.174103,00:36:16.192576,00:36:16.657145,00:36:16.179424,00:36:16.184039,00:36:16.184054,00:36:16.188869,00:36:16.169260,00:36:16.169363,00:36:16.148871
4,safe,00:36:20.778881,00:36:20.778881,00:36:20.779245,00:36:20.779245,00:36:20.780343,00:36:20.780343,00:36:20.781719,00:36:20.781719,00:36:20.795203,00:36:20.795235,00:36:20.808941,00:36:20.827924,00:36:21.291814,00:36:20.814199,00:36:20.819151,00:36:20.819173,00:36:20.824223,00:36:20.783095,00:36:20.783192,00:36:20.779802
4,leak,00:36:25.868293,00:36:25.868293,00:36:25.868721,00:36:25.868721,00:36:25.870052,00:36:25.870052,00:36:25.872669,00:36:25.872669,00:36:25.887059,00:36:25.887085,00:36:25.902320,00:36:25.922482,00:36:26.387639,00:36:25.908105,00:36:25.913127,00:36:25.913143,00:36:25.918397,00:36:25.873647,00:36:25.873777,00:36:25.869278
4,safe,00:36:29.059262,00:36:29.059262,00:36:29.059795,00:36:29.059795,00:36:29.061337,00:36:29.061337,00:36:29.062882,00:36:29.062882,00:36:29.072303,00:36:29.072332,00:36:29.086456,00:36:29.106589,00:36:29.570445,00:36:29.091792,00:36:29.097028,00:36:29.097057,00:36:29.102403,00:36:29.063298,00:36:29.063412,00:36:29.060555
4,safe,00:36:34.087977,00:36:34.087977,00:36:34.088385,00:36:34.088385,00:36:34.089544,00:36:34.089544,00:36:34.092342,00:36:34.092342,00:36:34.101473,00:36:34.101497,00:36:34.115686,00:36:34.134525,00:36:34.599656,00:36:34.121067,00:36:34.126003,00:36:34.126021,00:36:34.130807,00:36:34.107960,00:36:34.108054,00:36:34.088954
4,safe,00:36:38.743516,00:36:38.743516,00:36:38.743944,00:36:38.743944,00:36:38.745013,00:36:38.745013,00:36:38.746435,00:36:38.746435,00:36:38.759785,00:36:38.759809,00:36:38.783157,00:36:38.802404,00:36:39.267483,00:36:38.788767,00:36:38.793544,00:36:38.793564,00:36:38.798645,00:36:38.747827,00:36:38.747912,00:36:38.744540
4,safe,00:36:43.614299,00:36:43.614299,00:36:43.614784,00:36:43.614784,00:36:43.615909,00:36:43.615909,00:36:43.617649,00:36:43.617649,00:36:43.631034,00:36:43.631059,00:36:43.646680,00:36:43.665530,00:36:44.129750,00:36:43.651993,00:36:43.656722,00:36:43.656741,00:36:43.661673,00:36:43.619019,00:36:43.619098,00:36:43.615373
4,safe,00:36:48.413879,00:36:48.413879,00:36:48.414268,00:36:48.414268,00:36:48.415380,00:36:48.415380,00:36:48.416968,00:36:48.416968,00:36:48.431153,00:36:48.431181,00:36:48.444880,00:36:48.464356,00:36:48.928131,00:36:48.450407,00:36:48.455377,00:36:48.455398,00:36:48.460316,00:36:48.418497,00:36:48.418578,00:36:48.414893
4,safe,00:36:53.065899,00:36:53.065899,00:36:53.066367,00:36:53.066367,00:36:53.067385,00:36:53.067385,00:36:53.069081,00:36:53.069081,00:36:53.082874,00:36:53.082895,00:36:53.097729,00:36:53.116707,00:36:53.580593,00:36:53.103020,00:36:53.108053,00:36:53.108070,00:36:53.112868,00:36:53.070440,00:36:53.070517,00:36:53.066935
4,safe,00:36:57.735742,00:36:57.735742,00:36:57.736198,00:36:57.736198,00:36:57.737361,00:36:57.737361,00:36:57.738937,00:36:57.738937,00:36:57.753264,00:36:57.753287,00:36:57.768874,00:36:57.788753,00:36:58.252086,00:36:57.774663,00:36:57.779589,00:36:57.779613,00:36:57.784832,00:36:57.740360,00:36:57.740442,00:36:57.736829
4,safe,00:37:02.700485,00:37:02.700485,00:37:02.700815,00:37:02.700815,00:37:02.701996,00:37:02.701996,00:37:02.703378,00:37:02.703378,00:37:02.716860,00:37:02.716882,00:37:02.729848,00:37:02.749255,00:37:03.213888,00:37:02.735069,00:37:02.740084,00:37:02.740106,00:37:02.745246,00:37:02.705078,00:37:02.705252,00:37:02.701423
4,safe,00:37:07.695196,00:37:07.695196,00:37:07.695744,00:37:07.695744,00:37:07.696919,00:37:07.696919,00:37:07.698451,00:37:07.698451,00:37:07.714839,00:37:07.714859,00:37:07.728310,00:37:07.748034,00:37:08.211234,00:37:07.733824,00:37:07.738952,00:37:07.738976,00:37:07.744109,00:37:07.699824,00:37:07.699907,00:37:07.696410
4,safe,00:37:12.674076,00:37:12.674076,00:37:12.674410,00:37:12.674410,00:37:12.675521,00:37:12.675521,00:37:12.676884,00:37:12.676884,00:37:12.690655,00:37:12.690679,00:37:12.703958,00:37:12.723955,00:37:13.189594,00:37:12.709868,00:37:12.715144,00:37:12.715169,00:37:12.720133,00:37:12.678288,00:37:12.678368,00:37:12.675029
4,safe,00:37:17.497067,00:37:17.497067,00:37:17.497563,00:37:17.497563,00:37:17.499074,00:37:17.499074,00:37:17.500732,00:37:17.500732,00:37:17.514321,00:37:17.514343,00:37:17.528318,00:37:17.548024,00:37:18.012517,00:37:17.533978,00:37:17.539166,00:37:17.539189,00:37:17.544255,00:37:17.501596,00:37:17.501828,00:37:17.498204
4,leak,00:37:22.585846,00:37:22.585846,00:37:22.586341,00:37:22.586341,00:37:22.587416,00:37:22.587416,00:37:22.589745,00:37:22.589745,00:37:22.603323,00:37:22.603350,00:37:22.616963,00:37:22.635669,00:37:23.100968,00:37:22.622171,00:37:22.627140,00:37:22.627162,00:37:22.632012,00:37:22.591149,00:37:22.591235,00:37:22.586941
4,safe,00:37:25.759862,00:37:25.759862,00:37:25.760172,00:37:25.760172,00:37:25.761204,00:37:25.761204,00:37:25.762853,00:37:25.762853,00:37:25.777046,00:37:25.777073,00:37:25.790256,00:37:25.808649,00:37:26.270969,00:37:25.795622,00:37:25.800231,00:37:25.800250,00:37:25.804956,00:37:25.764096,00:37:25.764195,00:37:25.760732
4,safe,00:37:30.449126,00:37:30.449126,00:37:30.449601,00:37:30.449601,00:37:30.450776,00:37:30.450776,00:37:30.452609,00:37:30.452609,00:37:30.466488,00:37:30.466510,00:37:30.480423,00:37:30.500598,00:37:30.964906,00:37:30.485836,00:37:30.491171,00:37:30.491197,00:37:30.496370,00:37:30.453504,00:37:30.453722,00:37:30.450238
4,leak,00:37:35.531560,00:37:35.531560,00:37:35.531889,00:37:35.531889,00:37:35.533055,00:37:35.533055,00:37:35.535240,00:37:35.535240,00:37:35.544562,00:37:35.544581,00:37:35.566643,00:37:35.586263,00:37:36.051222,00:37:35.572117,00:37:35.577320,00:37:35.577344,00:37:35.582366,00:37:35.559814,00:37:35.559939,00:37:35.532492
4,safe,00:37:38.813501,00:37:38.813501,00:37:38.813917,00:37:38.813917,00:37:38.815168,00:37:38.815168,00:37:38.816873,00:37:38.816873,00:37:38.830263,00:37:38.830285,00:37:38.845894,00:37:38.865113,00:37:39.327692,00:37:38.851506,00:37:38.856623,00:37:38.856640,00:37:38.861441,00:37:38.818156,00:37:38.818238,00:37:38.814602
4,leak,00:37:43.882731,00:37:43.882731,00:37:43.883057,00:37:43.883057,00:37:43.884139,00:37:43.884139,00:37:43.886721,00:37:43.886721,00:37:43.900236,00:37:43.900261,00:37:43.913711,00:37:43.932214,00:37:44.396582,00:37:43.918854,00:37:43.923505,00:37:43.923522,00:37:43.928473,00:37:43.888041,00:37:43.888144,00:37:43.883608
4,safe,00:37:47.108515,00:37:47.108515,00:37:47.108996,00:37:47.108996,00:37:47.110563,00:37:47.110563,00:37:47.112280,00:37:47.112280,00:37:47.122069,00:37:47.122102,00:37:47.137760,00:37:47.157138,00:37:47.619953,00:37:47.143276,00:37:47.148129,00:37:47.148146,00:37:47.153252,00:37:47.113112,00:37:47.113214,00:37:47.109765
4,safe,00:37:52.217626,00:37:52.217626,00:37:52.217998,00:37:52.217998,00:37:52.219081,00:37:52.219081,00:37:52.221143,00:37:52.221143,00:37:52.235051,00:37:52.235077,00:37:52.248290,00:37:52.266777,00:37:52.732150,00:37:52.253514,00:37:52.258206,00:37:52.258221,00:37:52.262991,00:37:52.222622,00:37:52.222707,00:37:52.218551
4,safe,00:37:57.334421,00:37:57.334421,00:37:57.334951,00:37:57.334951,00:37:57.336105,00:37:57.336105,00:37:57.338827,00:37:57.338827,00:37:57.348792,00:37:57.348825,00:37:57.363379,00:37:57.383492,00:37:57.848105,00:37:57.369098,00:37:57.374303,00:37:57.374325,00:37:57.379391,00:37:57.363973,00:37:57.364085,00:37:57.335610
4,safe,00:38:02.250729,00:38:02.250729,00:38:02.251177,00:38:02.251177,00:38:02.252304,00:38:02.252304,00:38:02.253920,00:38:02.253920,00:38:02.267575,00:38:02.267597,00:38:02.281778,00:38:02.302641,00:38:02.768369,00:38:02.287792,00:38:02.292802,00:38:02.292817,00:38:02.298324,00:38:02.255094,00:38:02.255174,00:38:02.251749
4,safe,00:38:07.308464,00:38:07.308464,00:38:07.308828,00:38:07.308828,00:38:07.309969,00:38:07.309969,00:38:07.312109,00:38:07.312109,00:38:07.321675,00:38:07.321701,00:38:07.335000,00:38:07.355025,00:38:07.820312,00:38:07.341012,00:38:07.346142,00:38:07.346163,00:38:07.351184,00:38:07.338387,00:38:07.338532,00:38:07.309483
4,safe,00:38:12.388897,00:38:12.388897,00:38:12.389397,00:38:12.389397,00:38:12.390560,00:38:12.390560,00:38:12.392830,00:38:12.392830,00:38:12.407472,00:38:12.407495,00:38:12.421758,00:38:12.440685,00:38:12.905221,00:38:12.427058,00:38:12.431804,00:38:12.431832,00:38:12.436989,00:38:12.394027,00:38:12.394158,00:38:12.390076
4,safe,00:38:17.122840,00:38:17.122840,00:38:17.123390,00:38:17.123390,00:38:17.125397,00:38:17.125397,00:38:17.127243,00:38:17.127243,00:38:17.137002,00:38:17.137047,00:38:17.153143,00:38:17.177476,00:38:17.649866,00:38:17.160234,00:38:17.166230,00:38:17.166257,00:38:17.172137,00:38:17.127462,00:38:17.127640,00:38:17.124614
4,safe,00:38:21.962032,00:38:21.962032,00:38:21.962483,00:38:21.962483,00:38:21.963635,00:38:21.963635,00:38:21.965225,00:38:21.965225,00:38:21.978663,00:38:21.978684,00:38:21.992222,00:38:22.011631,00:38:22.474762,00:38:21.997602,00:38:22.002765,00:38:22.002784,00:38:22.007795,00:38:21.966644,00:38:21.966723,00:38:21.963100
4,safe,00:38:26.744595,00:38:26.744595,00:38:26.745102,00:38:26.745102,00:38:26.746295,00:38:26.746295,00:38:26.747879,00:38:26.747879,00:38:26.761863,00:38:26.761889,00:38:26.776180,00:38:26.794754,00:38:27.265271,00:38:26.781777,00:38:26.786444,00:38:26.786460,00:38:26.791116,00:38:26.749165,00:38:26.749259,00:38:26.745759
4,safe,00:38:31.897026,00:38:31.897026,00:38:31.897395,00:38:31.897395,00:38:31.898753,00:38:31.898753,00:38:31.901019,00:38:31.901019,00:38:31.967216,00:38:31.967259,00:38:32.004617,00:38:32.040153,00:38:32.509554,00:38:32.026452,00:38:32.031344,00:38:32.031360,00:38:32.036218,00:38:31.912789,00:38:31.912896,00:38:31.898105
4,safe,00:38:37.033321,00:38:37.033321,00:38:37.034035,00:38:37.034035,00:38:37.035919,00:38:37.035919,00:38:37.039567,00:38:37.039567,00:38:37.107917,00:38:37.107970,00:38:37.130413,00:38:37.161799,00:38:37.673664,00:38:37.138329,00:38:37.146489,00:38:37.146525,00:38:37.154988,00:38:37.038728,00:38:37.040444,00:38:37.034915
4,safe,00:38:41.853438,00:38:41.853438,00:38:41.853887,00:38:41.853887,00:38:41.855185,00:38:41.855185,00:38:41.856909,00:38:41.856909,00:38:41.918620,00:38:41.918663,00:38:41.934112,00:38:41.952965,00:38:42.416708,00:38:41.939643,00:38:41.944257,00:38:41.944273,00:38:41.949246,00:38:41.858121,00:38:41.870050,00:38:41.854591
4,leak,00:38:46.875813,00:38:46.875813,00:38:46.876272,00:38:46.876272,00:38:46.877752,00:38:46.877752,00:38:46.880357,00:38:46.880357,00:38:46.945862,00:38:46.945929,00:38:46.963570,00:38:46.995105,00:38:47.472566,00:38:46.971669,00:38:46.978957,00:38:46.978990,00:38:46.987512,00:38:46.895148,00:38:46.895334,00:38:46.877149
4,safe,00:38:50.528994,00:38:50.528994,00:38:50.529439,00:38:50.529439,00:38:50.530686,00:38:50.530686,00:38:50.532283,00:38:50.532283,00:38:50.608166,00:38:50.608206,00:38:50.621899,00:38:50.640976,00:38:51.104198,00:38:50.627173,00:38:50.632297,00:38:50.632315,00:38:50.637076,00:38:50.533242,00:38:50.533470,00:38:50.530122
4,safe,00:38:55.285076,00:38:55.285076,00:38:55.285450,00:38:55.285450,00:38:55.286677,00:38:55.286677,00:38:55.288217,00:38:55.288217,00:38:55.368996,00:38:55.369039,00:38:55.382854,00:38:55.401716,00:38:55.865957,00:38:55.388068,00:38:55.392904,00:38:55.392920,00:38:55.398017,00:38:55.289820,00:38:55.289903,00:38:55.286094
4,safe,00:39:00.535654,00:39:00.535654,00:39:00.536141,00:39:00.536141,00:39:00.537418,00:39:00.537418,00:39:00.539764,00:39:00.539764,00:39:00.605924,00:39:00.605975,00:39:00.619411,00:39:00.638408,00:39:01.102070,00:39:00.625098,00:39:00.629778,00:39:00.629793,00:39:00.634563,00:39:00.540998,00:39:00.541101,00:39:00.536851
4,safe,00:39:05.378532,00:39:05.378532,00:39:05.378918,00:39:05.378918,00:39:05.380230,00:39:05.380230,00:39:05.381719,00:39:05.381719,00:39:05.443223,00:39:05.443254,00:39:05.456269,00:39:05.476219,00:39:05.941024,00:39:05.461623,00:39:05.466459,00:39:05.466480,00:39:05.471885,00:39:05.383082,00:39:05.383181,00:39:05.379647
4,safe,00:39:10.196416,00:39:10.196416,00:39:10.196734,00:39:10.196734,00:39:10.197887,00:39:10.197887,00:39:10.199435,00:39:10.199435,00:39:10.266398,00:39:10.266443,00:39:10.280272,00:39:10.299020,00:39:10.760836,00:39:10.285568,00:39:10.290535,00:39:10.290553,00:39:10.295346,00:39:10.200805,00:39:10.200886,00:39:10.197400
4,leak,00:39:15.033833,00:39:15.033833,00:39:15.034213,00:39:15.034213,00:39:15.035474,00:39:15.035474,00:39:15.036953,00:39:15.036953,00:39:15.110843,00:39:15.110893,00:39:15.125203,00:39:15.145651,00:39:15.610183,00:39:15.130956,00:39:15.136313,00:39:15.136336,00:39:15.141586,00:39:15.038285,00:39:15.038366,00:39:15.034913
4,safe,00:39:18.610820,00:39:18.610820,00:39:18.611248,00:39:18.611248,00:39:18.612680,00:39:18.612680,00:39:18.614189,00:39:18.614189,00:39:18.675504,00:39:18.675547,00:39:18.688838,00:39:18.707649,00:39:19.170496,00:39:18.694473,00:39:18.699048,00:39:18.699065,00:39:18.703900,00:39:18.614904,00:39:18.614989,00:39:18.612096
4,safe,00:39:23.435994,00:39:23.435994,00:39:23.436388,00:39:23.436388,00:39:23.437693,00:39:23.437693,00:39:23.439392,00:39:23.439392,00:39:23.519282,00:39:23.519321,00:39:23.532743,00:39:23.551516,00:39:24.015821,00:39:23.538161,00:39:23.542989,00:39:23.543007,00:39:23.547836,00:39:23.440149,00:39:23.440603,00:39:23.437150
4,leak,00:39:28.620046,00:39:28.620046,00:39:28.620447,00:39:28.620447,00:39:28.621839,00:39:28.621839,00:39:28.623976,00:39:28.623976,00:39:28.684612,00:39:28.684653,00:39:28.707762,00:39:28.727046,00:39:29.191430,00:39:28.713403,00:39:28.718559,00:39:28.718580,00:39:28.723379,00:39:28.624929,00:39:28.625064,00:39:28.621247
4,safe,00:39:31.910275,00:39:31.910275,00:39:31.910616,00:39:31.910616,00:39:31.911914,00:39:31.911914,00:39:31.913275,00:39:31.913275,00:39:31.974864,00:39:31.974906,00:39:31.989659,00:39:32.009459,00:39:32.470623,00:39:31.995307,00:39:32.000333,00:39:32.000354,00:39:32.005439,00:39:31.914568,00:39:31.914652,00:39:31.911307
4,safe,00:39:36.814147,00:39:36.814147,00:39:36.814571,00:39:36.814571,00:39:36.815830,00:39:36.815830,00:39:36.817312,00:39:36.817312,00:39:36.830952,00:39:36.830976,00:39:36.844529,00:39:36.862841,00:39:37.334207,00:39:36.849722,00:39:36.854390,00:39:36.854407,00:39:36.859128,00:39:36.818505,00:39:36.818609,00:39:36.815232
4,safe,00:39:41.813717,00:39:41.813717,00:39:41.814041,00:39:41.814041,00:39:41.815178,00:39:41.815178,00:39:41.816716,00:39:41.816716,00:39:41.830472,00:39:41.830506,00:39:41.843596,00:39:41.863033,00:39:42.327144,00:39:41.848973,00:39:41.854075,00:39:41.854098,00:39:41.859239,00:39:41.818097,00:39:41.818196,00:39:41.814684
4,safe,00:39:46.527575,00:39:46.527575,00:39:46.527939,00:39:46.527939,00:39:46.529046,00:39:46.529046,00:39:46.530735,00:39:46.530735,00:39:46.544298,00:39:46.544321,00:39:46.557462,00:39:46.576914,00:39:47.045419,00:39:46.562874,00:39:46.567667,00:39:46.567684,00:39:46.572628,00:39:46.532284,00:39:46.532364,00:39:46.528509
4,leak,00:39:51.621527,00:39:51.621527,00:39:51.621916,00:39:51.621916,00:39:51.623066,00:39:51.623066,00:39:51.625672,00:39:51.625672,00:39:51.634814,00:39:51.634838,00:39:51.647799,00:39:51.666925,00:39:52.130573,00:39:51.653194,00:39:51.658147,00:39:51.658169,00:39:51.663136,00:39:51.641172,00:39:51.641269,00:39:51.622525
4,safe,00:39:54.861028,00:39:54.861028,00:39:54.861409,00:39:54.861409,00:39:54.862844,00:39:54.862844,00:39:54.864413,00:39:54.864413,00:39:54.877786,00:39:54.877811,00:39:54.891185,00:39:54.909633,00:39:55.371669,00:39:54.896429,00:39:54.901114,00:39:54.901130,00:39:54.905926,00:39:54.865439,00:39:54.865528,00:39:54.862069
4,leak,00:39:59.634558,00:39:59.634558,00:39:59.634968,00:39:59.634968,00:39:59.636276,00:39:59.636276,00:39:59.637930,00:39:59.637930,00:39:59.651848,00:39:59.651876,00:39:59.667134,00:39:59.688192,00:40:00.152623,00:39:59.673604,00:39:59.678974,00:39:59.678995,00:39:59.684487,00:39:59.639074,00:39:59.639289,00:39:59.635737
4,safe,00:40:02.992985,00:40:02.992985,00:40:02.993311,00:40:02.993311,00:40:02.994368,00:40:02.994368,00:40:02.995787,00:40:02.995787,00:40:03.009737,00:40:03.009762,00:40:03.023360,00:40:03.042147,00:40:03.503246,00:40:03.028727,00:40:03.033444,00:40:03.033462,00:40:03.038402,00:40:02.997572,00:40:02.997662,00:40:02.993894
4,safe,00:40:07.982865,00:40:07.982865,00:40:07.983190,00:40:07.983190,00:40:07.984283,00:40:07.984283,00:40:07.985617,00:40:07.985617,00:40:07.999010,00:40:07.999036,00:40:08.012771,00:40:08.032779,00:40:08.496392,00:40:08.018240,00:40:08.023378,00:40:08.023401,00:40:08.028870,00:40:07.987806,00:40:07.987894,00:40:07.983809
4,safe,00:40:13.064816,00:40:13.064816,00:40:13.065196,00:40:13.065196,00:40:13.066370,00:40:13.066370,00:40:13.068355,00:40:13.068355,00:40:13.081691,00:40:13.081719,00:40:13.095826,00:40:13.115723,00:40:13.580738,00:40:13.101668,00:40:13.106936,00:40:13.106958,00:40:13.111893,00:40:13.069936,00:40:13.070030,00:40:13.065857
4,safe,00:40:18.081979,00:40:18.081979,00:40:18.082404,00:40:18.082404,00:40:18.083855,00:40:18.083855,00:40:18.086376,00:40:18.086376,00:40:18.096024,00:40:18.096048,00:40:18.109313,00:40:18.129859,00:40:18.593745,00:40:18.115167,00:40:18.120275,00:40:18.120298,00:40:18.125547,00:40:18.105965,00:40:18.106116,00:40:18.083113
4,error,,,,,,,,,,,,,,,,,,,,
4,safe,00:40:23.465107,00:40:23.465107,00:40:23.465649,00:40:23.465649,00:40:23.467255,00:40:23.467255,00:40:23.469911,00:40:23.469911,00:40:23.479414,00:40:23.479438,00:40:23.502621,00:40:23.522900,00:40:23.995479,00:40:23.508328,00:40:23.513888,00:40:23.513912,00:40:23.519110,00:40:23.470059,00:40:23.470174,00:40:23.466488
4,leak,00:40:28.102756,00:40:28.102756,00:40:28.103130,00:40:28.103130,00:40:28.104360,00:40:28.104360,00:40:28.105677,00:40:28.105677,00:40:28.118949,00:40:28.118975,00:40:28.132944,00:40:28.151779,00:40:28.615463,00:40:28.138323,00:40:28.143275,00:40:28.143292,00:40:28.148067,00:40:28.107489,00:40:28.107577,00:40:28.103781
4,safe,00:40:31.255374,00:40:31.255374,00:40:31.255755,00:40:31.255755,00:40:31.257111,00:40:31.257111,00:40:31.258746,00:40:31.258746,00:40:31.272625,00:40:31.272651,00:40:31.286198,00:40:31.305712,00:40:31.767526,00:40:31.291683,00:40:31.296599,00:40:31.296617,00:40:31.301630,00:40:31.259499,00:40:31.259583,00:40:31.256517
4,safe,00:40:36.330870,00:40:36.330870,00:40:36.331265,00:40:36.331265,00:40:36.332543,00:40:36.332543,00:40:36.334697,00:40:36.334697,00:40:36.344989,00:40:36.345013,00:40:36.358409,00:40:36.377212,00:40:36.842147,00:40:36.363771,00:40:36.368654,00:40:36.368673,00:40:36.373569,00:40:36.349606,00:40:36.349743,00:40:36.332019
4,safe,00:40:41.025970,00:40:41.025970,00:40:41.026385,00:40:41.026385,00:40:41.027855,00:40:41.027855,00:40:41.029226,00:40:41.029226,00:40:41.046173,00:40:41.046205,00:40:41.059483,00:40:41.078444,00:40:41.542206,00:40:41.065001,00:40:41.069660,00:40:41.069676,00:40:41.074566,00:40:41.030263,00:40:41.030364,00:40:41.027027
4,safe,00:40:45.981039,00:40:45.981039,00:40:45.981371,00:40:45.981371,00:40:45.982464,00:40:45.982464,00:40:45.983864,00:40:45.983864,00:40:45.997387,00:40:45.997411,00:40:46.010864,00:40:46.029624,00:40:46.494283,00:40:46.016384,00:40:46.021063,00:40:46.021079,00:40:46.025873,00:40:45.985406,00:40:45.985503,00:40:45.981989
4,safe,00:40:51.075063,00:40:51.075063,00:40:51.075485,00:40:51.075485,00:40:51.076732,00:40:51.076732,00:40:51.078885,00:40:51.078885,00:40:51.088111,00:40:51.088137,00:40:51.101669,00:40:51.120107,00:40:51.584612,00:40:51.107012,00:40:51.111703,00:40:51.111721,00:40:51.116433,00:40:51.096350,00:40:51.096530,00:40:51.076171
4,safe,00:40:55.978963,00:40:55.978963,00:40:55.979405,00:40:55.979405,00:40:55.980487,00:40:55.980487,00:40:55.981909,00:40:55.981909,00:40:55.995298,00:40:55.995321,00:40:56.008722,00:40:56.027971,00:40:56.493102,00:40:56.014265,00:40:56.019117,00:40:56.019135,00:40:56.023931,00:40:55.983149,00:40:55.983245,00:40:55.980003
4,safe,00:41:01.077129,00:41:01.077129,00:41:01.077465,00:41:01.077465,00:41:01.078534,00:41:01.078534,00:41:01.080842,00:41:01.080842,00:41:01.089904,00:41:01.089928,00:41:01.105026,00:41:01.125838,00:41:01.590230,00:41:01.111663,00:41:01.116916,00:41:01.116946,00:41:01.121979,00:41:01.097336,00:41:01.097450,00:41:01.078057
4,safe,00:41:05.819543,00:41:05.819543,00:41:05.819971,00:41:05.819971,00:41:05.821057,00:41:05.821057,00:41:05.822330,00:41:05.822330,00:41:05.835880,00:41:05.835907,00:41:05.849441,00:41:05.869140,00:41:06.334369,00:41:05.854983,00:41:05.860080,00:41:05.860100,00:41:05.865159,00:41:05.823750,00:41:05.823853,00:41:05.820584
4,leak,00:41:10.427629,00:41:10.427629,00:41:10.428001,00:41:10.428001,00:41:10.429392,00:41:10.429392,00:41:10.431026,00:41:10.431026,00:41:10.456015,00:41:10.456043,00:41:10.469245,00:41:10.488484,00:41:10.954389,00:41:10.474801,00:41:10.479621,00:41:10.479638,00:41:10.484675,00:41:10.431943,00:41:10.432041,00:41:10.428646
4,leak,00:41:13.779692,00:41:13.779692,00:41:13.780065,00:41:13.780065,00:41:13.781253,00:41:13.781253,00:41:13.782697,00:41:13.782697,00:41:13.796175,00:41:13.796202,00:41:13.809219,00:41:13.828525,00:41:14.291553,00:41:13.814775,00:41:13.819823,00:41:13.819844,00:41:13.824746,00:41:13.784350,00:41:13.784431,00:41:13.780693
4,safe,00:41:17.007869,00:41:17.007869,00:41:17.008365,00:41:17.008365,00:41:17.009954,00:41:17.009954,00:41:17.011764,00:41:17.011764,00:41:17.022478,00:41:17.022513,00:41:17.050635,00:41:17.078683,00:41:17.554218,00:41:17.057940,00:41:17.064627,00:41:17.064658,00:41:17.072173,00:41:17.012242,00:41:17.012425,00:41:17.009180
4,safe,00:41:21.851284,00:41:21.851284,00:41:21.851705,00:41:21.851705,00:41:21.852986,00:41:21.852986,00:41:21.854847,00:41:21.854847,00:41:21.868283,00:41:21.868304,00:41:21.882349,00:41:21.901196,00:41:22.366534,00:41:21.887819,00:41:21.892531,00:41:21.892551,00:41:21.897525,00:41:21.855449,00:41:21.855540,00:41:21.852415
4,leak,00:41:26.927878,00:41:26.927878,00:41:26.928313,00:41:26.928313,00:41:26.929579,00:41:26.929579,00:41:26.931665,00:41:26.931665,00:41:26.945840,00:41:26.945866,00:41:26.959183,00:41:26.979544,00:41:27.449972,00:41:26.964573,00:41:26.969756,00:41:26.969780,00:41:26.975011,00:41:26.932889,00:41:26.932976,00:41:26.928998
4,safe,00:41:29.954274,00:41:29.954274,00:41:29.954603,00:41:29.954603,00:41:29.955791,00:41:29.955791,00:41:29.957340,00:41:29.957340,00:41:29.970639,00:41:29.970664,00:41:29.984147,00:41:30.003258,00:41:30.463444,00:41:29.989426,00:41:29.994125,00:41:29.994140,00:41:29.998965,00:41:29.958806,00:41:29.958889,00:41:29.955229
4,leak,00:41:34.622010,00:41:34.622010,00:41:34.622443,00:41:34.622443,00:41:34.623926,00:41:34.623926,00:41:34.625227,00:41:34.625227,00:41:34.638836,00:41:34.638862,00:41:34.652155,00:41:34.671973,00:41:35.135396,00:41:34.657549,00:41:34.662580,00:41:34.662605,00:41:34.667986,00:41:34.626384,00:41:34.626473,00:41:34.623271
4,safe,00:41:38.070163,00:41:38.070163,00:41:38.070550,00:41:38.070550,00:41:38.071764,00:41:38.071764,00:41:38.073339,00:41:38.073339,00:41:38.086908,00:41:38.086935,00:41:38.100027,00:41:38.119217,00:41:38.581878,00:41:38.105302,00:41:38.110286,00:41:38.110306,00:41:38.115529,00:41:38.075262,00:41:38.075343,00:41:38.071269
4,leak,00:41:42.766561,00:41:42.766561,00:41:42.766890,00:41:42.766890,00:41:42.768080,00:41:42.768080,00:41:42.769782,00:41:42.769782,00:41:42.784207,00:41:42.784237,00:41:42.797448,00:41:42.817831,00:41:43.279764,00:41:42.803047,00:41:42.808145,00:41:42.808161,00:41:42.813829,00:41:42.770744,00:41:42.770826,00:41:42.767546
4,safe,00:41:46.296332,00:41:46.296332,00:41:46.296706,00:41:46.296706,00:41:46.297964,00:41:46.297964,00:41:46.299366,00:41:46.299366,00:41:46.313758,00:41:46.313784,00:41:46.326455,00:41:46.345817,00:41:46.812269,00:41:46.331686,00:41:46.336635,00:41:46.336661,00:41:46.341960,00:41:46.300926,00:41:46.301007,00:41:46.297361
5,safe,00:41:51.015022,00:41:51.015022,00:41:51.015440,00:41:51.015440,00:41:51.017051,00:41:51.017051,00:41:51.018740,00:41:51.018740,00:41:51.032269,00:41:51.032292,00:41:51.045180,00:41:51.065244,00:41:51.534087,00:41:51.050688,00:41:51.056027,00:41:51.056053,00:41:51.061225,00:41:51.020086,00:41:51.020184,00:41:51.016139
5,safe,00:41:56.069117,00:41:56.069117,00:41:56.069563,00:41:56.069563,00:41:56.070966,00:41:56.070966,00:41:56.073415,00:41:56.073415,00:41:56.083044,00:41:56.083066,00:41:56.096324,00:41:56.116750,00:41:56.582704,00:41:56.102098,00:41:56.107303,00:41:56.107319,00:41:56.112692,00:41:56.098093,00:41:56.098229,00:41:56.070204
5,safe,00:42:01.285143,00:42:01.285143,00:42:01.285555,00:42:01.285555,00:42:01.286725,00:42:01.286725,00:42:01.288782,00:42:01.288782,00:42:01.297979,00:42:01.297999,00:42:01.310942,00:42:01.330426,00:42:01.799830,00:42:01.316387,00:42:01.321377,00:42:01.321414,00:42:01.326505,00:42:01.312360,00:42:01.312491,00:42:01.286228
5,leak,00:42:06.255540,00:42:06.255540,00:42:06.255865,00:42:06.255865,00:42:06.256963,00:42:06.256963,00:42:06.258478,00:42:06.258478,00:42:06.272427,00:42:06.272452,00:42:06.286513,00:42:06.305915,00:42:06.771386,00:42:06.292003,00:42:06.297125,00:42:06.297146,00:42:06.302134,00:42:06.261336,00:42:06.261442,00:42:06.256425
5,leak,00:42:09.650637,00:42:09.650637,00:42:09.651047,00:42:09.651047,00:42:09.652287,00:42:09.652287,00:42:09.653990,00:42:09.653990,00:42:09.667527,00:42:09.667554,00:42:09.689518,00:42:09.709282,00:42:10.171963,00:42:09.695189,00:42:09.700258,00:42:09.700279,00:42:09.705185,00:42:09.655941,00:42:09.656037,00:42:09.651753
5,safe,00:42:13.131392,00:42:13.131392,00:42:13.131783,00:42:13.131783,00:42:13.132908,00:42:13.132908,00:42:13.134267,00:42:13.134267,00:42:13.148084,00:42:13.148110,00:42:13.162436,00:42:13.182519,00:42:13.645056,00:42:13.168022,00:42:13.173365,00:42:13.173390,00:42:13.178643,00:42:13.136646,00:42:13.136728,00:42:13.132414
5,leak,00:42:17.886927,00:42:17.886927,00:42:17.887327,00:42:17.887327,00:42:17.888508,00:42:17.888508,00:42:17.890279,00:42:17.890279,00:42:17.904134,00:42:17.904160,00:42:17.917458,00:42:17.935995,00:42:18.400911,00:42:17.922789,00:42:17.927542,00:42:17.927560,00:42:17.932264,00:42:17.892415,00:42:17.892499,00:42:17.887984
5,safe,00:42:21.439742,00:42:21.439742,00:42:21.440087,00:42:21.440087,00:42:21.441309,00:42:21.441309,00:42:21.442826,00:42:21.442826,00:42:21.459038,00:42:21.459066,00:42:21.472556,00:42:21.493005,00:42:21.957212,00:42:21.478043,00:42:21.483252,00:42:21.483267,00:42:21.489035,00:42:21.445442,00:42:21.445531,00:42:21.440768
5,safe,00:42:26.451864,00:42:26.451864,00:42:26.452261,00:42:26.452261,00:42:26.453896,00:42:26.453896,00:42:26.456289,00:42:26.456289,00:42:26.465749,00:42:26.465780,00:42:26.480059,00:42:26.499917,00:42:26.964987,00:42:26.485625,00:42:26.490483,00:42:26.490500,00:42:26.495486,00:42:26.474019,00:42:26.474166,00:42:26.452926
5,safe,00:42:31.219144,00:42:31.219144,00:42:31.219716,00:42:31.219716,00:42:31.221108,00:42:31.221108,00:42:31.222433,00:42:31.222433,00:42:31.236918,00:42:31.236953,00:42:31.250405,00:42:31.269876,00:42:31.735980,00:42:31.255936,00:42:31.260937,00:42:31.260955,00:42:31.265749,00:42:31.224690,00:42:31.224780,00:42:31.220461
5,safe,00:42:36.016359,00:42:36.016359,00:42:36.016751,00:42:36.016751,00:42:36.018438,00:42:36.018438,00:42:36.019889,00:42:36.019889,00:42:36.033426,00:42:36.033451,00:42:36.046597,00:42:36.065816,00:42:36.532636,00:42:36.052172,00:42:36.057357,00:42:36.057379,00:42:36.062071,00:42:36.021947,00:42:36.022053,00:42:36.017532
5,safe,00:42:40.323493,00:42:40.323493,00:42:40.323836,00:42:40.323836,00:42:40.325164,00:42:40.325164,00:42:40.326750,00:42:40.326750,00:42:40.340880,00:42:40.340906,00:42:40.354782,00:42:40.374240,00:42:40.847253,00:42:40.360501,00:42:40.365508,00:42:40.365526,00:42:40.370457,00:42:40.328828,00:42:40.328913,00:42:40.324587
5,safe,00:42:45.382149,00:42:45.382149,00:42:45.382610,00:42:45.382610,00:42:45.384096,00:42:45.384096,00:42:45.386406,00:42:45.386406,00:42:45.395723,00:42:45.395748,00:42:45.408570,00:42:45.428146,00:42:45.892439,00:42:45.413843,00:42:45.419191,00:42:45.419213,00:42:45.424186,00:42:45.410595,00:42:45.410724,00:42:45.383330
5,safe,00:42:50.363820,00:42:50.363820,00:42:50.364151,00:42:50.364151,00:42:50.365489,00:42:50.365489,00:42:50.367079,00:42:50.367079,00:42:50.380538,00:42:50.380562,00:42:50.393863,00:42:50.412786,00:42:50.874937,00:42:50.399202,00:42:50.404053,00:42:50.404069,00:42:50.409065,00:42:50.369367,00:42:50.369463,00:42:50.364825
5,safe,00:42:55.413940,00:42:55.413940,00:42:55.414350,00:42:55.414350,00:42:55.415878,00:42:55.415878,00:42:55.418206,00:42:55.418206,00:42:55.427648,00:42:55.427668,00:42:55.440498,00:42:55.460474,00:42:55.928079,00:42:55.446184,00:42:55.451456,00:42:55.451480,00:42:55.456603,00:42:55.444037,00:42:55.444172,00:42:55.414992
5,safe,00:43:00.162944,00:43:00.162944,00:43:00.163320,00:43:00.163320,00:43:00.164454,00:43:00.164454,00:43:00.165937,00:43:00.165937,00:43:00.179422,00:43:00.179445,00:43:00.193975,00:43:00.214847,00:43:00.676917,00:43:00.200696,00:43:00.205768,00:43:00.205789,00:43:00.210771,00:43:00.168456,00:43:00.168535,00:43:00.163957
5,safe,00:43:04.930886,00:43:04.930886,00:43:04.931259,00:43:04.931259,00:43:04.932386,00:43:04.932386,00:43:04.933712,00:43:04.933712,00:43:04.946976,00:43:04.946998,00:43:04.968429,00:43:04.987443,00:43:05.451383,00:43:04.974107,00:43:04.978825,00:43:04.978843,00:43:04.983680,00:43:04.936657,00:43:04.936764,00:43:04.931897
5,safe,00:43:09.900282,00:43:09.900282,00:43:09.900670,00:43:09.900670,00:43:09.901919,00:43:09.901919,00:43:09.903207,00:43:09.903207,00:43:09.916998,00:43:09.917024,00:43:09.930836,00:43:09.950369,00:43:10.416022,00:43:09.935939,00:43:09.941012,00:43:09.941036,00:43:09.946375,00:43:09.905663,00:43:09.905773,00:43:09.901375
5,leak,00:43:14.877640,00:43:14.877640,00:43:14.877968,00:43:14.877968,00:43:14.879029,00:43:14.879029,00:43:14.880468,00:43:14.880468,00:43:14.894796,00:43:14.894817,00:43:14.907846,00:43:14.926689,00:43:15.391526,00:43:14.913135,00:43:14.917822,00:43:14.917839,00:43:14.922788,00:43:14.883933,00:43:14.884032,00:43:14.878539
5,safe,00:43:18.303515,00:43:18.303515,00:43:18.303829,00:43:18.303829,00:43:18.304935,00:43:18.304935,00:43:18.306351,00:43:18.306351,00:43:18.320578,00:43:18.320599,00:43:18.333511,00:43:18.352839,00:43:18.815037,00:43:18.339033,00:43:18.344266,00:43:18.344283,00:43:18.349076,00:43:18.308959,00:43:18.309049,00:43:18.304430
5,safe,00:43:23.384356,00:43:23.384356,00:43:23.384692,00:43:23.384692,00:43:23.385842,00:43:23.385842,00:43:23.387904,00:43:23.387904,00:43:23.398540,00:43:23.398564,00:43:23.411568,00:43:23.430518,00:43:23.895600,00:43:23.416928,00:43:23.421660,00:43:23.421679,00:43:23.426728,00:43:23.411888,00:43:23.412004,00:43:23.385342
5,safe,00:43:28.653475,00:43:28.653475,00:43:28.653795,00:43:28.653795,00:43:28.654956,00:43:28.654956,00:43:28.657480,00:43:28.657480,00:43:28.666804,00:43:28.666829,00:43:28.679874,00:43:28.699073,00:43:29.169532,00:43:28.685536,00:43:28.690303,00:43:28.690322,00:43:28.695076,00:43:28.682399,00:43:28.682512,00:43:28.654378
5,leak,00:43:33.364402,00:43:33.364402,00:43:33.364803,00:43:33.364803,00:43:33.366041,00:43:33.366041,00:43:33.367428,00:43:33.367428,00:43:33.380855,00:43:33.380880,00:43:33.394589,00:43:33.414190,00:43:33.876085,00:43:33.400198,00:43:33.405194,00:43:33.405214,00:43:33.410039,00:43:33.369524,00:43:33.369615,00:43:33.365436
5,safe,00:43:36.770594,00:43:36.770594,00:43:36.771007,00:43:36.771007,00:43:36.772229,00:43:36.772229,00:43:36.773639,00:43:36.773639,00:43:36.787444,00:43:36.787467,00:43:36.801864,00:43:36.821136,00:43:37.290798,00:43:36.807443,00:43:36.811971,00:43:36.811987,00:43:36.816756,00:43:36.775942,00:43:36.776019,00:43:36.771729
5,safe,00:43:41.778859,00:43:41.778859,00:43:41.779248,00:43:41.779248,00:43:41.780419,00:43:41.780419,00:43:41.782582,00:43:41.782582,00:43:41.791857,00:43:41.791881,00:43:41.804527,00:43:41.824314,00:43:42.288513,00:43:41.810086,00:43:41.815394,00:43:41.815419,00:43:41.820465,00:43:41.805790,00:43:41.805924,00:43:41.779943
5,safe,00:43:46.642723,00:43:46.642723,00:43:46.643101,00:43:46.643101,00:43:46.644303,00:43:46.644303,00:43:46.645644,00:43:46.645644,00:43:46.659148,00:43:46.659173,00:43:46.672298,00:43:46.691676,00:43:47.158662,00:43:46.677930,00:43:46.682669,00:43:46.682688,00:43:46.687757,00:43:46.648295,00:43:46.648378,00:43:46.643804
5,leak,00:43:51.273760,00:43:51.273760,00:43:51.274104,00:43:51.274104,00:43:51.275328,00:43:51.275328,00:43:51.276803,00:43:51.276803,00:43:51.290081,00:43:51.290101,00:43:51.302631,00:43:51.322205,00:43:51.785682,00:43:51.308318,00:43:51.313043,00:43:51.313062,00:43:51.318045,00:43:51.279412,00:43:51.279512,00:43:51.274710
5,leak,00:43:54.032082,00:43:54.032082,00:43:54.032430,00:43:54.032430,00:43:54.033670,00:43:54.033670,00:43:54.035066,00:43:54.035066,00:43:54.048411,00:43:54.048442,00:43:54.061962,00:43:54.081327,00:43:54.541073,00:43:54.067595,00:43:54.072215,00:43:54.072233,00:43:54.077520,00:43:54.037837,00:43:54.037922,00:43:54.033080
5,safe,00:43:57.758946,00:43:57.758946,00:43:57.759358,00:43:57.759358,00:43:57.760571,00:43:57.760571,00:43:57.761996,00:43:57.761996,00:43:57.775306,00:43:57.775330,00:43:57.796186,00:43:57.816191,00:43:58.278051,00:43:57.802152,00:43:57.807055,00:43:57.807070,00:43:57.812158,00:43:57.764086,00:43:57.764189,00:43:57.759991
5,safe,00:44:02.498416,00:44:02.498416,00:44:02.498750,00:44:02.498750,00:44:02.499922,00:44:02.499922,00:44:02.501333,00:44:02.501333,00:44:02.515024,00:44:02.515052,00:44:02.528782,00:44:02.547524,00:44:03.011870,00:44:02.534148,00:44:02.538800,00:44:02.538816,00:44:02.543765,00:44:02.504194,00:44:02.504369,00:44:02.499368
5,safe,00:44:07.046126,00:44:07.046126,00:44:07.046532,00:44:07.046532,00:44:07.047722,00:44:07.047722,00:44:07.049168,00:44:07.049168,00:44:07.065229,00:44:07.065251,00:44:07.078383,00:44:07.098932,00:44:07.571629,00:44:07.083581,00:44:07.088914,00:44:07.088942,00:44:07.094761,00:44:07.051386,00:44:07.051465,00:44:07.047185
5,safe,00:44:11.913045,00:44:11.913045,00:44:11.913576,00:44:11.913576,00:44:11.915295,00:44:11.915295,00:44:11.916825,00:44:11.916825,00:44:11.930279,00:44:11.930306,00:44:11.944526,00:44:11.964435,00:44:12.428029,00:44:11.950482,00:44:11.955456,00:44:11.955476,00:44:11.960546,00:44:11.918293,00:44:11.918385,00:44:11.914377
5,safe,00:44:16.975588,00:44:16.975588,00:44:16.975947,00:44:16.975947,00:44:16.977146,00:44:16.977146,00:44:16.979416,00:44:16.979416,00:44:16.989598,00:44:16.989620,00:44:17.003315,00:44:17.023414,00:44:17.493744,00:44:17.009131,00:44:17.014217,00:44:17.014241,00:44:17.019518,00:44:17.000846,00:44:17.000958,00:44:16.976582
5,leak,00:44:21.907106,00:44:21.907106,00:44:21.907443,00:44:21.907443,00:44:21.908560,00:44:21.908560,00:44:21.909982,00:44:21.909982,00:44:21.928119,00:44:21.928152,00:44:21.942298,00:44:21.962412,00:44:22.427088,00:44:21.947882,00:44:21.953240,00:44:21.953256,00:44:21.958454,00:44:21.912305,00:44:21.912417,00:44:21.908060
5,leak,00:44:25.271096,00:44:25.271096,00:44:25.271471,00:44:25.271471,00:44:25.272568,00:44:25.272568,00:44:25.274257,00:44:25.274257,00:44:25.288432,00:44:25.288458,00:44:25.301781,00:44:25.320703,00:44:25.782815,00:44:25.307051,00:44:25.311959,00:44:25.311978,00:44:25.316927,00:44:25.276361,00:44:25.276441,00:44:25.272092
5,safe,00:44:28.524116,00:44:28.524116,00:44:28.524442,00:44:28.524442,00:44:28.525577,00:44:28.525577,00:44:28.526901,00:44:28.526901,00:44:28.540498,00:44:28.540523,00:44:28.553278,00:44:28.571933,00:44:29.033152,00:44:28.558577,00:44:28.563374,00:44:28.563392,00:44:28.568250,00:44:28.529655,00:44:28.529795,00:44:28.525070
5,leak,00:44:33.336944,00:44:33.336944,00:44:33.337349,00:44:33.337349,00:44:33.338572,00:44:33.338572,00:44:33.339968,00:44:33.339968,00:44:33.354289,00:44:33.354315,00:44:33.367512,00:44:33.386603,00:44:33.848669,00:44:33.372766,00:44:33.377807,00:44:33.377830,00:44:33.382827,00:44:33.342322,00:44:33.342405,00:44:33.337987
5,safe,00:44:36.894848,00:44:36.894848,00:44:36.895191,00:44:36.895191,00:44:36.896353,00:44:36.896353,00:44:36.898012,00:44:36.898012,00:44:36.912345,00:44:36.912370,00:44:36.924848,00:44:36.944318,00:44:37.416872,00:44:36.930324,00:44:36.935324,00:44:36.935341,00:44:36.940388,00:44:36.900375,00:44:36.900457,00:44:36.895836
5,safe,00:44:41.878723,00:44:41.878723,00:44:41.879092,00:44:41.879092,00:44:41.880212,00:44:41.880212,00:44:41.881594,00:44:41.881594,00:44:41.895188,00:44:41.895216,00:44:41.908544,00:44:41.927970,00:44:42.391681,00:44:41.913987,00:44:41.919058,00:44:41.919075,00:44:41.923748,00:44:41.884427,00:44:41.884527,00:44:41.879689
5,leak,00:44:46.837105,00:44:46.837105,00:44:46.837472,00:44:46.837472,00:44:46.838743,00:44:46.838743,00:44:46.840331,00:44:46.840331,00:44:46.854223,00:44:46.854251,00:44:46.868353,00:44:46.886887,00:44:47.357181,00:44:46.873747,00:44:46.878501,00:44:46.878517,00:44:46.883307,00:44:46.843008,00:44:46.843088,00:44:46.838118
5,safe,00:44:49.918244,00:44:49.918244,00:44:49.918573,00:44:49.918573,00:44:49.919897,00:44:49.919897,00:44:49.921337,00:44:49.921337,00:44:49.935290,00:44:49.935314,00:44:49.957109,00:44:49.977108,00:44:50.439389,00:44:49.962607,00:44:49.967488,00:44:49.967507,00:44:49.972723,00:44:49.923753,00:44:49.924450,00:44:49.919299
5,safe,00:44:54.623028,00:44:54.623028,00:44:54.623441,00:44:54.623441,00:44:54.624852,00:44:54.624852,00:44:54.626270,00:44:54.626270,00:44:54.639889,00:44:54.639916,00:44:54.654387,00:44:54.674051,00:44:55.138436,00:44:54.659874,00:44:54.664753,00:44:54.664771,00:44:54.669780,00:44:54.628729,00:44:54.628867,00:44:54.624292
5,safe,00:44:59.720400,00:44:59.720400,00:44:59.720736,00:44:59.720736,00:44:59.721999,00:44:59.721999,00:44:59.724077,00:44:59.724077,00:44:59.733250,00:44:59.733274,00:44:59.746769,00:44:59.767563,00:45:00.233625,00:44:59.752690,00:44:59.757829,00:44:59.757853,00:44:59.763382,00:44:59.746370,00:44:59.746524,00:44:59.721395
5,safe,00:45:04.768646,00:45:04.768646,00:45:04.769016,00:45:04.769016,00:45:04.770233,00:45:04.770233,00:45:04.772593,00:45:04.772593,00:45:04.781583,00:45:04.781608,00:45:04.794659,00:45:04.812938,00:45:05.276468,00:45:04.799929,00:45:04.804546,00:45:04.804562,00:45:04.809264,00:45:04.792455,00:45:04.792570,00:45:04.769656
5,leak,00:45:09.459762,00:45:09.459762,00:45:09.460172,00:45:09.460172,00:45:09.461724,00:45:09.461724,00:45:09.463186,00:45:09.463186,00:45:09.477426,00:45:09.477460,00:45:09.490938,00:45:09.509661,00:45:09.975296,00:45:09.496413,00:45:09.501090,00:45:09.501105,00:45:09.505890,00:45:09.465407,00:45:09.465501,00:45:09.460938
5,safe,00:45:12.476589,00:45:12.476589,00:45:12.476910,00:45:12.476910,00:45:12.478026,00:45:12.478026,00:45:12.479427,00:45:12.479427,00:45:12.492621,00:45:12.492646,00:45:12.505901,00:45:12.524342,00:45:12.985102,00:45:12.511186,00:45:12.515783,00:45:12.515800,00:45:12.520544,00:45:12.481980,00:45:12.482075,00:45:12.477459
5,safe,00:45:17.501354,00:45:17.501354,00:45:17.501979,00:45:17.501979,00:45:17.503512,00:45:17.503512,00:45:17.505839,00:45:17.505839,00:45:17.520775,00:45:17.520818,00:45:17.535893,00:45:17.555962,00:45:18.020611,00:45:17.541668,00:45:17.546809,00:45:17.546830,00:45:17.552058,00:45:17.507264,00:45:17.507359,00:45:17.502931
5,leak,00:45:22.617128,00:45:22.617128,00:45:22.617504,00:45:22.617504,00:45:22.618648,00:45:22.618648,00:45:22.620807,00:45:22.620807,00:45:22.629945,00:45:22.629966,00:45:22.642387,00:45:22.662098,00:45:23.126758,00:45:22.647660,00:45:22.652677,00:45:22.652699,00:45:22.657856,00:45:22.647403,00:45:22.647580,00:45:22.618156
5,safe,00:45:25.389365,00:45:25.389365,00:45:25.389733,00:45:25.389733,00:45:25.390900,00:45:25.390900,00:45:25.392480,00:45:25.392480,00:45:25.405730,00:45:25.405752,00:45:25.418548,00:45:25.437745,00:45:25.898776,00:45:25.424010,00:45:25.428506,00:45:25.428521,00:45:25.433392,00:45:25.394756,00:45:25.394842,00:45:25.390342
5,safe,00:45:30.160438,00:45:30.160438,00:45:30.160870,00:45:30.160870,00:45:30.162140,00:45:30.162140,00:45:30.163711,00:45:30.163711,00:45:30.177596,00:45:30.177619,00:45:30.190337,00:45:30.209097,00:45:30.673409,00:45:30.195721,00:45:30.200474,00:45:30.200493,00:45:30.205476,00:45:30.165566,00:45:30.165662,00:45:30.161578
5,safe,00:45:34.905256,00:45:34.905256,00:45:34.905660,00:45:34.905660,00:45:34.906720,00:45:34.906720,00:45:34.908470,00:45:34.908470,00:45:34.923180,00:45:34.923208,00:45:34.936593,00:45:34.955824,00:45:35.421337,00:45:34.941989,00:45:34.947060,00:45:34.947082,00:45:34.951989,00:45:34.910435,00:45:34.910518,00:45:34.906252
5,safe,00:45:39.843748,00:45:39.843748,00:45:39.844126,00:45:39.844126,00:45:39.845304,00:45:39.845304,00:45:39.846711,00:45:39.846711,00:45:39.861066,00:45:39.861092,00:45:39.874479,00:45:39.893418,00:45:40.357224,00:45:39.879875,00:45:39.884731,00:45:39.884750,00:45:39.889583,00:45:39.849199,00:45:39.849283,00:45:39.844723
5,safe,00:45:45.125415,00:45:45.125415,00:45:45.125816,00:45:45.125816,00:45:45.126973,00:45:45.126973,00:45:45.129543,00:45:45.129543,00:45:45.138937,00:45:45.138966,00:45:45.160064,00:45:45.179994,00:45:45.648262,00:45:45.166016,00:45:45.171026,00:45:45.171042,00:45:45.175932,00:45:45.145385,00:45:45.145483,00:45:45.126452
5,safe,00:45:49.915781,00:45:49.915781,00:45:49.916156,00:45:49.916156,00:45:49.917377,00:45:49.917377,00:45:49.918770,00:45:49.918770,00:45:49.935025,00:45:49.935051,00:45:49.949408,00:45:49.967932,00:45:50.432342,00:45:49.954921,00:45:49.959609,00:45:49.959624,00:45:49.964289,00:45:49.921699,00:45:49.921846,00:45:49.916802
5,safe,00:45:54.916993,00:45:54.916993,00:45:54.917335,00:45:54.917335,00:45:54.918403,00:45:54.918403,00:45:54.920563,00:45:54.920563,00:45:54.935089,00:45:54.935114,00:45:54.948566,00:45:54.967590,00:45:55.432607,00:45:54.953947,00:45:54.958839,00:45:54.958855,00:45:54.963717,00:45:54.923622,00:45:54.923796,00:45:54.917906
5,leak,00:46:00.027705,00:46:00.027705,00:46:00.028248,00:46:00.028248,00:46:00.029755,00:46:00.029755,00:46:00.032378,00:46:00.032378,00:46:00.050164,00:46:00.050200,00:46:00.064103,00:46:00.084024,00:46:00.551027,00:46:00.069753,00:46:00.074936,00:46:00.074952,00:46:00.080048,00:46:00.033823,00:46:00.033927,00:46:00.029088
5,safe,00:46:03.140754,00:46:03.140754,00:46:03.141175,00:46:03.141175,00:46:03.142343,00:46:03.142343,00:46:03.143777,00:46:03.143777,00:46:03.158218,00:46:03.158244,00:46:03.171104,00:46:03.190600,00:46:03.651264,00:46:03.176673,00:46:03.181647,00:46:03.181667,00:46:03.186702,00:46:03.146177,00:46:03.146261,00:46:03.141837
5,safe,00:46:07.951314,00:46:07.951314,00:46:07.951666,00:46:07.951666,00:46:07.952747,00:46:07.952747,00:46:07.954051,00:46:07.954051,00:46:07.968458,00:46:07.968483,00:46:07.981344,00:46:08.000042,00:46:08.463569,00:46:07.986899,00:46:07.991488,00:46:07.991506,00:46:07.996365,00:46:07.956567,00:46:07.956650,00:46:07.952263
5,safe,00:46:13.028519,00:46:13.028519,00:46:13.028855,00:46:13.028855,00:46:13.030130,00:46:13.030130,00:46:13.032271,00:46:13.032271,00:46:13.041460,00:46:13.041483,00:46:13.054388,00:46:13.074401,00:46:13.540598,00:46:13.060094,00:46:13.064828,00:46:13.064845,00:46:13.070022,00:46:13.051915,00:46:13.052022,00:46:13.029509
5,safe,00:46:17.816876,00:46:17.816876,00:46:17.817279,00:46:17.817279,00:46:17.818376,00:46:17.818376,00:46:17.819784,00:46:17.819784,00:46:17.834300,00:46:17.834321,00:46:17.847029,00:46:17.867225,00:46:18.329581,00:46:17.852802,00:46:17.858019,00:46:17.858043,00:46:17.863235,00:46:17.822437,00:46:17.822523,00:46:17.817908
5,safe,00:46:22.853694,00:46:22.853694,00:46:22.854141,00:46:22.854141,00:46:22.855406,00:46:22.855406,00:46:22.857650,00:46:22.857650,00:46:22.866951,00:46:22.866975,00:46:22.880466,00:46:22.900912,00:46:23.366733,00:46:22.886054,00:46:22.891274,00:46:22.891292,00:46:22.896592,00:46:22.870698,00:46:22.870803,00:46:22.854802
5,safe,00:46:27.616161,00:46:27.616161,00:46:27.616495,00:46:27.616495,00:46:27.617601,00:46:27.617601,00:46:27.618968,00:46:27.618968,00:46:27.633549,00:46:27.633571,00:46:27.647348,00:46:27.667833,00:46:28.132347,00:46:27.653356,00:46:27.658560,00:46:27.658576,00:46:27.663784,00:46:27.621433,00:46:27.621536,00:46:27.617114
5,safe,00:46:32.599149,00:46:32.599149,00:46:32.599517,00:46:32.599517,00:46:32.600717,00:46:32.600717,00:46:32.602096,00:46:32.602096,00:46:32.615429,00:46:32.615454,00:46:32.628869,00:46:32.647594,00:46:33.114358,00:46:32.634176,00:46:32.639052,00:46:32.639070,00:46:32.643951,00:46:32.604288,00:46:32.604369,00:46:32.600195
5,leak,00:46:37.697838,00:46:37.697838,00:46:37.698226,00:46:37.698226,00:46:37.699463,00:46:37.699463,00:46:37.701970,00:46:37.701970,00:46:37.711266,00:46:37.711290,00:46:37.724499,00:46:37.744233,00:46:38.220219,00:46:37.730049,00:46:37.735015,00:46:37.735038,00:46:37.740477,00:46:37.723663,00:46:37.723819,00:46:37.698867
5,leak,00:46:41.074774,00:46:41.074774,00:46:41.075193,00:46:41.075193,00:46:41.076605,00:46:41.076605,00:46:41.078091,00:46:41.078091,00:46:41.091329,00:46:41.091355,00:46:41.113475,00:46:41.133205,00:46:41.591498,00:46:41.119251,00:46:41.124000,00:46:41.124018,00:46:41.128994,00:46:41.079935,00:46:41.080026,00:46:41.075980
5,safe,00:46:44.355163,00:46:44.355163,00:46:44.355583,00:46:44.355583,00:46:44.356857,00:46:44.356857,00:46:44.358641,00:46:44.358641,00:46:44.371899,00:46:44.371919,00:46:44.386035,00:46:44.405323,00:46:44.866955,00:46:44.391419,00:46:44.396126,00:46:44.396145,00:46:44.401073,00:46:44.360798,00:46:44.360901,00:46:44.356257
5,safe,00:46:49.362715,00:46:49.362715,00:46:49.363134,00:46:49.363134,00:46:49.364685,00:46:49.364685,00:46:49.367610,00:46:49.367610,00:46:49.383069,00:46:49.383114,00:46:49.397828,00:46:49.419149,00:46:49.885930,00:46:49.403929,00:46:49.409740,00:46:49.409764,00:46:49.415164,00:46:49.368933,00:46:49.369113,00:46:49.364050
5,safe,00:46:54.339689,00:46:54.339689,00:46:54.340012,00:46:54.340012,00:46:54.341127,00:46:54.341127,00:46:54.342498,00:46:54.342498,00:46:54.356055,00:46:54.356079,00:46:54.370714,00:46:54.389428,00:46:54.853214,00:46:54.375912,00:46:54.380877,00:46:54.380894,00:46:54.385523,00:46:54.345062,00:46:54.345143,00:46:54.340590
5,safe,00:46:59.079507,00:46:59.079507,00:46:59.079870,00:46:59.079870,00:46:59.081169,00:46:59.081169,00:46:59.082814,00:46:59.082814,00:46:59.096093,00:46:59.096122,00:46:59.109953,00:46:59.129247,00:46:59.594726,00:46:59.115306,00:46:59.120353,00:46:59.120373,00:46:59.125284,00:46:59.084839,00:46:59.084924,00:46:59.080569
5,safe,00:47:03.845249,00:47:03.845249,00:47:03.845644,00:47:03.845644,00:47:03.846882,00:47:03.846882,00:47:03.848244,00:47:03.848244,00:47:03.861688,00:47:03.861715,00:47:03.875566,00:47:03.893697,00:47:04.357723,00:47:03.880768,00:47:03.885294,00:47:03.885311,00:47:03.890044,00:47:03.850620,00:47:03.850721,00:47:03.846304
5,safe,00:47:08.889588,00:47:08.889588,00:47:08.889976,00:47:08.889976,00:47:08.891128,00:47:08.891128,00:47:08.893797,00:47:08.893797,00:47:08.907465,00:47:08.907491,00:47:08.920855,00:47:08.939939,00:47:09.410351,00:47:08.926307,00:47:08.931109,00:47:08.931126,00:47:08.936263,00:47:08.895392,00:47:08.895500,00:47:08.890636
5,safe,00:47:13.862834,00:47:13.862834,00:47:13.863248,00:47:13.863248,00:47:13.864415,00:47:13.864415,00:47:13.865844,00:47:13.865844,00:47:13.879597,00:47:13.879639,00:47:13.892607,00:47:13.911357,00:47:14.375391,00:47:13.898121,00:47:13.902782,00:47:13.902797,00:47:13.907661,00:47:13.868651,00:47:13.868739,00:47:13.863856
5,safe,00:47:18.687283,00:47:18.687283,00:47:18.687696,00:47:18.687696,00:47:18.688884,00:47:18.688884,00:47:18.690281,00:47:18.690281,00:47:18.703762,00:47:18.703786,00:47:18.716575,00:47:18.735610,00:47:19.202708,00:47:18.721789,00:47:18.727012,00:47:18.727030,00:47:18.731865,00:47:18.692898,00:47:18.692980,00:47:18.688357
5,leak,00:47:23.699999,00:47:23.699999,00:47:23.700412,00:47:23.700412,00:47:23.701547,00:47:23.701547,00:47:23.703969,00:47:23.703969,00:47:23.713371,00:47:23.713399,00:47:23.726669,00:47:23.745661,00:47:24.210073,00:47:23.732252,00:47:23.736964,00:47:23.736983,00:47:23.741903,00:47:23.730083,00:47:23.730202,00:47:23.701027
5,safe,00:47:26.934282,00:47:26.934282,00:47:26.934664,00:47:26.934664,00:47:26.935702,00:47:26.935702,00:47:26.937084,00:47:26.937084,00:47:26.950612,00:47:26.950635,00:47:26.964731,00:47:26.984746,00:47:27.447013,00:47:26.970465,00:47:26.975998,00:47:26.976013,00:47:26.980865,00:47:26.939561,00:47:26.939667,00:47:26.935232
5,leak,00:47:31.838172,00:47:31.838172,00:47:31.838528,00:47:31.838528,00:47:31.839681,00:47:31.839681,00:47:31.841151,00:47:31.841151,00:47:31.855856,00:47:31.855880,00:47:31.870380,00:47:31.890792,00:47:32.358765,00:47:31.877066,00:47:31.881886,00:47:31.881911,00:47:31.886904,00:47:31.843256,00:47:31.844367,00:47:31.839155
5,leak,00:47:35.374204,00:47:35.374204,00:47:35.374544,00:47:35.374544,00:47:35.375615,00:47:35.375615,00:47:35.377162,00:47:35.377162,00:47:35.394781,00:47:35.394808,00:47:35.417457,00:47:35.437728,00:47:35.895355,00:47:35.423140,00:47:35.428387,00:47:35.428409,00:47:35.433534,00:47:35.379710,00:47:35.379820,00:47:35.375121
5,leak,00:47:38.459166,00:47:38.459166,00:47:38.459482,00:47:38.459482,00:47:38.460568,00:47:38.460568,00:47:38.462016,00:47:38.462016,00:47:38.476547,00:47:38.476572,00:47:38.491169,00:47:38.509852,00:47:38.972736,00:47:38.496572,00:47:38.501399,00:47:38.501418,00:47:38.506139,00:47:38.464865,00:47:38.464965,00:47:38.460028
5,safe,00:47:41.479004,00:47:41.479004,00:47:41.479413,00:47:41.479413,00:47:41.480605,00:47:41.480605,00:47:41.482005,00:47:41.482005,00:47:41.498806,00:47:41.498829,00:47:41.512253,00:47:41.530882,00:47:41.991836,00:47:41.517774,00:47:41.522320,00:47:41.522335,00:47:41.527150,00:47:41.484121,00:47:41.484208,00:47:41.480049
5,safe,00:47:46.042773,00:47:46.042773,00:47:46.043198,00:47:46.043198,00:47:46.044445,00:47:46.044445,00:47:46.046384,00:47:46.046384,00:47:46.060856,00:47:46.060882,00:47:46.075721,00:47:46.096228,00:47:46.560860,00:47:46.082234,00:47:46.087325,00:47:46.087346,00:47:46.092386,00:47:46.047975,00:47:46.048060,00:47:46.043890
5,safe,00:47:51.178633,00:47:51.178633,00:47:51.178998,00:47:51.178998,00:47:51.180487,00:47:51.180487,00:47:51.182904,00:47:51.182904,00:47:51.192168,00:47:51.192191,00:47:51.205187,00:47:51.225844,00:47:51.694706,00:47:51.210807,00:47:51.216077,00:47:51.216102,00:47:51.221599,00:47:51.197572,00:47:51.197682,00:47:51.179673
5,leak,00:47:56.212255,00:47:56.212255,00:47:56.212637,00:47:56.212637,00:47:56.213729,00:47:56.213729,00:47:56.215933,00:47:56.215933,00:47:56.225232,00:47:56.225256,00:47:56.237748,00:47:56.256824,00:47:56.720632,00:47:56.243190,00:47:56.248002,00:47:56.248020,00:47:56.253098,00:47:56.242592,00:47:56.242709,00:47:56.213196
5,leak,00:47:59.733429,00:47:59.733429,00:47:59.733769,00:47:59.733769,00:47:59.734898,00:47:59.734898,00:47:59.736279,00:47:59.736279,00:47:59.749708,00:47:59.749733,00:47:59.762829,00:47:59.782759,00:48:00.245600,00:47:59.768363,00:47:59.773574,00:47:59.773590,00:47:59.778710,00:47:59.739034,00:47:59.739125,00:47:59.734367
5,safe,00:48:03.067808,00:48:03.067808,00:48:03.068226,00:48:03.068226,00:48:03.069487,00:48:03.069487,00:48:03.070909,00:48:03.070909,00:48:03.084617,00:48:03.084639,00:48:03.098586,00:48:03.117924,00:48:03.578018,00:48:03.104129,00:48:03.108907,00:48:03.108930,00:48:03.114066,00:48:03.073056,00:48:03.073136,00:48:03.068863
5,safe,00:48:08.107871,00:48:08.107871,00:48:08.108240,00:48:08.108240,00:48:08.109434,00:48:08.109434,00:48:08.112013,00:48:08.112013,00:48:08.121090,00:48:08.121113,00:48:08.134274,00:48:08.153840,00:48:08.618578,00:48:08.139744,00:48:08.144863,00:48:08.144879,00:48:08.149909,00:48:08.125521,00:48:08.125630,00:48:08.108876
5,safe,00:48:12.817188,00:48:12.817188,00:48:12.817511,00:48:12.817511,00:48:12.818692,00:48:12.818692,00:48:12.820128,00:48:12.820128,00:48:12.833683,00:48:12.833705,00:48:12.846992,00:48:12.865625,00:48:13.331266,00:48:12.852609,00:48:12.857145,00:48:12.857162,00:48:12.861954,00:48:12.822638,00:48:12.822719,00:48:12.818128
5,safe,00:48:17.848892,00:48:17.848892,00:48:17.849223,00:48:17.849223,00:48:17.850324,00:48:17.850324,00:48:17.852472,00:48:17.852472,00:48:17.862810,00:48:17.862834,00:48:17.876246,00:48:17.895701,00:48:18.360903,00:48:17.881866,00:48:17.886884,00:48:17.886904,00:48:17.891529,00:48:17.878597,00:48:17.878726,00:48:17.849843
5,safe,00:48:22.846868,00:48:22.846868,00:48:22.847269,00:48:22.847269,00:48:22.848542,00:48:22.848542,00:48:22.850289,00:48:22.850289,00:48:22.864628,00:48:22.864654,00:48:22.877803,00:48:22.897270,00:48:23.362365,00:48:22.883152,00:48:22.888091,00:48:22.888108,00:48:22.893123,00:48:22.852128,00:48:22.852210,00:48:22.847982
5,leak,00:48:27.602566,00:48:27.602566,00:48:27.603049,00:48:27.603049,00:48:27.604529,00:48:27.604529,00:48:27.606328,00:48:27.606328,00:48:27.622145,00:48:27.622190,00:48:27.658716,00:48:27.684685,00:48:28.151095,00:48:27.666759,00:48:27.673355,00:48:27.673386,00:48:27.679080,00:48:27.607950,00:48:27.608104,00:48:27.603940
5,safe,00:48:31.261035,00:48:31.261035,00:48:31.261429,00:48:31.261429,00:48:31.263060,00:48:31.263060,00:48:31.264519,00:48:31.264519,00:48:31.278258,00:48:31.278283,00:48:31.292970,00:48:31.312473,00:48:31.775095,00:48:31.298556,00:48:31.303632,00:48:31.303655,00:48:31.308719,00:48:31.266474,00:48:31.266582,00:48:31.262219
5,safe,00:48:36.250018,00:48:36.250018,00:48:36.250392,00:48:36.250392,00:48:36.251565,00:48:36.251565,00:48:36.253008,00:48:36.253008,00:48:36.266317,00:48:36.266341,00:48:36.280027,00:48:36.299176,00:48:36.764526,00:48:36.285530,00:48:36.290317,00:48:36.290333,00:48:36.295458,00:48:36.255210,00:48:36.255297,00:48:36.250980
5,safe,00:48:41.137369,00:48:41.137369,00:48:41.137754,00:48:41.137754,00:48:41.139000,00:48:41.139000,00:48:41.140366,00:48:41.140366,00:48:41.154330,00:48:41.154353,00:48:41.167488,00:48:41.188047,00:48:41.654655,00:48:41.173250,00:48:41.179067,00:48:41.179087,00:48:41.184390,00:48:41.142541,00:48:41.142627,00:48:41.138396
5,safe,00:48:45.922751,00:48:45.922751,00:48:45.923345,00:48:45.923345,00:48:45.924819,00:48:45.924819,00:48:45.926265,00:48:45.926265,00:48:45.939742,00:48:45.939777,00:48:45.953803,00:48:45.972180,00:48:46.438633,00:48:45.959101,00:48:45.963730,00:48:45.963745,00:48:45.968510,00:48:45.927860,00:48:45.927982,00:48:45.924156
5,safe,00:48:50.967465,00:48:50.967465,00:48:50.967833,00:48:50.967833,00:48:50.968954,00:48:50.968954,00:48:50.971076,00:48:50.971076,00:48:50.980281,00:48:50.980305,00:48:50.993340,00:48:51.012554,00:48:51.476430,00:48:50.998678,00:48:51.003732,00:48:51.003751,00:48:51.008625,00:48:50.993328,00:48:50.993465,00:48:50.968461
5,safe,00:48:55.944489,00:48:55.944489,00:48:55.944872,00:48:55.944872,00:48:55.946032,00:48:55.946032,00:48:55.947424,00:48:55.947424,00:48:55.960764,00:48:55.960788,00:48:55.973374,00:48:55.992152,00:48:56.457491,00:48:55.978616,00:48:55.983514,00:48:55.983532,00:48:55.988426,00:48:55.949683,00:48:55.949773,00:48:55.945493
5,safe,00:49:01.011077,00:49:01.011077,00:49:01.011518,00:49:01.011518,00:49:01.013258,00:49:01.013258,00:49:01.015396,00:49:01.015396,00:49:01.024848,00:49:01.024874,00:49:01.039900,00:49:01.060916,00:49:01.526602,00:49:01.046326,00:49:01.051574,00:49:01.051599,00:49:01.056941,00:49:01.032977,00:49:01.033080,00:49:01.012367
5,safe,00:49:05.913511,00:49:05.913511,00:49:05.913922,00:49:05.913922,00:49:05.915114,00:49:05.915114,00:49:05.916535,00:49:05.916535,00:49:05.930021,00:49:05.930044,00:49:05.943302,00:49:05.963054,00:49:06.428465,00:49:05.948488,00:49:05.953541,00:49:05.953566,00:49:05.958968,00:49:05.919182,00:49:05.919269,00:49:05.914546
5,safe,00:49:10.763365,00:49:10.763365,00:49:10.763699,00:49:10.763699,00:49:10.764894,00:49:10.764894,00:49:10.766265,00:49:10.766265,00:49:10.779701,00:49:10.779726,00:49:10.792611,00:49:10.811134,00:49:11.276192,00:49:10.797915,00:49:10.802458,00:49:10.802475,00:49:10.807358,00:49:10.768598,00:49:10.768680,00:49:10.764295
5,safe,00:49:15.345165,00:49:15.345165,00:49:15.345593,00:49:15.345593,00:49:15.346800,00:49:15.346800,00:49:15.348198,00:49:15.348198,00:49:15.361624,00:49:15.361647,00:49:15.375029,00:49:15.394659,00:49:15.858409,00:49:15.380300,00:49:15.385467,00:49:15.385492,00:49:15.390533,00:49:15.350656,00:49:15.350737,00:49:15.346277
5,leak,00:49:20.113297,00:49:20.113297,00:49:20.113630,00:49:20.113630,00:49:20.114876,00:49:20.114876,00:49:20.116267,00:49:20.116267,00:49:20.133263,00:49:20.133289,00:49:20.147075,00:49:20.165760,00:49:20.632170,00:49:20.152292,00:49:20.157206,00:49:20.157224,00:49:20.162049,00:49:20.118869,00:49:20.118976,00:49:20.114282
6,safe,00:49:23.535004,00:49:23.535004,00:49:23.535397,00:49:23.535397,00:49:23.536577,00:49:23.536577,00:49:23.537985,00:49:23.537985,00:49:23.551428,00:49:23.551453,00:49:23.573370,00:49:23.592297,00:49:24.053306,00:49:23.578957,00:49:23.583594,00:49:23.583613,00:49:23.588601,00:49:23.541646,00:49:23.541775,00:49:23.536048
6,safe,00:49:28.195097,00:49:28.195097,00:49:28.195424,00:49:28.195424,00:49:28.196683,00:49:28.196683,00:49:28.198211,00:49:28.198211,00:49:28.212264,00:49:28.212288,00:49:28.225933,00:49:28.245339,00:49:28.710220,00:49:28.231780,00:49:28.236469,00:49:28.236487,00:49:28.241614,00:49:28.202373,00:49:28.202473,00:49:28.196070
6,safe,00:49:33.299152,00:49:33.299152,00:49:33.299532,00:49:33.299532,00:49:33.300803,00:49:33.300803,00:49:33.303078,00:49:33.303078,00:49:33.312706,00:49:33.312727,00:49:33.326948,00:49:33.346863,00:49:33.813049,00:49:33.332290,00:49:33.338490,00:49:33.338508,00:49:33.343235,00:49:33.317614,00:49:33.317730,00:49:33.300237
6,safe,00:49:38.224141,00:49:38.224141,00:49:38.224494,00:49:38.224494,00:49:38.226056,00:49:38.226056,00:49:38.227665,00:49:38.227665,00:49:38.242100,00:49:38.242127,00:49:38.255886,00:49:38.274853,00:49:38.737018,00:49:38.261615,00:49:38.266217,00:49:38.266233,00:49:38.270970,00:49:38.230707,00:49:38.230801,00:49:38.225160
6,leak,00:49:43.230259,00:49:43.230259,00:49:43.230641,00:49:43.230641,00:49:43.232171,00:49:43.232171,00:49:43.234438,00:49:43.234438,00:49:43.246518,00:49:43.246538,00:49:43.259572,00:49:43.279592,00:49:43.748066,00:49:43.265040,00:49:43.270082,00:49:43.270107,00:49:43.275420,00:49:43.250049,00:49:43.250145,00:49:43.231276
6,safe,00:49:46.628733,00:49:46.628733,00:49:46.629132,00:49:46.629132,00:49:46.630299,00:49:46.630299,00:49:46.631783,00:49:46.631783,00:49:46.645303,00:49:46.645327,00:49:46.658591,00:49:46.677314,00:49:47.139489,00:49:46.663976,00:49:46.668654,00:49:46.668670,00:49:46.673613,00:49:46.635325,00:49:46.635420,00:49:46.629778
6,safe,00:49:51.632687,00:49:51.632687,00:49:51.633091,00:49:51.633091,00:49:51.634291,00:49:51.634291,00:49:51.636549,00:49:51.636549,00:49:51.646010,00:49:51.646032,00:49:51.658477,00:49:51.678191,00:49:52.142339,00:49:51.664016,00:49:51.669000,00:49:51.669016,00:49:51.674015,00:49:51.657522,00:49:51.657633,00:49:51.633747
6,safe,00:49:56.659184,00:49:56.659184,00:49:56.659568,00:49:56.659568,00:49:56.660855,00:49:56.660855,00:49:56.662876,00:49:56.662876,00:49:56.672043,00:49:56.672064,00:49:56.684686,00:49:56.703628,00:49:57.167970,00:49:56.690156,00:49:56.695031,00:49:56.695048,00:49:56.699677,00:49:56.682550,00:49:56.682656,00:49:56.660322
6,safe,00:50:01.687021,00:50:01.687021,00:50:01.687381,00:50:01.687381,00:50:01.688418,00:50:01.688418,00:50:01.690789,00:50:01.690789,00:50:01.704007,00:50:01.704030,00:50:01.718251,00:50:01.738873,00:50:02.202773,00:50:01.724631,00:50:01.729203,00:50:01.729219,00:50:01.734450,00:50:01.694241,00:50:01.694322,00:50:01.687938
6,safe,00:50:06.476980,00:50:06.476980,00:50:06.477318,00:50:06.477318,00:50:06.478557,00:50:06.478557,00:50:06.480048,00:50:06.480048,00:50:06.494769,00:50:06.494790,00:50:06.507827,00:50:06.527889,00:50:06.992095,00:50:06.513025,00:50:06.518244,00:50:06.518268,00:50:06.523578,00:50:06.483417,00:50:06.483504,00:50:06.477970
6,safe,00:50:11.463452,00:50:11.463452,00:50:11.463787,00:50:11.463787,00:50:11.464909,00:50:11.464909,00:50:11.466293,00:50:11.466293,00:50:11.479558,00:50:11.479581,00:50:11.492443,00:50:11.511574,00:50:11.978495,00:50:11.497953,00:50:11.502638,00:50:11.502655,00:50:11.507485,00:50:11.469701,00:50:11.469813,00:50:11.464401
6,safe,00:50:16.263386,00:50:16.263386,00:50:16.263773,00:50:16.263773,00:50:16.265313,00:50:16.265313,00:50:16.266867,00:50:16.266867,00:50:16.280255,00:50:16.280280,00:50:16.293342,00:50:16.312566,00:50:16.776343,00:50:16.299004,00:50:16.303911,00:50:16.303930,00:50:16.308798,00:50:16.269992,00:50:16.270092,00:50:16.264464
6,leak,00:50:21.348500,00:50:21.348500,00:50:21.348883,00:50:21.348883,00:50:21.350119,00:50:21.350119,00:50:21.352228,00:50:21.352228,00:50:21.361566,00:50:21.361591,00:50:21.383837,00:50:21.403032,00:50:21.865945,00:50:21.389428,00:50:21.394268,00:50:21.394284,00:50:21.399356,00:50:21.369013,00:50:21.369144,00:50:21.349579
6,safe,00:50:24.749952,00:50:24.749952,00:50:24.750287,00:50:24.750287,00:50:24.751437,00:50:24.751437,00:50:24.752775,00:50:24.752775,00:50:24.766493,00:50:24.766518,00:50:24.780398,00:50:24.799340,00:50:25.261678,00:50:24.785802,00:50:24.790917,00:50:24.790934,00:50:24.795663,00:50:24.756428,00:50:24.756524,00:50:24.750900
6,safe,00:50:29.195870,00:50:29.195870,00:50:29.196228,00:50:29.196228,00:50:29.197460,00:50:29.197460,00:50:29.199000,00:50:29.199000,00:50:29.212901,00:50:29.212928,00:50:29.226621,00:50:29.246109,00:50:29.712561,00:50:29.232220,00:50:29.237488,00:50:29.237505,00:50:29.242409,00:50:29.202122,00:50:29.202210,00:50:29.196900
6,safe,00:50:34.076971,00:50:34.076971,00:50:34.077362,00:50:34.077362,00:50:34.078904,00:50:34.078904,00:50:34.080319,00:50:34.080319,00:50:34.093908,00:50:34.093932,00:50:34.107415,00:50:34.127343,00:50:34.591639,00:50:34.113302,00:50:34.118320,00:50:34.118336,00:50:34.123513,00:50:34.083437,00:50:34.083540,00:50:34.078055
6,safe,00:50:39.352928,00:50:39.352928,00:50:39.353246,00:50:39.353246,00:50:39.354380,00:50:39.354380,00:50:39.356533,00:50:39.356533,00:50:39.370544,00:50:39.370569,00:50:39.383304,00:50:39.402153,00:50:39.868157,00:50:39.388870,00:50:39.393594,00:50:39.393613,00:50:39.398499,00:50:39.359756,00:50:39.359864,00:50:39.353880
6,leak,00:50:44.211487,00:50:44.211487,00:50:44.211864,00:50:44.211864,00:50:44.213044,00:50:44.213044,00:50:44.214500,00:50:44.214500,00:50:44.228923,00:50:44.228944,00:50:44.242445,00:50:44.261610,00:50:44.725820,00:50:44.247959,00:50:44.252800,00:50:44.252819,00:50:44.257837,00:50:44.217758,00:50:44.217872,00:50:44.212488
6,safe,00:50:47.515178,00:50:47.515178,00:50:47.515801,00:50:47.515801,00:50:47.517322,00:50:47.517322,00:50:47.518655,00:50:47.518655,00:50:47.533023,00:50:47.533052,00:50:47.550530,00:50:47.573464,00:50:48.044474,00:50:47.557345,00:50:47.563150,00:50:47.563174,00:50:47.569009,00:50:47.521807,00:50:47.521898,00:50:47.516594
6,safe,00:50:52.428592,00:50:52.428592,00:50:52.428999,00:50:52.428999,00:50:52.430194,00:50:52.430194,00:50:52.431577,00:50:52.431577,00:50:52.445698,00:50:52.445723,00:50:52.458651,00:50:52.477854,00:50:52.940585,00:50:52.464020,00:50:52.469101,00:50:52.469119,00:50:52.474188,00:50:52.434852,00:50:52.434946,00:50:52.429615
6,safe,00:50:57.563541,00:50:57.563541,00:50:57.564135,00:50:57.564135,00:50:57.565670,00:50:57.565670,00:50:57.568378,00:50:57.568378,00:50:57.582547,00:50:57.582596,00:50:57.597926,00:50:57.621423,00:50:58.098656,00:50:57.603776,00:50:57.609813,00:50:57.609842,00:50:57.616597,00:50:57.570769,00:50:57.570888,00:50:57.564959
6,leak,00:51:02.581332,00:51:02.581332,00:51:02.581771,00:51:02.581771,00:51:02.583086,00:51:02.583086,00:51:02.585529,00:51:02.585529,00:51:02.595125,00:51:02.595149,00:51:02.608613,00:51:02.628524,00:51:03.094179,00:51:02.614119,00:51:02.619104,00:51:02.619129,00:51:02.624445,00:51:02.599225,00:51:02.599327,00:51:02.582456
6,safe,00:51:05.388664,00:51:05.388664,00:51:05.389034,00:51:05.389034,00:51:05.390204,00:51:05.390204,00:51:05.391885,00:51:05.391885,00:51:05.408344,00:51:05.408369,00:51:05.421994,00:51:05.441132,00:51:05.903571,00:51:05.427306,00:51:05.432044,00:51:05.432061,00:51:05.436814,00:51:05.394980,00:51:05.395081,00:51:05.389652
6,error,,,,,,,,,,,,,,,,,,,,
6,safe,00:51:10.779367,00:51:10.779367,00:51:10.779861,00:51:10.779861,00:51:10.781238,00:51:10.781238,00:51:10.783515,00:51:10.783515,00:51:10.792931,00:51:10.792955,00:51:10.806760,00:51:10.826825,00:51:11.300352,00:51:10.812555,00:51:10.817857,00:51:10.817879,00:51:10.822729,00:51:10.808187,00:51:10.808312,00:51:10.780642
6,safe,00:51:15.786912,00:51:15.786912,00:51:15.787297,00:51:15.787297,00:51:15.788495,00:51:15.788495,00:51:15.790712,00:51:15.790712,00:51:15.803928,00:51:15.803950,00:51:15.826534,00:51:15.845268,00:51:16.310979,00:51:15.832112,00:51:15.836850,00:51:15.836865,00:51:15.841579,00:51:15.793376,00:51:15.793468,00:51:15.787922
6,leak,00:51:20.362595,00:51:20.362595,00:51:20.362976,00:51:20.362976,00:51:20.364080,00:51:20.364080,00:51:20.365504,00:51:20.365504,00:51:20.378884,00:51:20.378910,00:51:20.393988,00:51:20.413028,00:51:20.877178,00:51:20.399364,00:51:20.404005,00:51:20.404024,00:51:20.408870,00:51:20.368907,00:51:20.369012,00:51:20.363546
6,leak,00:51:23.715073,00:51:23.715073,00:51:23.715447,00:51:23.715447,00:51:23.716642,00:51:23.716642,00:51:23.717987,00:51:23.717987,00:51:23.731202,00:51:23.731224,00:51:23.744821,00:51:23.764187,00:51:24.225017,00:51:23.750276,00:51:23.755262,00:51:23.755280,00:51:23.760464,00:51:23.721374,00:51:23.721469,00:51:23.716063
6,safe,00:51:27.137162,00:51:27.137162,00:51:27.137532,00:51:27.137532,00:51:27.138740,00:51:27.138740,00:51:27.140462,00:51:27.140462,00:51:27.154773,00:51:27.154800,00:51:27.168377,00:51:27.187331,00:51:27.654623,00:51:27.173953,00:51:27.178705,00:51:27.178722,00:51:27.183597,00:51:27.143775,00:51:27.143880,00:51:27.138184
6,safe,00:51:32.201164,00:51:32.201164,00:51:32.201504,00:51:32.201504,00:51:32.202606,00:51:32.202606,00:51:32.204678,00:51:32.204678,00:51:32.214091,00:51:32.214112,00:51:32.227717,00:51:32.246558,00:51:32.709414,00:51:32.233096,00:51:32.237881,00:51:32.237897,00:51:32.242611,00:51:32.220560,00:51:32.220674,00:51:32.202126
6,leak,00:51:37.216003,00:51:37.216003,00:51:37.216413,00:51:37.216413,00:51:37.217671,00:51:37.217671,00:51:37.220264,00:51:37.220264,00:51:37.229736,00:51:37.229769,00:51:37.243423,00:51:37.262446,00:51:37.739065,00:51:37.248701,00:51:37.253605,00:51:37.253627,00:51:37.258653,00:51:37.245874,00:51:37.245985,00:51:37.217090
6,leak,00:51:40.753561,00:51:40.753561,00:51:40.753905,00:51:40.753905,00:51:40.755065,00:51:40.755065,00:51:40.756795,00:51:40.756795,00:51:40.770470,00:51:40.770494,00:51:40.784168,00:51:40.803210,00:51:41.267840,00:51:40.789687,00:51:40.794501,00:51:40.794519,00:51:40.799605,00:51:40.759885,00:51:40.759993,00:51:40.754489
6,safe,00:51:44.126142,00:51:44.126142,00:51:44.126510,00:51:44.126510,00:51:44.127724,00:51:44.127724,00:51:44.129154,00:51:44.129154,00:51:44.142488,00:51:44.142511,00:51:44.156599,00:51:44.175935,00:51:44.638500,00:51:44.161925,00:51:44.166981,00:51:44.167004,00:51:44.172112,00:51:44.132427,00:51:44.132509,00:51:44.127179
6,safe,00:51:48.796758,00:51:48.796758,00:51:48.797127,00:51:48.797127,00:51:48.798396,00:51:48.798396,00:51:48.800125,00:51:48.800125,00:51:48.814064,00:51:48.814087,00:51:48.827453,00:51:48.847421,00:51:49.312191,00:51:48.832899,00:51:48.838065,00:51:48.838090,00:51:48.843355,00:51:48.803155,00:51:48.803243,00:51:48.797819
6,safe,00:51:53.925179,00:51:53.925179,00:51:53.925581,00:51:53.925581,00:51:53.927037,00:51:53.927037,00:51:53.929591,00:51:53.929591,00:51:53.939048,00:51:53.939076,00:51:53.952276,00:51:53.972763,00:51:54.439133,00:51:53.957893,00:51:53.963161,00:51:53.963177,00:51:53.968824,00:51:53.943583,00:51:53.943680,00:51:53.926421
6,safe,00:51:58.833286,00:51:58.833286,00:51:58.833662,00:51:58.833662,00:51:58.834827,00:51:58.834827,00:51:58.836149,00:51:58.836149,00:51:58.849368,00:51:58.849392,00:51:58.863108,00:51:58.882282,00:51:59.346408,00:51:58.868533,00:51:58.873413,00:51:58.873431,00:51:58.878661,00:51:58.839768,00:51:58.839851,00:51:58.834336
6,safe,00:52:03.953138,00:52:03.953138,00:52:03.953544,00:52:03.953544,00:52:03.954773,00:52:03.954773,00:52:03.956815,00:52:03.956815,00:52:03.970562,00:52:03.970587,00:52:03.983672,00:52:04.002678,00:52:04.467003,00:52:03.989330,00:52:03.994052,00:52:03.994068,00:52:03.998633,00:52:03.960030,00:52:03.960138,00:52:03.954205
6,safe,00:52:08.639373,00:52:08.639373,00:52:08.639780,00:52:08.639780,00:52:08.641135,00:52:08.641135,00:52:08.642898,00:52:08.642898,00:52:08.656156,00:52:08.656180,00:52:08.679750,00:52:08.699298,00:52:09.164160,00:52:08.685475,00:52:08.690557,00:52:08.690579,00:52:08.695628,00:52:08.645720,00:52:08.645809,00:52:08.640515
6,safe,00:52:13.690298,00:52:13.690298,00:52:13.690685,00:52:13.690685,00:52:13.691884,00:52:13.691884,00:52:13.694095,00:52:13.694095,00:52:13.703477,00:52:13.703502,00:52:13.717438,00:52:13.736573,00:52:14.202993,00:52:13.722721,00:52:13.727572,00:52:13.727592,00:52:13.732602,00:52:13.710133,00:52:13.710282,00:52:13.691340
6,safe,00:52:18.825352,00:52:18.825352,00:52:18.825725,00:52:18.825725,00:52:18.826907,00:52:18.826907,00:52:18.828937,00:52:18.828937,00:52:18.838782,00:52:18.838802,00:52:18.852174,00:52:18.872124,00:52:19.337146,00:52:18.857553,00:52:18.862775,00:52:18.862800,00:52:18.868160,00:52:18.842855,00:52:18.843154,00:52:18.826366
6,safe,00:52:23.857844,00:52:23.857844,00:52:23.858225,00:52:23.858225,00:52:23.859337,00:52:23.859337,00:52:23.861599,00:52:23.861599,00:52:23.870778,00:52:23.870803,00:52:23.884366,00:52:23.903046,00:52:24.371352,00:52:23.889822,00:52:23.894424,00:52:23.894441,00:52:23.899324,00:52:23.879402,00:52:23.879504,00:52:23.858871
6,safe,00:52:28.811895,00:52:28.811895,00:52:28.812299,00:52:28.812299,00:52:28.813630,00:52:28.813630,00:52:28.815067,00:52:28.815067,00:52:28.829303,00:52:28.829328,00:52:28.842858,00:52:28.861703,00:52:29.327227,00:52:28.848438,00:52:28.853257,00:52:28.853275,00:52:28.858042,00:52:28.818144,00:52:28.818231,00:52:28.812978
6,leak,00:52:33.621086,00:52:33.621086,00:52:33.621423,00:52:33.621423,00:52:33.622737,00:52:33.622737,00:52:33.624252,00:52:33.624252,00:52:33.637979,00:52:33.638005,00:52:33.652865,00:52:33.674519,00:52:34.146460,00:52:33.659498,00:52:33.664858,00:52:33.664883,00:52:33.670204,00:52:33.628331,00:52:33.628423,00:52:33.622100
6,safe,00:52:36.945776,00:52:36.945776,00:52:36.946114,00:52:36.946114,00:52:36.947262,00:52:36.947262,00:52:36.948956,00:52:36.948956,00:52:36.963142,00:52:36.963168,00:52:36.976799,00:52:36.995679,00:52:37.455944,00:52:36.982247,00:52:36.986913,00:52:36.986930,00:52:36.991655,00:52:36.951930,00:52:36.952030,00:52:36.946707
6,safe,00:52:41.752873,00:52:41.752873,00:52:41.753285,00:52:41.753285,00:52:41.754393,00:52:41.754393,00:52:41.755768,00:52:41.755768,00:52:41.769445,00:52:41.769473,00:52:41.782845,00:52:41.801737,00:52:42.266340,00:52:41.788131,00:52:41.792885,00:52:41.792904,00:52:41.798020,00:52:41.759148,00:52:41.759264,00:52:41.753882
6,leak,00:52:46.759366,00:52:46.759366,00:52:46.759775,00:52:46.759775,00:52:46.760912,00:52:46.760912,00:52:46.762998,00:52:46.762998,00:52:46.776360,00:52:46.776386,00:52:46.789262,00:52:46.808370,00:52:47.273119,00:52:46.794396,00:52:46.799261,00:52:46.799286,00:52:46.804465,00:52:46.766369,00:52:46.766464,00:52:46.760365
6,safe,00:52:50.180887,00:52:50.180887,00:52:50.181214,00:52:50.181214,00:52:50.182403,00:52:50.182403,00:52:50.183820,00:52:50.183820,00:52:50.199679,00:52:50.199706,00:52:50.212400,00:52:50.231661,00:52:50.693335,00:52:50.217730,00:52:50.222556,00:52:50.222574,00:52:50.227781,00:52:50.187226,00:52:50.187312,00:52:50.181838
6,safe,00:52:55.173304,00:52:55.173304,00:52:55.173632,00:52:55.173632,00:52:55.174820,00:52:55.174820,00:52:55.176395,00:52:55.176395,00:52:55.189803,00:52:55.189828,00:52:55.202686,00:52:55.221519,00:52:55.685326,00:52:55.207944,00:52:55.212688,00:52:55.212707,00:52:55.217701,00:52:55.179985,00:52:55.180128,00:52:55.174226
6,safe,00:53:00.089944,00:53:00.089944,00:53:00.090313,00:53:00.090313,00:53:00.091345,00:53:00.091345,00:53:00.092750,00:53:00.092750,00:53:00.106889,00:53:00.106914,00:53:00.121279,00:53:00.140164,00:53:00.603867,00:53:00.126792,00:53:00.131656,00:53:00.131674,00:53:00.136563,00:53:00.096158,00:53:00.096238,00:53:00.090876
6,safe,00:53:04.935378,00:53:04.935378,00:53:04.935701,00:53:04.935701,00:53:04.936895,00:53:04.936895,00:53:04.938667,00:53:04.938667,00:53:04.952110,00:53:04.952130,00:53:04.973989,00:53:04.993737,00:53:05.457391,00:53:04.979653,00:53:04.984508,00:53:04.984524,00:53:04.989375,00:53:04.941895,00:53:04.942002,00:53:04.936280
6,safe,00:53:09.604605,00:53:09.604605,00:53:09.604979,00:53:09.604979,00:53:09.606236,00:53:09.606236,00:53:09.607734,00:53:09.607734,00:53:09.624766,00:53:09.624797,00:53:09.814981,00:53:09.834823,00:53:10.306547,00:53:09.820865,00:53:09.825829,00:53:09.825845,00:53:09.831070,00:53:09.610846,00:53:09.610926,00:53:09.605663
6,leak,00:53:14.543456,00:53:14.543456,00:53:14.543879,00:53:14.543879,00:53:14.545074,00:53:14.545074,00:53:14.546807,00:53:14.546807,00:53:14.560808,00:53:14.560833,00:53:14.573969,00:53:14.593722,00:53:15.060016,00:53:14.579414,00:53:14.584828,00:53:14.584851,00:53:14.589689,00:53:14.549922,00:53:14.550006,00:53:14.544531
6,safe,00:53:17.699187,00:53:17.699187,00:53:17.699787,00:53:17.699787,00:53:17.701266,00:53:17.701266,00:53:17.703000,00:53:17.703000,00:53:17.717304,00:53:17.717338,00:53:17.733609,00:53:17.758874,00:53:18.229964,00:53:17.741129,00:53:17.747938,00:53:17.747970,00:53:17.754246,00:53:17.705790,00:53:17.705975,00:53:17.700671
6,safe,00:53:22.859653,00:53:22.859653,00:53:22.860045,00:53:22.860045,00:53:22.861205,00:53:22.861205,00:53:22.863319,00:53:22.863319,00:53:22.877109,00:53:22.877135,00:53:22.890743,00:53:22.910168,00:53:23.374300,00:53:22.896236,00:53:22.901173,00:53:22.901200,00:53:22.906330,00:53:22.866669,00:53:22.866754,00:53:22.860701
6,safe,00:53:27.504730,00:53:27.504730,00:53:27.505100,00:53:27.505100,00:53:27.506382,00:53:27.506382,00:53:27.507855,00:53:27.507855,00:53:27.522562,00:53:27.522593,00:53:27.536497,00:53:27.559453,00:53:28.034909,00:53:27.542614,00:53:27.549218,00:53:27.549243,00:53:27.555079,00:53:27.511441,00:53:27.511576,00:53:27.505769
6,safe,00:53:32.560089,00:53:32.560089,00:53:32.560425,00:53:32.560425,00:53:32.561538,00:53:32.561538,00:53:32.564044,00:53:32.564044,00:53:32.573482,00:53:32.573510,00:53:32.586730,00:53:32.606343,00:53:33.072300,00:53:32.592735,00:53:32.597599,00:53:32.597615,00:53:32.602490,00:53:32.583319,00:53:32.583427,00:53:32.561054
6,safe,00:53:37.568407,00:53:37.568407,00:53:37.568998,00:53:37.568998,00:53:37.570500,00:53:37.570500,00:53:37.573256,00:53:37.573256,00:53:37.588609,00:53:37.588652,00:53:37.604916,00:53:37.627676,00:53:38.101121,00:53:37.611400,00:53:37.617002,00:53:37.617025,00:53:37.622752,00:53:37.575038,00:53:37.575137,00:53:37.569845
6,safe,00:53:42.346103,00:53:42.346103,00:53:42.346458,00:53:42.346458,00:53:42.347922,00:53:42.347922,00:53:42.349611,00:53:42.349611,00:53:42.363819,00:53:42.363846,00:53:42.376598,00:53:42.395808,00:53:42.860010,00:53:42.381904,00:53:42.386818,00:53:42.386842,00:53:42.392014,00:53:42.352448,00:53:42.352551,00:53:42.347339
6,safe,00:53:47.223193,00:53:47.223193,00:53:47.223573,00:53:47.223573,00:53:47.224739,00:53:47.224739,00:53:47.226179,00:53:47.226179,00:53:47.240088,00:53:47.240116,00:53:47.254235,00:53:47.273058,00:53:47.742111,00:53:47.259840,00:53:47.264361,00:53:47.264377,00:53:47.269060,00:53:47.229714,00:53:47.229811,00:53:47.224162
6,safe,00:53:52.408039,00:53:52.408039,00:53:52.408419,00:53:52.408419,00:53:52.409773,00:53:52.409773,00:53:52.412356,00:53:52.412356,00:53:52.422278,00:53:52.422298,00:53:52.435274,00:53:52.456730,00:53:52.921314,00:53:52.441021,00:53:52.446370,00:53:52.446393,00:53:52.452306,00:53:52.435159,00:53:52.435309,00:53:52.409200
6,safe,00:53:56.987489,00:53:56.987489,00:53:56.987876,00:53:56.987876,00:53:56.989073,00:53:56.989073,00:53:56.990475,00:53:56.990475,00:53:57.003940,00:53:57.003969,00:53:57.018205,00:53:57.037809,00:53:57.500538,00:53:57.023661,00:53:57.028898,00:53:57.028919,00:53:57.034110,00:53:56.994104,00:53:56.994248,00:53:56.988517
6,safe,00:54:01.703351,00:54:01.703351,00:54:01.703726,00:54:01.703726,00:54:01.704870,00:54:01.704870,00:54:01.706272,00:54:01.706272,00:54:01.719684,00:54:01.719711,00:54:01.733903,00:54:01.755011,00:54:02.221852,00:54:01.740552,00:54:01.746036,00:54:01.746058,00:54:01.750959,00:54:01.709507,00:54:01.709602,00:54:01.704344
6,safe,00:54:06.278306,00:54:06.278306,00:54:06.278651,00:54:06.278651,00:54:06.279863,00:54:06.279863,00:54:06.281277,00:54:06.281277,00:54:06.294799,00:54:06.294823,00:54:06.314724,00:54:06.334141,00:54:06.798824,00:54:06.320084,00:54:06.325238,00:54:06.325262,00:54:06.330350,00:54:06.284455,00:54:06.284557,00:54:06.279304
6,leak,00:54:11.343813,00:54:11.343813,00:54:11.344165,00:54:11.344165,00:54:11.345209,00:54:11.345209,00:54:11.347367,00:54:11.347367,00:54:11.356928,00:54:11.356952,00:54:11.369660,00:54:11.388358,00:54:11.855635,00:54:11.375040,00:54:11.380083,00:54:11.380101,00:54:11.384693,00:54:11.370410,00:54:11.370530,00:54:11.344740
6,safe,00:54:14.156543,00:54:14.156543,00:54:14.156918,00:54:14.156918,00:54:14.157989,00:54:14.157989,00:54:14.159380,00:54:14.159380,00:54:14.173639,00:54:14.173664,00:54:14.186550,00:54:14.205917,00:54:14.668138,00:54:14.192111,00:54:14.197182,00:54:14.197205,00:54:14.202149,00:54:14.162932,00:54:14.163032,00:54:14.157517
6,safe,00:54:19.362067,00:54:19.362067,00:54:19.362503,00:54:19.362503,00:54:19.363800,00:54:19.363800,00:54:19.367067,00:54:19.367067,00:54:19.376481,00:54:19.376508,00:54:19.390025,00:54:19.409821,00:54:19.876804,00:54:19.395473,00:54:19.400643,00:54:19.400659,00:54:19.405870,00:54:19.381027,00:54:19.381143,00:54:19.363219
6,safe,00:54:24.067113,00:54:24.067113,00:54:24.067490,00:54:24.067490,00:54:24.068719,00:54:24.068719,00:54:24.070144,00:54:24.070144,00:54:24.085339,00:54:24.085371,00:54:24.099096,00:54:24.118493,00:54:24.580149,00:54:24.104622,00:54:24.109621,00:54:24.109640,00:54:24.114855,00:54:24.073365,00:54:24.073463,00:54:24.068128
6,safe,00:54:28.995318,00:54:28.995318,00:54:28.995700,00:54:28.995700,00:54:28.996879,00:54:28.996879,00:54:28.998273,00:54:28.998273,00:54:29.011553,00:54:29.011582,00:54:29.025363,00:54:29.044334,00:54:29.509112,00:54:29.030875,00:54:29.035724,00:54:29.035742,00:54:29.040503,00:54:29.002031,00:54:29.002133,00:54:28.996340
6,safe,00:54:34.139138,00:54:34.139138,00:54:34.139517,00:54:34.139517,00:54:34.140650,00:54:34.140650,00:54:34.142869,00:54:34.142869,00:54:34.156173,00:54:34.156197,00:54:34.169347,00:54:34.187781,00:54:34.652715,00:54:34.174738,00:54:34.179485,00:54:34.179502,00:54:34.184145,00:54:34.146124,00:54:34.146212,00:54:34.140119
6,safe,00:54:39.146946,00:54:39.146946,00:54:39.147336,00:54:39.147336,00:54:39.148523,00:54:39.148523,00:54:39.150536,00:54:39.150536,00:54:39.166787,00:54:39.166814,00:54:39.179809,00:54:39.199283,00:54:39.666034,00:54:39.185114,00:54:39.190259,00:54:39.190279,00:54:39.195346,00:54:39.154202,00:54:39.154290,00:54:39.148018
6,safe,00:54:43.914618,00:54:43.914618,00:54:43.915031,00:54:43.915031,00:54:43.916192,00:54:43.916192,00:54:43.917503,00:54:43.917503,00:54:43.931720,00:54:43.931745,00:54:43.945332,00:54:43.966039,00:54:44.430651,00:54:43.950812,00:54:43.956808,00:54:43.956830,00:54:43.961826,00:54:43.920888,00:54:43.920985,00:54:43.915713
6,safe,00:54:48.955582,00:54:48.955582,00:54:48.955956,00:54:48.955956,00:54:48.957123,00:54:48.957123,00:54:48.959229,00:54:48.959229,00:54:48.968506,00:54:48.968530,00:54:48.981103,00:54:49.000488,00:54:49.465671,00:54:48.986378,00:54:48.991634,00:54:48.991656,00:54:48.996719,00:54:48.979212,00:54:48.979354,00:54:48.956579
6,safe,00:54:53.652535,00:54:53.652535,00:54:53.652922,00:54:53.652922,00:54:53.654096,00:54:53.654096,00:54:53.655623,00:54:53.655623,00:54:53.669879,00:54:53.669899,00:54:53.682931,00:54:53.702139,00:54:54.166886,00:54:53.687995,00:54:53.692632,00:54:53.692650,00:54:53.698085,00:54:53.658860,00:54:53.658953,00:54:53.653509
6,safe,00:54:58.576327,00:54:58.576327,00:54:58.576655,00:54:58.576655,00:54:58.577762,00:54:58.577762,00:54:58.579052,00:54:58.579052,00:54:58.593550,00:54:58.593574,00:54:58.606811,00:54:58.626532,00:54:59.092713,00:54:58.612583,00:54:58.617452,00:54:58.617471,00:54:58.622756,00:54:58.582542,00:54:58.582626,00:54:58.577253
6,safe,00:55:03.426914,00:55:03.426914,00:55:03.427324,00:55:03.427324,00:55:03.428453,00:55:03.428453,00:55:03.429771,00:55:03.429771,00:55:03.443035,00:55:03.443057,00:55:03.464081,00:55:03.483253,00:55:03.946080,00:55:03.469674,00:55:03.474851,00:55:03.474870,00:55:03.479608,00:55:03.433756,00:55:03.433837,00:55:03.427955
6,leak,00:55:08.443342,00:55:08.443342,00:55:08.443656,00:55:08.443656,00:55:08.444809,00:55:08.444809,00:55:08.447321,00:55:08.447321,00:55:08.457115,00:55:08.457136,00:55:08.470382,00:55:08.490419,00:55:08.956380,00:55:08.476129,00:55:08.481279,00:55:08.481300,00:55:08.486615,00:55:08.460976,00:55:08.461093,00:55:08.444225
6,leak,00:55:11.936640,00:55:11.936640,00:55:11.937023,00:55:11.937023,00:55:11.938155,00:55:11.938155,00:55:11.939493,00:55:11.939493,00:55:11.952680,00:55:11.952701,00:55:11.965568,00:55:11.984733,00:55:12.447648,00:55:11.970926,00:55:11.975648,00:55:11.975663,00:55:11.980961,00:55:11.943322,00:55:11.943407,00:55:11.937676
6,safe,00:55:14.902333,00:55:14.902333,00:55:14.902661,00:55:14.902661,00:55:14.903835,00:55:14.903835,00:55:14.905295,00:55:14.905295,00:55:14.919399,00:55:14.919423,00:55:14.933497,00:55:14.954531,00:55:15.415826,00:55:14.940322,00:55:14.945389,00:55:14.945407,00:55:14.950710,00:55:14.908911,00:55:14.909014,00:55:14.903271
6,safe,00:55:19.849453,00:55:19.849453,00:55:19.849902,00:55:19.849902,00:55:19.851314,00:55:19.851314,00:55:19.853064,00:55:19.853064,00:55:19.867888,00:55:19.867936,00:55:19.881351,00:55:19.901503,00:55:20.366023,00:55:19.887219,00:55:19.892540,00:55:19.892557,00:55:19.897519,00:55:19.855595,00:55:19.855687,00:55:19.850714
6,safe,00:55:24.855082,00:55:24.855082,00:55:24.855455,00:55:24.855455,00:55:24.856619,00:55:24.856619,00:55:24.858821,00:55:24.858821,00:55:24.867938,00:55:24.867958,00:55:24.881372,00:55:24.900718,00:55:25.365419,00:55:24.886716,00:55:24.891341,00:55:24.891359,00:55:24.896630,00:55:24.879488,00:55:24.879592,00:55:24.856157
6,leak,00:55:29.819233,00:55:29.819233,00:55:29.819663,00:55:29.819663,00:55:29.821219,00:55:29.821219,00:55:29.822808,00:55:29.822808,00:55:29.836653,00:55:29.836686,00:55:29.849788,00:55:29.870258,00:55:30.334568,00:55:29.855733,00:55:29.861220,00:55:29.861244,00:55:29.866338,00:55:29.825502,00:55:29.825601,00:55:29.820457
6,safe,00:55:33.376289,00:55:33.376289,00:55:33.376664,00:55:33.376664,00:55:33.377838,00:55:33.377838,00:55:33.379362,00:55:33.379362,00:55:33.392770,00:55:33.392797,00:55:33.405394,00:55:33.424899,00:55:33.886794,00:55:33.410919,00:55:33.415970,00:55:33.415997,00:55:33.420940,00:55:33.382688,00:55:33.382777,00:55:33.377298
6,safe,00:55:38.315928,00:55:38.315928,00:55:38.316264,00:55:38.316264,00:55:38.317323,00:55:38.317323,00:55:38.318923,00:55:38.318923,00:55:38.333044,00:55:38.333068,00:55:38.346337,00:55:38.365331,00:55:38.829222,00:55:38.351538,00:55:38.356535,00:55:38.356558,00:55:38.361544,00:55:38.322079,00:55:38.322162,00:55:38.316842
6,safe,00:55:43.170009,00:55:43.170009,00:55:43.170357,00:55:43.170357,00:55:43.171792,00:55:43.171792,00:55:43.173267,00:55:43.173267,00:55:43.187398,00:55:43.187430,00:55:43.200664,00:55:43.221095,00:55:43.684608,00:55:43.206566,00:55:43.211584,00:55:43.211602,00:55:43.216808,00:55:43.176274,00:55:43.176368,00:55:43.170971
6,safe,00:55:47.772714,00:55:47.772714,00:55:47.773441,00:55:47.773441,00:55:47.775500,00:55:47.775500,00:55:47.777834,00:55:47.777834,00:55:47.793393,00:55:47.793451,00:55:47.810757,00:55:47.841705,00:55:48.316348,00:55:47.817855,00:55:47.826511,00:55:47.826545,00:55:47.835988,00:55:47.780030,00:55:47.780151,00:55:47.774570
6,leak,00:55:52.934574,00:55:52.934574,00:55:52.934950,00:55:52.934950,00:55:52.936144,00:55:52.936144,00:55:52.938227,00:55:52.938227,00:55:52.951811,00:55:52.951839,00:55:52.965268,00:55:52.984550,00:55:53.448056,00:55:52.970713,00:55:52.975673,00:55:52.975689,00:55:52.980669,00:55:52.941526,00:55:52.941618,00:55:52.935582
6,leak,00:55:55.901766,00:55:55.901766,00:55:55.902117,00:55:55.902117,00:55:55.903290,00:55:55.903290,00:55:55.904565,00:55:55.904565,00:55:55.918648,00:55:55.918669,00:55:55.937990,00:55:55.957344,00:55:56.417780,00:55:55.943434,00:55:55.948132,00:55:55.948150,00:55:55.952903,00:55:55.908214,00:55:55.908301,00:55:55.902800
6,safe,00:55:59.065111,00:55:59.065111,00:55:59.065482,00:55:59.065482,00:55:59.066625,00:55:59.066625,00:55:59.068035,00:55:59.068035,00:55:59.081908,00:55:59.081929,00:55:59.095682,00:55:59.114991,00:55:59.577477,00:55:59.101019,00:55:59.105986,00:55:59.106010,00:55:59.111122,00:55:59.071612,00:55:59.073358,00:55:59.066109
6,safe,00:56:03.893845,00:56:03.893845,00:56:03.894184,00:56:03.894184,00:56:03.895474,00:56:03.895474,00:56:03.896924,00:56:03.896924,00:56:03.910619,00:56:03.910646,00:56:03.924607,00:56:03.944398,00:56:04.408014,00:56:03.930060,00:56:03.934968,00:56:03.934993,00:56:03.940220,00:56:03.900038,00:56:03.902170,00:56:03.894881
6,leak,00:56:08.898942,00:56:08.898942,00:56:08.899291,00:56:08.899291,00:56:08.900438,00:56:08.900438,00:56:08.902573,00:56:08.902573,00:56:08.911723,00:56:08.911748,00:56:08.925462,00:56:08.946136,00:56:09.410825,00:56:08.930855,00:56:08.936653,00:56:08.936673,00:56:08.942040,00:56:08.929622,00:56:08.929763,00:56:08.899931
6,leak,00:56:12.051729,00:56:12.051729,00:56:12.052123,00:56:12.052123,00:56:12.053281,00:56:12.053281,00:56:12.055016,00:56:12.055016,00:56:12.068882,00:56:12.068906,00:56:12.082052,00:56:12.101256,00:56:12.569218,00:56:12.087703,00:56:12.092604,00:56:12.092622,00:56:12.097373,00:56:12.058439,00:56:12.058542,00:56:12.052702
6,safe,00:56:15.548020,00:56:15.548020,00:56:15.548417,00:56:15.548417,00:56:15.549653,00:56:15.549653,00:56:15.551370,00:56:15.551370,00:56:15.565729,00:56:15.565755,00:56:15.578508,00:56:15.597466,00:56:16.073357,00:56:15.584030,00:56:15.589109,00:56:15.589126,00:56:15.593847,00:56:15.554394,00:56:15.554828,00:56:15.549095
6,safe,00:56:20.628407,00:56:20.628407,00:56:20.628800,00:56:20.628800,00:56:20.630163,00:56:20.630163,00:56:20.632306,00:56:20.632306,00:56:20.645086,00:56:20.645114,00:56:20.658705,00:56:20.678153,00:56:21.148271,00:56:20.664097,00:56:20.669137,00:56:20.669160,00:56:20.674262,00:56:20.653800,00:56:20.653926,00:56:20.629507
6,leak,00:56:25.593287,00:56:25.593287,00:56:25.593644,00:56:25.593644,00:56:25.594736,00:56:25.594736,00:56:25.596035,00:56:25.596035,00:56:25.610258,00:56:25.610285,00:56:25.623415,00:56:25.642365,00:56:26.105152,00:56:25.628745,00:56:25.633839,00:56:25.633858,00:56:25.638637,00:56:25.599491,00:56:25.599590,00:56:25.594261
6,safe,00:56:28.915021,00:56:28.915021,00:56:28.915390,00:56:28.915390,00:56:28.916495,00:56:28.916495,00:56:28.918234,00:56:28.918234,00:56:28.931598,00:56:28.931620,00:56:28.944132,00:56:28.963012,00:56:29.424525,00:56:28.949543,00:56:28.954307,00:56:28.954325,00:56:28.959150,00:56:28.921372,00:56:28.921453,00:56:28.915975
6,safe,00:56:33.634582,00:56:33.634582,00:56:33.634967,00:56:33.634967,00:56:33.636142,00:56:33.636142,00:56:33.637738,00:56:33.637738,00:56:33.651764,00:56:33.651787,00:56:33.664639,00:56:33.683697,00:56:34.150736,00:56:33.669985,00:56:33.674725,00:56:33.674741,00:56:33.679393,00:56:33.640761,00:56:33.640845,00:56:33.635658
6,leak,00:56:38.551640,00:56:38.551640,00:56:38.552077,00:56:38.552077,00:56:38.553273,00:56:38.553273,00:56:38.554650,00:56:38.554650,00:56:38.568006,00:56:38.568032,00:56:38.581369,00:56:38.601120,00:56:39.067751,00:56:38.586835,00:56:38.591728,00:56:38.591748,00:56:38.597110,00:56:38.558203,00:56:38.558303,00:56:38.552729
6,leak,00:56:41.999416,00:56:41.999416,00:56:41.999822,00:56:41.999822,00:56:42.001039,00:56:42.001039,00:56:42.002451,00:56:42.002451,00:56:42.015939,00:56:42.015967,00:56:42.028901,00:56:42.048821,00:56:42.509906,00:56:42.034365,00:56:42.039633,00:56:42.039658,00:56:42.044694,00:56:42.005803,00:56:42.005885,00:56:42.000491
6,safe,00:56:45.317893,00:56:45.317893,00:56:45.318217,00:56:45.318217,00:56:45.319392,00:56:45.319392,00:56:45.320897,00:56:45.320897,00:56:45.335125,00:56:45.335148,00:56:45.355816,00:56:45.375132,00:56:45.834793,00:56:45.361512,00:56:45.366471,00:56:45.366492,00:56:45.371427,00:56:45.324324,00:56:45.324405,00:56:45.318802
6,safe,00:56:50.264768,00:56:50.264768,00:56:50.265173,00:56:50.265173,00:56:50.266319,00:56:50.266319,00:56:50.267720,00:56:50.267720,00:56:50.280982,00:56:50.281010,00:56:50.294887,00:56:50.314803,00:56:50.779323,00:56:50.300385,00:56:50.305570,00:56:50.305589,00:56:50.310523,00:56:50.271382,00:56:50.271512,00:56:50.265798
7,safe,00:56:55.323905,00:56:55.323905,00:56:55.324315,00:56:55.324315,00:56:55.325498,00:56:55.325498,00:56:55.327831,00:56:55.327831,00:56:55.341083,00:56:55.341106,00:56:55.353784,00:56:55.372288,00:56:55.838158,00:56:55.359211,00:56:55.363781,00:56:55.363797,00:56:55.368520,00:56:55.332098,00:56:55.332200,00:56:55.324967
7,safe,00:57:00.491894,00:57:00.491894,00:57:00.492313,00:57:00.492313,00:57:00.493538,00:57:00.493538,00:57:00.495784,00:57:00.495784,00:57:00.509282,00:57:00.509305,00:57:00.524287,00:57:00.544455,00:57:01.010848,00:57:00.530991,00:57:00.535872,00:57:00.535888,00:57:00.540782,00:57:00.499957,00:57:00.500869,00:57:00.492973
7,safe,00:57:05.301803,00:57:05.301803,00:57:05.302222,00:57:05.302222,00:57:05.303432,00:57:05.303432,00:57:05.304729,00:57:05.304729,00:57:05.318761,00:57:05.318785,00:57:05.331888,00:57:05.351438,00:57:05.816438,00:57:05.337440,00:57:05.342541,00:57:05.342560,00:57:05.347651,00:57:05.309163,00:57:05.309262,00:57:05.302915
7,safe,00:57:10.273917,00:57:10.273917,00:57:10.274335,00:57:10.274335,00:57:10.275543,00:57:10.275543,00:57:10.276972,00:57:10.276972,00:57:10.290461,00:57:10.290486,00:57:10.303129,00:57:10.321500,00:57:10.786023,00:57:10.308489,00:57:10.313162,00:57:10.313178,00:57:10.317831,00:57:10.281580,00:57:10.282071,00:57:10.274980
7,safe,00:57:15.290050,00:57:15.290050,00:57:15.290476,00:57:15.290476,00:57:15.291692,00:57:15.291692,00:57:15.293799,00:57:15.293799,00:57:15.307207,00:57:15.307235,00:57:15.321701,00:57:15.341024,00:57:15.806561,00:57:15.327505,00:57:15.332177,00:57:15.332192,00:57:15.337124,00:57:15.298228,00:57:15.298328,00:57:15.291146
7,leak,00:57:20.201468,00:57:20.201468,00:57:20.201878,00:57:20.201878,00:57:20.203344,00:57:20.203344,00:57:20.205304,00:57:20.205304,00:57:20.218945,00:57:20.218976,00:57:20.235517,00:57:20.255239,00:57:20.719618,00:57:20.241168,00:57:20.246447,00:57:20.246468,00:57:20.251468,00:57:20.209441,00:57:20.209560,00:57:20.202748
7,safe,00:57:23.634480,00:57:23.634480,00:57:23.634934,00:57:23.634934,00:57:23.636051,00:57:23.636051,00:57:23.637612,00:57:23.637612,00:57:23.652247,00:57:23.652275,00:57:23.665699,00:57:23.685261,00:57:24.148060,00:57:23.671057,00:57:23.676098,00:57:23.676121,00:57:23.681353,00:57:23.641539,00:57:23.641640,00:57:23.635512
7,safe,00:57:28.860864,00:57:28.860864,00:57:28.861250,00:57:28.861250,00:57:28.862673,00:57:28.862673,00:57:28.864846,00:57:28.864846,00:57:28.873988,00:57:28.874013,00:57:28.887366,00:57:28.907017,00:57:29.372276,00:57:28.892668,00:57:28.897476,00:57:28.897495,00:57:28.903216,00:57:28.887426,00:57:28.887778,00:57:28.861900
7,safe,00:57:33.889649,00:57:33.889649,00:57:33.889980,00:57:33.889980,00:57:33.891465,00:57:33.891465,00:57:33.893731,00:57:33.893731,00:57:33.903508,00:57:33.903532,00:57:33.917232,00:57:33.936628,00:57:34.401715,00:57:33.922738,00:57:33.927925,00:57:33.927946,00:57:33.932842,00:57:33.921875,00:57:33.922022,00:57:33.890588
7,safe,00:57:38.585001,00:57:38.585001,00:57:38.585370,00:57:38.585370,00:57:38.586531,00:57:38.586531,00:57:38.588293,00:57:38.588293,00:57:38.602008,00:57:38.602033,00:57:38.615078,00:57:38.633500,00:57:39.097635,00:57:38.620331,00:57:38.624893,00:57:38.624909,00:57:38.629617,00:57:38.592473,00:57:38.592567,00:57:38.586033
7,safe,00:57:43.628554,00:57:43.628554,00:57:43.628968,00:57:43.628968,00:57:43.630173,00:57:43.630173,00:57:43.632317,00:57:43.632317,00:57:43.645645,00:57:43.645676,00:57:43.666913,00:57:43.686079,00:57:44.155033,00:57:43.672437,00:57:43.677501,00:57:43.677518,00:57:43.682389,00:57:43.636418,00:57:43.636506,00:57:43.629639
7,safe,00:57:48.573119,00:57:48.573119,00:57:48.573467,00:57:48.573467,00:57:48.574627,00:57:48.574627,00:57:48.576200,00:57:48.576200,00:57:48.589571,00:57:48.589596,00:57:48.603209,00:57:48.621827,00:57:49.087449,00:57:48.608684,00:57:48.613138,00:57:48.613154,00:57:48.618081,00:57:48.580325,00:57:48.580407,00:57:48.574064
7,safe,00:57:53.550448,00:57:53.550448,00:57:53.550886,00:57:53.550886,00:57:53.552121,00:57:53.552121,00:57:53.554122,00:57:53.554122,00:57:53.568685,00:57:53.568722,00:57:53.582782,00:57:53.602434,00:57:54.066163,00:57:53.588551,00:57:53.593406,00:57:53.593422,00:57:53.598479,00:57:53.557840,00:57:53.557926,00:57:53.551544
7,safe,00:57:58.594479,00:57:58.594479,00:57:58.594853,00:57:58.594853,00:57:58.595957,00:57:58.595957,00:57:58.598111,00:57:58.598111,00:57:58.611426,00:57:58.611471,00:57:58.625092,00:57:58.645335,00:57:59.109195,00:57:58.630743,00:57:58.635954,00:57:58.635982,00:57:58.641212,00:57:58.602521,00:57:58.602609,00:57:58.595479
7,leak,00:58:03.349081,00:58:03.349081,00:58:03.349468,00:58:03.349468,00:58:03.350617,00:58:03.350617,00:58:03.352029,00:58:03.352029,00:58:03.365571,00:58:03.365604,00:58:03.380772,00:58:03.401222,00:58:03.863602,00:58:03.387295,00:58:03.392361,00:58:03.392384,00:58:03.397399,00:58:03.356731,00:58:03.356867,00:58:03.350124
7,safe,00:58:06.764833,00:58:06.764833,00:58:06.765171,00:58:06.765171,00:58:06.766243,00:58:06.766243,00:58:06.767597,00:58:06.767597,00:58:06.783552,00:58:06.783577,00:58:06.796771,00:58:06.815922,00:58:07.274059,00:58:06.802188,00:58:06.806891,00:58:06.806908,00:58:06.812116,00:58:06.772155,00:58:06.772242,00:58:06.765758
7,safe,00:58:11.378885,00:58:11.378885,00:58:11.379325,00:58:11.379325,00:58:11.380476,00:58:11.380476,00:58:11.381942,00:58:11.381942,00:58:11.396210,00:58:11.396233,00:58:11.409277,00:58:11.427629,00:58:11.896657,00:58:11.414557,00:58:11.419169,00:58:11.419185,00:58:11.423956,00:58:11.386512,00:58:11.386611,00:58:11.379951
7,leak,00:58:16.083325,00:58:16.083325,00:58:16.083818,00:58:16.083818,00:58:16.085410,00:58:16.085410,00:58:16.087195,00:58:16.087195,00:58:16.101357,00:58:16.101376,00:58:16.114716,00:58:16.133047,00:58:16.597196,00:58:16.120112,00:58:16.124638,00:58:16.124653,00:58:16.129420,00:58:16.090620,00:58:16.090756,00:58:16.084582
7,safe,00:58:19.407460,00:58:19.407460,00:58:19.408024,00:58:19.408024,00:58:19.409308,00:58:19.409308,00:58:19.410954,00:58:19.410954,00:58:19.425063,00:58:19.425094,00:58:19.438453,00:58:19.457316,00:58:19.916448,00:58:19.443751,00:58:19.448582,00:58:19.448599,00:58:19.453611,00:58:19.414730,00:58:19.414843,00:58:19.408727
7,safe,00:58:24.622881,00:58:24.622881,00:58:24.623301,00:58:24.623301,00:58:24.624808,00:58:24.624808,00:58:24.627267,00:58:24.627267,00:58:24.637006,00:58:24.637033,00:58:24.650012,00:58:24.669588,00:58:25.133849,00:58:24.655568,00:58:24.660758,00:58:24.660775,00:58:24.665688,00:58:24.655618,00:58:24.655761,00:58:24.623999
7,leak,00:58:29.293334,00:58:29.293334,00:58:29.293927,00:58:29.293927,00:58:29.295350,00:58:29.295350,00:58:29.296875,00:58:29.296875,00:58:29.310340,00:58:29.310369,00:58:29.324036,00:58:29.345290,00:58:29.810280,00:58:29.330123,00:58:29.335236,00:58:29.335251,00:58:29.341037,00:58:29.300642,00:58:29.300743,00:58:29.294700
7,safe,00:58:32.748336,00:58:32.748336,00:58:32.748725,00:58:32.748725,00:58:32.750260,00:58:32.750260,00:58:32.751733,00:58:32.751733,00:58:32.765063,00:58:32.765101,00:58:32.778101,00:58:32.797548,00:58:33.260948,00:58:32.783485,00:58:32.788182,00:58:32.788201,00:58:32.793258,00:58:32.755555,00:58:32.755654,00:58:32.749405
7,safe,00:58:37.567844,00:58:37.567844,00:58:37.568281,00:58:37.568281,00:58:37.569528,00:58:37.569528,00:58:37.571210,00:58:37.571210,00:58:37.584851,00:58:37.584875,00:58:37.605379,00:58:37.623692,00:58:38.097546,00:58:37.610825,00:58:37.615301,00:58:37.615317,00:58:37.620008,00:58:37.575223,00:58:37.575320,00:58:37.568971
7,safe,00:58:42.304932,00:58:42.304932,00:58:42.305305,00:58:42.305305,00:58:42.306758,00:58:42.306758,00:58:42.308283,00:58:42.308283,00:58:42.321881,00:58:42.321907,00:58:42.335341,00:58:42.353718,00:58:42.816221,00:58:42.340601,00:58:42.345159,00:58:42.345175,00:58:42.350075,00:58:42.312216,00:58:42.312317,00:58:42.305987
7,safe,00:58:47.344579,00:58:47.344579,00:58:47.344961,00:58:47.344961,00:58:47.346171,00:58:47.346171,00:58:47.348543,00:58:47.348543,00:58:47.362082,00:58:47.362109,00:58:47.375195,00:58:47.395137,00:58:47.860829,00:58:47.380757,00:58:47.385912,00:58:47.385932,00:58:47.391287,00:58:47.352591,00:58:47.352709,00:58:47.345563
7,leak,00:58:52.378483,00:58:52.378483,00:58:52.378859,00:58:52.378859,00:58:52.379955,00:58:52.379955,00:58:52.382323,00:58:52.382323,00:58:52.391456,00:58:52.391481,00:58:52.404667,00:58:52.423942,00:58:52.889835,00:58:52.410031,00:58:52.415039,00:58:52.415054,00:58:52.420301,00:58:52.399381,00:58:52.399487,00:58:52.379464
7,safe,00:58:55.853405,00:58:55.853405,00:58:55.853840,00:58:55.853840,00:58:55.855061,00:58:55.855061,00:58:55.856738,00:58:55.856738,00:58:55.869996,00:58:55.870020,00:58:55.883261,00:58:55.901891,00:58:56.364412,00:58:55.888461,00:58:55.893216,00:58:55.893231,00:58:55.898175,00:58:55.861094,00:58:55.861202,00:58:55.854501
7,safe,00:59:00.864842,00:59:00.864842,00:59:00.865211,00:59:00.865211,00:59:00.866429,00:59:00.866429,00:59:00.868852,00:59:00.868852,00:59:00.878426,00:59:00.878457,00:59:00.891823,00:59:00.910941,00:59:01.375234,00:59:00.897312,00:59:00.902337,00:59:00.902352,00:59:00.907027,00:59:00.896786,00:59:00.896913,00:59:00.865925
7,leak,00:59:05.625078,00:59:05.625078,00:59:05.625405,00:59:05.625405,00:59:05.626547,00:59:05.626547,00:59:05.628000,00:59:05.628000,00:59:05.641525,00:59:05.641546,00:59:05.654306,00:59:05.673432,00:59:06.137456,00:59:05.659633,00:59:05.664530,00:59:05.664553,00:59:05.669587,00:59:05.632378,00:59:05.632460,00:59:05.625987
7,safe,00:59:09.087780,00:59:09.087780,00:59:09.088141,00:59:09.088141,00:59:09.089243,00:59:09.089243,00:59:09.090685,00:59:09.090685,00:59:09.104804,00:59:09.104824,00:59:09.117958,00:59:09.137482,00:59:09.601059,00:59:09.123540,00:59:09.128510,00:59:09.128529,00:59:09.133617,00:59:09.095439,00:59:09.095554,00:59:09.088704
7,safe,00:59:14.120917,00:59:14.120917,00:59:14.121244,00:59:14.121244,00:59:14.122319,00:59:14.122319,00:59:14.124513,00:59:14.124513,00:59:14.133705,00:59:14.133726,00:59:14.146673,00:59:14.166135,00:59:14.630207,00:59:14.152336,00:59:14.157071,00:59:14.157087,00:59:14.161809,00:59:14.141376,00:59:14.141481,00:59:14.121827
7,safe,00:59:19.091294,00:59:19.091294,00:59:19.091689,00:59:19.091689,00:59:19.092933,00:59:19.092933,00:59:19.094330,00:59:19.094330,00:59:19.108753,00:59:19.108786,00:59:19.122155,00:59:19.140982,00:59:19.608196,00:59:19.127474,00:59:19.132471,00:59:19.132488,00:59:19.137239,00:59:19.098687,00:59:19.098788,00:59:19.092434
7,safe,00:59:23.851377,00:59:23.851377,00:59:23.851700,00:59:23.851700,00:59:23.852937,00:59:23.852937,00:59:23.854403,00:59:23.854403,00:59:23.868663,00:59:23.868684,00:59:23.881578,00:59:23.901022,00:59:24.365376,00:59:23.887013,00:59:23.892069,00:59:23.892086,00:59:23.896963,00:59:23.858565,00:59:23.858667,00:59:23.852378
7,safe,00:59:28.615231,00:59:28.615231,00:59:28.615562,00:59:28.615562,00:59:28.617175,00:59:28.617175,00:59:28.618587,00:59:28.618587,00:59:28.632476,00:59:28.632502,00:59:28.645891,00:59:28.664951,00:59:29.132226,00:59:28.651340,00:59:28.656110,00:59:28.656129,00:59:28.661214,00:59:28.622587,00:59:28.622671,00:59:28.616298
7,safe,00:59:33.642490,00:59:33.642490,00:59:33.642903,00:59:33.642903,00:59:33.644071,00:59:33.644071,00:59:33.646586,00:59:33.646586,00:59:33.656166,00:59:33.656197,00:59:33.677624,00:59:33.697126,00:59:34.160971,00:59:33.683395,00:59:33.688584,00:59:33.688605,00:59:33.693304,00:59:33.671317,00:59:33.671472,00:59:33.643564
7,safe,00:59:38.886471,00:59:38.886471,00:59:38.886857,00:59:38.886857,00:59:38.888177,00:59:38.888177,00:59:38.890376,00:59:38.890376,00:59:38.899524,00:59:38.899549,00:59:38.913062,00:59:38.931314,00:59:39.396534,00:59:38.918360,00:59:38.922883,00:59:38.922900,00:59:38.927635,00:59:38.909571,00:59:38.909681,00:59:38.887606
7,safe,00:59:43.928243,00:59:43.928243,00:59:43.928635,00:59:43.928635,00:59:43.930136,00:59:43.930136,00:59:43.932448,00:59:43.932448,00:59:43.941659,00:59:43.941685,00:59:43.954619,00:59:43.973950,00:59:44.438713,00:59:43.960271,00:59:43.965171,00:59:43.965187,00:59:43.970097,00:59:43.955421,00:59:43.955535,00:59:43.929251
7,safe,00:59:48.718313,00:59:48.718313,00:59:48.718645,00:59:48.718645,00:59:48.719799,00:59:48.719799,00:59:48.721192,00:59:48.721192,00:59:48.734687,00:59:48.734712,00:59:48.747837,00:59:48.767641,00:59:49.232368,00:59:48.753513,00:59:48.758268,00:59:48.758287,00:59:48.763808,00:59:48.725587,00:59:48.725685,00:59:48.719250
7,safe,00:59:53.763293,00:59:53.763293,00:59:53.763681,00:59:53.763681,00:59:53.765189,00:59:53.765189,00:59:53.767782,00:59:53.767782,00:59:53.779586,00:59:53.779617,00:59:53.793426,00:59:53.812143,00:59:54.277053,00:59:53.798843,00:59:53.803750,00:59:53.803765,00:59:53.808472,00:59:53.791710,00:59:53.791831,00:59:53.764385
7,safe,00:59:58.495591,00:59:58.495591,00:59:58.495976,00:59:58.495976,00:59:58.497293,00:59:58.497293,00:59:58.498760,00:59:58.498760,00:59:58.512557,00:59:58.512585,00:59:58.525511,00:59:58.544665,00:59:59.008806,00:59:58.530957,00:59:58.535908,00:59:58.535923,00:59:58.540798,00:59:58.503043,00:59:58.503152,00:59:58.496617
7,leak,01:00:03.434583,01:00:03.434583,01:00:03.435102,01:00:03.435102,01:00:03.436353,01:00:03.436353,01:00:03.437723,01:00:03.437723,01:00:03.451081,01:00:03.451107,01:00:03.464360,01:00:03.483818,01:00:03.946721,01:00:03.470174,01:00:03.475235,01:00:03.475255,01:00:03.480046,01:00:03.441661,01:00:03.441747,01:00:03.435776
7,safe,01:00:06.382640,01:00:06.382640,01:00:06.383038,01:00:06.383038,01:00:06.384226,01:00:06.384226,01:00:06.385689,01:00:06.385689,01:00:06.399222,01:00:06.399246,01:00:06.412433,01:00:06.431015,01:00:06.892541,01:00:06.417799,01:00:06.422473,01:00:06.422492,01:00:06.427348,01:00:06.390112,01:00:06.390224,01:00:06.383642
7,safe,01:00:11.419990,01:00:11.419990,01:00:11.420363,01:00:11.420363,01:00:11.421941,01:00:11.421941,01:00:11.424182,01:00:11.424182,01:00:11.433350,01:00:11.433376,01:00:11.447279,01:00:11.468003,01:00:11.932682,01:00:11.453096,01:00:11.458291,01:00:11.458311,01:00:11.463724,01:00:11.442957,01:00:11.443073,01:00:11.421042
7,safe,01:00:16.117729,01:00:16.117729,01:00:16.118157,01:00:16.118157,01:00:16.119336,01:00:16.119336,01:00:16.120736,01:00:16.120736,01:00:16.135150,01:00:16.135175,01:00:16.148646,01:00:16.166864,01:00:16.630758,01:00:16.153883,01:00:16.158511,01:00:16.158528,01:00:16.163158,01:00:16.125193,01:00:16.125331,01:00:16.118797
7,safe,01:00:21.097527,01:00:21.097527,01:00:21.097972,01:00:21.097972,01:00:21.099095,01:00:21.099095,01:00:21.100597,01:00:21.100597,01:00:21.114658,01:00:21.114684,01:00:21.128432,01:00:21.148184,01:00:21.613306,01:00:21.133846,01:00:21.138880,01:00:21.138901,01:00:21.143934,01:00:21.104675,01:00:21.104778,01:00:21.098604
7,safe,01:00:26.144446,01:00:26.144446,01:00:26.144815,01:00:26.144815,01:00:26.146041,01:00:26.146041,01:00:26.148146,01:00:26.148146,01:00:26.157192,01:00:26.157216,01:00:26.170052,01:00:26.188982,01:00:26.656385,01:00:26.175494,01:00:26.180196,01:00:26.180215,01:00:26.185317,01:00:26.162668,01:00:26.162761,01:00:26.145483
7,safe,01:00:31.173026,01:00:31.173026,01:00:31.173408,01:00:31.173408,01:00:31.174627,01:00:31.174627,01:00:31.177180,01:00:31.177180,01:00:31.186645,01:00:31.186669,01:00:31.209688,01:00:31.230735,01:00:31.695384,01:00:31.216469,01:00:31.221536,01:00:31.221557,01:00:31.226481,01:00:31.197585,01:00:31.197720,01:00:31.174066
7,safe,01:00:36.233035,01:00:36.233035,01:00:36.233422,01:00:36.233422,01:00:36.234580,01:00:36.234580,01:00:36.237030,01:00:36.237030,01:00:36.250403,01:00:36.250430,01:00:36.264491,01:00:36.283073,01:00:36.747598,01:00:36.269766,01:00:36.274652,01:00:36.274669,01:00:36.279380,01:00:36.241319,01:00:36.241421,01:00:36.234022
7,safe,01:00:40.960925,01:00:40.960925,01:00:40.961267,01:00:40.961267,01:00:40.962386,01:00:40.962386,01:00:40.963779,01:00:40.963779,01:00:40.977002,01:00:40.977027,01:00:40.990613,01:00:41.010136,01:00:41.473944,01:00:40.995929,01:00:41.000602,01:00:41.000618,01:00:41.005816,01:00:40.968318,01:00:40.968423,01:00:40.961828
7,safe,01:00:45.924341,01:00:45.924341,01:00:45.924778,01:00:45.924778,01:00:45.925903,01:00:45.925903,01:00:45.927425,01:00:45.927425,01:00:45.940905,01:00:45.940931,01:00:45.954703,01:00:45.973886,01:00:46.436943,01:00:45.959938,01:00:45.964766,01:00:45.964785,01:00:45.969587,01:00:45.931828,01:00:45.931913,01:00:45.925350
7,safe,01:00:50.805831,01:00:50.805831,01:00:50.806207,01:00:50.806207,01:00:50.807474,01:00:50.807474,01:00:50.808987,01:00:50.808987,01:00:50.822258,01:00:50.822281,01:00:50.834957,01:00:50.854484,01:00:51.317805,01:00:50.840249,01:00:50.845746,01:00:50.845771,01:00:50.850733,01:00:50.813296,01:00:50.813391,01:00:50.806876
7,safe,01:00:55.418791,01:00:55.418791,01:00:55.419124,01:00:55.419124,01:00:55.420315,01:00:55.420315,01:00:55.421700,01:00:55.421700,01:00:55.435777,01:00:55.435811,01:00:55.448700,01:00:55.469233,01:00:55.934270,01:00:55.454375,01:00:55.459340,01:00:55.459357,01:00:55.464925,01:00:55.426034,01:00:55.426123,01:00:55.419736
7,leak,01:01:00.058652,01:01:00.058652,01:01:00.059194,01:01:00.059194,01:01:00.060945,01:01:00.060945,01:01:00.062539,01:01:00.062539,01:01:00.076601,01:01:00.076648,01:01:00.090821,01:01:00.111697,01:01:00.577912,01:01:00.096675,01:01:00.102057,01:01:00.102081,01:01:00.107555,01:01:00.065956,01:01:00.066087,01:01:00.060084
7,safe,01:01:03.471076,01:01:03.471076,01:01:03.471449,01:01:03.471449,01:01:03.472930,01:01:03.472930,01:01:03.474393,01:01:03.474393,01:01:03.488487,01:01:03.488511,01:01:03.502132,01:01:03.521320,01:01:03.987989,01:01:03.507472,01:01:03.512573,01:01:03.512594,01:01:03.517434,01:01:03.478666,01:01:03.478774,01:01:03.472077
7,safe,01:01:08.617838,01:01:08.617838,01:01:08.618239,01:01:08.618239,01:01:08.619452,01:01:08.619452,01:01:08.622022,01:01:08.622022,01:01:08.631700,01:01:08.631734,01:01:08.645736,01:01:08.665270,01:01:09.134184,01:01:08.651344,01:01:08.656440,01:01:08.656455,01:01:08.661320,01:01:08.637671,01:01:08.637800,01:01:08.618886
7,leak,01:01:13.374136,01:01:13.374136,01:01:13.374510,01:01:13.374510,01:01:13.375776,01:01:13.375776,01:01:13.377186,01:01:13.377186,01:01:13.390694,01:01:13.390726,01:01:13.404185,01:01:13.423071,01:01:13.887064,01:01:13.409321,01:01:13.414172,01:01:13.414193,01:01:13.419151,01:01:13.381359,01:01:13.381488,01:01:13.375207
7,safe,01:01:16.779566,01:01:16.779566,01:01:16.779957,01:01:16.779957,01:01:16.781087,01:01:16.781087,01:01:16.782477,01:01:16.782477,01:01:16.795974,01:01:16.795998,01:01:16.809383,01:01:16.828752,01:01:17.291567,01:01:16.815038,01:01:16.820100,01:01:16.820121,01:01:16.825005,01:01:16.786946,01:01:16.787041,01:01:16.780610
7,safe,01:01:21.904937,01:01:21.904937,01:01:21.905414,01:01:21.905414,01:01:21.906669,01:01:21.906669,01:01:21.909153,01:01:21.909153,01:01:21.918448,01:01:21.918473,01:01:21.931756,01:01:21.950879,01:01:22.416346,01:01:21.937239,01:01:21.942114,01:01:21.942130,01:01:21.946843,01:01:21.930135,01:01:21.930242,01:01:21.906093
7,safe,01:01:26.726907,01:01:26.726907,01:01:26.727281,01:01:26.727281,01:01:26.728477,01:01:26.728477,01:01:26.729823,01:01:26.729823,01:01:26.743605,01:01:26.743628,01:01:26.765136,01:01:26.784655,01:01:27.248940,01:01:26.770953,01:01:26.775912,01:01:26.775932,01:01:26.780820,01:01:26.734387,01:01:26.734483,01:01:26.727920
7,leak,01:01:31.921796,01:01:31.921796,01:01:31.922163,01:01:31.922163,01:01:31.923357,01:01:31.923357,01:01:31.925512,01:01:31.925512,01:01:31.934731,01:01:31.934755,01:01:31.948969,01:01:31.969780,01:01:32.432802,01:01:31.954901,01:01:31.960393,01:01:31.960414,01:01:31.965844,01:01:31.941173,01:01:31.941275,01:01:31.922831
7,safe,01:01:35.212966,01:01:35.212966,01:01:35.213342,01:01:35.213342,01:01:35.214603,01:01:35.214603,01:01:35.215973,01:01:35.215973,01:01:35.229579,01:01:35.229633,01:01:35.243650,01:01:35.261890,01:01:35.723372,01:01:35.248863,01:01:35.253485,01:01:35.253501,01:01:35.258261,01:01:35.220137,01:01:35.220219,01:01:35.214057
7,safe,01:01:39.801760,01:01:39.801760,01:01:39.802128,01:01:39.802128,01:01:39.803287,01:01:39.803287,01:01:39.804779,01:01:39.804779,01:01:39.821001,01:01:39.821027,01:01:39.834418,01:01:39.853417,01:01:40.320158,01:01:39.839921,01:01:39.844724,01:01:39.844742,01:01:39.849808,01:01:39.809117,01:01:39.809219,01:01:39.802730
7,safe,01:01:44.920969,01:01:44.920969,01:01:44.921283,01:01:44.921283,01:01:44.922700,01:01:44.922700,01:01:44.924858,01:01:44.924858,01:01:44.933972,01:01:44.933992,01:01:44.946700,01:01:44.965443,01:01:45.429475,01:01:44.952198,01:01:44.956849,01:01:44.956864,01:01:44.961785,01:01:44.944450,01:01:44.944563,01:01:44.921892
7,safe,01:01:49.877063,01:01:49.877063,01:01:49.877394,01:01:49.877394,01:01:49.878516,01:01:49.878516,01:01:49.879820,01:01:49.879820,01:01:49.894041,01:01:49.894063,01:01:49.907946,01:01:49.926538,01:01:50.393075,01:01:49.913278,01:01:49.917848,01:01:49.917864,01:01:49.922604,01:01:49.884458,01:01:49.885309,01:01:49.878010
7,safe,01:01:54.891040,01:01:54.891040,01:01:54.891428,01:01:54.891428,01:01:54.892656,01:01:54.892656,01:01:54.894811,01:01:54.894811,01:01:54.903952,01:01:54.903975,01:01:54.918503,01:01:54.938235,01:01:55.403625,01:01:54.924064,01:01:54.929102,01:01:54.929123,01:01:54.934356,01:01:54.917241,01:01:54.917345,01:01:54.892090
7,leak,01:01:59.863890,01:01:59.863890,01:01:59.864263,01:01:59.864263,01:01:59.865421,01:01:59.865421,01:01:59.866855,01:01:59.866855,01:01:59.880370,01:01:59.880393,01:01:59.893111,01:01:59.911450,01:02:00.380097,01:01:59.898634,01:01:59.903139,01:01:59.903157,01:01:59.907806,01:01:59.871253,01:01:59.871350,01:01:59.864877
7,safe,01:02:03.344653,01:02:03.344653,01:02:03.344978,01:02:03.344978,01:02:03.346164,01:02:03.346164,01:02:03.347533,01:02:03.347533,01:02:03.360792,01:02:03.360818,01:02:03.373522,01:02:03.392297,01:02:03.852918,01:02:03.378639,01:02:03.383239,01:02:03.383255,01:02:03.388196,01:02:03.352054,01:02:03.352162,01:02:03.345576
7,safe,01:02:08.556595,01:02:08.556595,01:02:08.556941,01:02:08.556941,01:02:08.558129,01:02:08.558129,01:02:08.560421,01:02:08.560421,01:02:08.570613,01:02:08.570637,01:02:08.583416,01:02:08.602366,01:02:09.067639,01:02:08.588743,01:02:08.593663,01:02:08.593679,01:02:08.598494,01:02:08.581958,01:02:08.582067,01:02:08.557535
7,safe,01:02:13.442387,01:02:13.442387,01:02:13.442799,01:02:13.442799,01:02:13.444049,01:02:13.444049,01:02:13.445720,01:02:13.445720,01:02:13.460081,01:02:13.460108,01:02:13.472726,01:02:13.491899,01:02:13.954901,01:02:13.478176,01:02:13.482875,01:02:13.482891,01:02:13.487916,01:02:13.449900,01:02:13.449992,01:02:13.443506
7,safe,01:02:18.557751,01:02:18.557751,01:02:18.558137,01:02:18.558137,01:02:18.559193,01:02:18.559193,01:02:18.561120,01:02:18.561120,01:02:18.571221,01:02:18.571243,01:02:18.584940,01:02:18.603169,01:02:19.067527,01:02:18.590167,01:02:18.594816,01:02:18.594832,01:02:18.599496,01:02:18.577777,01:02:18.577900,01:02:18.558713
7,leak,01:02:23.588382,01:02:23.588382,01:02:23.588806,01:02:23.588806,01:02:23.589897,01:02:23.589897,01:02:23.592150,01:02:23.592150,01:02:23.601947,01:02:23.601976,01:02:23.623702,01:02:23.643052,01:02:24.109518,01:02:23.629227,01:02:23.634261,01:02:23.634280,01:02:23.639190,01:02:23.612730,01:02:23.612838,01:02:23.589425
7,safe,01:02:26.997752,01:02:26.997752,01:02:26.998070,01:02:26.998070,01:02:26.999133,01:02:26.999133,01:02:27.000519,01:02:27.000519,01:02:27.009499,01:02:27.009524,01:02:27.023268,01:02:27.042637,01:02:27.506213,01:02:27.028724,01:02:27.033628,01:02:27.033651,01:02:27.038744,01:02:27.005226,01:02:27.005328,01:02:26.998644
7,safe,01:02:31.925250,01:02:31.925250,01:02:31.925654,01:02:31.925654,01:02:31.926855,01:02:31.926855,01:02:31.928339,01:02:31.928339,01:02:31.942247,01:02:31.942268,01:02:31.955654,01:02:31.974337,01:02:32.437464,01:02:31.960986,01:02:31.965664,01:02:31.965680,01:02:31.970397,01:02:31.932700,01:02:31.932782,01:02:31.926330
7,safe,01:02:37.061960,01:02:37.061960,01:02:37.062341,01:02:37.062341,01:02:37.063585,01:02:37.063585,01:02:37.065763,01:02:37.065763,01:02:37.075733,01:02:37.075758,01:02:37.088589,01:02:37.107657,01:02:37.571320,01:02:37.093975,01:02:37.098852,01:02:37.098875,01:02:37.103902,01:02:37.080252,01:02:37.080364,01:02:37.063075
7,safe,01:02:41.967872,01:02:41.967872,01:02:41.968203,01:02:41.968203,01:02:41.969368,01:02:41.969368,01:02:41.970814,01:02:41.970814,01:02:41.985307,01:02:41.985332,01:02:41.998740,01:02:42.018905,01:02:42.482279,01:02:42.004685,01:02:42.009689,01:02:42.009707,01:02:42.014949,01:02:41.975137,01:02:41.975237,01:02:41.968798
7,safe,01:02:46.680467,01:02:46.680467,01:02:46.680855,01:02:46.680855,01:02:46.682363,01:02:46.682363,01:02:46.683849,01:02:46.683849,01:02:46.697245,01:02:46.697270,01:02:46.710404,01:02:46.729107,01:02:47.193733,01:02:46.715937,01:02:46.720935,01:02:46.720956,01:02:46.725469,01:02:46.687609,01:02:46.687707,01:02:46.681531
7,safe,01:02:51.706956,01:02:51.706956,01:02:51.707297,01:02:51.707297,01:02:51.708431,01:02:51.708431,01:02:51.710483,01:02:51.710483,01:02:51.719570,01:02:51.719595,01:02:51.732561,01:02:51.751037,01:02:52.216695,01:02:51.737894,01:02:51.742632,01:02:51.742648,01:02:51.747369,01:02:51.733552,01:02:51.733737,01:02:51.707930
7,leak,01:02:56.647914,01:02:56.647914,01:02:56.648286,01:02:56.648286,01:02:56.649407,01:02:56.649407,01:02:56.650804,01:02:56.650804,01:02:56.664371,01:02:56.664395,01:02:56.677734,01:02:56.697074,01:02:57.161745,01:02:56.683049,01:02:56.687998,01:02:56.688021,01:02:56.693269,01:02:56.655265,01:02:56.655433,01:02:56.648917
7,safe,01:03:00.180857,01:03:00.180857,01:03:00.181241,01:03:00.181241,01:03:00.182673,01:03:00.182673,01:03:00.184088,01:03:00.184088,01:03:00.200385,01:03:00.200416,01:03:00.216792,01:03:00.239263,01:03:00.703936,01:03:00.223741,01:03:00.229347,01:03:00.229371,01:03:00.235048,01:03:00.188594,01:03:00.188718,01:03:00.182058
7,leak,01:03:05.220050,01:03:05.220050,01:03:05.220384,01:03:05.220384,01:03:05.221535,01:03:05.221535,01:03:05.223988,01:03:05.223988,01:03:05.233335,01:03:05.233358,01:03:05.247508,01:03:05.266157,01:03:05.730447,01:03:05.252793,01:03:05.257323,01:03:05.257339,01:03:05.262088,01:03:05.239461,01:03:05.239610,01:03:05.220985
7,safe,01:03:08.753548,01:03:08.753548,01:03:08.753912,01:03:08.753912,01:03:08.755109,01:03:08.755109,01:03:08.756625,01:03:08.756625,01:03:08.770655,01:03:08.770679,01:03:08.783885,01:03:08.802809,01:03:09.266481,01:03:08.789352,01:03:08.794297,01:03:08.794317,01:03:08.799073,01:03:08.761154,01:03:08.761238,01:03:08.754553
7,leak,01:03:13.760395,01:03:13.760395,01:03:13.760862,01:03:13.760862,01:03:13.762208,01:03:13.762208,01:03:13.764357,01:03:13.764357,01:03:13.773542,01:03:13.773565,01:03:13.786977,01:03:13.805747,01:03:14.272851,01:03:13.792248,01:03:13.796842,01:03:13.796857,01:03:13.801782,01:03:13.781526,01:03:13.781686,01:03:13.761622
7,leak,01:03:17.089656,01:03:17.089656,01:03:17.090000,01:03:17.090000,01:03:17.091239,01:03:17.091239,01:03:17.092559,01:03:17.092559,01:03:17.106808,01:03:17.106833,01:03:17.128329,01:03:17.147600,01:03:17.610883,01:03:17.133914,01:03:17.138716,01:03:17.138731,01:03:17.143492,01:03:17.097141,01:03:17.097279,01:03:17.090668
7,safe,01:03:20.575339,01:03:20.575339,01:03:20.575811,01:03:20.575811,01:03:20.577422,01:03:20.577422,01:03:20.578724,01:03:20.578724,01:03:20.593206,01:03:20.593236,01:03:20.607008,01:03:20.626436,01:03:21.090097,01:03:20.612641,01:03:20.617485,01:03:20.617502,01:03:20.622451,01:03:20.582905,01:03:20.583017,01:03:20.576799
7,safe,01:03:25.690731,01:03:25.690731,01:03:25.691146,01:03:25.691146,01:03:25.692368,01:03:25.692368,01:03:25.694524,01:03:25.694524,01:03:25.707295,01:03:25.707321,01:03:25.720143,01:03:25.739972,01:03:26.204621,01:03:25.725505,01:03:25.730644,01:03:25.730668,01:03:25.736218,01:03:25.710577,01:03:25.710690,01:03:25.691853
7,safe,01:03:30.762232,01:03:30.762232,01:03:30.762571,01:03:30.762571,01:03:30.763668,01:03:30.763668,01:03:30.766155,01:03:30.766155,01:03:30.775559,01:03:30.775589,01:03:30.789685,01:03:30.807939,01:03:31.274619,01:03:30.794898,01:03:30.799622,01:03:30.799639,01:03:30.804286,01:03:30.784500,01:03:30.784606,01:03:30.763166
7,safe,01:03:35.581233,01:03:35.581233,01:03:35.581628,01:03:35.581628,01:03:35.582855,01:03:35.582855,01:03:35.584631,01:03:35.584631,01:03:35.597871,01:03:35.597895,01:03:35.611366,01:03:35.631199,01:03:36.095389,01:03:35.616808,01:03:35.621796,01:03:35.621819,01:03:35.627362,01:03:35.588552,01:03:35.588649,01:03:35.582290
7,safe,01:03:40.336135,01:03:40.336135,01:03:40.336529,01:03:40.336529,01:03:40.337840,01:03:40.337840,01:03:40.339304,01:03:40.339304,01:03:40.353355,01:03:40.353377,01:03:40.366795,01:03:40.387688,01:03:40.852087,01:03:40.372803,01:03:40.378250,01:03:40.378272,01:03:40.383618,01:03:40.343741,01:03:40.343938,01:03:40.337249
7,leak,01:03:45.071853,01:03:45.071853,01:03:45.072279,01:03:45.072279,01:03:45.073479,01:03:45.073479,01:03:45.074855,01:03:45.074855,01:03:45.088193,01:03:45.088223,01:03:45.101799,01:03:45.120482,01:03:45.585270,01:03:45.107114,01:03:45.111917,01:03:45.111934,01:03:45.116793,01:03:45.079214,01:03:45.079297,01:03:45.072928
7,leak,01:03:48.630694,01:03:48.630694,01:03:48.631078,01:03:48.631078,01:03:48.632277,01:03:48.632277,01:03:48.633776,01:03:48.633776,01:03:48.647578,01:03:48.647605,01:03:48.661706,01:03:48.680899,01:03:49.143195,01:03:48.667002,01:03:48.671641,01:03:48.671659,01:03:48.676589,01:03:48.638405,01:03:48.638516,01:03:48.631712
7,safe,01:03:52.377014,01:03:52.377014,01:03:52.377338,01:03:52.377338,01:03:52.378768,01:03:52.378768,01:03:52.380385,01:03:52.380385,01:03:52.394369,01:03:52.394401,01:03:52.408007,01:03:52.427177,01:03:52.889072,01:03:52.413458,01:03:52.418298,01:03:52.418321,01:03:52.423333,01:03:52.384561,01:03:52.384644,01:03:52.377897
7,leak,01:03:57.267959,01:03:57.267959,01:03:57.268370,01:03:57.268370,01:03:57.269551,01:03:57.269551,01:03:57.270984,01:03:57.270984,01:03:57.285250,01:03:57.285275,01:03:57.298560,01:03:57.318803,01:03:57.784623,01:03:57.304195,01:03:57.309229,01:03:57.309254,01:03:57.314780,01:03:57.275311,01:03:57.275408,01:03:57.269038
7,safe,01:04:00.156624,01:04:00.156624,01:04:00.157003,01:04:00.157003,01:04:00.158181,01:04:00.158181,01:04:00.159592,01:04:00.159592,01:04:00.173608,01:04:00.173628,01:04:00.190055,01:04:00.212719,01:04:00.677157,01:04:00.196990,01:04:00.202788,01:04:00.202812,01:04:00.208466,01:04:00.164213,01:04:00.164322,01:04:00.157687
7,safe,01:04:05.302648,01:04:05.302648,01:04:05.302978,01:04:05.302978,01:04:05.304354,01:04:05.304354,01:04:05.306458,01:04:05.306458,01:04:05.320060,01:04:05.320085,01:04:05.333323,01:04:05.351851,01:04:05.816805,01:04:05.338916,01:04:05.343564,01:04:05.343580,01:04:05.348241,01:04:05.310562,01:04:05.310672,01:04:05.303548
7,safe,01:04:10.242134,01:04:10.242134,01:04:10.242746,01:04:10.242746,01:04:10.244441,01:04:10.244441,01:04:10.246113,01:04:10.246113,01:04:10.260931,01:04:10.260958,01:04:10.282631,01:04:10.302337,01:04:10.774389,01:04:10.288033,01:04:10.293318,01:04:10.293342,01:04:10.298429,01:04:10.249713,01:04:10.249812,01:04:10.243580
7,safe,01:04:15.081373,01:04:15.081373,01:04:15.081795,01:04:15.081795,01:04:15.083033,01:04:15.083033,01:04:15.084547,01:04:15.084547,01:04:15.098521,01:04:15.098548,01:04:15.112349,01:04:15.134000,01:04:15.600007,01:04:15.118361,01:04:15.123763,01:04:15.123785,01:04:15.129785,01:04:15.088890,01:04:15.088979,01:04:15.082472
7,safe,01:04:20.244615,01:04:20.244615,01:04:20.245017,01:04:20.245017,01:04:20.246203,01:04:20.246203,01:04:20.248394,01:04:20.248394,01:04:20.262527,01:04:20.262553,01:04:20.276893,01:04:20.296802,01:04:20.771307,01:04:20.282364,01:04:20.287530,01:04:20.287551,01:04:20.292795,01:04:20.253017,01:04:20.253159,01:04:20.245689
7,safe,01:04:25.176462,01:04:25.176462,01:04:25.176839,01:04:25.176839,01:04:25.178039,01:04:25.178039,01:04:25.179351,01:04:25.179351,01:04:25.197635,01:04:25.197702,01:04:25.214196,01:04:25.234145,01:04:25.698662,01:04:25.219863,01:04:25.225027,01:04:25.225047,01:04:25.229944,01:04:25.183951,01:04:25.184075,01:04:25.177526
7,safe,01:04:30.325565,01:04:30.325565,01:04:30.326086,01:04:30.326086,01:04:30.327577,01:04:30.327577,01:04:30.330329,01:04:30.330329,01:04:30.345186,01:04:30.345237,01:04:30.412644,01:04:30.438261,01:04:30.908599,01:04:30.420674,01:04:30.426448,01:04:30.426466,01:04:30.433725,01:04:30.333667,01:04:30.333782,01:04:30.326933
7,leak,01:04:35.447603,01:04:35.447603,01:04:35.447956,01:04:35.447956,01:04:35.449138,01:04:35.449138,01:04:35.451617,01:04:35.451617,01:04:35.465929,01:04:35.465960,01:04:35.477485,01:04:35.497916,01:04:35.964726,01:04:35.483543,01:04:35.489462,01:04:35.489478,01:04:35.494229,01:04:35.455847,01:04:35.455943,01:04:35.448565
8,safe,01:04:38.932845,01:04:38.932845,01:04:38.933222,01:04:38.933222,01:04:38.934334,01:04:38.934334,01:04:38.936432,01:04:38.936432,01:04:38.950756,01:04:38.950781,01:04:38.966021,01:04:38.985729,01:04:39.447662,01:04:38.971617,01:04:38.976660,01:04:38.976678,01:04:38.981571,01:04:38.941339,01:04:38.941551,01:04:38.933837
8,safe,01:04:44.126478,01:04:44.126478,01:04:44.126852,01:04:44.126852,01:04:44.128081,01:04:44.128081,01:04:44.130393,01:04:44.130393,01:04:44.139791,01:04:44.139812,01:04:44.153250,01:04:44.173223,01:04:44.640794,01:04:44.158704,01:04:44.163825,01:04:44.163841,01:04:44.169142,01:04:44.153553,01:04:44.153707,01:04:44.127489
8,safe,01:04:49.221918,01:04:49.221918,01:04:49.222421,01:04:49.222421,01:04:49.223782,01:04:49.223782,01:04:49.226262,01:04:49.226262,01:04:49.236855,01:04:49.236898,01:04:49.252301,01:04:49.271842,01:04:49.737805,01:04:49.257857,01:04:49.262935,01:04:49.262954,01:04:49.267751,01:04:49.244946,01:04:49.245078,01:04:49.223233
8,safe,01:04:54.134419,01:04:54.134419,01:04:54.134795,01:04:54.134795,01:04:54.135921,01:04:54.135921,01:04:54.137314,01:04:54.137314,01:04:54.146771,01:04:54.146794,01:04:54.160136,01:04:54.180427,01:04:54.646197,01:04:54.165621,01:04:54.170555,01:04:54.170573,01:04:54.176069,01:04:54.142809,01:04:54.142907,01:04:54.135440
8,leak,01:04:58.904048,01:04:58.904048,01:04:58.904379,01:04:58.904379,01:04:58.905569,01:04:58.905569,01:04:58.906888,01:04:58.906888,01:04:58.916230,01:04:58.916251,01:04:58.929296,01:04:58.948375,01:04:59.413647,01:04:58.934613,01:04:58.939507,01:04:58.939523,01:04:58.944308,01:04:58.912316,01:04:58.912403,01:04:58.905078
8,leak,01:05:02.463288,01:05:02.463288,01:05:02.463682,01:05:02.463682,01:05:02.464909,01:05:02.464909,01:05:02.466569,01:05:02.466569,01:05:02.476229,01:05:02.476258,01:05:02.490382,01:05:02.509822,01:05:02.974055,01:05:02.495813,01:05:02.500919,01:05:02.500942,01:05:02.505933,01:05:02.471893,01:05:02.471993,01:05:02.464387
8,safe,01:05:05.908002,01:05:05.908002,01:05:05.908340,01:05:05.908340,01:05:05.909509,01:05:05.909509,01:05:05.910998,01:05:05.910998,01:05:05.920396,01:05:05.920420,01:05:05.943527,01:05:05.964030,01:05:06.427162,01:05:05.949552,01:05:05.954647,01:05:05.954670,01:05:05.959888,01:05:05.916415,01:05:05.916496,01:05:05.908933
8,safe,01:05:11.074513,01:05:11.074513,01:05:11.074846,01:05:11.074846,01:05:11.076232,01:05:11.076232,01:05:11.078573,01:05:11.078573,01:05:11.091313,01:05:11.091347,01:05:11.105645,01:05:11.125528,01:05:11.592514,01:05:11.111148,01:05:11.116414,01:05:11.116437,01:05:11.121493,01:05:11.093455,01:05:11.093566,01:05:11.075435
8,safe,01:05:16.111136,01:05:16.111136,01:05:16.111554,01:05:16.111554,01:05:16.112804,01:05:16.112804,01:05:16.114996,01:05:16.114996,01:05:16.124027,01:05:16.124047,01:05:16.137799,01:05:16.157755,01:05:16.623022,01:05:16.143512,01:05:16.148738,01:05:16.148763,01:05:16.153716,01:05:16.144895,01:05:16.145015,01:05:16.112238
8,safe,01:05:21.202752,01:05:21.202752,01:05:21.203170,01:05:21.203170,01:05:21.204542,01:05:21.204542,01:05:21.206794,01:05:21.206794,01:05:21.216191,01:05:21.216213,01:05:21.231582,01:05:21.253552,01:05:21.720123,01:05:21.237233,01:05:21.242956,01:05:21.242996,01:05:21.248850,01:05:21.225188,01:05:21.225321,01:05:21.203920
8,leak,01:05:26.023125,01:05:26.023125,01:05:26.023542,01:05:26.023542,01:05:26.024757,01:05:26.024757,01:05:26.026570,01:05:26.026570,01:05:26.035619,01:05:26.035638,01:05:26.048896,01:05:26.068612,01:05:26.531903,01:05:26.054375,01:05:26.059679,01:05:26.059701,01:05:26.064867,01:05:26.031486,01:05:26.031568,01:05:26.024258
8,safe,01:05:28.881839,01:05:28.881839,01:05:28.882222,01:05:28.882222,01:05:28.883655,01:05:28.883655,01:05:28.885130,01:05:28.885130,01:05:28.894531,01:05:28.894553,01:05:28.907409,01:05:28.927402,01:05:29.389976,01:05:28.912974,01:05:28.918269,01:05:28.918292,01:05:28.923500,01:05:28.890546,01:05:28.890648,01:05:28.882807
8,safe,01:05:33.545877,01:05:33.545877,01:05:33.546206,01:05:33.546206,01:05:33.547340,01:05:33.547340,01:05:33.548668,01:05:33.548668,01:05:33.557749,01:05:33.557772,01:05:33.569824,01:05:33.589271,01:05:34.051229,01:05:33.575636,01:05:33.580366,01:05:33.580389,01:05:33.585267,01:05:33.554364,01:05:33.554452,01:05:33.546864
8,safe,01:05:38.192454,01:05:38.192454,01:05:38.192831,01:05:38.192831,01:05:38.194509,01:05:38.194509,01:05:38.196413,01:05:38.196413,01:05:38.210530,01:05:38.210567,01:05:38.227417,01:05:38.260129,01:05:38.739921,01:05:38.235658,01:05:38.242266,01:05:38.242297,01:05:38.250788,01:05:38.201018,01:05:38.201156,01:05:38.193680
8,safe,01:05:43.334845,01:05:43.334845,01:05:43.335179,01:05:43.335179,01:05:43.336292,01:05:43.336292,01:05:43.338615,01:05:43.338615,01:05:43.347760,01:05:43.347785,01:05:43.362229,01:05:43.382324,01:05:43.848903,01:05:43.368013,01:05:43.373338,01:05:43.373359,01:05:43.378366,01:05:43.367732,01:05:43.367863,01:05:43.335747
8,safe,01:05:48.254254,01:05:48.254254,01:05:48.254960,01:05:48.254960,01:05:48.257134,01:05:48.257134,01:05:48.259445,01:05:48.259445,01:05:48.273852,01:05:48.273897,01:05:48.291676,01:05:48.320413,01:05:48.795178,01:05:48.299415,01:05:48.306302,01:05:48.306335,01:05:48.314368,01:05:48.263035,01:05:48.263173,01:05:48.256090
8,leak,01:05:53.269058,01:05:53.269058,01:05:53.269473,01:05:53.269473,01:05:53.270834,01:05:53.270834,01:05:53.273181,01:05:53.273181,01:05:53.283352,01:05:53.283373,01:05:53.296547,01:05:53.316341,01:05:53.781826,01:05:53.302182,01:05:53.307148,01:05:53.307166,01:05:53.312254,01:05:53.298543,01:05:53.298654,01:05:53.270255
8,safe,01:05:56.697953,01:05:56.697953,01:05:56.698361,01:05:56.698361,01:05:56.699556,01:05:56.699556,01:05:56.701083,01:05:56.701083,01:05:56.710301,01:05:56.710321,01:05:56.723648,01:05:56.742365,01:05:57.204830,01:05:56.728987,01:05:56.733800,01:05:56.733815,01:05:56.738560,01:05:56.706179,01:05:56.706262,01:05:56.699002
8,safe,01:06:01.072946,01:06:01.072946,01:06:01.073519,01:06:01.073519,01:06:01.075031,01:06:01.075031,01:06:01.076645,01:06:01.076645,01:06:01.090464,01:06:01.090493,01:06:01.105215,01:06:01.135831,01:06:01.601610,01:06:01.119573,01:06:01.125708,01:06:01.125725,01:06:01.131490,01:06:01.081371,01:06:01.081478,01:06:01.074477
8,safe,01:06:06.161843,01:06:06.161843,01:06:06.162165,01:06:06.162165,01:06:06.163287,01:06:06.163287,01:06:06.165381,01:06:06.165381,01:06:06.174598,01:06:06.174623,01:06:06.188193,01:06:06.208499,01:06:06.672010,01:06:06.193907,01:06:06.199174,01:06:06.199191,01:06:06.204600,01:06:06.171036,01:06:06.171122,01:06:06.162729
8,safe,01:06:10.870833,01:06:10.870833,01:06:10.871153,01:06:10.871153,01:06:10.872448,01:06:10.872448,01:06:10.873864,01:06:10.873864,01:06:10.883229,01:06:10.883259,01:06:10.896758,01:06:10.915251,01:06:11.379427,01:06:10.901854,01:06:10.906608,01:06:10.906626,01:06:10.911504,01:06:10.879432,01:06:10.879539,01:06:10.871690
8,safe,01:06:15.841122,01:06:15.841122,01:06:15.841514,01:06:15.841514,01:06:15.842689,01:06:15.842689,01:06:15.844041,01:06:15.844041,01:06:15.853118,01:06:15.853138,01:06:15.866322,01:06:15.885270,01:06:16.351316,01:06:15.871661,01:06:15.876548,01:06:15.876564,01:06:15.881413,01:06:15.849535,01:06:15.849635,01:06:15.842154
8,safe,01:06:20.671667,01:06:20.671667,01:06:20.672030,01:06:20.672030,01:06:20.673252,01:06:20.673252,01:06:20.674629,01:06:20.674629,01:06:20.683673,01:06:20.683696,01:06:20.697694,01:06:20.716947,01:06:21.181366,01:06:20.702969,01:06:20.707696,01:06:20.707713,01:06:20.712518,01:06:20.680068,01:06:20.680149,01:06:20.672691
8,safe,01:06:25.611780,01:06:25.611780,01:06:25.612348,01:06:25.612348,01:06:25.613641,01:06:25.613641,01:06:25.615404,01:06:25.615404,01:06:25.629520,01:06:25.629549,01:06:25.643161,01:06:25.662089,01:06:26.126779,01:06:25.648466,01:06:25.653187,01:06:25.653206,01:06:25.658221,01:06:25.620302,01:06:25.620404,01:06:25.613123
8,safe,01:06:30.817368,01:06:30.817368,01:06:30.817750,01:06:30.817750,01:06:30.818936,01:06:30.818936,01:06:30.820972,01:06:30.820972,01:06:30.830000,01:06:30.830027,01:06:30.844601,01:06:30.864789,01:06:31.329118,01:06:30.851321,01:06:30.856328,01:06:30.856348,01:06:30.861095,01:06:30.839935,01:06:30.840266,01:06:30.818394
8,safe,01:06:35.570791,01:06:35.570791,01:06:35.571160,01:06:35.571160,01:06:35.572650,01:06:35.572650,01:06:35.574059,01:06:35.574059,01:06:35.588783,01:06:35.588811,01:06:35.602506,01:06:35.622250,01:06:36.085975,01:06:35.607822,01:06:35.612843,01:06:35.612866,01:06:35.618286,01:06:35.579201,01:06:35.579298,01:06:35.571881
8,leak,01:06:40.398216,01:06:40.398216,01:06:40.398595,01:06:40.398595,01:06:40.399819,01:06:40.399819,01:06:40.401458,01:06:40.401458,01:06:40.415871,01:06:40.415903,01:06:40.430481,01:06:40.450865,01:06:40.916651,01:06:40.436237,01:06:40.441346,01:06:40.441370,01:06:40.446688,01:06:40.406785,01:06:40.406896,01:06:40.399305
8,safe,01:06:43.948170,01:06:43.948170,01:06:43.948535,01:06:43.948535,01:06:43.949623,01:06:43.949623,01:06:43.951061,01:06:43.951061,01:06:43.960390,01:06:43.960413,01:06:43.974033,01:06:43.993169,01:06:44.456131,01:06:43.979417,01:06:43.984424,01:06:43.984448,01:06:43.989417,01:06:43.956895,01:06:43.956989,01:06:43.949133
8,safe,01:06:48.450690,01:06:48.450690,01:06:48.453087,01:06:48.453087,01:06:48.455470,01:06:48.455470,01:06:48.458341,01:06:48.458341,01:06:48.469100,01:06:48.469151,01:06:48.486960,01:06:48.513393,01:06:48.983920,01:06:48.494686,01:06:48.501790,01:06:48.501816,01:06:48.508401,01:06:48.458959,01:06:48.459119,01:06:48.454388
8,safe,01:06:53.136784,01:06:53.136784,01:06:53.137221,01:06:53.137221,01:06:53.138765,01:06:53.138765,01:06:53.140380,01:06:53.140380,01:06:53.150397,01:06:53.150431,01:06:53.164819,01:06:53.184529,01:06:53.649202,01:06:53.170575,01:06:53.175380,01:06:53.175400,01:06:53.180735,01:06:53.146152,01:06:53.146297,01:06:53.137993
8,safe,01:06:58.205375,01:06:58.205375,01:06:58.205787,01:06:58.205787,01:06:58.207443,01:06:58.207443,01:06:58.209826,01:06:58.209826,01:06:58.221971,01:06:58.222020,01:06:58.248232,01:06:58.272739,01:06:58.749723,01:06:58.254998,01:06:58.262150,01:06:58.262178,01:06:58.268100,01:06:58.227420,01:06:58.227553,01:06:58.206607
8,safe,01:07:03.325332,01:07:03.325332,01:07:03.325728,01:07:03.325728,01:07:03.326963,01:07:03.326963,01:07:03.329188,01:07:03.329188,01:07:03.343879,01:07:03.343910,01:07:03.358083,01:07:03.376770,01:07:03.840836,01:07:03.363480,01:07:03.368057,01:07:03.368073,01:07:03.373005,01:07:03.334333,01:07:03.334449,01:07:03.326463
8,safe,01:07:08.439460,01:07:08.439460,01:07:08.440157,01:07:08.440157,01:07:08.442042,01:07:08.442042,01:07:08.444703,01:07:08.444703,01:07:08.459857,01:07:08.459895,01:07:08.477416,01:07:08.508244,01:07:08.979814,01:07:08.488215,01:07:08.496386,01:07:08.496413,01:07:08.502740,01:07:08.449669,01:07:08.449879,01:07:08.441211
8,safe,01:07:13.450471,01:07:13.450471,01:07:13.450840,01:07:13.450840,01:07:13.451944,01:07:13.451944,01:07:13.454352,01:07:13.454352,01:07:13.464023,01:07:13.464044,01:07:13.477513,01:07:13.496147,01:07:13.961508,01:07:13.482915,01:07:13.487353,01:07:13.487368,01:07:13.492310,01:07:13.459780,01:07:13.459915,01:07:13.451464
8,safe,01:07:18.576075,01:07:18.576075,01:07:18.576495,01:07:18.576495,01:07:18.578115,01:07:18.578115,01:07:18.580414,01:07:18.580414,01:07:18.590486,01:07:18.590524,01:07:18.604610,01:07:18.624409,01:07:19.090293,01:07:18.610388,01:07:18.615613,01:07:18.615635,01:07:18.620532,01:07:18.605732,01:07:18.605892,01:07:18.577252
8,safe,01:07:23.472091,01:07:23.472091,01:07:23.472494,01:07:23.472494,01:07:23.473838,01:07:23.473838,01:07:23.475363,01:07:23.475363,01:07:23.490581,01:07:23.490606,01:07:23.503527,01:07:23.523373,01:07:23.988478,01:07:23.509055,01:07:23.514514,01:07:23.514538,01:07:23.519669,01:07:23.480649,01:07:23.480739,01:07:23.473223
8,leak,01:07:28.532874,01:07:28.532874,01:07:28.533250,01:07:28.533250,01:07:28.535035,01:07:28.535035,01:07:28.538232,01:07:28.538232,01:07:28.548412,01:07:28.548465,01:07:28.564145,01:07:28.587265,01:07:29.053966,01:07:28.570426,01:07:28.576186,01:07:28.576216,01:07:28.582951,01:07:28.560506,01:07:28.560667,01:07:28.534129
8,safe,01:07:31.498704,01:07:31.498704,01:07:31.499080,01:07:31.499080,01:07:31.500281,01:07:31.500281,01:07:31.501734,01:07:31.501734,01:07:31.511155,01:07:31.511174,01:07:31.526076,01:07:31.545819,01:07:32.007612,01:07:31.532413,01:07:31.537180,01:07:31.537196,01:07:31.541891,01:07:31.507331,01:07:31.507425,01:07:31.499695
8,safe,01:07:36.480492,01:07:36.480492,01:07:36.480812,01:07:36.480812,01:07:36.481984,01:07:36.481984,01:07:36.483509,01:07:36.483509,01:07:36.498158,01:07:36.498179,01:07:36.511188,01:07:36.529692,01:07:36.994427,01:07:36.516736,01:07:36.521243,01:07:36.521259,01:07:36.525969,01:07:36.488896,01:07:36.488995,01:07:36.481395
8,safe,01:07:41.462850,01:07:41.462850,01:07:41.463184,01:07:41.463184,01:07:41.464251,01:07:41.464251,01:07:41.465710,01:07:41.465710,01:07:41.475120,01:07:41.475141,01:07:41.488021,01:07:41.507677,01:07:41.972157,01:07:41.493633,01:07:41.498291,01:07:41.498314,01:07:41.503542,01:07:41.471488,01:07:41.471580,01:07:41.463734
8,leak,01:07:45.960781,01:07:45.960781,01:07:45.961109,01:07:45.961109,01:07:45.962397,01:07:45.962397,01:07:45.963814,01:07:45.963814,01:07:45.973364,01:07:45.973386,01:07:45.987059,01:07:46.006641,01:07:46.471322,01:07:45.992851,01:07:45.997456,01:07:45.997475,01:07:46.002870,01:07:45.969233,01:07:45.969330,01:07:45.961834
8,safe,01:07:48.972429,01:07:48.972429,01:07:48.972827,01:07:48.972827,01:07:48.973917,01:07:48.973917,01:07:48.975311,01:07:48.975311,01:07:48.984503,01:07:48.984524,01:07:48.997473,01:07:49.017353,01:07:49.479442,01:07:49.003095,01:07:49.008057,01:07:49.008082,01:07:49.013380,01:07:48.981152,01:07:48.981255,01:07:48.973427
8,safe,01:07:54.029344,01:07:54.029344,01:07:54.029716,01:07:54.029716,01:07:54.030832,01:07:54.030832,01:07:54.033223,01:07:54.033223,01:07:54.044382,01:07:54.044415,01:07:54.065459,01:07:54.084967,01:07:54.548919,01:07:54.070965,01:07:54.076225,01:07:54.076243,01:07:54.081208,01:07:54.062920,01:07:54.063046,01:07:54.030360
8,safe,01:07:59.081015,01:07:59.081015,01:07:59.081445,01:07:59.081445,01:07:59.082530,01:07:59.082530,01:07:59.084684,01:07:59.084684,01:07:59.093973,01:07:59.093999,01:07:59.108266,01:07:59.127699,01:07:59.592254,01:07:59.113614,01:07:59.118544,01:07:59.118561,01:07:59.123421,01:07:59.105615,01:07:59.105964,01:07:59.082055
8,safe,01:08:04.130502,01:08:04.130502,01:08:04.130878,01:08:04.130878,01:08:04.132138,01:08:04.132138,01:08:04.134262,01:08:04.134262,01:08:04.143454,01:08:04.143475,01:08:04.157142,01:08:04.176960,01:08:04.642768,01:08:04.162575,01:08:04.167701,01:08:04.167724,01:08:04.173011,01:08:04.150821,01:08:04.150988,01:08:04.131567
8,safe,01:08:09.138485,01:08:09.138485,01:08:09.138802,01:08:09.138802,01:08:09.139941,01:08:09.139941,01:08:09.142174,01:08:09.142174,01:08:09.156846,01:08:09.156870,01:08:09.170708,01:08:09.188918,01:08:09.653644,01:08:09.176060,01:08:09.180583,01:08:09.180599,01:08:09.185243,01:08:09.147030,01:08:09.147115,01:08:09.139396
8,safe,01:08:14.213571,01:08:14.213571,01:08:14.213955,01:08:14.213955,01:08:14.215132,01:08:14.215132,01:08:14.217284,01:08:14.217284,01:08:14.226579,01:08:14.226610,01:08:14.240925,01:08:14.260188,01:08:14.724520,01:08:14.246174,01:08:14.250806,01:08:14.250824,01:08:14.255862,01:08:14.237779,01:08:14.237909,01:08:14.214591
8,safe,01:08:19.277218,01:08:19.277218,01:08:19.277671,01:08:19.277671,01:08:19.279028,01:08:19.279028,01:08:19.281230,01:08:19.281230,01:08:19.290595,01:08:19.290621,01:08:19.303852,01:08:19.322970,01:08:19.787549,01:08:19.309010,01:08:19.314052,01:08:19.314071,01:08:19.318653,01:08:19.286297,01:08:19.286406,01:08:19.278416
8,safe,01:08:24.312875,01:08:24.312875,01:08:24.313257,01:08:24.313257,01:08:24.314371,01:08:24.314371,01:08:24.316448,01:08:24.316448,01:08:24.326319,01:08:24.326340,01:08:24.339722,01:08:24.359314,01:08:24.824420,01:08:24.345082,01:08:24.350102,01:08:24.350123,01:08:24.355264,01:08:24.335326,01:08:24.335427,01:08:24.313871
8,safe,01:08:29.023346,01:08:29.023346,01:08:29.023754,01:08:29.023754,01:08:29.024995,01:08:29.024995,01:08:29.026357,01:08:29.026357,01:08:29.035980,01:08:29.036002,01:08:29.050561,01:08:29.071452,01:08:29.534157,01:08:29.057311,01:08:29.062533,01:08:29.062555,01:08:29.067333,01:08:29.032569,01:08:29.032665,01:08:29.024472
8,safe,01:08:34.035182,01:08:34.035182,01:08:34.035511,01:08:34.035511,01:08:34.036632,01:08:34.036632,01:08:34.038729,01:08:34.038729,01:08:34.048346,01:08:34.048367,01:08:34.061212,01:08:34.080558,01:08:34.544893,01:08:34.066888,01:08:34.071750,01:08:34.071770,01:08:34.076794,01:08:34.064414,01:08:34.064566,01:08:34.036130
8,safe,01:08:39.120469,01:08:39.120469,01:08:39.120837,01:08:39.120837,01:08:39.122064,01:08:39.122064,01:08:39.124220,01:08:39.124220,01:08:39.134084,01:08:39.134105,01:08:39.146580,01:08:39.166080,01:08:39.632020,01:08:39.151978,01:08:39.156955,01:08:39.156978,01:08:39.162046,01:08:39.129475,01:08:39.129563,01:08:39.121479
8,leak,01:08:44.101295,01:08:44.101295,01:08:44.101611,01:08:44.101611,01:08:44.102709,01:08:44.102709,01:08:44.104092,01:08:44.104092,01:08:44.113057,01:08:44.113077,01:08:44.126315,01:08:44.145267,01:08:44.609998,01:08:44.131970,01:08:44.136761,01:08:44.136778,01:08:44.141449,01:08:44.109903,01:08:44.109985,01:08:44.102176
8,leak,01:08:47.653864,01:08:47.653864,01:08:47.654259,01:08:47.654259,01:08:47.655305,01:08:47.655305,01:08:47.656526,01:08:47.656526,01:08:47.669148,01:08:47.669174,01:08:47.682680,01:08:47.701239,01:08:48.163450,01:08:47.687954,01:08:47.692853,01:08:47.692870,01:08:47.697567,01:08:47.662313,01:08:47.662396,01:08:47.654838
8,safe,01:08:51.050915,01:08:51.050915,01:08:51.051276,01:08:51.051276,01:08:51.052511,01:08:51.052511,01:08:51.053865,01:08:51.053865,01:08:51.063333,01:08:51.063357,01:08:51.085951,01:08:51.105233,01:08:51.567787,01:08:51.091610,01:08:51.096443,01:08:51.096459,01:08:51.101309,01:08:51.059533,01:08:51.059680,01:08:51.051970
8,safe,01:08:56.152697,01:08:56.152697,01:08:56.153074,01:08:56.153074,01:08:56.154521,01:08:56.154521,01:08:56.156790,01:08:56.156790,01:08:56.165938,01:08:56.165964,01:08:56.180484,01:08:56.200023,01:08:56.663348,01:08:56.186196,01:08:56.191321,01:08:56.191342,01:08:56.196036,01:08:56.175198,01:08:56.175304,01:08:56.153899
8,safe,01:09:01.268959,01:09:01.268959,01:09:01.269323,01:09:01.269323,01:09:01.270496,01:09:01.270496,01:09:01.272884,01:09:01.272884,01:09:01.282336,01:09:01.282365,01:09:01.295927,01:09:01.315740,01:09:01.781406,01:09:01.301606,01:09:01.306815,01:09:01.306836,01:09:01.311758,01:09:01.302250,01:09:01.302368,01:09:01.269957
8,safe,01:09:06.386535,01:09:06.386535,01:09:06.386994,01:09:06.386994,01:09:06.388245,01:09:06.388245,01:09:06.391152,01:09:06.391152,01:09:06.402343,01:09:06.402375,01:09:06.416468,01:09:06.436114,01:09:06.899515,01:09:06.421993,01:09:06.427127,01:09:06.427145,01:09:06.432191,01:09:06.407115,01:09:06.407229,01:09:06.387681
8,safe,01:09:11.472183,01:09:11.472183,01:09:11.472573,01:09:11.472573,01:09:11.473718,01:09:11.473718,01:09:11.475860,01:09:11.475860,01:09:11.485601,01:09:11.485622,01:09:11.498931,01:09:11.517782,01:09:11.982638,01:09:11.504543,01:09:11.509222,01:09:11.509238,01:09:11.513882,01:09:11.500974,01:09:11.501093,01:09:11.473165
8,leak,01:09:16.471076,01:09:16.471076,01:09:16.471473,01:09:16.471473,01:09:16.472724,01:09:16.472724,01:09:16.474118,01:09:16.474118,01:09:16.488615,01:09:16.488640,01:09:16.502059,01:09:16.520689,01:09:16.987066,01:09:16.507426,01:09:16.512104,01:09:16.512123,01:09:16.517017,01:09:16.479541,01:09:16.479654,01:09:16.472166
8,safe,01:09:19.356701,01:09:19.356701,01:09:19.357110,01:09:19.357110,01:09:19.358303,01:09:19.358303,01:09:19.359692,01:09:19.359692,01:09:19.369667,01:09:19.369692,01:09:19.383750,01:09:19.403744,01:09:19.864754,01:09:19.389284,01:09:19.394199,01:09:19.394223,01:09:19.399498,01:09:19.365078,01:09:19.365175,01:09:19.357720
8,safe,01:09:24.360841,01:09:24.360841,01:09:24.361158,01:09:24.361158,01:09:24.362176,01:09:24.362176,01:09:24.364391,01:09:24.364391,01:09:24.373401,01:09:24.373426,01:09:24.386217,01:09:24.404931,01:09:24.869826,01:09:24.391555,01:09:24.396480,01:09:24.396499,01:09:24.401101,01:09:24.388331,01:09:24.388444,01:09:24.361717
8,safe,01:09:29.502549,01:09:29.502549,01:09:29.502954,01:09:29.502954,01:09:29.504205,01:09:29.504205,01:09:29.506775,01:09:29.506775,01:09:29.516774,01:09:29.516799,01:09:29.530219,01:09:29.550120,01:09:30.016337,01:09:29.535805,01:09:29.541030,01:09:29.541054,01:09:29.546192,01:09:29.523050,01:09:29.523151,01:09:29.503619
8,leak,01:09:34.588225,01:09:34.588225,01:09:34.588611,01:09:34.588611,01:09:34.589885,01:09:34.589885,01:09:34.592109,01:09:34.592109,01:09:34.601229,01:09:34.601249,01:09:34.614745,01:09:34.634947,01:09:35.098801,01:09:34.620302,01:09:34.625655,01:09:34.625675,01:09:34.631001,01:09:34.621511,01:09:34.621646,01:09:34.589333
8,leak,01:09:37.900093,01:09:37.900093,01:09:37.900495,01:09:37.900495,01:09:37.901651,01:09:37.901651,01:09:37.902962,01:09:37.902962,01:09:37.912127,01:09:37.912153,01:09:37.926122,01:09:37.945554,01:09:38.410101,01:09:37.931512,01:09:37.936520,01:09:37.936543,01:09:37.941521,01:09:37.908764,01:09:37.908874,01:09:37.901146
8,safe,01:09:41.364702,01:09:41.364702,01:09:41.365010,01:09:41.365010,01:09:41.366460,01:09:41.366460,01:09:41.367976,01:09:41.367976,01:09:41.378086,01:09:41.378110,01:09:41.391477,01:09:41.412440,01:09:41.873998,01:09:41.397766,01:09:41.403117,01:09:41.403139,01:09:41.408560,01:09:41.373266,01:09:41.373361,01:09:41.365628
8,safe,01:09:46.510183,01:09:46.510183,01:09:46.510552,01:09:46.510552,01:09:46.511670,01:09:46.511670,01:09:46.513756,01:09:46.513756,01:09:46.523969,01:09:46.523990,01:09:46.544744,01:09:46.564042,01:09:47.028297,01:09:46.550282,01:09:46.555120,01:09:46.555136,01:09:46.560180,01:09:46.544027,01:09:46.544179,01:09:46.511205
8,leak,01:09:51.516994,01:09:51.516994,01:09:51.517396,01:09:51.517396,01:09:51.518659,01:09:51.518659,01:09:51.520799,01:09:51.520799,01:09:51.534147,01:09:51.534171,01:09:51.548406,01:09:51.567884,01:09:52.031290,01:09:51.553754,01:09:51.558708,01:09:51.558728,01:09:51.563492,01:09:51.525445,01:09:51.525540,01:09:51.518085
8,safe,01:09:54.747030,01:09:54.747030,01:09:54.747389,01:09:54.747389,01:09:54.748533,01:09:54.748533,01:09:54.749975,01:09:54.749975,01:09:54.764548,01:09:54.764572,01:09:54.777980,01:09:54.796915,01:09:55.260328,01:09:54.783362,01:09:54.788351,01:09:54.788368,01:09:54.793190,01:09:54.755650,01:09:54.755751,01:09:54.747998
8,safe,01:09:59.400329,01:09:59.400329,01:09:59.400701,01:09:59.400701,01:09:59.401894,01:09:59.401894,01:09:59.403167,01:09:59.403167,01:09:59.412800,01:09:59.412823,01:09:59.426079,01:09:59.445048,01:09:59.908513,01:09:59.431495,01:09:59.436282,01:09:59.436300,01:09:59.441307,01:09:59.409407,01:09:59.409490,01:09:59.401414
8,safe,01:10:04.427874,01:10:04.427874,01:10:04.428195,01:10:04.428195,01:10:04.429469,01:10:04.429469,01:10:04.431835,01:10:04.431835,01:10:04.441555,01:10:04.441577,01:10:04.454661,01:10:04.473461,01:10:04.938969,01:10:04.460098,01:10:04.464720,01:10:04.464736,01:10:04.469612,01:10:04.454723,01:10:04.454844,01:10:04.428881
8,safe,01:10:09.425652,01:10:09.425652,01:10:09.426058,01:10:09.426058,01:10:09.427349,01:10:09.427349,01:10:09.428964,01:10:09.428964,01:10:09.443396,01:10:09.443425,01:10:09.456865,01:10:09.475787,01:10:09.942054,01:10:09.462364,01:10:09.466972,01:10:09.466987,01:10:09.471780,01:10:09.433906,01:10:09.434004,01:10:09.426691
8,leak,01:10:14.414129,01:10:14.414129,01:10:14.414517,01:10:14.414517,01:10:14.415700,01:10:14.415700,01:10:14.417019,01:10:14.417019,01:10:14.426036,01:10:14.426060,01:10:14.439734,01:10:14.459322,01:10:14.924531,01:10:14.445336,01:10:14.450409,01:10:14.450430,01:10:14.455266,01:10:14.422539,01:10:14.422633,01:10:14.415167
8,safe,01:10:17.958158,01:10:17.958158,01:10:17.958488,01:10:17.958488,01:10:17.959632,01:10:17.959632,01:10:17.961459,01:10:17.961459,01:10:17.970462,01:10:17.970485,01:10:17.984750,01:10:18.002967,01:10:18.467398,01:10:17.989953,01:10:17.994726,01:10:17.994742,01:10:17.999325,01:10:17.966759,01:10:17.966846,01:10:17.959070
8,safe,01:10:23.054994,01:10:23.054994,01:10:23.055312,01:10:23.055312,01:10:23.056354,01:10:23.056354,01:10:23.058579,01:10:23.058579,01:10:23.067849,01:10:23.067876,01:10:23.080846,01:10:23.101212,01:10:23.565826,01:10:23.086955,01:10:23.092108,01:10:23.092129,01:10:23.097168,01:10:23.080863,01:10:23.080992,01:10:23.055886
8,leak,01:10:28.107911,01:10:28.107911,01:10:28.108301,01:10:28.108301,01:10:28.109405,01:10:28.109405,01:10:28.111442,01:10:28.111442,01:10:28.120544,01:10:28.120570,01:10:28.133756,01:10:28.153234,01:10:28.625499,01:10:28.139226,01:10:28.144312,01:10:28.144334,01:10:28.149194,01:10:28.128662,01:10:28.128761,01:10:28.108881
8,leak,01:10:31.084871,01:10:31.084871,01:10:31.085316,01:10:31.085316,01:10:31.086758,01:10:31.086758,01:10:31.088370,01:10:31.088370,01:10:31.105242,01:10:31.105273,01:10:31.118741,01:10:31.137529,01:10:31.599062,01:10:31.124090,01:10:31.128965,01:10:31.128982,01:10:31.133615,01:10:31.093467,01:10:31.093618,01:10:31.086147
8,safe,01:10:34.546765,01:10:34.546765,01:10:34.547107,01:10:34.547107,01:10:34.548188,01:10:34.548188,01:10:34.549659,01:10:34.549659,01:10:34.558739,01:10:34.558762,01:10:34.572284,01:10:34.592004,01:10:35.054329,01:10:34.577959,01:10:34.582744,01:10:34.582760,01:10:34.587449,01:10:34.555296,01:10:34.555381,01:10:34.547701
8,safe,01:10:39.640225,01:10:39.640225,01:10:39.640587,01:10:39.640587,01:10:39.641867,01:10:39.641867,01:10:39.644105,01:10:39.644105,01:10:39.653581,01:10:39.653608,01:10:39.674923,01:10:39.694869,01:10:40.160766,01:10:39.680950,01:10:39.686136,01:10:39.686158,01:10:39.691064,01:10:39.668474,01:10:39.668602,01:10:39.641258
8,safe,01:10:44.431921,01:10:44.431921,01:10:44.432271,01:10:44.432271,01:10:44.433428,01:10:44.433428,01:10:44.434870,01:10:44.434870,01:10:44.444135,01:10:44.444157,01:10:44.458043,01:10:44.476946,01:10:44.941710,01:10:44.463366,01:10:44.468174,01:10:44.468189,01:10:44.473092,01:10:44.440376,01:10:44.440462,01:10:44.432854
8,safe,01:10:49.479392,01:10:49.479392,01:10:49.479815,01:10:49.479815,01:10:49.481366,01:10:49.481366,01:10:49.483502,01:10:49.483502,01:10:49.492937,01:10:49.492958,01:10:49.505837,01:10:49.525377,01:10:49.990164,01:10:49.511329,01:10:49.516200,01:10:49.516217,01:10:49.521468,01:10:49.488548,01:10:49.488683,01:10:49.480500
8,leak,01:10:54.570071,01:10:54.570071,01:10:54.570441,01:10:54.570441,01:10:54.571636,01:10:54.571636,01:10:54.573808,01:10:54.573808,01:10:54.583039,01:10:54.583064,01:10:54.597209,01:10:54.616227,01:10:55.083102,01:10:54.602637,01:10:54.607320,01:10:54.607339,01:10:54.612473,01:10:54.595255,01:10:54.595379,01:10:54.571092
8,safe,01:10:57.851546,01:10:57.851546,01:10:57.852018,01:10:57.852018,01:10:57.853219,01:10:57.853219,01:10:57.854745,01:10:57.854745,01:10:57.863794,01:10:57.863817,01:10:57.876649,01:10:57.895132,01:10:58.357055,01:10:57.881901,01:10:57.886741,01:10:57.886758,01:10:57.891400,01:10:57.859829,01:10:57.859912,01:10:57.852690
8,safe,01:11:02.525026,01:11:02.525026,01:11:02.525397,01:11:02.525397,01:11:02.526904,01:11:02.526904,01:11:02.528454,01:11:02.528454,01:11:02.542365,01:11:02.542390,01:11:02.555175,01:11:02.574785,01:11:03.041851,01:11:02.560742,01:11:02.565631,01:11:02.565647,01:11:02.570698,01:11:02.533682,01:11:02.533781,01:11:02.526014
8,safe,01:11:07.654020,01:11:07.654020,01:11:07.654402,01:11:07.654402,01:11:07.655884,01:11:07.655884,01:11:07.658164,01:11:07.658164,01:11:07.667344,01:11:07.667369,01:11:07.680103,01:11:07.700254,01:11:08.164620,01:11:07.685542,01:11:07.690425,01:11:07.690449,01:11:07.696106,01:11:07.663404,01:11:07.663491,01:11:07.655071
8,leak,01:11:12.638470,01:11:12.638470,01:11:12.638888,01:11:12.638888,01:11:12.640148,01:11:12.640148,01:11:12.641643,01:11:12.641643,01:11:12.655803,01:11:12.655828,01:11:12.670122,01:11:12.688674,01:11:13.152735,01:11:12.675309,01:11:12.679937,01:11:12.679955,01:11:12.684995,01:11:12.646770,01:11:12.646869,01:11:12.639603
8,safe,01:11:16.149299,01:11:16.149299,01:11:16.149680,01:11:16.149680,01:11:16.151261,01:11:16.151261,01:11:16.152796,01:11:16.152796,01:11:16.166562,01:11:16.166583,01:11:16.180184,01:11:16.198797,01:11:16.663390,01:11:16.185394,01:11:16.190162,01:11:16.190178,01:11:16.194818,01:11:16.157600,01:11:16.157685,01:11:16.150379
8,leak,01:11:21.321198,01:11:21.321198,01:11:21.321641,01:11:21.321641,01:11:21.322915,01:11:21.322915,01:11:21.325382,01:11:21.325382,01:11:21.334804,01:11:21.334831,01:11:21.347897,01:11:21.368019,01:11:21.836760,01:11:21.353709,01:11:21.358885,01:11:21.358910,01:11:21.364068,01:11:21.347726,01:11:21.347834,01:11:21.322314
8,safe,01:11:24.138065,01:11:24.138065,01:11:24.138436,01:11:24.138436,01:11:24.139661,01:11:24.139661,01:11:24.141149,01:11:24.141149,01:11:24.150774,01:11:24.150795,01:11:24.163423,01:11:24.182790,01:11:24.644489,01:11:24.169045,01:11:24.173991,01:11:24.174011,01:11:24.179010,01:11:24.146673,01:11:24.146769,01:11:24.139104
8,leak,01:11:28.952377,01:11:28.952377,01:11:28.952730,01:11:28.952730,01:11:28.953882,01:11:28.953882,01:11:28.955675,01:11:28.955675,01:11:28.969771,01:11:28.969798,01:11:28.983975,01:11:29.003185,01:11:29.466839,01:11:28.989380,01:11:28.994160,01:11:28.994176,01:11:28.999037,01:11:28.961033,01:11:28.961120,01:11:28.953332
8,safe,01:11:32.509178,01:11:32.509178,01:11:32.509558,01:11:32.509558,01:11:32.510764,01:11:32.510764,01:11:32.512098,01:11:32.512098,01:11:32.521435,01:11:32.521456,01:11:32.543059,01:11:32.564087,01:11:33.022412,01:11:32.549582,01:11:32.555041,01:11:32.555064,01:11:32.560005,01:11:32.517863,01:11:32.517957,01:11:32.510209
8,safe,01:11:37.467534,01:11:37.467534,01:11:37.467907,01:11:37.467907,01:11:37.469136,01:11:37.469136,01:11:37.470651,01:11:37.470651,01:11:37.484734,01:11:37.484759,01:11:37.498638,01:11:37.517376,01:11:37.986442,01:11:37.503805,01:11:37.508507,01:11:37.508525,01:11:37.513737,01:11:37.476067,01:11:37.476156,01:11:37.468546
8,safe,01:11:42.488382,01:11:42.488382,01:11:42.488757,01:11:42.488757,01:11:42.489933,01:11:42.489933,01:11:42.492268,01:11:42.492268,01:11:42.501617,01:11:42.501648,01:11:42.515889,01:11:42.536351,01:11:43.006123,01:11:42.521810,01:11:42.526938,01:11:42.526957,01:11:42.532410,01:11:42.509706,01:11:42.509817,01:11:42.489414
8,safe,01:11:47.020661,01:11:47.020661,01:11:47.021050,01:11:47.021050,01:11:47.022260,01:11:47.022260,01:11:47.023784,01:11:47.023784,01:11:47.033277,01:11:47.033297,01:11:47.046862,01:11:47.065931,01:11:47.529238,01:11:47.052271,01:11:47.057415,01:11:47.057432,01:11:47.062250,01:11:47.029295,01:11:47.029379,01:11:47.021744
8,leak,01:11:52.108367,01:11:52.108367,01:11:52.108683,01:11:52.108683,01:11:52.109698,01:11:52.109698,01:11:52.111775,01:11:52.111775,01:11:52.121540,01:11:52.121568,01:11:52.135784,01:11:52.155322,01:11:52.619294,01:11:52.141457,01:11:52.146622,01:11:52.146643,01:11:52.151476,01:11:52.141008,01:11:52.141174,01:11:52.109236
8,safe,01:11:55.382611,01:11:55.382611,01:11:55.382957,01:11:55.382957,01:11:55.384119,01:11:55.384119,01:11:55.385613,01:11:55.385613,01:11:55.394861,01:11:55.394880,01:11:55.407871,01:11:55.427044,01:11:55.883932,01:11:55.413472,01:11:55.418076,01:11:55.418095,01:11:55.423179,01:11:55.390851,01:11:55.390969,01:11:55.383568
8,safe,01:12:00.480174,01:12:00.480174,01:12:00.480541,01:12:00.480541,01:12:00.481892,01:12:00.481892,01:12:00.484196,01:12:00.484196,01:12:00.494353,01:12:00.494380,01:12:00.507186,01:12:00.526194,01:12:00.993285,01:12:00.512580,01:12:00.517456,01:12:00.517474,01:12:00.522410,01:12:00.506819,01:12:00.506934,01:12:00.481159
8,safe,01:12:05.253697,01:12:05.253697,01:12:05.254113,01:12:05.254113,01:12:05.255375,01:12:05.255375,01:12:05.256852,01:12:05.256852,01:12:05.266686,01:12:05.266705,01:12:05.279926,01:12:05.298295,01:12:05.761222,01:12:05.285235,01:12:05.289946,01:12:05.289961,01:12:05.294588,01:12:05.262075,01:12:05.262171,01:12:05.254796
8,safe,01:12:10.277624,01:12:10.277624,01:12:10.277955,01:12:10.277955,01:12:10.279116,01:12:10.279116,01:12:10.281275,01:12:10.281275,01:12:10.290399,01:12:10.290422,01:12:10.303974,01:12:10.324338,01:12:10.792255,01:12:10.309759,01:12:10.314888,01:12:10.314905,01:12:10.320228,01:12:10.302370,01:12:10.302489,01:12:10.278563
8,safe,01:12:15.375957,01:12:15.375957,01:12:15.376275,01:12:15.376275,01:12:15.377421,01:12:15.377421,01:12:15.379409,01:12:15.379409,01:12:15.390906,01:12:15.390934,01:12:15.403862,01:12:15.424374,01:12:15.887715,01:12:15.409048,01:12:15.414087,01:12:15.414112,01:12:15.419625,01:12:15.400828,01:12:15.400934,01:12:15.376895
9,safe,01:12:20.480356,01:12:20.480356,01:12:20.480774,01:12:20.480774,01:12:20.481936,01:12:20.481936,01:12:20.484018,01:12:20.484018,01:12:20.493258,01:12:20.493280,01:12:20.505836,01:12:20.525723,01:12:20.992492,01:12:20.511346,01:12:20.516816,01:12:20.516836,01:12:20.521555,01:12:20.515127,01:12:20.515252,01:12:20.481399
9,safe,01:12:25.568768,01:12:25.568768,01:12:25.569148,01:12:25.569148,01:12:25.570346,01:12:25.570346,01:12:25.572494,01:12:25.572494,01:12:25.582171,01:12:25.582191,01:12:25.595097,01:12:25.615297,01:12:26.084817,01:12:25.600406,01:12:25.605426,01:12:25.605447,01:12:25.611167,01:12:25.589099,01:12:25.589252,01:12:25.569832
9,leak,01:12:30.680808,01:12:30.680808,01:12:30.681190,01:12:30.681190,01:12:30.682435,01:12:30.682435,01:12:30.684673,01:12:30.684673,01:12:30.694269,01:12:30.694289,01:12:30.716749,01:12:30.737596,01:12:31.206087,01:12:30.723292,01:12:30.728217,01:12:30.728237,01:12:30.733532,01:12:30.690840,01:12:30.690962,01:12:30.681856
9,safe,01:12:33.953960,01:12:33.953960,01:12:33.954583,01:12:33.954583,01:12:33.956392,01:12:33.956392,01:12:33.959085,01:12:33.959085,01:12:33.975407,01:12:33.975471,01:12:34.000031,01:12:34.036615,01:12:34.509888,01:12:34.011359,01:12:34.019488,01:12:34.019536,01:12:34.029047,01:12:33.964079,01:12:33.964252,01:12:33.955601
9,safe,01:12:39.121004,01:12:39.121004,01:12:39.121388,01:12:39.121388,01:12:39.122530,01:12:39.122530,01:12:39.124610,01:12:39.124610,01:12:39.133966,01:12:39.133990,01:12:39.147192,01:12:39.166676,01:12:39.631714,01:12:39.152744,01:12:39.157730,01:12:39.157749,01:12:39.162739,01:12:39.131167,01:12:39.131281,01:12:39.122016
9,safe,01:12:44.146291,01:12:44.146291,01:12:44.146706,01:12:44.146706,01:12:44.147920,01:12:44.147920,01:12:44.150211,01:12:44.150211,01:12:44.159357,01:12:44.159381,01:12:44.172710,01:12:44.192822,01:12:44.656871,01:12:44.178013,01:12:44.183408,01:12:44.183433,01:12:44.188730,01:12:44.180919,01:12:44.181045,01:12:44.147370
9,safe,01:12:49.113042,01:12:49.113042,01:12:49.113395,01:12:49.113395,01:12:49.114564,01:12:49.114564,01:12:49.116244,01:12:49.116244,01:12:49.125643,01:12:49.125668,01:12:49.138668,01:12:49.157463,01:12:49.622614,01:12:49.143971,01:12:49.148561,01:12:49.148578,01:12:49.153631,01:12:49.122631,01:12:49.122720,01:12:49.114041
9,leak,01:12:54.176967,01:12:54.176967,01:12:54.177356,01:12:54.177356,01:12:54.178539,01:12:54.178539,01:12:54.180760,01:12:54.180760,01:12:54.190437,01:12:54.190457,01:12:54.203185,01:12:54.223051,01:12:54.687526,01:12:54.208923,01:12:54.214080,01:12:54.214104,01:12:54.218942,01:12:54.202400,01:12:54.202523,01:12:54.177964
9,leak,01:12:57.726121,01:12:57.726121,01:12:57.726608,01:12:57.726608,01:12:57.727773,01:12:57.727773,01:12:57.729178,01:12:57.729178,01:12:57.738344,01:12:57.738368,01:12:57.751908,01:12:57.770844,01:12:58.233895,01:12:57.757528,01:12:57.762209,01:12:57.762224,01:12:57.767015,01:12:57.735654,01:12:57.735751,01:12:57.727225
9,safe,01:13:00.572362,01:13:00.572362,01:13:00.572693,01:13:00.572693,01:13:00.573757,01:13:00.573757,01:13:00.575107,01:13:00.575107,01:13:00.584383,01:13:00.584408,01:13:00.597574,01:13:00.618905,01:13:01.078658,01:13:00.603155,01:13:00.608235,01:13:00.608251,01:13:00.613281,01:13:00.581759,01:13:00.581862,01:13:00.573283
9,safe,01:13:05.651039,01:13:05.651039,01:13:05.651454,01:13:05.651454,01:13:05.652618,01:13:05.652618,01:13:05.655042,01:13:05.655042,01:13:05.664256,01:13:05.664281,01:13:05.677980,01:13:05.697384,01:13:06.161253,01:13:05.683543,01:13:05.688621,01:13:05.688637,01:13:05.693536,01:13:05.684165,01:13:05.684289,01:13:05.652103
9,safe,01:13:10.808887,01:13:10.808887,01:13:10.809232,01:13:10.809232,01:13:10.810363,01:13:10.810363,01:13:10.812692,01:13:10.812692,01:13:10.822142,01:13:10.822170,01:13:10.836242,01:13:10.856032,01:13:11.323334,01:13:10.841908,01:13:10.846705,01:13:10.846723,01:13:10.851939,01:13:10.819074,01:13:10.819180,01:13:10.809874
9,leak,01:13:15.909680,01:13:15.909680,01:13:15.910004,01:13:15.910004,01:13:15.911142,01:13:15.911142,01:13:15.913267,01:13:15.913267,01:13:15.922454,01:13:15.922475,01:13:15.935212,01:13:15.954872,01:13:16.419132,01:13:15.941071,01:13:15.946374,01:13:15.946394,01:13:15.951004,01:13:15.938600,01:13:15.938725,01:13:15.910585
9,safe,01:13:19.432676,01:13:19.432676,01:13:19.433050,01:13:19.433050,01:13:19.434547,01:13:19.434547,01:13:19.435967,01:13:19.435967,01:13:19.446151,01:13:19.446176,01:13:19.459016,01:13:19.479541,01:13:19.941380,01:13:19.464718,01:13:19.469867,01:13:19.469883,01:13:19.475170,01:13:19.442154,01:13:19.442253,01:13:19.433695
9,safe,01:13:24.287345,01:13:24.287345,01:13:24.287709,01:13:24.287709,01:13:24.288840,01:13:24.288840,01:13:24.290468,01:13:24.290468,01:13:24.300414,01:13:24.300440,01:13:24.323120,01:13:24.342010,01:13:24.806136,01:13:24.328739,01:13:24.333461,01:13:24.333477,01:13:24.338288,01:13:24.296546,01:13:24.296633,01:13:24.288338
9,leak,01:13:29.256710,01:13:29.256710,01:13:29.257111,01:13:29.257111,01:13:29.258345,01:13:29.258345,01:13:29.259870,01:13:29.259870,01:13:29.269427,01:13:29.269449,01:13:29.283492,01:13:29.302917,01:13:29.766951,01:13:29.289120,01:13:29.294213,01:13:29.294231,01:13:29.298927,01:13:29.266207,01:13:29.266306,01:13:29.257806
9,safe,01:13:32.783435,01:13:32.783435,01:13:32.783766,01:13:32.783766,01:13:32.784921,01:13:32.784921,01:13:32.786298,01:13:32.786298,01:13:32.796025,01:13:32.796052,01:13:32.810013,01:13:32.828798,01:13:33.291633,01:13:32.815482,01:13:32.820301,01:13:32.820318,01:13:32.825068,01:13:32.793141,01:13:32.793231,01:13:32.784378
9,safe,01:13:37.790552,01:13:37.790552,01:13:37.791098,01:13:37.791098,01:13:37.792368,01:13:37.792368,01:13:37.794616,01:13:37.794616,01:13:37.804805,01:13:37.804831,01:13:37.818178,01:13:37.837825,01:13:38.301492,01:13:37.823779,01:13:37.828908,01:13:37.828929,01:13:37.833734,01:13:37.814730,01:13:37.814833,01:13:37.791770
9,safe,01:13:42.613655,01:13:42.613655,01:13:42.613989,01:13:42.613989,01:13:42.615065,01:13:42.615065,01:13:42.616391,01:13:42.616391,01:13:42.626467,01:13:42.626485,01:13:42.638990,01:13:42.658664,01:13:43.121496,01:13:42.644676,01:13:42.649584,01:13:42.649600,01:13:42.654746,01:13:42.623140,01:13:42.623238,01:13:42.614586
9,safe,01:13:47.709919,01:13:47.709919,01:13:47.710267,01:13:47.710267,01:13:47.711346,01:13:47.711346,01:13:47.713444,01:13:47.713444,01:13:47.723067,01:13:47.723092,01:13:47.736702,01:13:47.755764,01:13:48.220971,01:13:47.742354,01:13:47.747107,01:13:47.747125,01:13:47.751957,01:13:47.733022,01:13:47.733154,01:13:47.710873
9,safe,01:13:52.799179,01:13:52.799179,01:13:52.799552,01:13:52.799552,01:13:52.800776,01:13:52.800776,01:13:52.802783,01:13:52.802783,01:13:52.812049,01:13:52.812079,01:13:52.826548,01:13:52.846261,01:13:53.312218,01:13:52.832411,01:13:52.837447,01:13:52.837467,01:13:52.842465,01:13:52.819171,01:13:52.819284,01:13:52.800284
9,safe,01:13:57.835900,01:13:57.835900,01:13:57.836285,01:13:57.836285,01:13:57.837436,01:13:57.837436,01:13:57.839469,01:13:57.839469,01:13:57.851344,01:13:57.851367,01:13:57.864318,01:13:57.882823,01:13:58.348564,01:13:57.869708,01:13:57.874303,01:13:57.874320,01:13:57.879149,01:13:57.858982,01:13:57.859078,01:13:57.836934
9,safe,01:14:02.153402,01:14:02.153402,01:14:02.153865,01:14:02.153865,01:14:02.155100,01:14:02.155100,01:14:02.156520,01:14:02.156520,01:14:02.168663,01:14:02.168685,01:14:02.182097,01:14:02.201165,01:14:02.664970,01:14:02.187525,01:14:02.192226,01:14:02.192242,01:14:02.197346,01:14:02.162971,01:14:02.163054,01:14:02.154594
9,safe,01:14:06.880998,01:14:06.880998,01:14:06.881369,01:14:06.881369,01:14:06.882560,01:14:06.882560,01:14:06.883964,01:14:06.883964,01:14:06.893604,01:14:06.893625,01:14:06.906185,01:14:06.924916,01:14:07.388098,01:14:06.911552,01:14:06.916364,01:14:06.916380,01:14:06.921216,01:14:06.890526,01:14:06.890629,01:14:06.882020
9,safe,01:14:11.975151,01:14:11.975151,01:14:11.975489,01:14:11.975489,01:14:11.976669,01:14:11.976669,01:14:11.978719,01:14:11.978719,01:14:11.988383,01:14:11.988403,01:14:12.001430,01:14:12.021231,01:14:12.489597,01:14:12.007155,01:14:12.012286,01:14:12.012308,01:14:12.017441,01:14:12.001762,01:14:12.001936,01:14:11.976115
9,leak,01:14:16.668549,01:14:16.668549,01:14:16.668872,01:14:16.668872,01:14:16.669970,01:14:16.669970,01:14:16.671416,01:14:16.671416,01:14:16.681077,01:14:16.681100,01:14:16.694503,01:14:16.712673,01:14:17.176748,01:14:16.699592,01:14:16.704186,01:14:16.704203,01:14:16.708994,01:14:16.677970,01:14:16.678067,01:14:16.669417
9,safe,01:14:19.947537,01:14:19.947537,01:14:19.947969,01:14:19.947969,01:14:19.949454,01:14:19.949454,01:14:19.950928,01:14:19.950928,01:14:19.960654,01:14:19.960677,01:14:19.982665,01:14:20.002200,01:14:20.460527,01:14:19.988114,01:14:19.992900,01:14:19.992917,01:14:19.997785,01:14:19.957182,01:14:19.957282,01:14:19.948650
9,safe,01:14:25.017342,01:14:25.017342,01:14:25.017723,01:14:25.017723,01:14:25.018997,01:14:25.018997,01:14:25.021426,01:14:25.021426,01:14:25.030889,01:14:25.030915,01:14:25.045926,01:14:25.066194,01:14:25.531084,01:14:25.051749,01:14:25.057095,01:14:25.057117,01:14:25.062276,01:14:25.027462,01:14:25.027562,01:14:25.018393
9,leak,01:14:29.816162,01:14:29.816162,01:14:29.816563,01:14:29.816563,01:14:29.817939,01:14:29.817939,01:14:29.819375,01:14:29.819375,01:14:29.828506,01:14:29.828529,01:14:29.841736,01:14:29.860057,01:14:30.323965,01:14:29.847058,01:14:29.851655,01:14:29.851671,01:14:29.856310,01:14:29.825483,01:14:29.825585,01:14:29.817315
9,safe,01:14:32.691654,01:14:32.691654,01:14:32.692114,01:14:32.692114,01:14:32.693279,01:14:32.693279,01:14:32.694709,01:14:32.694709,01:14:32.704682,01:14:32.704701,01:14:32.718607,01:14:32.737884,01:14:33.198540,01:14:32.723862,01:14:32.728807,01:14:32.728830,01:14:32.733803,01:14:32.700782,01:14:32.700890,01:14:32.692743
9,safe,01:14:37.773420,01:14:37.773420,01:14:37.773789,01:14:37.773789,01:14:37.774942,01:14:37.774942,01:14:37.777549,01:14:37.777549,01:14:37.786684,01:14:37.786709,01:14:37.799555,01:14:37.817932,01:14:38.283262,01:14:37.804855,01:14:37.809535,01:14:37.809551,01:14:37.814279,01:14:37.783100,01:14:37.783207,01:14:37.774403
9,safe,01:14:42.761793,01:14:42.761793,01:14:42.762210,01:14:42.762210,01:14:42.763373,01:14:42.763373,01:14:42.764987,01:14:42.764987,01:14:42.774154,01:14:42.774175,01:14:42.787073,01:14:42.806709,01:14:43.271334,01:14:42.792517,01:14:42.797346,01:14:42.797369,01:14:42.802652,01:14:42.771419,01:14:42.771525,01:14:42.762837
9,safe,01:14:47.701897,01:14:47.701897,01:14:47.702332,01:14:47.702332,01:14:47.703478,01:14:47.703478,01:14:47.704877,01:14:47.704877,01:14:47.714021,01:14:47.714044,01:14:47.726753,01:14:47.745241,01:14:48.211806,01:14:47.731966,01:14:47.736446,01:14:47.736462,01:14:47.741587,01:14:47.711355,01:14:47.711453,01:14:47.702999
9,safe,01:14:52.808966,01:14:52.808966,01:14:52.809287,01:14:52.809287,01:14:52.810373,01:14:52.810373,01:14:52.812359,01:14:52.812359,01:14:52.821576,01:14:52.821596,01:14:52.834428,01:14:52.853543,01:14:53.315140,01:14:52.839942,01:14:52.844770,01:14:52.844787,01:14:52.849850,01:14:52.843115,01:14:52.843235,01:14:52.809896
9,safe,01:14:57.828553,01:14:57.828553,01:14:57.828934,01:14:57.828934,01:14:57.830169,01:14:57.830169,01:14:57.832483,01:14:57.832483,01:14:57.841585,01:14:57.841604,01:14:57.854231,01:14:57.873780,01:14:58.338572,01:14:57.859395,01:14:57.864413,01:14:57.864438,01:14:57.869758,01:14:57.838015,01:14:57.838096,01:14:57.829612
9,leak,01:15:02.654838,01:15:02.654838,01:15:02.655200,01:15:02.655200,01:15:02.656306,01:15:02.656306,01:15:02.657757,01:15:02.657757,01:15:02.667093,01:15:02.667114,01:15:02.679595,01:15:02.697711,01:15:03.161374,01:15:02.684719,01:15:02.689334,01:15:02.689349,01:15:02.694017,01:15:02.664533,01:15:02.664619,01:15:02.655818
9,safe,01:15:05.705053,01:15:05.705053,01:15:05.705429,01:15:05.705429,01:15:05.706592,01:15:05.706592,01:15:05.708053,01:15:05.708053,01:15:05.717486,01:15:05.717512,01:15:05.729973,01:15:05.749407,01:15:06.207021,01:15:05.735563,01:15:05.740326,01:15:05.740345,01:15:05.745212,01:15:05.714472,01:15:05.714558,01:15:05.706026
9,safe,01:15:10.663397,01:15:10.663397,01:15:10.663809,01:15:10.663809,01:15:10.665071,01:15:10.665071,01:15:10.666588,01:15:10.666588,01:15:10.675987,01:15:10.676010,01:15:10.689254,01:15:10.716394,01:15:11.186058,01:15:10.695393,01:15:10.703941,01:15:10.703979,01:15:10.711897,01:15:10.672713,01:15:10.672815,01:15:10.664464
9,safe,01:15:15.748293,01:15:15.748293,01:15:15.748617,01:15:15.748617,01:15:15.749809,01:15:15.749809,01:15:15.752312,01:15:15.752312,01:15:15.761685,01:15:15.761709,01:15:15.784202,01:15:15.803265,01:15:16.269030,01:15:15.789658,01:15:15.794317,01:15:15.794332,01:15:15.799000,01:15:15.758729,01:15:15.758872,01:15:15.749219
9,safe,01:15:20.801610,01:15:20.801610,01:15:20.801988,01:15:20.801988,01:15:20.803211,01:15:20.803211,01:15:20.805668,01:15:20.805668,01:15:20.815086,01:15:20.815114,01:15:20.829782,01:15:20.850672,01:15:21.316270,01:15:20.835614,01:15:20.840992,01:15:20.841016,01:15:20.846371,01:15:20.811659,01:15:20.811851,01:15:20.802716
9,safe,01:15:25.867829,01:15:25.867829,01:15:25.868216,01:15:25.868216,01:15:25.869402,01:15:25.869402,01:15:25.871430,01:15:25.871430,01:15:25.881016,01:15:25.881044,01:15:25.894970,01:15:25.914177,01:15:26.377626,01:15:25.900472,01:15:25.905232,01:15:25.905248,01:15:25.909823,01:15:25.889805,01:15:25.889908,01:15:25.868860
9,safe,01:15:30.701215,01:15:30.701215,01:15:30.701535,01:15:30.701535,01:15:30.702674,01:15:30.702674,01:15:30.704215,01:15:30.704215,01:15:30.714777,01:15:30.714815,01:15:30.729876,01:15:30.752460,01:15:31.220185,01:15:30.736195,01:15:30.742181,01:15:30.742205,01:15:30.748162,01:15:30.711340,01:15:30.711491,01:15:30.702106
9,leak,01:15:35.867584,01:15:35.867584,01:15:35.867986,01:15:35.867986,01:15:35.869244,01:15:35.869244,01:15:35.871375,01:15:35.871375,01:15:35.880470,01:15:35.880495,01:15:35.894215,01:15:35.913330,01:15:36.378532,01:15:35.899749,01:15:35.904714,01:15:35.904733,01:15:35.909425,01:15:35.877554,01:15:35.877641,01:15:35.868664
9,safe,01:15:39.345676,01:15:39.345676,01:15:39.345999,01:15:39.345999,01:15:39.347154,01:15:39.347154,01:15:39.348710,01:15:39.348710,01:15:39.358840,01:15:39.358863,01:15:39.372139,01:15:39.390562,01:15:39.853016,01:15:39.377466,01:15:39.382191,01:15:39.382206,01:15:39.386921,01:15:39.354950,01:15:39.355037,01:15:39.346590
9,safe,01:15:44.523015,01:15:44.523015,01:15:44.523338,01:15:44.523338,01:15:44.524507,01:15:44.524507,01:15:44.526745,01:15:44.526745,01:15:44.536620,01:15:44.536648,01:15:44.550528,01:15:44.569327,01:15:45.033918,01:15:44.556008,01:15:44.560778,01:15:44.560794,01:15:44.565611,01:15:44.554159,01:15:44.554338,01:15:44.523965
9,safe,01:15:49.280823,01:15:49.280823,01:15:49.281196,01:15:49.281196,01:15:49.282439,01:15:49.282439,01:15:49.284174,01:15:49.284174,01:15:49.296293,01:15:49.296325,01:15:49.311137,01:15:49.330074,01:15:49.792781,01:15:49.316705,01:15:49.321351,01:15:49.321369,01:15:49.326280,01:15:49.290490,01:15:49.290593,01:15:49.281880
9,safe,01:15:54.299611,01:15:54.299611,01:15:54.299996,01:15:54.299996,01:15:54.301203,01:15:54.301203,01:15:54.303421,01:15:54.303421,01:15:54.312503,01:15:54.312529,01:15:54.325251,01:15:54.344948,01:15:54.810551,01:15:54.331021,01:15:54.336319,01:15:54.336344,01:15:54.341200,01:15:54.333859,01:15:54.334003,01:15:54.300689
9,safe,01:15:59.267914,01:15:59.267914,01:15:59.268266,01:15:59.268266,01:15:59.269535,01:15:59.269535,01:15:59.271168,01:15:59.271168,01:15:59.280407,01:15:59.280433,01:15:59.293902,01:15:59.312839,01:15:59.776385,01:15:59.299220,01:15:59.303872,01:15:59.303888,01:15:59.309000,01:15:59.277286,01:15:59.277370,01:15:59.268931
9,leak,01:16:04.535614,01:16:04.535614,01:16:04.535992,01:16:04.535992,01:16:04.537138,01:16:04.537138,01:16:04.539306,01:16:04.539306,01:16:04.548419,01:16:04.548446,01:16:04.561955,01:16:04.580336,01:16:05.046012,01:16:04.567100,01:16:04.571956,01:16:04.571973,01:16:04.576681,01:16:04.545708,01:16:04.545818,01:16:04.536649
9,safe,01:16:07.909986,01:16:07.909986,01:16:07.910358,01:16:07.910358,01:16:07.911511,01:16:07.911511,01:16:07.912783,01:16:07.912783,01:16:07.921986,01:16:07.922006,01:16:07.935189,01:16:07.954724,01:16:08.416710,01:16:07.940839,01:16:07.945994,01:16:07.946014,01:16:07.951002,01:16:07.919631,01:16:07.919713,01:16:07.911031
9,leak,01:16:12.995096,01:16:12.995096,01:16:12.995465,01:16:12.995465,01:16:12.996737,01:16:12.996737,01:16:12.998909,01:16:12.998909,01:16:13.008330,01:16:13.008351,01:16:13.029393,01:16:13.049510,01:16:13.514367,01:16:13.035275,01:16:13.040430,01:16:13.040454,01:16:13.045503,01:16:13.005059,01:16:13.005256,01:16:12.996169
9,leak,01:16:16.245235,01:16:16.245235,01:16:16.245568,01:16:16.245568,01:16:16.246728,01:16:16.246728,01:16:16.248121,01:16:16.248121,01:16:16.257305,01:16:16.257328,01:16:16.270911,01:16:16.290690,01:16:16.752831,01:16:16.276502,01:16:16.282138,01:16:16.282158,01:16:16.286980,01:16:16.254949,01:16:16.255039,01:16:16.246164
9,safe,01:16:19.714292,01:16:19.714292,01:16:19.714615,01:16:19.714615,01:16:19.715664,01:16:19.715664,01:16:19.717001,01:16:19.717001,01:16:19.726293,01:16:19.726312,01:16:19.739646,01:16:19.758281,01:16:20.220877,01:16:19.745198,01:16:19.749860,01:16:19.749876,01:16:19.754640,01:16:19.723744,01:16:19.723838,01:16:19.715197
9,safe,01:16:24.791500,01:16:24.791500,01:16:24.791870,01:16:24.791870,01:16:24.793057,01:16:24.793057,01:16:24.795211,01:16:24.795211,01:16:24.804381,01:16:24.804405,01:16:24.817851,01:16:24.836485,01:16:25.300073,01:16:24.823292,01:16:24.828037,01:16:24.828056,01:16:24.832893,01:16:24.815822,01:16:24.815960,01:16:24.792497
9,safe,01:16:29.860237,01:16:29.860237,01:16:29.860683,01:16:29.860683,01:16:29.861807,01:16:29.861807,01:16:29.863954,01:16:29.863954,01:16:29.873222,01:16:29.873243,01:16:29.885832,01:16:29.904260,01:16:30.370177,01:16:29.891139,01:16:29.895927,01:16:29.895946,01:16:29.900559,01:16:29.885605,01:16:29.885713,01:16:29.861338
9,safe,01:16:34.646534,01:16:34.646534,01:16:34.646910,01:16:34.646910,01:16:34.648116,01:16:34.648116,01:16:34.649501,01:16:34.649501,01:16:34.659211,01:16:34.659232,01:16:34.672186,01:16:34.691540,01:16:35.156214,01:16:34.677634,01:16:34.682543,01:16:34.682559,01:16:34.687570,01:16:34.656367,01:16:34.656470,01:16:34.647537
9,safe,01:16:39.570796,01:16:39.570796,01:16:39.571185,01:16:39.571185,01:16:39.572417,01:16:39.572417,01:16:39.574107,01:16:39.574107,01:16:39.583565,01:16:39.583589,01:16:39.596794,01:16:39.616124,01:16:40.082242,01:16:39.602383,01:16:39.607549,01:16:39.607570,01:16:39.612399,01:16:39.580337,01:16:39.580427,01:16:39.571845
9,safe,01:16:44.642267,01:16:44.642267,01:16:44.642673,01:16:44.642673,01:16:44.643975,01:16:44.643975,01:16:44.646293,01:16:44.646293,01:16:44.655599,01:16:44.655619,01:16:44.668173,01:16:44.687091,01:16:45.152195,01:16:44.673406,01:16:44.678233,01:16:44.678251,01:16:44.683230,01:16:44.674146,01:16:44.674269,01:16:44.643276
9,safe,01:16:49.486791,01:16:49.486791,01:16:49.487117,01:16:49.487117,01:16:49.488237,01:16:49.488237,01:16:49.489647,01:16:49.489647,01:16:49.498641,01:16:49.498660,01:16:49.511512,01:16:49.530526,01:16:49.995036,01:16:49.516838,01:16:49.522092,01:16:49.522112,01:16:49.526810,01:16:49.496183,01:16:49.496265,01:16:49.487674
9,safe,01:16:54.506018,01:16:54.506018,01:16:54.506419,01:16:54.506419,01:16:54.507591,01:16:54.507591,01:16:54.509788,01:16:54.509788,01:16:54.518916,01:16:54.518937,01:16:54.531844,01:16:54.551894,01:16:55.018761,01:16:54.537205,01:16:54.542464,01:16:54.542492,01:16:54.547874,01:16:54.516122,01:16:54.516209,01:16:54.507023
9,leak,01:16:59.612370,01:16:59.612370,01:16:59.612720,01:16:59.612720,01:16:59.614037,01:16:59.614037,01:16:59.616142,01:16:59.616142,01:16:59.625373,01:16:59.625412,01:16:59.640177,01:16:59.660315,01:17:00.125450,01:16:59.645890,01:16:59.651255,01:16:59.651279,01:16:59.656059,01:16:59.635570,01:16:59.635687,01:16:59.613444
9,safe,01:17:03.184099,01:17:03.184099,01:17:03.184464,01:17:03.184464,01:17:03.186093,01:17:03.186093,01:17:03.187631,01:17:03.187631,01:17:03.196998,01:17:03.197025,01:17:03.211054,01:17:03.231483,01:17:03.695866,01:17:03.217038,01:17:03.222208,01:17:03.222227,01:17:03.227479,01:17:03.193431,01:17:03.193520,01:17:03.185177
9,leak,01:17:08.163702,01:17:08.163702,01:17:08.164025,01:17:08.164025,01:17:08.165069,01:17:08.165069,01:17:08.166828,01:17:08.166828,01:17:08.175871,01:17:08.175892,01:17:08.199492,01:17:08.218381,01:17:08.682018,01:17:08.205328,01:17:08.209881,01:17:08.209896,01:17:08.214659,01:17:08.173216,01:17:08.173296,01:17:08.164596
9,safe,01:17:11.405380,01:17:11.405380,01:17:11.405796,01:17:11.405796,01:17:11.407102,01:17:11.407102,01:17:11.408579,01:17:11.408579,01:17:11.418415,01:17:11.418443,01:17:11.432309,01:17:11.451780,01:17:11.913295,01:17:11.437720,01:17:11.442709,01:17:11.442728,01:17:11.447409,01:17:11.414762,01:17:11.414863,01:17:11.406560
9,leak,01:17:16.144830,01:17:16.144830,01:17:16.145152,01:17:16.145152,01:17:16.146356,01:17:16.146356,01:17:16.147786,01:17:16.147786,01:17:16.157627,01:17:16.157653,01:17:16.171632,01:17:16.190653,01:17:16.655181,01:17:16.177151,01:17:16.182231,01:17:16.182252,01:17:16.186964,01:17:16.154366,01:17:16.154452,01:17:16.145733
9,safe,01:17:19.166598,01:17:19.166598,01:17:19.166944,01:17:19.166944,01:17:19.168123,01:17:19.168123,01:17:19.169589,01:17:19.169589,01:17:19.181131,01:17:19.181156,01:17:19.194249,01:17:19.213971,01:17:19.675966,01:17:19.199894,01:17:19.204916,01:17:19.204931,01:17:19.210116,01:17:19.176129,01:17:19.176214,01:17:19.167565
9,safe,01:17:23.974294,01:17:23.974294,01:17:23.974657,01:17:23.974657,01:17:23.975718,01:17:23.975718,01:17:23.977116,01:17:23.977116,01:17:23.987177,01:17:23.987202,01:17:24.000491,01:17:24.020560,01:17:24.483380,01:17:24.006175,01:17:24.011488,01:17:24.011510,01:17:24.016565,01:17:23.983686,01:17:23.983789,01:17:23.975254
9,safe,01:17:28.915116,01:17:28.915116,01:17:28.915697,01:17:28.915697,01:17:28.917377,01:17:28.917377,01:17:28.919208,01:17:28.919208,01:17:28.929219,01:17:28.929278,01:17:28.951778,01:17:28.978537,01:17:29.448639,01:17:28.958666,01:17:28.965024,01:17:28.965047,01:17:28.971168,01:17:28.924612,01:17:28.924745,01:17:28.916586
9,safe,01:17:34.187674,01:17:34.187674,01:17:34.188043,01:17:34.188043,01:17:34.189147,01:17:34.189147,01:17:34.191345,01:17:34.191345,01:17:34.202854,01:17:34.202877,01:17:34.216603,01:17:34.236332,01:17:34.701890,01:17:34.222189,01:17:34.227327,01:17:34.227351,01:17:34.232434,01:17:34.207933,01:17:34.208029,01:17:34.188588
9,safe,01:17:39.353850,01:17:39.353850,01:17:39.354205,01:17:39.354205,01:17:39.355262,01:17:39.355262,01:17:39.357247,01:17:39.357247,01:17:39.366359,01:17:39.366384,01:17:39.380691,01:17:39.400154,01:17:39.864134,01:17:39.386337,01:17:39.391120,01:17:39.391137,01:17:39.396071,01:17:39.388010,01:17:39.388126,01:17:39.354781
9,leak,01:17:44.186944,01:17:44.186944,01:17:44.187334,01:17:44.187334,01:17:44.188490,01:17:44.188490,01:17:44.189964,01:17:44.189964,01:17:44.200106,01:17:44.200131,01:17:44.212880,01:17:44.232306,01:17:44.697072,01:17:44.218487,01:17:44.223430,01:17:44.223451,01:17:44.228452,01:17:44.196464,01:17:44.196546,01:17:44.187953
9,safe,01:17:47.079519,01:17:47.079519,01:17:47.079938,01:17:47.079938,01:17:47.081219,01:17:47.081219,01:17:47.082599,01:17:47.082599,01:17:47.091920,01:17:47.091945,01:17:47.104915,01:17:47.123654,01:17:47.586207,01:17:47.110152,01:17:47.115065,01:17:47.115080,01:17:47.119944,01:17:47.089194,01:17:47.089283,01:17:47.080610
9,leak,01:17:52.031281,01:17:52.031281,01:17:52.031683,01:17:52.031683,01:17:52.032846,01:17:52.032846,01:17:52.034287,01:17:52.034287,01:17:52.043556,01:17:52.043585,01:17:52.056283,01:17:52.074952,01:17:52.538581,01:17:52.061618,01:17:52.066371,01:17:52.066388,01:17:52.071283,01:17:52.040844,01:17:52.040979,01:17:52.032346
9,safe,01:17:55.000447,01:17:55.000447,01:17:55.000793,01:17:55.000793,01:17:55.002018,01:17:55.002018,01:17:55.003679,01:17:55.003679,01:17:55.013248,01:17:55.013278,01:17:55.029654,01:17:55.051051,01:17:55.512352,01:17:55.035463,01:17:55.041811,01:17:55.041835,01:17:55.047066,01:17:55.010007,01:17:55.010111,01:17:55.001428
9,safe,01:18:00.084470,01:18:00.084470,01:18:00.084875,01:18:00.084875,01:18:00.086426,01:18:00.086426,01:18:00.089021,01:18:00.089021,01:18:00.098742,01:18:00.098765,01:18:00.119367,01:18:00.139191,01:18:00.604839,01:18:00.124962,01:18:00.130234,01:18:00.130256,01:18:00.135326,01:18:00.117512,01:18:00.117654,01:18:00.085611
9,leak,01:18:04.726979,01:18:04.726979,01:18:04.727289,01:18:04.727289,01:18:04.728439,01:18:04.728439,01:18:04.730310,01:18:04.730310,01:18:04.739733,01:18:04.739756,01:18:04.753781,01:18:04.773779,01:18:05.237541,01:18:04.759325,01:18:04.764754,01:18:04.764769,01:18:04.769814,01:18:04.736424,01:18:04.736508,01:18:04.727871
9,safe,01:18:07.625795,01:18:07.625795,01:18:07.626112,01:18:07.626112,01:18:07.627146,01:18:07.627146,01:18:07.628539,01:18:07.628539,01:18:07.637652,01:18:07.637676,01:18:07.651488,01:18:07.671461,01:18:08.129549,01:18:07.657045,01:18:07.662088,01:18:07.662112,01:18:07.667577,01:18:07.635451,01:18:07.635533,01:18:07.626697
9,safe,01:18:12.735223,01:18:12.735223,01:18:12.735543,01:18:12.735543,01:18:12.736927,01:18:12.736927,01:18:12.738952,01:18:12.738952,01:18:12.749076,01:18:12.749104,01:18:12.762678,01:18:12.783069,01:18:13.249938,01:18:12.768294,01:18:12.773933,01:18:12.773953,01:18:12.779058,01:18:12.769774,01:18:12.769952,01:18:12.736110
9,safe,01:18:17.523915,01:18:17.523915,01:18:17.524281,01:18:17.524281,01:18:17.525404,01:18:17.525404,01:18:17.526762,01:18:17.526762,01:18:17.536017,01:18:17.536040,01:18:17.549155,01:18:17.568406,01:18:18.031888,01:18:17.554662,01:18:17.559657,01:18:17.559679,01:18:17.564572,01:18:17.533567,01:18:17.533663,01:18:17.524875
9,blocked,01:18:22.524108,01:18:22.524108,01:18:22.524549,01:18:22.524549,01:18:22.525787,01:18:22.525787,01:18:22.526351,01:18:22.526351,,,,,,,,,,01:18:22.533590,01:18:22.533693,01:18:22.525227
9,leak,01:18:23.073856,01:18:23.073856,01:18:23.074233,01:18:23.074233,01:18:23.075369,01:18:23.075369,01:18:23.077467,01:18:23.077467,01:18:23.087102,01:18:23.087125,01:18:23.099704,01:18:23.118922,01:18:23.589327,01:18:23.105228,01:18:23.110402,01:18:23.110423,01:18:23.115193,01:18:23.083427,01:18:23.083527,01:18:23.074842
9,safe,01:18:25.922240,01:18:25.922240,01:18:25.922575,01:18:25.922575,01:18:25.923702,01:18:25.923702,01:18:25.925034,01:18:25.925034,01:18:25.934050,01:18:25.934070,01:18:25.947396,01:18:25.966313,01:18:26.423907,01:18:25.952723,01:18:25.957704,01:18:25.957724,01:18:25.962535,01:18:25.931877,01:18:25.931974,01:18:25.923149
9,safe,01:18:30.695193,01:18:30.695193,01:18:30.695521,01:18:30.695521,01:18:30.696621,01:18:30.696621,01:18:30.697963,01:18:30.697963,01:18:30.707213,01:18:30.707233,01:18:30.720344,01:18:30.740966,01:18:31.205882,01:18:30.725824,01:18:30.732246,01:18:30.732263,01:18:30.736956,01:18:30.704869,01:18:30.704956,01:18:30.696145
9,safe,01:18:35.223270,01:18:35.223270,01:18:35.223690,01:18:35.223690,01:18:35.224913,01:18:35.224913,01:18:35.226815,01:18:35.226815,01:18:35.236825,01:18:35.236851,01:18:35.249576,01:18:35.268760,01:18:35.731080,01:18:35.255017,01:18:35.260121,01:18:35.260142,01:18:35.264784,01:18:35.232923,01:18:35.233025,01:18:35.224372
9,leak,01:18:40.289060,01:18:40.289060,01:18:40.289389,01:18:40.289389,01:18:40.290583,01:18:40.290583,01:18:40.292930,01:18:40.292930,01:18:40.302084,01:18:40.302113,01:18:40.315472,01:18:40.334202,01:18:40.797781,01:18:40.320741,01:18:40.325532,01:18:40.325550,01:18:40.330273,01:18:40.323432,01:18:40.323572,01:18:40.289970
9,safe,01:18:43.564884,01:18:43.564884,01:18:43.565267,01:18:43.565267,01:18:43.566498,01:18:43.566498,01:18:43.568139,01:18:43.568139,01:18:43.577968,01:18:43.577994,01:18:43.590897,01:18:43.609575,01:18:44.071556,01:18:43.596257,01:18:43.600777,01:18:43.600793,01:18:43.605776,01:18:43.574099,01:18:43.574183,01:18:43.565919
9,safe,01:18:48.289053,01:18:48.289053,01:18:48.289481,01:18:48.289481,01:18:48.290767,01:18:48.290767,01:18:48.292155,01:18:48.292155,01:18:48.302934,01:18:48.302980,01:18:48.316115,01:18:48.334967,01:18:48.800273,01:18:48.321352,01:18:48.326365,01:18:48.326383,01:18:48.331235,01:18:48.298285,01:18:48.298389,01:18:48.290234
9,safe,01:18:53.368510,01:18:53.368510,01:18:53.368979,01:18:53.368979,01:18:53.370337,01:18:53.370337,01:18:53.372475,01:18:53.372475,01:18:53.381700,01:18:53.381727,01:18:53.403419,01:18:53.422756,01:18:53.886277,01:18:53.409003,01:18:53.413556,01:18:53.413572,01:18:53.418996,01:18:53.400095,01:18:53.400241,01:18:53.369759
9,safe,01:18:58.448603,01:18:58.448603,01:18:58.448999,01:18:58.448999,01:18:58.450293,01:18:58.450293,01:18:58.452536,01:18:58.452536,01:18:58.461744,01:18:58.461772,01:18:58.475408,01:18:58.494542,01:18:58.964471,01:18:58.480780,01:18:58.485751,01:18:58.485768,01:18:58.490720,01:18:58.478750,01:18:58.478879,01:18:58.449706
9,safe,01:19:03.525802,01:19:03.525802,01:19:03.526184,01:19:03.526184,01:19:03.527507,01:19:03.527507,01:19:03.529596,01:19:03.529596,01:19:03.538689,01:19:03.538715,01:19:03.552423,01:19:03.571245,01:19:04.036127,01:19:03.557955,01:19:03.562423,01:19:03.562438,01:19:03.567141,01:19:03.535876,01:19:03.535980,01:19:03.526993
9,safe,01:19:08.575151,01:19:08.575151,01:19:08.575523,01:19:08.575523,01:19:08.576793,01:19:08.576793,01:19:08.579265,01:19:08.579265,01:19:08.589240,01:19:08.589262,01:19:08.602992,01:19:08.622190,01:19:09.093308,01:19:08.608405,01:19:08.613415,01:19:08.613435,01:19:08.618321,01:19:08.586068,01:19:08.586179,01:19:08.576185
9,safe,01:19:13.678750,01:19:13.678750,01:19:13.679136,01:19:13.679136,01:19:13.680347,01:19:13.680347,01:19:13.682744,01:19:13.682744,01:19:13.692349,01:19:13.692378,01:19:13.705339,01:19:13.725193,01:19:14.196781,01:19:13.711010,01:19:13.716164,01:19:13.716180,01:19:13.721225,01:19:13.706312,01:19:13.706431,01:19:13.679788
9,safe,01:19:18.678533,01:19:18.678533,01:19:18.678897,01:19:18.678897,01:19:18.680090,01:19:18.680090,01:19:18.681650,01:19:18.681650,01:19:18.690921,01:19:18.690944,01:19:18.704143,01:19:18.722841,01:19:19.193433,01:19:18.709319,01:19:18.714102,01:19:18.714117,01:19:18.719081,01:19:18.688138,01:19:18.688232,01:19:18.679538
9,safe,01:19:23.296560,01:19:23.296560,01:19:23.296940,01:19:23.296940,01:19:23.298156,01:19:23.298156,01:19:23.299489,01:19:23.299489,01:19:23.308612,01:19:23.308632,01:19:23.321928,01:19:23.340660,01:19:23.801070,01:19:23.327429,01:19:23.332296,01:19:23.332314,01:19:23.337014,01:19:23.306018,01:19:23.306118,01:19:23.297601
9,safe,01:19:28.194630,01:19:28.194630,01:19:28.195026,01:19:28.195026,01:19:28.196231,01:19:28.196231,01:19:28.197939,01:19:28.197939,01:19:28.207320,01:19:28.207343,01:19:28.220087,01:19:28.239229,01:19:28.705842,01:19:28.225552,01:19:28.230585,01:19:28.230605,01:19:28.235403,01:19:28.203992,01:19:28.204089,01:19:28.195672
9,safe,01:19:33.173858,01:19:33.173858,01:19:33.174181,01:19:33.174181,01:19:33.175213,01:19:33.175213,01:19:33.176928,01:19:33.176928,01:19:33.190223,01:19:33.190247,01:19:33.203520,01:19:33.222208,01:19:33.683698,01:19:33.208655,01:19:33.213316,01:19:33.213332,01:19:33.218159,01:19:33.183119,01:19:33.183199,01:19:33.174738
9,safe,01:19:37.965119,01:19:37.965119,01:19:37.965491,01:19:37.965491,01:19:37.966714,01:19:37.966714,01:19:37.968562,01:19:37.968562,01:19:37.977600,01:19:37.977620,01:19:37.990519,01:19:38.009339,01:19:38.473217,01:19:37.995878,01:19:38.000725,01:19:38.000741,01:19:38.005580,01:19:37.974574,01:19:37.974671,01:19:37.966133
9,safe,01:19:42.946096,01:19:42.946096,01:19:42.946469,01:19:42.946469,01:19:42.947630,01:19:42.947630,01:19:42.948938,01:19:42.948938,01:19:42.958128,01:19:42.958147,01:19:42.970882,01:19:42.989351,01:19:43.451775,01:19:42.976065,01:19:42.980856,01:19:42.980872,01:19:42.985504,01:19:42.955478,01:19:42.955577,01:19:42.947088
9,leak,01:19:48.013943,01:19:48.013943,01:19:48.014353,01:19:48.014353,01:19:48.015842,01:19:48.015842,01:19:48.018001,01:19:48.018001,01:19:48.027659,01:19:48.027721,01:19:48.040980,01:19:48.060337,01:19:48.525436,01:19:48.046583,01:19:48.051771,01:19:48.051792,01:19:48.056625,01:19:48.046338,01:19:48.046468,01:19:48.014963
9,safe,01:19:51.406465,01:19:51.406465,01:19:51.406794,01:19:51.406794,01:19:51.407791,01:19:51.407791,01:19:51.409003,01:19:51.409003,01:19:51.418623,01:19:51.418647,01:19:51.441313,01:19:51.460071,01:19:51.918394,01:19:51.446944,01:19:51.451599,01:19:51.451614,01:19:51.456294,01:19:51.416235,01:19:51.416339,01:19:51.407319
10,safe,01:19:56.507491,01:19:56.507491,01:19:56.507945,01:19:56.507945,01:19:56.509376,01:19:56.509376,01:19:56.511772,01:19:56.511772,01:19:56.521765,01:19:56.521795,01:19:56.535595,01:19:56.555101,01:19:57.022475,01:19:56.541175,01:19:56.546369,01:19:56.546386,01:19:56.551129,01:19:56.542305,01:19:56.542435,01:19:56.508584
10,safe,01:20:01.496849,01:20:01.496849,01:20:01.497223,01:20:01.497223,01:20:01.498409,01:20:01.498409,01:20:01.499811,01:20:01.499811,01:20:01.508977,01:20:01.508997,01:20:01.521993,01:20:01.541924,01:20:02.007572,01:20:01.527508,01:20:01.532542,01:20:01.532562,01:20:01.537944,01:20:01.507060,01:20:01.507165,01:20:01.497847
10,safe,01:20:06.487979,01:20:06.487979,01:20:06.488380,01:20:06.488380,01:20:06.489576,01:20:06.489576,01:20:06.491382,01:20:06.491382,01:20:06.501041,01:20:06.501060,01:20:06.515140,01:20:06.535128,01:20:06.999164,01:20:06.520606,01:20:06.525767,01:20:06.525787,01:20:06.530985,01:20:06.498638,01:20:06.498721,01:20:06.488962
10,safe,01:20:11.294276,01:20:11.294276,01:20:11.294713,01:20:11.294713,01:20:11.296099,01:20:11.296099,01:20:11.297849,01:20:11.297849,01:20:11.307611,01:20:11.307632,01:20:11.320365,01:20:11.343917,01:20:11.809127,01:20:11.328591,01:20:11.334736,01:20:11.334762,01:20:11.340132,01:20:11.304683,01:20:11.304795,01:20:11.295503
10,safe,01:20:16.001627,01:20:16.001627,01:20:16.002009,01:20:16.002009,01:20:16.003229,01:20:16.003229,01:20:16.004762,01:20:16.004762,01:20:16.014956,01:20:16.014981,01:20:16.028844,01:20:16.048742,01:20:16.511900,01:20:16.034855,01:20:16.039742,01:20:16.039763,01:20:16.044984,01:20:16.012276,01:20:16.012365,01:20:16.002744
10,safe,01:20:21.091626,01:20:21.091626,01:20:21.092013,01:20:21.092013,01:20:21.093503,01:20:21.093503,01:20:21.095965,01:20:21.095965,01:20:21.105390,01:20:21.105417,01:20:21.118732,01:20:21.138569,01:20:21.604886,01:20:21.124143,01:20:21.129338,01:20:21.129363,01:20:21.134535,01:20:21.115299,01:20:21.115405,01:20:21.092704
10,safe,01:20:26.090356,01:20:26.090356,01:20:26.090706,01:20:26.090706,01:20:26.091952,01:20:26.091952,01:20:26.093418,01:20:26.093418,01:20:26.102967,01:20:26.102989,01:20:26.117543,01:20:26.137565,01:20:26.601975,01:20:26.123226,01:20:26.128323,01:20:26.128344,01:20:26.133446,01:20:26.100559,01:20:26.100641,01:20:26.091363
10,safe,01:20:30.656785,01:20:30.656785,01:20:30.657162,01:20:30.657162,01:20:30.658661,01:20:30.658661,01:20:30.660082,01:20:30.660082,01:20:30.669097,01:20:30.669152,01:20:30.682463,01:20:30.700523,01:20:31.165630,01:20:30.687855,01:20:30.692319,01:20:30.692334,01:20:30.696903,01:20:30.667162,01:20:30.667260,01:20:30.657787
10,safe,01:20:35.732349,01:20:35.732349,01:20:35.732813,01:20:35.732813,01:20:35.734072,01:20:35.734072,01:20:35.736247,01:20:35.736247,01:20:35.745425,01:20:35.745446,01:20:35.757988,01:20:35.777399,01:20:36.243812,01:20:35.763325,01:20:35.768518,01:20:35.768539,01:20:35.773483,01:20:35.763630,01:20:35.763774,01:20:35.733469
10,safe,01:20:40.693709,01:20:40.693709,01:20:40.694088,01:20:40.694088,01:20:40.695248,01:20:40.695248,01:20:40.696686,01:20:40.696686,01:20:40.706012,01:20:40.706034,01:20:40.719230,01:20:40.737742,01:20:41.201466,01:20:40.724732,01:20:40.729216,01:20:40.729232,01:20:40.733965,01:20:40.704178,01:20:40.704278,01:20:40.694746
10,safe,01:20:45.822778,01:20:45.822778,01:20:45.823149,01:20:45.823149,01:20:45.824231,01:20:45.824231,01:20:45.826565,01:20:45.826565,01:20:45.835999,01:20:45.836024,01:20:45.849300,01:20:45.869043,01:20:46.333886,01:20:45.854985,01:20:45.860220,01:20:45.860241,01:20:45.865176,01:20:45.846438,01:20:45.846562,01:20:45.823700
10,safe,01:20:50.848520,01:20:50.848520,01:20:50.848936,01:20:50.848936,01:20:50.850532,01:20:50.850532,01:20:50.852885,01:20:50.852885,01:20:50.862130,01:20:50.862155,01:20:50.883959,01:20:50.902858,01:20:51.370278,01:20:50.889624,01:20:50.894404,01:20:50.894420,01:20:50.899166,01:20:50.877564,01:20:50.877723,01:20:50.849656
10,safe,01:20:55.987984,01:20:55.987984,01:20:55.988402,01:20:55.988402,01:20:55.989660,01:20:55.989660,01:20:55.991853,01:20:55.991853,01:20:56.001063,01:20:56.001088,01:20:56.015877,01:20:56.036721,01:20:56.502396,01:20:56.021540,01:20:56.026652,01:20:56.026673,01:20:56.032656,01:20:56.013108,01:20:56.013209,01:20:55.989078
10,safe,01:21:00.629621,01:21:00.629621,01:21:00.629984,01:21:00.629984,01:21:00.631214,01:21:00.631214,01:21:00.632999,01:21:00.632999,01:21:00.642370,01:21:00.642389,01:21:00.656637,01:21:00.675554,01:21:01.140704,01:21:00.662003,01:21:00.667076,01:21:00.667094,01:21:00.671909,01:21:00.640027,01:21:00.640565,01:21:00.630620
10,leak,01:21:05.692433,01:21:05.692433,01:21:05.692845,01:21:05.692845,01:21:05.694040,01:21:05.694040,01:21:05.696258,01:21:05.696258,01:21:05.705580,01:21:05.705606,01:21:05.719063,01:21:05.737301,01:21:06.202228,01:21:05.724354,01:21:05.728904,01:21:05.728919,01:21:05.733653,01:21:05.703572,01:21:05.703755,01:21:05.693499
10,safe,01:21:09.098417,01:21:09.098417,01:21:09.098811,01:21:09.098811,01:21:09.100439,01:21:09.100439,01:21:09.102138,01:21:09.102138,01:21:09.115383,01:21:09.115429,01:21:09.134673,01:21:09.160186,01:21:09.626048,01:21:09.142107,01:21:09.147655,01:21:09.147683,01:21:09.154599,01:21:09.109520,01:21:09.109688,01:21:09.099570
10,safe,01:21:13.841941,01:21:13.841941,01:21:13.842275,01:21:13.842275,01:21:13.843598,01:21:13.843598,01:21:13.845168,01:21:13.845168,01:21:13.855209,01:21:13.855230,01:21:13.867909,01:21:13.886823,01:21:14.350903,01:21:13.873130,01:21:13.878063,01:21:13.878086,01:21:13.883056,01:21:13.852413,01:21:13.852509,01:21:13.842846
10,safe,01:21:18.502736,01:21:18.502736,01:21:18.503120,01:21:18.503120,01:21:18.504252,01:21:18.504252,01:21:18.505550,01:21:18.505550,01:21:18.514719,01:21:18.514742,01:21:18.528103,01:21:18.548380,01:21:19.017309,01:21:18.533755,01:21:18.538874,01:21:18.538898,01:21:18.544120,01:21:18.513247,01:21:18.513337,01:21:18.503782
10,safe,01:21:23.554916,01:21:23.554916,01:21:23.555313,01:21:23.555313,01:21:23.556639,01:21:23.556639,01:21:23.559015,01:21:23.559015,01:21:23.569061,01:21:23.569097,01:21:23.583843,01:21:23.603069,01:21:24.069200,01:21:23.589295,01:21:23.594072,01:21:23.594091,01:21:23.599169,01:21:23.566527,01:21:23.566678,01:21:23.556049
10,safe,01:21:28.684644,01:21:28.684644,01:21:28.685030,01:21:28.685030,01:21:28.686191,01:21:28.686191,01:21:28.688491,01:21:28.688491,01:21:28.697562,01:21:28.697583,01:21:28.710708,01:21:28.729916,01:21:29.201823,01:21:28.716333,01:21:28.721409,01:21:28.721429,01:21:28.726175,01:21:28.695330,01:21:28.695422,01:21:28.685643
10,leak,01:21:33.722374,01:21:33.722374,01:21:33.722839,01:21:33.722839,01:21:33.723898,01:21:33.723898,01:21:33.726092,01:21:33.726092,01:21:33.735450,01:21:33.735470,01:21:33.748738,01:21:33.769113,01:21:34.234803,01:21:33.754375,01:21:33.759709,01:21:33.759732,01:21:33.764730,01:21:33.743786,01:21:33.743889,01:21:33.723417
10,leak,01:21:37.303797,01:21:37.303797,01:21:37.304230,01:21:37.304230,01:21:37.305514,01:21:37.305514,01:21:37.307061,01:21:37.307061,01:21:37.316513,01:21:37.316532,01:21:37.329246,01:21:37.347973,01:21:37.811128,01:21:37.334596,01:21:37.339145,01:21:37.339161,01:21:37.344303,01:21:37.314143,01:21:37.314227,01:21:37.304970
10,safe,01:21:40.589920,01:21:40.589920,01:21:40.590239,01:21:40.590239,01:21:40.591571,01:21:40.591571,01:21:40.593113,01:21:40.593113,01:21:40.602445,01:21:40.602465,01:21:40.615400,01:21:40.633746,01:21:41.096804,01:21:40.620474,01:21:40.625158,01:21:40.625178,01:21:40.629971,01:21:40.600361,01:21:40.600445,01:21:40.590835
10,safe,01:21:45.672171,01:21:45.672171,01:21:45.672483,01:21:45.672483,01:21:45.673711,01:21:45.673711,01:21:45.675925,01:21:45.675925,01:21:45.684924,01:21:45.684949,01:21:45.707599,01:21:45.726282,01:21:46.190592,01:21:45.713279,01:21:45.717947,01:21:45.717963,01:21:45.722641,01:21:45.705240,01:21:45.705369,01:21:45.673062
10,leak,01:21:50.729557,01:21:50.729557,01:21:50.729919,01:21:50.729919,01:21:50.731074,01:21:50.731074,01:21:50.733326,01:21:50.733326,01:21:50.742465,01:21:50.742488,01:21:50.757237,01:21:50.777227,01:21:51.244527,01:21:50.762997,01:21:50.768017,01:21:50.768038,01:21:50.772908,01:21:50.756188,01:21:50.756331,01:21:50.730583
10,safe,01:21:54.079437,01:21:54.079437,01:21:54.079815,01:21:54.079815,01:21:54.080926,01:21:54.080926,01:21:54.082769,01:21:54.082769,01:21:54.091917,01:21:54.091936,01:21:54.106163,01:21:54.126144,01:21:54.587304,01:21:54.111859,01:21:54.116772,01:21:54.116792,01:21:54.121934,01:21:54.089623,01:21:54.089719,01:21:54.080437
10,safe,01:21:59.127986,01:21:59.127986,01:21:59.128377,01:21:59.128377,01:21:59.129943,01:21:59.129943,01:21:59.132842,01:21:59.132842,01:21:59.144210,01:21:59.144271,01:21:59.163846,01:21:59.190038,01:21:59.658476,01:21:59.171255,01:21:59.178642,01:21:59.178672,01:21:59.185471,01:21:59.163132,01:21:59.163317,01:21:59.129232
10,safe,01:22:04.202014,01:22:04.202014,01:22:04.202334,01:22:04.202334,01:22:04.203501,01:22:04.203501,01:22:04.205743,01:22:04.205743,01:22:04.215397,01:22:04.215424,01:22:04.228449,01:22:04.247468,01:22:04.712127,01:22:04.233710,01:22:04.238671,01:22:04.238692,01:22:04.243712,01:22:04.224835,01:22:04.224980,01:22:04.202904
10,safe,01:22:09.311379,01:22:09.311379,01:22:09.311786,01:22:09.311786,01:22:09.312950,01:22:09.312950,01:22:09.315258,01:22:09.315258,01:22:09.324870,01:22:09.324894,01:22:09.338966,01:22:09.357828,01:22:09.824704,01:22:09.344240,01:22:09.348909,01:22:09.348924,01:22:09.353928,01:22:09.339462,01:22:09.339578,01:22:09.312412
10,safe,01:22:14.392291,01:22:14.392291,01:22:14.392620,01:22:14.392620,01:22:14.394177,01:22:14.394177,01:22:14.396367,01:22:14.396367,01:22:14.405559,01:22:14.405583,01:22:14.418868,01:22:14.438089,01:22:14.902618,01:22:14.424202,01:22:14.429358,01:22:14.429375,01:22:14.434239,01:22:14.424266,01:22:14.424382,01:22:14.393277
10,safe,01:22:19.555526,01:22:19.555526,01:22:19.555927,01:22:19.555927,01:22:19.557059,01:22:19.557059,01:22:19.559256,01:22:19.559256,01:22:19.569388,01:22:19.569409,01:22:19.583037,01:22:19.603659,01:22:20.068816,01:22:19.588714,01:22:19.594319,01:22:19.594334,01:22:19.599476,01:22:19.587447,01:22:19.587587,01:22:19.556569
10,safe,01:22:24.652290,01:22:24.652290,01:22:24.652664,01:22:24.652664,01:22:24.653812,01:22:24.653812,01:22:24.655806,01:22:24.655806,01:22:24.665537,01:22:24.665558,01:22:24.678404,01:22:24.697712,01:22:25.162907,01:22:24.684010,01:22:24.688625,01:22:24.688641,01:22:24.693516,01:22:24.664135,01:22:24.664239,01:22:24.653326
10,safe,01:22:29.758581,01:22:29.758581,01:22:29.758966,01:22:29.758966,01:22:29.760165,01:22:29.760165,01:22:29.762193,01:22:29.762193,01:22:29.771312,01:22:29.771335,01:22:29.785136,01:22:29.804618,01:22:30.270023,01:22:29.790587,01:22:29.795524,01:22:29.795543,01:22:29.800511,01:22:29.792389,01:22:29.792513,01:22:29.759667
10,safe,01:22:34.566958,01:22:34.566958,01:22:34.567286,01:22:34.567286,01:22:34.568407,01:22:34.568407,01:22:34.569740,01:22:34.569740,01:22:34.579029,01:22:34.579081,01:22:34.591595,01:22:34.610274,01:22:35.073911,01:22:34.596848,01:22:34.601702,01:22:34.601718,01:22:34.606425,01:22:34.577167,01:22:34.577263,01:22:34.567925
10,leak,01:22:39.749412,01:22:39.749412,01:22:39.749832,01:22:39.749832,01:22:39.751130,01:22:39.751130,01:22:39.753439,01:22:39.753439,01:22:39.762464,01:22:39.762490,01:22:39.776180,01:22:39.795700,01:22:40.261807,01:22:39.781404,01:22:39.786397,01:22:39.786422,01:22:39.791843,01:22:39.774559,01:22:39.774672,01:22:39.750576
10,safe,01:22:43.240142,01:22:43.240142,01:22:43.240515,01:22:43.240515,01:22:43.241757,01:22:43.241757,01:22:43.243172,01:22:43.243172,01:22:43.252204,01:22:43.252223,01:22:43.273445,01:22:43.292354,01:22:43.753276,01:22:43.278919,01:22:43.283728,01:22:43.283744,01:22:43.288449,01:22:43.250791,01:22:43.250872,01:22:43.241153
10,safe,01:22:47.968276,01:22:47.968276,01:22:47.968596,01:22:47.968596,01:22:47.969649,01:22:47.969649,01:22:47.971117,01:22:47.971117,01:22:47.980872,01:22:47.980925,01:22:47.995242,01:22:48.013737,01:22:48.477084,01:22:48.000505,01:22:48.005097,01:22:48.005114,01:22:48.009919,01:22:47.978829,01:22:47.978927,01:22:47.969131
10,safe,01:22:52.950688,01:22:52.950688,01:22:52.950999,01:22:52.950999,01:22:52.952027,01:22:52.952027,01:22:52.953392,01:22:52.953392,01:22:52.963081,01:22:52.963101,01:22:52.976167,01:22:52.994244,01:22:53.457984,01:22:52.981332,01:22:52.985978,01:22:52.985995,01:22:52.990626,01:22:52.961325,01:22:52.961449,01:22:52.951565
10,safe,01:22:57.998208,01:22:57.998208,01:22:57.998584,01:22:57.998584,01:22:58.000101,01:22:58.000101,01:22:58.002300,01:22:58.002300,01:22:58.014745,01:22:58.014777,01:22:58.028563,01:22:58.048557,01:22:58.513403,01:22:58.034227,01:22:58.039309,01:22:58.039326,01:22:58.044626,01:22:58.009288,01:22:58.009378,01:22:57.999235
10,safe,01:23:02.820659,01:23:02.820659,01:23:02.821028,01:23:02.821028,01:23:02.822123,01:23:02.822123,01:23:02.823828,01:23:02.823828,01:23:02.833293,01:23:02.833311,01:23:02.846133,01:23:02.864517,01:23:03.328711,01:23:02.851363,01:23:02.855918,01:23:02.855933,01:23:02.860790,01:23:02.831159,01:23:02.831258,01:23:02.821660
10,safe,01:23:07.919682,01:23:07.919682,01:23:07.920033,01:23:07.920033,01:23:07.921197,01:23:07.921197,01:23:07.923440,01:23:07.923440,01:23:07.932658,01:23:07.932678,01:23:07.945835,01:23:07.965372,01:23:08.431524,01:23:07.951517,01:23:07.956462,01:23:07.956483,01:23:07.961589,01:23:07.931035,01:23:07.931178,01:23:07.920637
10,safe,01:23:12.649861,01:23:12.649861,01:23:12.650174,01:23:12.650174,01:23:12.651405,01:23:12.651405,01:23:12.652855,01:23:12.652855,01:23:12.662430,01:23:12.662450,01:23:12.675027,01:23:12.694268,01:23:13.159777,01:23:12.680592,01:23:12.685777,01:23:12.685797,01:23:12.690487,01:23:12.660522,01:23:12.660704,01:23:12.650856
10,safe,01:23:17.768101,01:23:17.768101,01:23:17.768410,01:23:17.768410,01:23:17.769545,01:23:17.769545,01:23:17.771757,01:23:17.771757,01:23:17.781637,01:23:17.781663,01:23:17.794974,01:23:17.814446,01:23:18.281020,01:23:17.800349,01:23:17.805563,01:23:17.805588,01:23:17.810532,01:23:17.800872,01:23:17.800985,01:23:17.768988
10,safe,01:23:22.834320,01:23:22.834320,01:23:22.834736,01:23:22.834736,01:23:22.835947,01:23:22.835947,01:23:22.838286,01:23:22.838286,01:23:22.847525,01:23:22.847545,01:23:22.861698,01:23:22.880997,01:23:23.345338,01:23:22.867253,01:23:22.872006,01:23:22.872024,01:23:22.876768,01:23:22.845667,01:23:22.845754,01:23:22.835372
10,leak,01:23:27.923713,01:23:27.923713,01:23:27.924092,01:23:27.924092,01:23:27.925212,01:23:27.925212,01:23:27.927339,01:23:27.927339,01:23:27.936864,01:23:27.936887,01:23:27.950585,01:23:27.970111,01:23:28.438706,01:23:27.956055,01:23:27.961015,01:23:27.961031,01:23:27.965938,01:23:27.959534,01:23:27.959668,01:23:27.924725
10,leak,01:23:31.372162,01:23:31.372162,01:23:31.372508,01:23:31.372508,01:23:31.373864,01:23:31.373864,01:23:31.375309,01:23:31.375309,01:23:31.384705,01:23:31.384729,01:23:31.397489,01:23:31.416228,01:23:31.878904,01:23:31.402695,01:23:31.407589,01:23:31.407606,01:23:31.412482,01:23:31.382617,01:23:31.382735,01:23:31.373094
10,safe,01:23:34.979315,01:23:34.979315,01:23:34.979708,01:23:34.979708,01:23:34.981012,01:23:34.981012,01:23:34.982711,01:23:34.982711,01:23:34.992324,01:23:34.992345,01:23:35.006207,01:23:35.025196,01:23:35.488308,01:23:35.011650,01:23:35.016543,01:23:35.016561,01:23:35.021432,01:23:34.989860,01:23:34.989956,01:23:34.980397
10,safe,01:23:39.939906,01:23:39.939906,01:23:39.940294,01:23:39.940294,01:23:39.941836,01:23:39.941836,01:23:39.943222,01:23:39.943222,01:23:39.952662,01:23:39.952683,01:23:39.974364,01:23:39.993511,01:23:40.458754,01:23:39.979774,01:23:39.984817,01:23:39.984836,01:23:39.989786,01:23:39.950298,01:23:39.950396,01:23:39.940970
10,safe,01:23:45.067568,01:23:45.067568,01:23:45.067901,01:23:45.067901,01:23:45.069109,01:23:45.069109,01:23:45.071290,01:23:45.071290,01:23:45.080470,01:23:45.080494,01:23:45.094827,01:23:45.115273,01:23:45.580501,01:23:45.100691,01:23:45.105827,01:23:45.105847,01:23:45.111018,01:23:45.093271,01:23:45.093406,01:23:45.068567
10,safe,01:23:50.095869,01:23:50.095869,01:23:50.096232,01:23:50.096232,01:23:50.097538,01:23:50.097538,01:23:50.099844,01:23:50.099844,01:23:50.110314,01:23:50.110341,01:23:50.125218,01:23:50.146787,01:23:50.611935,01:23:50.132111,01:23:50.137665,01:23:50.137686,01:23:50.142761,01:23:50.129815,01:23:50.129953,01:23:50.096977
10,safe,01:23:54.965832,01:23:54.965832,01:23:54.966266,01:23:54.966266,01:23:54.967584,01:23:54.967584,01:23:54.968973,01:23:54.968973,01:23:54.978154,01:23:54.978178,01:23:54.992437,01:23:55.012425,01:23:55.478415,01:23:54.997948,01:23:55.003049,01:23:55.003069,01:23:55.008280,01:23:54.976427,01:23:54.976521,01:23:54.967003
10,safe,01:23:59.742419,01:23:59.742419,01:23:59.742765,01:23:59.742765,01:23:59.743886,01:23:59.743886,01:23:59.745359,01:23:59.745359,01:23:59.754714,01:23:59.754736,01:23:59.767693,01:23:59.787098,01:24:00.253542,01:23:59.773243,01:23:59.777901,01:23:59.777920,01:23:59.782960,01:23:59.752879,01:23:59.752980,01:23:59.743354
10,safe,01:24:04.828741,01:24:04.828741,01:24:04.829078,01:24:04.829078,01:24:04.830291,01:24:04.830291,01:24:04.832590,01:24:04.832590,01:24:04.841894,01:24:04.841914,01:24:04.854228,01:24:04.873402,01:24:05.340204,01:24:04.859836,01:24:04.864873,01:24:04.864892,01:24:04.869726,01:24:04.839951,01:24:04.840051,01:24:04.829721
10,safe,01:24:09.820139,01:24:09.820139,01:24:09.820509,01:24:09.820509,01:24:09.821741,01:24:09.821741,01:24:09.823120,01:24:09.823120,01:24:09.832637,01:24:09.832661,01:24:09.845898,01:24:09.864905,01:24:10.329846,01:24:09.851128,01:24:09.855944,01:24:09.855961,01:24:09.860622,01:24:09.830895,01:24:09.831004,01:24:09.821181
10,leak,01:24:15.067032,01:24:15.067032,01:24:15.067377,01:24:15.067377,01:24:15.068563,01:24:15.068563,01:24:15.070599,01:24:15.070599,01:24:15.079828,01:24:15.079855,01:24:15.092842,01:24:15.112364,01:24:15.577072,01:24:15.098810,01:24:15.103417,01:24:15.103434,01:24:15.108106,01:24:15.092717,01:24:15.092840,01:24:15.068059
10,leak,01:24:18.540384,01:24:18.540384,01:24:18.540704,01:24:18.540704,01:24:18.541822,01:24:18.541822,01:24:18.543154,01:24:18.543154,01:24:18.552349,01:24:18.552370,01:24:18.565372,01:24:18.583805,01:24:19.048944,01:24:18.570741,01:24:18.575307,01:24:18.575323,01:24:18.580122,01:24:18.550889,01:24:18.550989,01:24:18.541275
10,leak,01:24:21.863843,01:24:21.863843,01:24:21.864169,01:24:21.864169,01:24:21.865317,01:24:21.865317,01:24:21.866700,01:24:21.866700,01:24:21.876151,01:24:21.876169,01:24:21.888994,01:24:21.907788,01:24:22.369222,01:24:21.894255,01:24:21.898885,01:24:21.898902,01:24:21.904041,01:24:21.874382,01:24:21.874467,01:24:21.864799
10,safe,01:24:25.241227,01:24:25.241227,01:24:25.241605,01:24:25.241605,01:24:25.242745,01:24:25.242745,01:24:25.244131,01:24:25.244131,01:24:25.253183,01:24:25.253206,01:24:25.265952,01:24:25.285167,01:24:25.747267,01:24:25.271477,01:24:25.276320,01:24:25.276341,01:24:25.281344,01:24:25.251852,01:24:25.251989,01:24:25.242227
10,safe,01:24:30.223833,01:24:30.223833,01:24:30.224181,01:24:30.224181,01:24:30.225246,01:24:30.225246,01:24:30.226575,01:24:30.226575,01:24:30.235800,01:24:30.235820,01:24:30.248297,01:24:30.267659,01:24:30.732151,01:24:30.253511,01:24:30.258514,01:24:30.258536,01:24:30.263563,01:24:30.234526,01:24:30.234728,01:24:30.224758
10,leak,01:24:35.305216,01:24:35.305216,01:24:35.305639,01:24:35.305639,01:24:35.306809,01:24:35.306809,01:24:35.308851,01:24:35.308851,01:24:35.319421,01:24:35.319444,01:24:35.341271,01:24:35.360413,01:24:35.824180,01:24:35.346932,01:24:35.351629,01:24:35.351646,01:24:35.356576,01:24:35.316226,01:24:35.316310,01:24:35.306326
10,leak,01:24:38.726235,01:24:38.726235,01:24:38.726568,01:24:38.726568,01:24:38.727726,01:24:38.727726,01:24:38.729068,01:24:38.729068,01:24:38.738210,01:24:38.738233,01:24:38.752201,01:24:38.770714,01:24:39.239705,01:24:38.757520,01:24:38.762146,01:24:38.762161,01:24:38.767026,01:24:38.736565,01:24:38.736662,01:24:38.727227
10,safe,01:24:42.197332,01:24:42.197332,01:24:42.197662,01:24:42.197662,01:24:42.198829,01:24:42.198829,01:24:42.200142,01:24:42.200142,01:24:42.212204,01:24:42.212223,01:24:42.225035,01:24:42.244939,01:24:42.708360,01:24:42.230534,01:24:42.235369,01:24:42.235389,01:24:42.241252,01:24:42.207913,01:24:42.207997,01:24:42.198330
10,safe,01:24:47.225423,01:24:47.225423,01:24:47.225792,01:24:47.225792,01:24:47.227007,01:24:47.227007,01:24:47.229153,01:24:47.229153,01:24:47.238154,01:24:47.238175,01:24:47.251826,01:24:47.270527,01:24:47.737395,01:24:47.256923,01:24:47.261747,01:24:47.261766,01:24:47.266770,01:24:47.258438,01:24:47.258566,01:24:47.226496
10,safe,01:24:51.855964,01:24:51.855964,01:24:51.856347,01:24:51.856347,01:24:51.857491,01:24:51.857491,01:24:51.858925,01:24:51.858925,01:24:51.869174,01:24:51.869197,01:24:51.882745,01:24:51.901334,01:24:52.364133,01:24:51.887993,01:24:51.892977,01:24:51.892995,01:24:51.897633,01:24:51.866383,01:24:51.866472,01:24:51.857012
10,leak,01:24:56.650981,01:24:56.650981,01:24:56.651404,01:24:56.651404,01:24:56.652612,01:24:56.652612,01:24:56.653969,01:24:56.653969,01:24:56.663986,01:24:56.664010,01:24:56.677305,01:24:56.696541,01:24:57.160521,01:24:56.682657,01:24:56.687878,01:24:56.687896,01:24:56.692496,01:24:56.661546,01:24:56.661649,01:24:56.652107
10,leak,01:24:59.469044,01:24:59.469044,01:24:59.469562,01:24:59.469562,01:24:59.470887,01:24:59.470887,01:24:59.472554,01:24:59.472554,01:24:59.482092,01:24:59.482115,01:24:59.495669,01:24:59.514517,01:24:59.974978,01:24:59.500974,01:24:59.505600,01:24:59.505616,01:24:59.510334,01:24:59.479719,01:24:59.479843,01:24:59.470312
10,leak,01:25:02.967134,01:25:02.967134,01:25:02.967507,01:25:02.967507,01:25:02.968639,01:25:02.968639,01:25:02.970353,01:25:02.970353,01:25:02.980451,01:25:02.980476,01:25:02.993838,01:25:03.014442,01:25:03.474729,01:25:02.999201,01:25:03.004832,01:25:03.004856,01:25:03.010403,01:25:02.977927,01:25:02.978038,01:25:02.968103
10,leak,01:25:06.547280,01:25:06.547280,01:25:06.547676,01:25:06.547676,01:25:06.548970,01:25:06.548970,01:25:06.550342,01:25:06.550342,01:25:06.559972,01:25:06.559998,01:25:06.573264,01:25:06.592166,01:25:07.054097,01:25:06.578737,01:25:06.583697,01:25:06.583713,01:25:06.588505,01:25:06.557488,01:25:06.557571,01:25:06.548376
10,safe,01:25:09.968345,01:25:09.968345,01:25:09.968717,01:25:09.968717,01:25:09.970297,01:25:09.970297,01:25:09.971828,01:25:09.971828,01:25:09.981462,01:25:09.981485,01:25:09.995015,01:25:10.014929,01:25:10.475407,01:25:10.000544,01:25:10.005678,01:25:10.005695,01:25:10.010872,01:25:09.978671,01:25:09.978771,01:25:09.969384
10,safe,01:25:14.936588,01:25:14.936588,01:25:14.936977,01:25:14.936977,01:25:14.938163,01:25:14.938163,01:25:14.939532,01:25:14.939532,01:25:14.949452,01:25:14.949476,01:25:14.962627,01:25:14.981621,01:25:15.445426,01:25:14.968071,01:25:14.973002,01:25:14.973022,01:25:14.977651,01:25:14.947059,01:25:14.947157,01:25:14.937630
10,safe,01:25:19.935449,01:25:19.935449,01:25:19.935831,01:25:19.935831,01:25:19.936905,01:25:19.936905,01:25:19.938688,01:25:19.938688,01:25:19.948766,01:25:19.948787,01:25:19.961780,01:25:19.981846,01:25:20.446945,01:25:19.967339,01:25:19.972375,01:25:19.972397,01:25:19.977969,01:25:19.945711,01:25:19.945793,01:25:19.936426
10,safe,01:25:24.706876,01:25:24.706876,01:25:24.707243,01:25:24.707243,01:25:24.708408,01:25:24.708408,01:25:24.709839,01:25:24.709839,01:25:24.719789,01:25:24.719809,01:25:24.741059,01:25:24.759895,01:25:25.226516,01:25:24.746731,01:25:24.751548,01:25:24.751564,01:25:24.756250,01:25:24.717055,01:25:24.717140,01:25:24.707864
10,leak,01:25:29.542312,01:25:29.542312,01:25:29.542676,01:25:29.542676,01:25:29.543737,01:25:29.543737,01:25:29.545051,01:25:29.545051,01:25:29.554243,01:25:29.554267,01:25:29.568593,01:25:29.587867,01:25:30.052476,01:25:29.574127,01:25:29.579249,01:25:29.579269,01:25:29.584105,01:25:29.553297,01:25:29.553401,01:25:29.543263
10,safe,01:25:32.778509,01:25:32.778509,01:25:32.778832,01:25:32.778832,01:25:32.779891,01:25:32.779891,01:25:32.781269,01:25:32.781269,01:25:32.790678,01:25:32.790701,01:25:32.803892,01:25:32.823543,01:25:33.281511,01:25:32.809437,01:25:32.814969,01:25:32.814991,01:25:32.819906,01:25:32.789164,01:25:32.789246,01:25:32.779416
10,safe,01:25:37.737088,01:25:37.737088,01:25:37.737400,01:25:37.737400,01:25:37.738536,01:25:37.738536,01:25:37.739927,01:25:37.739927,01:25:37.749555,01:25:37.749579,01:25:37.763894,01:25:37.782701,01:25:38.246817,01:25:37.769131,01:25:37.773663,01:25:37.773678,01:25:37.778524,01:25:37.747621,01:25:37.747705,01:25:37.737977
10,safe,01:25:42.417704,01:25:42.417704,01:25:42.418122,01:25:42.418122,01:25:42.419276,01:25:42.419276,01:25:42.420666,01:25:42.420666,01:25:42.429700,01:25:42.429718,01:25:42.442873,01:25:42.461739,01:25:42.926985,01:25:42.448538,01:25:42.453223,01:25:42.453239,01:25:42.458053,01:25:42.428300,01:25:42.428388,01:25:42.418726
10,safe,01:25:47.135423,01:25:47.135423,01:25:47.135857,01:25:47.135857,01:25:47.137084,01:25:47.137084,01:25:47.138481,01:25:47.138481,01:25:47.147642,01:25:47.147665,01:25:47.160776,01:25:47.181351,01:25:47.644604,01:25:47.166488,01:25:47.172086,01:25:47.172109,01:25:47.177569,01:25:47.145805,01:25:47.145900,01:25:47.136516
10,leak,01:25:52.240092,01:25:52.240092,01:25:52.240440,01:25:52.240440,01:25:52.241725,01:25:52.241725,01:25:52.244302,01:25:52.244302,01:25:52.253793,01:25:52.253820,01:25:52.268152,01:25:52.287756,01:25:52.753067,01:25:52.273667,01:25:52.278828,01:25:52.278848,01:25:52.283961,01:25:52.262759,01:25:52.262866,01:25:52.241138
10,safe,01:25:55.625758,01:25:55.625758,01:25:55.626176,01:25:55.626176,01:25:55.627384,01:25:55.627384,01:25:55.628785,01:25:55.628785,01:25:55.638532,01:25:55.638556,01:25:55.651748,01:25:55.670917,01:25:56.133503,01:25:55.657246,01:25:55.662019,01:25:55.662035,01:25:55.666825,01:25:55.636230,01:25:55.636334,01:25:55.626822
10,safe,01:26:00.692199,01:26:00.692199,01:26:00.692592,01:26:00.692592,01:26:00.693798,01:26:00.693798,01:26:00.695927,01:26:00.695927,01:26:00.705882,01:26:00.705906,01:26:00.719002,01:26:00.739489,01:26:01.203855,01:26:00.725449,01:26:00.730650,01:26:00.730671,01:26:00.735674,01:26:00.726756,01:26:00.726881,01:26:00.693305
10,safe,01:26:05.616018,01:26:05.616018,01:26:05.616335,01:26:05.616335,01:26:05.617792,01:26:05.617792,01:26:05.619216,01:26:05.619216,01:26:05.628270,01:26:05.628290,01:26:05.641061,01:26:05.660891,01:26:06.124953,01:26:05.646672,01:26:05.651851,01:26:05.651871,01:26:05.656928,01:26:05.626531,01:26:05.626621,01:26:05.616921
10,safe,01:26:10.432714,01:26:10.432714,01:26:10.433130,01:26:10.433130,01:26:10.434474,01:26:10.434474,01:26:10.435902,01:26:10.435902,01:26:10.444953,01:26:10.444973,01:26:10.457997,01:26:10.477050,01:26:10.943224,01:26:10.463371,01:26:10.468258,01:26:10.468275,01:26:10.473198,01:26:10.443220,01:26:10.443333,01:26:10.433902
10,safe,01:26:15.363161,01:26:15.363161,01:26:15.363496,01:26:15.363496,01:26:15.364960,01:26:15.364960,01:26:15.366382,01:26:15.366382,01:26:15.375488,01:26:15.375510,01:26:15.388800,01:26:15.407845,01:26:15.872391,01:26:15.394034,01:26:15.398905,01:26:15.398923,01:26:15.404021,01:26:15.373648,01:26:15.373771,01:26:15.364342
10,leak,01:26:20.576007,01:26:20.576007,01:26:20.576428,01:26:20.576428,01:26:20.577736,01:26:20.577736,01:26:20.579910,01:26:20.579910,01:26:20.589172,01:26:20.589194,01:26:20.611826,01:26:20.632189,01:26:21.097600,01:26:20.617662,01:26:20.622819,01:26:20.622842,01:26:20.628376,01:26:20.587271,01:26:20.587385,01:26:20.577226
10,safe,01:26:24.042532,01:26:24.042532,01:26:24.042868,01:26:24.042868,01:26:24.044004,01:26:24.044004,01:26:24.045418,01:26:24.045418,01:26:24.057585,01:26:24.057611,01:26:24.072093,01:26:24.091561,01:26:24.553959,01:26:24.077408,01:26:24.082310,01:26:24.082333,01:26:24.087496,01:26:24.053212,01:26:24.053311,01:26:24.043445
10,leak,01:26:28.739045,01:26:28.739045,01:26:28.739417,01:26:28.739417,01:26:28.740620,01:26:28.740620,01:26:28.742005,01:26:28.742005,01:26:28.751958,01:26:28.751986,01:26:28.765180,01:26:28.784092,01:26:29.253149,01:26:28.770374,01:26:28.775115,01:26:28.775133,01:26:28.780123,01:26:28.749538,01:26:28.749639,01:26:28.740048
10,safe,01:26:32.281792,01:26:32.281792,01:26:32.282194,01:26:32.282194,01:26:32.283469,01:26:32.283469,01:26:32.284820,01:26:32.284820,01:26:32.302134,01:26:32.302162,01:26:32.316183,01:26:32.334639,01:26:32.796543,01:26:32.321581,01:26:32.326100,01:26:32.326131,01:26:32.330953,01:26:32.292171,01:26:32.292263,01:26:32.282847
10,safe,01:26:37.404480,01:26:37.404480,01:26:37.404883,01:26:37.404883,01:26:37.406039,01:26:37.406039,01:26:37.408029,01:26:37.408029,01:26:37.417621,01:26:37.417645,01:26:37.430592,01:26:37.450620,01:26:37.916019,01:26:37.436215,01:26:37.441567,01:26:37.441588,01:26:37.446530,01:26:37.434967,01:26:37.435105,01:26:37.405540
10,leak,01:26:42.489370,01:26:42.489370,01:26:42.489690,01:26:42.489690,01:26:42.490774,01:26:42.490774,01:26:42.492970,01:26:42.492970,01:26:42.501979,01:26:42.502003,01:26:42.514872,01:26:42.533834,01:26:42.998488,01:26:42.520477,01:26:42.525263,01:26:42.525281,01:26:42.530120,01:26:42.522778,01:26:42.522893,01:26:42.490239
10,safe,01:26:46.057084,01:26:46.057084,01:26:46.057526,01:26:46.057526,01:26:46.058841,01:26:46.058841,01:26:46.060315,01:26:46.060315,01:26:46.069346,01:26:46.069368,01:26:46.082519,01:26:46.103578,01:26:46.565562,01:26:46.088078,01:26:46.093627,01:26:46.093652,01:26:46.099294,01:26:46.067655,01:26:46.067755,01:26:46.058234
10,leak,01:26:51.041704,01:26:51.041704,01:26:51.042031,01:26:51.042031,01:26:51.043489,01:26:51.043489,01:26:51.045090,01:26:51.045090,01:26:51.054150,01:26:51.054170,01:26:51.067361,01:26:51.086636,01:26:51.552677,01:26:51.072590,01:26:51.077603,01:26:51.077622,01:26:51.082381,01:26:51.052381,01:26:51.052512,01:26:51.042702
10,safe,01:26:54.316434,01:26:54.316434,01:26:54.316845,01:26:54.316845,01:26:54.317958,01:26:54.317958,01:26:54.319265,01:26:54.319265,01:26:54.328319,01:26:54.328379,01:26:54.341151,01:26:54.360258,01:26:54.823714,01:26:54.346551,01:26:54.351342,01:26:54.351367,01:26:54.356357,01:26:54.326653,01:26:54.326738,01:26:54.317480
10,safe,01:26:59.523194,01:26:59.523194,01:26:59.523587,01:26:59.523587,01:26:59.524825,01:26:59.524825,01:26:59.526885,01:26:59.526885,01:26:59.536087,01:26:59.536111,01:26:59.549309,01:26:59.569561,01:27:00.034428,01:26:59.554925,01:26:59.560674,01:26:59.560697,01:26:59.565527,01:26:59.558296,01:26:59.558423,01:26:59.524287
10,safe,01:27:04.532377,01:27:04.532377,01:27:04.532754,01:27:04.532754,01:27:04.534036,01:27:04.534036,01:27:04.536288,01:27:04.536288,01:27:04.545358,01:27:04.545377,01:27:04.558139,01:27:04.577038,01:27:05.043183,01:27:04.563397,01:27:04.568032,01:27:04.568050,01:27:04.573292,01:27:04.543780,01:27:04.543879,01:27:04.533472
10,safe,01:27:09.335835,01:27:09.335835,01:27:09.336427,01:27:09.336427,01:27:09.337927,01:27:09.337927,01:27:09.339605,01:27:09.339605,01:27:09.356879,01:27:09.356932,01:27:09.376505,01:27:09.403415,01:27:09.872555,01:27:09.384716,01:27:09.391480,01:27:09.391513,01:27:09.398610,01:27:09.346799,01:27:09.346979,01:27:09.337324
10,safe,01:27:14.396728,01:27:14.396728,01:27:14.397113,01:27:14.397113,01:27:14.398288,01:27:14.398288,01:27:14.400797,01:27:14.400797,01:27:14.410539,01:27:14.410566,01:27:14.423951,01:27:14.454743,01:27:14.919187,01:27:14.438821,01:27:14.444837,01:27:14.444861,01:27:14.450640,01:27:14.426951,01:27:14.427075,01:27:14.397809
10,safe,01:27:19.519964,01:27:19.519964,01:27:19.520443,01:27:19.520443,01:27:19.521741,01:27:19.521741,01:27:19.523952,01:27:19.523952,01:27:19.533856,01:27:19.533884,01:27:19.548260,01:27:19.568039,01:27:20.034201,01:27:19.553796,01:27:19.558993,01:27:19.559016,01:27:19.564011,01:27:19.531082,01:27:19.531191,01:27:19.521157
10,leak,01:27:24.622589,01:27:24.622589,01:27:24.622947,01:27:24.622947,01:27:24.624176,01:27:24.624176,01:27:24.626337,01:27:24.626337,01:27:24.637082,01:27:24.637113,01:27:24.650911,01:27:24.670387,01:27:25.136312,01:27:24.656643,01:27:24.661630,01:27:24.661646,01:27:24.666507,01:27:24.654731,01:27:24.654854,01:27:24.623626
10,safe,01:27:28.044429,01:27:28.044429,01:27:28.044753,01:27:28.044753,01:27:28.045817,01:27:28.045817,01:27:28.047183,01:27:28.047183,01:27:28.056377,01:27:28.056400,01:27:28.069325,01:27:28.088370,01:27:28.550054,01:27:28.074673,01:27:28.079536,01:27:28.079553,01:27:28.084254,01:27:28.055067,01:27:28.055162,01:27:28.045330
10,safe,01:27:33.246168,01:27:33.246168,01:27:33.246602,01:27:33.246602,01:27:33.247857,01:27:33.247857,01:27:33.249850,01:27:33.249850,01:27:33.259702,01:27:33.259725,01:27:33.273544,01:27:33.292763,01:27:33.754878,01:27:33.279220,01:27:33.284228,01:27:33.284248,01:27:33.288893,01:27:33.273175,01:27:33.273295,01:27:33.247337
20,safe,01:27:38.250795,01:27:38.250795,01:27:38.251208,01:27:38.251208,01:27:38.252370,01:27:38.252370,01:27:38.254620,01:27:38.254620,01:27:38.264232,01:27:38.264255,01:27:38.277733,01:27:38.296154,01:27:38.760874,01:27:38.282989,01:27:38.287794,01:27:38.287810,01:27:38.292523,01:27:38.271362,01:27:38.271505,01:27:38.251826
20,safe,01:27:43.360400,01:27:43.360400,01:27:43.360823,01:27:43.360823,01:27:43.362042,01:27:43.362042,01:27:43.364118,01:27:43.364118,01:27:43.373341,01:27:43.373359,01:27:43.386862,01:27:43.407301,01:27:44.324545,01:27:43.392478,01:27:43.397956,01:27:43.397992,01:27:43.403194,01:27:43.402932,01:27:43.403032,01:27:43.361520
20,leak,01:27:45.986249,01:27:45.986249,01:27:45.986651,01:27:45.986651,01:27:45.987709,01:27:45.987709,01:27:45.989082,01:27:45.989082,01:27:45.999164,01:27:45.999187,01:27:46.012692,01:27:46.031573,01:27:46.467126,01:27:46.018211,01:27:46.023132,01:27:46.023152,01:27:46.027947,01:27:46.006996,01:27:46.007105,01:27:45.987233
20,safe,01:27:49.440775,01:27:49.440775,01:27:49.441570,01:27:49.441570,01:27:49.443665,01:27:49.443665,01:27:49.445727,01:27:49.445727,01:27:49.455943,01:27:49.455988,01:27:49.472090,01:27:49.492813,01:27:49.954419,01:27:49.478287,01:27:49.483504,01:27:49.483526,01:27:49.488920,01:27:49.460984,01:27:49.461128,01:27:49.442691
20,safe,01:27:54.444754,01:27:54.444754,01:27:54.445072,01:27:54.445072,01:27:54.446166,01:27:54.446166,01:27:54.448240,01:27:54.448240,01:27:54.457920,01:27:54.457943,01:27:54.470824,01:27:54.490130,01:27:54.954911,01:27:54.476344,01:27:54.481412,01:27:54.481432,01:27:54.486313,01:27:54.480250,01:27:54.480401,01:27:54.445663
20,leak,01:27:59.158219,01:27:59.158219,01:27:59.158587,01:27:59.158587,01:27:59.159699,01:27:59.159699,01:27:59.161461,01:27:59.161461,01:27:59.173775,01:27:59.173814,01:27:59.188564,01:27:59.210130,01:27:59.687748,01:27:59.194579,01:27:59.200058,01:27:59.200076,01:27:59.205583,01:27:59.179095,01:27:59.179218,01:27:59.159216
20,safe,01:28:02.640803,01:28:02.640803,01:28:02.641221,01:28:02.641221,01:28:02.642581,01:28:02.642581,01:28:02.644426,01:28:02.644426,01:28:02.655871,01:28:02.655893,01:28:02.668987,01:28:02.687639,01:28:03.151244,01:28:02.674419,01:28:02.679249,01:28:02.679266,01:28:02.683973,01:28:02.661698,01:28:02.661814,01:28:02.641921
20,safe,01:28:07.682536,01:28:07.682536,01:28:07.682939,01:28:07.682939,01:28:07.684026,01:28:07.684026,01:28:07.686330,01:28:07.686330,01:28:07.698747,01:28:07.698766,01:28:07.721426,01:28:07.741018,01:28:08.208100,01:28:07.727156,01:28:07.732385,01:28:07.732406,01:28:07.737209,01:28:07.718148,01:28:07.718275,01:28:07.683505
20,safe,01:28:12.721075,01:28:12.721075,01:28:12.721462,01:28:12.721462,01:28:12.722802,01:28:12.722802,01:28:12.725202,01:28:12.725202,01:28:12.734601,01:28:12.734619,01:28:12.748477,01:28:12.768190,01:28:13.233847,01:28:12.753985,01:28:12.758959,01:28:12.758976,01:28:12.763792,01:28:12.757286,01:28:12.757411,01:28:12.722192
20,safe,01:28:17.923146,01:28:17.923146,01:28:17.923564,01:28:17.923564,01:28:17.924759,01:28:17.924759,01:28:17.926849,01:28:17.926849,01:28:17.936018,01:28:17.936040,01:28:17.950160,01:28:17.970201,01:28:18.439914,01:28:17.955796,01:28:17.961154,01:28:17.961175,01:28:17.966100,01:28:17.955363,01:28:17.955511,01:28:17.924191
20,leak,01:28:23.056849,01:28:23.056849,01:28:23.057179,01:28:23.057179,01:28:23.058337,01:28:23.058337,01:28:23.060358,01:28:23.060358,01:28:23.069548,01:28:23.069566,01:28:23.083689,01:28:23.102277,01:28:23.567524,01:28:23.089180,01:28:23.093885,01:28:23.093901,01:28:23.098588,01:28:23.077950,01:28:23.078049,01:28:23.057777
20,safe,01:28:26.420829,01:28:26.420829,01:28:26.421201,01:28:26.421201,01:28:26.422562,01:28:26.422562,01:28:26.423987,01:28:26.423987,01:28:26.433914,01:28:26.433933,01:28:26.446831,01:28:26.465648,01:28:26.929944,01:28:26.452078,01:28:26.456730,01:28:26.456746,01:28:26.461904,01:28:26.441488,01:28:26.441609,01:28:26.421943
20,leak,01:28:31.425656,01:28:31.425656,01:28:31.426033,01:28:31.426033,01:28:31.427288,01:28:31.427288,01:28:31.429572,01:28:31.429572,01:28:31.438807,01:28:31.438832,01:28:31.453559,01:28:31.473996,01:28:31.942356,01:28:31.459268,01:28:31.464442,01:28:31.464460,01:28:31.469973,01:28:31.468887,01:28:31.469030,01:28:31.426691
20,leak,01:28:34.905730,01:28:34.905730,01:28:34.906139,01:28:34.906139,01:28:34.907316,01:28:34.907316,01:28:34.908670,01:28:34.908670,01:28:34.918365,01:28:34.918390,01:28:34.932066,01:28:34.951571,01:28:35.415491,01:28:34.937419,01:28:34.942654,01:28:34.942678,01:28:34.947711,01:28:34.927122,01:28:34.927228,01:28:34.906763
20,leak,01:28:38.362055,01:28:38.362055,01:28:38.362380,01:28:38.362380,01:28:38.363519,01:28:38.363519,01:28:38.365221,01:28:38.365221,01:28:38.374276,01:28:38.374294,01:28:38.387981,01:28:38.407601,01:28:38.869197,01:28:38.393670,01:28:38.398949,01:28:38.398969,01:28:38.403761,01:28:38.382919,01:28:38.383016,01:28:38.363012
20,safe,01:28:41.698423,01:28:41.698423,01:28:41.698743,01:28:41.698743,01:28:41.699856,01:28:41.699856,01:28:41.701281,01:28:41.701281,01:28:41.710394,01:28:41.710417,01:28:41.723993,01:28:41.743478,01:28:42.207855,01:28:41.729417,01:28:41.734514,01:28:41.734537,01:28:41.739328,01:28:41.719213,01:28:41.719311,01:28:41.699322
20,safe,01:28:46.560818,01:28:46.560818,01:28:46.561320,01:28:46.561320,01:28:46.562551,01:28:46.562551,01:28:46.563926,01:28:46.563926,01:28:46.573073,01:28:46.573091,01:28:46.586251,01:28:46.605150,01:28:47.069590,01:28:46.591657,01:28:46.596572,01:28:46.596588,01:28:46.601316,01:28:46.581336,01:28:46.581442,01:28:46.562007
20,safe,01:28:51.977752,01:28:51.977752,01:28:51.978119,01:28:51.978119,01:28:51.979289,01:28:51.979289,01:28:51.981513,01:28:51.981513,01:28:51.990585,01:28:51.990608,01:28:52.004933,01:28:52.024589,01:28:52.490911,01:28:52.010375,01:28:52.015507,01:28:52.015526,01:28:52.020227,01:28:51.998994,01:28:51.999114,01:28:51.978742
20,safe,01:28:56.988550,01:28:56.988550,01:28:56.988963,01:28:56.988963,01:28:56.990190,01:28:56.990190,01:28:56.992510,01:28:56.992510,01:28:57.001625,01:28:57.001648,01:28:57.015165,01:28:57.035178,01:28:57.498981,01:28:57.020877,01:28:57.026321,01:28:57.026343,01:28:57.031361,01:28:57.023253,01:28:57.023372,01:28:56.989645
20,safe,01:29:02.270198,01:29:02.270198,01:29:02.270609,01:29:02.270609,01:29:02.271877,01:29:02.271877,01:29:02.274086,01:29:02.274086,01:29:02.284014,01:29:02.284037,01:29:02.305731,01:29:02.325701,01:29:02.792381,01:29:02.311304,01:29:02.316529,01:29:02.316553,01:29:02.321743,01:29:02.312131,01:29:02.312272,01:29:02.271332
20,safe,01:29:07.012371,01:29:07.012371,01:29:07.012817,01:29:07.012817,01:29:07.014174,01:29:07.014174,01:29:07.015577,01:29:07.015577,01:29:07.025500,01:29:07.025520,01:29:07.039563,01:29:07.058214,01:29:07.522761,01:29:07.045100,01:29:07.049823,01:29:07.049841,01:29:07.054527,01:29:07.032927,01:29:07.033030,01:29:07.013618
20,safe,01:29:11.713785,01:29:11.713785,01:29:11.714200,01:29:11.714200,01:29:11.715448,01:29:11.715448,01:29:11.717046,01:29:11.717046,01:29:11.727334,01:29:11.727363,01:29:11.742260,01:29:11.762497,01:29:12.235169,01:29:11.747892,01:29:11.753161,01:29:11.753183,01:29:11.758449,01:29:11.734465,01:29:11.734584,01:29:11.714919
20,safe,01:29:16.821037,01:29:16.821037,01:29:16.821365,01:29:16.821365,01:29:16.822443,01:29:16.822443,01:29:16.824485,01:29:16.824485,01:29:16.834094,01:29:16.834115,01:29:16.849022,01:29:16.870131,01:29:17.335239,01:29:16.856247,01:29:16.861177,01:29:16.861195,01:29:16.865922,01:29:16.853058,01:29:16.853170,01:29:16.821937
20,safe,01:29:21.846791,01:29:21.846791,01:29:21.847114,01:29:21.847114,01:29:21.848204,01:29:21.848204,01:29:21.850334,01:29:21.850334,01:29:21.860183,01:29:21.860206,01:29:21.874532,01:29:21.894558,01:29:22.359366,01:29:21.880230,01:29:21.885408,01:29:21.885423,01:29:21.890583,01:29:21.884736,01:29:21.884858,01:29:21.847674
20,safe,01:29:26.897744,01:29:26.897744,01:29:26.898142,01:29:26.898142,01:29:26.899316,01:29:26.899316,01:29:26.901892,01:29:26.901892,01:29:26.910984,01:29:26.911007,01:29:26.924445,01:29:26.942823,01:29:27.408831,01:29:26.929712,01:29:26.934327,01:29:26.934343,01:29:26.939078,01:29:26.918674,01:29:26.918788,01:29:26.898786
20,safe,01:29:31.987632,01:29:31.987632,01:29:31.987953,01:29:31.987953,01:29:31.989114,01:29:31.989114,01:29:31.991265,01:29:31.991265,01:29:32.000431,01:29:32.000454,01:29:32.014141,01:29:32.034129,01:29:32.499612,01:29:32.019523,01:29:32.024610,01:29:32.024632,01:29:32.030230,01:29:32.008885,01:29:32.009024,01:29:31.988518
20,safe,01:29:37.001413,01:29:37.001413,01:29:37.001808,01:29:37.001808,01:29:37.003072,01:29:37.003072,01:29:37.005451,01:29:37.005451,01:29:37.014734,01:29:37.014758,01:29:37.027603,01:29:37.046439,01:29:37.955496,01:29:37.033048,01:29:37.037971,01:29:37.037989,01:29:37.042712,01:29:37.045316,01:29:37.045448,01:29:37.002468
20,safe,01:29:39.618884,01:29:39.618884,01:29:39.619277,01:29:39.619277,01:29:39.620415,01:29:39.620415,01:29:39.621758,01:29:39.621758,01:29:39.630876,01:29:39.630903,01:29:39.644734,01:29:39.665361,01:29:40.100699,01:29:39.650592,01:29:39.655830,01:29:39.655846,01:29:39.660979,01:29:39.639770,01:29:39.639884,01:29:39.619923
20,safe,01:29:44.562023,01:29:44.562023,01:29:44.562348,01:29:44.562348,01:29:44.563544,01:29:44.563544,01:29:44.565019,01:29:44.565019,01:29:44.575442,01:29:44.575467,01:29:44.588590,01:29:44.607797,01:29:45.073261,01:29:44.593907,01:29:44.598905,01:29:44.598923,01:29:44.603881,01:29:44.582972,01:29:44.583091,01:29:44.562942
20,safe,01:29:49.654961,01:29:49.654961,01:29:49.655339,01:29:49.655339,01:29:49.656539,01:29:49.656539,01:29:49.658777,01:29:49.658777,01:29:49.668061,01:29:49.668081,01:29:49.681012,01:29:49.701160,01:29:50.612884,01:29:49.686540,01:29:49.691611,01:29:49.691636,01:29:49.697061,01:29:49.697840,01:29:49.697946,01:29:49.655976
20,safe,01:29:52.285897,01:29:52.285897,01:29:52.286324,01:29:52.286324,01:29:52.287521,01:29:52.287521,01:29:52.288815,01:29:52.288815,01:29:52.301096,01:29:52.301118,01:29:52.313923,01:29:52.332849,01:29:52.767935,01:29:52.319473,01:29:52.324126,01:29:52.324143,01:29:52.329212,01:29:52.306205,01:29:52.306290,01:29:52.287025
20,safe,01:29:57.384501,01:29:57.384501,01:29:57.384920,01:29:57.384920,01:29:57.386171,01:29:57.386171,01:29:57.388174,01:29:57.388174,01:29:57.397363,01:29:57.397386,01:29:57.419693,01:29:57.440081,01:29:57.909489,01:29:57.425330,01:29:57.430365,01:29:57.430385,01:29:57.435758,01:29:57.429354,01:29:57.429505,01:29:57.385631
20,safe,01:30:02.224631,01:30:02.224631,01:30:02.225009,01:30:02.225009,01:30:02.226197,01:30:02.226197,01:30:02.227607,01:30:02.227607,01:30:02.236782,01:30:02.236806,01:30:02.251945,01:30:02.270708,01:30:02.735200,01:30:02.257429,01:30:02.262106,01:30:02.262122,01:30:02.266948,01:30:02.245546,01:30:02.245645,01:30:02.225618
20,safe,01:30:07.200950,01:30:07.200950,01:30:07.201264,01:30:07.201264,01:30:07.202391,01:30:07.202391,01:30:07.203846,01:30:07.203846,01:30:07.213288,01:30:07.213310,01:30:07.227857,01:30:07.247408,01:30:07.711081,01:30:07.233485,01:30:07.238313,01:30:07.238329,01:30:07.243106,01:30:07.222416,01:30:07.222521,01:30:07.201836
20,leak,01:30:12.245463,01:30:12.245463,01:30:12.245878,01:30:12.245878,01:30:12.246949,01:30:12.246949,01:30:12.249077,01:30:12.249077,01:30:12.258483,01:30:12.258502,01:30:12.271950,01:30:12.292155,01:30:12.756891,01:30:12.277413,01:30:12.282634,01:30:12.282655,01:30:12.287837,01:30:12.276684,01:30:12.276823,01:30:12.246461
20,leak,01:30:15.602137,01:30:15.602137,01:30:15.602505,01:30:15.602505,01:30:15.603608,01:30:15.603608,01:30:15.604982,01:30:15.604982,01:30:15.613968,01:30:15.613987,01:30:15.627049,01:30:15.646318,01:30:16.109044,01:30:15.632899,01:30:15.637904,01:30:15.637922,01:30:15.642552,01:30:15.622490,01:30:15.622590,01:30:15.603070
20,safe,01:30:18.965937,01:30:18.965937,01:30:18.966429,01:30:18.966429,01:30:18.967731,01:30:18.967731,01:30:18.969413,01:30:18.969413,01:30:18.979190,01:30:18.979243,01:30:18.993930,01:30:19.013141,01:30:19.478980,01:30:18.999098,01:30:19.004228,01:30:19.004251,01:30:19.009282,01:30:18.986430,01:30:18.986522,01:30:18.967103
20,safe,01:30:23.963314,01:30:23.963314,01:30:23.963735,01:30:23.963735,01:30:23.965308,01:30:23.965308,01:30:23.966844,01:30:23.966844,01:30:23.976071,01:30:23.976093,01:30:23.990423,01:30:24.008888,01:30:24.473153,01:30:23.995819,01:30:24.000352,01:30:24.000367,01:30:24.005225,01:30:23.983918,01:30:23.984008,01:30:23.964397
20,leak,01:30:29.072714,01:30:29.072714,01:30:29.073050,01:30:29.073050,01:30:29.074265,01:30:29.074265,01:30:29.076600,01:30:29.076600,01:30:29.086150,01:30:29.086176,01:30:29.099803,01:30:29.118893,01:30:29.589843,01:30:29.105271,01:30:29.110269,01:30:29.110286,01:30:29.115088,01:30:29.105435,01:30:29.105547,01:30:29.073742
20,safe,01:30:32.569740,01:30:32.569740,01:30:32.570100,01:30:32.570100,01:30:32.571297,01:30:32.571297,01:30:32.572992,01:30:32.572992,01:30:32.582512,01:30:32.582538,01:30:32.597748,01:30:32.618122,01:30:33.080908,01:30:32.604475,01:30:32.609297,01:30:32.609319,01:30:32.614123,01:30:32.590600,01:30:32.590711,01:30:32.570730
20,safe,01:30:37.787349,01:30:37.787349,01:30:37.787677,01:30:37.787677,01:30:37.788718,01:30:37.788718,01:30:37.790800,01:30:37.790800,01:30:37.801166,01:30:37.801188,01:30:37.814069,01:30:37.833607,01:30:38.742339,01:30:37.819584,01:30:37.824864,01:30:37.824889,01:30:37.829856,01:30:37.830723,01:30:37.830828,01:30:37.788244
20,safe,01:30:40.413618,01:30:40.413618,01:30:40.414041,01:30:40.414041,01:30:40.415285,01:30:40.415285,01:30:40.416715,01:30:40.416715,01:30:40.426564,01:30:40.426588,01:30:40.440593,01:30:40.460523,01:30:40.896312,01:30:40.446103,01:30:40.451375,01:30:40.451392,01:30:40.456383,01:30:40.434232,01:30:40.434345,01:30:40.414702
20,safe,01:30:45.479034,01:30:45.479034,01:30:45.479442,01:30:45.479442,01:30:45.480605,01:30:45.480605,01:30:45.482915,01:30:45.482915,01:30:45.491997,01:30:45.492018,01:30:45.505399,01:30:45.524949,01:30:45.989018,01:30:45.510597,01:30:45.515942,01:30:45.515964,01:30:45.520807,01:30:45.513012,01:30:45.513154,01:30:45.480071
20,safe,01:30:50.448498,01:30:50.448498,01:30:50.448831,01:30:50.448831,01:30:50.449986,01:30:50.449986,01:30:50.451419,01:30:50.451419,01:30:50.460669,01:30:50.460692,01:30:50.485075,01:30:50.504970,01:30:50.970081,01:30:50.491233,01:30:50.495961,01:30:50.495980,01:30:50.501220,01:30:50.469148,01:30:50.469277,01:30:50.449409
20,safe,01:30:55.429978,01:30:55.429978,01:30:55.430319,01:30:55.430319,01:30:55.431543,01:30:55.431543,01:30:55.432914,01:30:55.432914,01:30:55.442316,01:30:55.442338,01:30:55.456309,01:30:55.474976,01:30:55.939271,01:30:55.461809,01:30:55.466779,01:30:55.466796,01:30:55.471328,01:30:55.450665,01:30:55.450764,01:30:55.430965
20,leak,01:31:00.562078,01:31:00.562078,01:31:00.562470,01:31:00.562470,01:31:00.563848,01:31:00.563848,01:31:00.566166,01:31:00.566166,01:31:00.575959,01:31:00.575982,01:31:00.589487,01:31:00.608436,01:31:01.073575,01:31:00.594982,01:31:00.600025,01:31:00.600043,01:31:00.604615,01:31:00.595918,01:31:00.596035,01:31:00.563111
20,leak,01:31:03.958482,01:31:03.958482,01:31:03.958902,01:31:03.958902,01:31:03.960143,01:31:03.960143,01:31:03.961643,01:31:03.961643,01:31:03.971566,01:31:03.971588,01:31:03.985165,01:31:04.003897,01:31:04.464482,01:31:03.990720,01:31:03.995569,01:31:03.995587,01:31:04.000157,01:31:03.979189,01:31:03.979282,01:31:03.959581
20,leak,01:31:07.208978,01:31:07.208978,01:31:07.209438,01:31:07.209438,01:31:07.210672,01:31:07.210672,01:31:07.212499,01:31:07.212499,01:31:07.221984,01:31:07.222003,01:31:07.235469,01:31:07.254351,01:31:07.716723,01:31:07.240878,01:31:07.245747,01:31:07.245764,01:31:07.250355,01:31:07.229712,01:31:07.229805,01:31:07.210111
20,safe,01:31:10.537378,01:31:10.537378,01:31:10.537770,01:31:10.537770,01:31:10.538955,01:31:10.538955,01:31:10.540474,01:31:10.540474,01:31:10.549610,01:31:10.549630,01:31:10.563175,01:31:10.582662,01:31:11.045524,01:31:10.568600,01:31:10.573855,01:31:10.573870,01:31:10.578784,01:31:10.557987,01:31:10.558088,01:31:10.538408
20,safe,01:31:15.476567,01:31:15.476567,01:31:15.476881,01:31:15.476881,01:31:15.478036,01:31:15.478036,01:31:15.479526,01:31:15.479526,01:31:15.488712,01:31:15.488733,01:31:15.502189,01:31:15.521391,01:31:15.986565,01:31:15.507874,01:31:15.512729,01:31:15.512744,01:31:15.517622,01:31:15.497069,01:31:15.497192,01:31:15.477476
20,safe,01:31:20.680509,01:31:20.680509,01:31:20.680871,01:31:20.680871,01:31:20.681993,01:31:20.681993,01:31:20.683992,01:31:20.683992,01:31:20.693918,01:31:20.693939,01:31:20.707920,01:31:20.727705,01:31:21.636936,01:31:20.713539,01:31:20.718643,01:31:20.718664,01:31:20.723795,01:31:20.726457,01:31:20.726568,01:31:20.681508
20,leak,01:31:23.311336,01:31:23.311336,01:31:23.311716,01:31:23.311716,01:31:23.312908,01:31:23.312908,01:31:23.314472,01:31:23.314472,01:31:23.324308,01:31:23.324330,01:31:23.337709,01:31:23.356876,01:31:23.793658,01:31:23.343382,01:31:23.348155,01:31:23.348172,01:31:23.352909,01:31:23.332147,01:31:23.332245,01:31:23.312342
20,leak,01:31:26.853369,01:31:26.853369,01:31:26.853799,01:31:26.853799,01:31:26.855021,01:31:26.855021,01:31:26.856448,01:31:26.856448,01:31:26.865628,01:31:26.865650,01:31:26.879414,01:31:26.897934,01:31:27.360724,01:31:26.884656,01:31:26.889270,01:31:26.889286,01:31:26.894198,01:31:26.874048,01:31:26.874144,01:31:26.854445
20,safe,01:31:30.199658,01:31:30.199658,01:31:30.199976,01:31:30.199976,01:31:30.201047,01:31:30.201047,01:31:30.202462,01:31:30.202462,01:31:30.214002,01:31:30.214022,01:31:30.227539,01:31:30.247293,01:31:30.710742,01:31:30.232998,01:31:30.238114,01:31:30.238139,01:31:30.243297,01:31:30.220281,01:31:30.220387,01:31:30.200567
20,safe,01:31:35.116872,01:31:35.116872,01:31:35.117259,01:31:35.117259,01:31:35.118361,01:31:35.118361,01:31:35.119855,01:31:35.119855,01:31:35.129666,01:31:35.129688,01:31:35.143464,01:31:35.162720,01:31:35.625227,01:31:35.149009,01:31:35.153741,01:31:35.153757,01:31:35.158877,01:31:35.138655,01:31:35.138789,01:31:35.117804
20,safe,01:31:40.175204,01:31:40.175204,01:31:40.175563,01:31:40.175563,01:31:40.176785,01:31:40.176785,01:31:40.178928,01:31:40.178928,01:31:40.188781,01:31:40.188803,01:31:40.211622,01:31:40.231437,01:31:40.695639,01:31:40.217001,01:31:40.222139,01:31:40.222162,01:31:40.227504,01:31:40.196656,01:31:40.196804,01:31:40.176224
20,safe,01:31:45.211696,01:31:45.211696,01:31:45.212108,01:31:45.212108,01:31:45.213279,01:31:45.213279,01:31:45.215936,01:31:45.215936,01:31:45.225511,01:31:45.225534,01:31:45.238984,01:31:45.257676,01:31:45.722686,01:31:45.244501,01:31:45.249304,01:31:45.249321,01:31:45.253975,01:31:45.243686,01:31:45.243807,01:31:45.212785
20,safe,01:31:50.108527,01:31:50.108527,01:31:50.108856,01:31:50.108856,01:31:50.109940,01:31:50.109940,01:31:50.111433,01:31:50.111433,01:31:50.120779,01:31:50.120797,01:31:50.135123,01:31:50.156304,01:31:50.621183,01:31:50.141160,01:31:50.146460,01:31:50.146478,01:31:50.151859,01:31:50.129311,01:31:50.129414,01:31:50.109460
20,safe,01:31:55.204531,01:31:55.204531,01:31:55.204855,01:31:55.204855,01:31:55.205920,01:31:55.205920,01:31:55.207880,01:31:55.207880,01:31:55.216910,01:31:55.216931,01:31:55.230725,01:31:55.249971,01:31:55.715195,01:31:55.236346,01:31:55.241367,01:31:55.241385,01:31:55.246286,01:31:55.236172,01:31:55.236295,01:31:55.205425
20,leak,01:32:00.154224,01:32:00.154224,01:32:00.154596,01:32:00.154596,01:32:00.155757,01:32:00.155757,01:32:00.157135,01:32:00.157135,01:32:00.166379,01:32:00.166401,01:32:00.180107,01:32:00.198920,01:32:00.663778,01:32:00.185596,01:32:00.190125,01:32:00.190140,01:32:00.194915,01:32:00.175056,01:32:00.175163,01:32:00.155272
20,leak,01:32:03.540960,01:32:03.540960,01:32:03.541381,01:32:03.541381,01:32:03.542570,01:32:03.542570,01:32:03.543999,01:32:03.543999,01:32:03.553173,01:32:03.553191,01:32:03.566487,01:32:03.585676,01:32:04.046826,01:32:03.571745,01:32:03.576559,01:32:03.576579,01:32:03.581378,01:32:03.561607,01:32:03.561712,01:32:03.542014
20,safe,01:32:07.187431,01:32:07.187431,01:32:07.187814,01:32:07.187814,01:32:07.189019,01:32:07.189019,01:32:07.190546,01:32:07.190546,01:32:07.199675,01:32:07.199697,01:32:07.213841,01:32:07.232114,01:32:07.696112,01:32:07.219145,01:32:07.223696,01:32:07.223713,01:32:07.228423,01:32:07.208190,01:32:07.208295,01:32:07.188471
20,safe,01:32:12.278523,01:32:12.278523,01:32:12.278905,01:32:12.278905,01:32:12.280077,01:32:12.280077,01:32:12.282075,01:32:12.282075,01:32:12.291619,01:32:12.291638,01:32:12.304784,01:32:12.324398,01:32:13.233268,01:32:12.310415,01:32:12.315617,01:32:12.315633,01:32:12.320478,01:32:12.324620,01:32:12.324751,01:32:12.279562
20,safe,01:32:15.065751,01:32:15.065751,01:32:15.066192,01:32:15.066192,01:32:15.067340,01:32:15.067340,01:32:15.068736,01:32:15.068736,01:32:15.077905,01:32:15.077924,01:32:15.090766,01:32:15.110042,01:32:15.545927,01:32:15.096393,01:32:15.101535,01:32:15.101556,01:32:15.106138,01:32:15.086246,01:32:15.086370,01:32:15.066808
20,safe,01:32:19.748265,01:32:19.748265,01:32:19.748652,01:32:19.748652,01:32:19.750033,01:32:19.750033,01:32:19.751547,01:32:19.751547,01:32:19.760735,01:32:19.760759,01:32:19.774644,01:32:19.793797,01:32:20.257599,01:32:19.779998,01:32:19.784670,01:32:19.784690,01:32:19.789980,01:32:19.768900,01:32:19.769014,01:32:19.749348
20,leak,01:32:24.827200,01:32:24.827200,01:32:24.827582,01:32:24.827582,01:32:24.829009,01:32:24.829009,01:32:24.831321,01:32:24.831321,01:32:24.841150,01:32:24.841173,01:32:24.855283,01:32:24.874524,01:32:25.338965,01:32:24.860780,01:32:24.865871,01:32:24.865890,01:32:24.870754,01:32:24.860684,01:32:24.860804,01:32:24.828240
20,safe,01:32:28.238286,01:32:28.238286,01:32:28.238652,01:32:28.238652,01:32:28.239752,01:32:28.239752,01:32:28.241181,01:32:28.241181,01:32:28.250340,01:32:28.250358,01:32:28.263814,01:32:28.283295,01:32:28.744950,01:32:28.269505,01:32:28.274451,01:32:28.274471,01:32:28.279467,01:32:28.258811,01:32:28.258922,01:32:28.239281
20,leak,01:32:33.362892,01:32:33.362892,01:32:33.363283,01:32:33.363283,01:32:33.364468,01:32:33.364468,01:32:33.366609,01:32:33.366609,01:32:33.375775,01:32:33.375793,01:32:33.397903,01:32:33.417479,01:32:33.883195,01:32:33.403617,01:32:33.408392,01:32:33.408407,01:32:33.413149,01:32:33.384328,01:32:33.384445,01:32:33.363900
20,safe,01:32:36.268575,01:32:36.268575,01:32:36.269108,01:32:36.269108,01:32:36.270600,01:32:36.270600,01:32:36.271925,01:32:36.271925,01:32:36.281534,01:32:36.281555,01:32:36.374590,01:32:36.393945,01:32:36.856251,01:32:36.380177,01:32:36.384930,01:32:36.384945,01:32:36.389845,01:32:36.289400,01:32:36.289503,01:32:36.269968
20,leak,01:32:41.369995,01:32:41.369995,01:32:41.370364,01:32:41.370364,01:32:41.371553,01:32:41.371553,01:32:41.373765,01:32:41.373765,01:32:41.382821,01:32:41.382845,01:32:41.396820,01:32:41.416131,01:32:41.882116,01:32:41.402407,01:32:41.407329,01:32:41.407348,01:32:41.412349,01:32:41.391368,01:32:41.391505,01:32:41.370984
20,safe,01:32:44.770609,01:32:44.770609,01:32:44.771052,01:32:44.771052,01:32:44.772176,01:32:44.772176,01:32:44.773579,01:32:44.773579,01:32:44.782795,01:32:44.782816,01:32:44.795738,01:32:44.814757,01:32:45.277068,01:32:44.801128,01:32:44.806139,01:32:44.806157,01:32:44.811080,01:32:44.791105,01:32:44.791206,01:32:44.771654
20,safe,01:32:49.294490,01:32:49.294490,01:32:49.294859,01:32:49.294859,01:32:49.296041,01:32:49.296041,01:32:49.297479,01:32:49.297479,01:32:49.306582,01:32:49.306605,01:32:49.348592,01:32:49.367950,01:32:49.841100,01:32:49.354211,01:32:49.359332,01:32:49.359352,01:32:49.364269,01:32:49.315271,01:32:49.315384,01:32:49.295468
20,safe,01:32:54.458506,01:32:54.458506,01:32:54.458881,01:32:54.458881,01:32:54.460055,01:32:54.460055,01:32:54.462239,01:32:54.462239,01:32:54.471494,01:32:54.471517,01:32:54.482963,01:32:54.502763,01:32:54.967213,01:32:54.488936,01:32:54.493808,01:32:54.493823,01:32:54.498724,01:32:54.495515,01:32:54.495635,01:32:54.459493
20,safe,01:32:59.574184,01:32:59.574184,01:32:59.574842,01:32:59.574842,01:32:59.576762,01:32:59.576762,01:32:59.580678,01:32:59.580678,01:32:59.593020,01:32:59.593077,01:32:59.615978,01:32:59.646338,01:33:00.124903,01:32:59.624468,01:32:59.633305,01:32:59.633334,01:32:59.640419,01:32:59.595323,01:32:59.595460,01:32:59.575873
20,safe,01:33:04.668767,01:33:04.668767,01:33:04.669171,01:33:04.669171,01:33:04.670376,01:33:04.670376,01:33:04.672558,01:33:04.672558,01:33:04.681716,01:33:04.681738,01:33:04.694555,01:33:04.714468,01:33:05.182859,01:33:04.700368,01:33:04.705685,01:33:04.705709,01:33:04.710701,01:33:04.704508,01:33:04.704635,01:33:04.669855
20,safe,01:33:09.533738,01:33:09.533738,01:33:09.534300,01:33:09.534300,01:33:09.536007,01:33:09.536007,01:33:09.538007,01:33:09.538007,01:33:09.548962,01:33:09.549020,01:33:09.567501,01:33:09.602234,01:33:10.088555,01:33:09.575895,01:33:09.583693,01:33:09.583726,01:33:09.593610,01:33:09.554406,01:33:09.554542,01:33:09.535292
20,safe,01:33:14.804060,01:33:14.804060,01:33:14.804395,01:33:14.804395,01:33:14.805576,01:33:14.805576,01:33:14.807616,01:33:14.807616,01:33:14.819161,01:33:14.819181,01:33:14.831840,01:33:14.850534,01:33:15.314701,01:33:14.837039,01:33:14.841871,01:33:14.841888,01:33:14.846829,01:33:14.845743,01:33:14.845876,01:33:14.805010
20,safe,01:33:19.827669,01:33:19.827669,01:33:19.828074,01:33:19.828074,01:33:19.829457,01:33:19.829457,01:33:19.831825,01:33:19.831825,01:33:19.841027,01:33:19.841051,01:33:19.854505,01:33:19.874296,01:33:20.340702,01:33:19.860341,01:33:19.865451,01:33:19.865468,01:33:19.870356,01:33:19.861894,01:33:19.862014,01:33:19.828707
20,safe,01:33:24.625396,01:33:24.625396,01:33:24.625783,01:33:24.625783,01:33:24.627200,01:33:24.627200,01:33:24.628823,01:33:24.628823,01:33:24.638233,01:33:24.638257,01:33:24.651725,01:33:24.670629,01:33:25.136425,01:33:24.657031,01:33:24.662005,01:33:24.662023,01:33:24.666928,01:33:24.646118,01:33:24.646231,01:33:24.626617
20,safe,01:33:29.375479,01:33:29.375479,01:33:29.375892,01:33:29.375892,01:33:29.377002,01:33:29.377002,01:33:29.378274,01:33:29.378274,01:33:29.388600,01:33:29.388623,01:33:29.402875,01:33:29.422496,01:33:29.894239,01:33:29.408680,01:33:29.413866,01:33:29.413884,01:33:29.418627,01:33:29.396076,01:33:29.396182,01:33:29.376509
20,leak,01:33:34.410572,01:33:34.410572,01:33:34.411009,01:33:34.411009,01:33:34.412290,01:33:34.412290,01:33:34.414601,01:33:34.414601,01:33:34.423921,01:33:34.423940,01:33:34.444175,01:33:34.463652,01:33:34.927498,01:33:34.449730,01:33:34.454534,01:33:34.454551,01:33:34.459732,01:33:34.456255,01:33:34.456391,01:33:34.411719
20,safe,01:33:37.780246,01:33:37.780246,01:33:37.780572,01:33:37.780572,01:33:37.781702,01:33:37.781702,01:33:37.783386,01:33:37.783386,01:33:37.793216,01:33:37.793242,01:33:37.807191,01:33:37.825787,01:33:38.290105,01:33:37.812528,01:33:37.817257,01:33:37.817272,01:33:37.822120,01:33:37.800653,01:33:37.800744,01:33:37.781157
20,safe,01:33:42.683286,01:33:42.683286,01:33:42.683666,01:33:42.683666,01:33:42.684877,01:33:42.684877,01:33:42.686391,01:33:42.686391,01:33:42.695363,01:33:42.695386,01:33:42.709559,01:33:42.728952,01:33:43.193061,01:33:42.715053,01:33:42.719833,01:33:42.719852,01:33:42.724917,01:33:42.704008,01:33:42.704121,01:33:42.684307
20,safe,01:33:47.706824,01:33:47.706824,01:33:47.707202,01:33:47.707202,01:33:47.708440,01:33:47.708440,01:33:47.710591,01:33:47.710591,01:33:47.720121,01:33:47.720144,01:33:47.733964,01:33:47.753919,01:33:48.217851,01:33:47.739549,01:33:47.744580,01:33:47.744602,01:33:47.750028,01:33:47.727852,01:33:47.727960,01:33:47.707854
20,safe,01:33:52.675934,01:33:52.675934,01:33:52.676308,01:33:52.676308,01:33:52.677455,01:33:52.677455,01:33:52.678873,01:33:52.678873,01:33:52.688196,01:33:52.688218,01:33:52.701479,01:33:52.720071,01:33:53.184953,01:33:52.706792,01:33:52.711378,01:33:52.711394,01:33:52.716175,01:33:52.696376,01:33:52.696477,01:33:52.676927
20,safe,01:33:57.744094,01:33:57.744094,01:33:57.744565,01:33:57.744565,01:33:57.745727,01:33:57.745727,01:33:57.747741,01:33:57.747741,01:33:57.756944,01:33:57.756968,01:33:57.770751,01:33:57.790279,01:33:58.257307,01:33:57.776241,01:33:57.781191,01:33:57.781208,01:33:57.786372,01:33:57.765279,01:33:57.765407,01:33:57.745232
20,safe,01:34:02.870263,01:34:02.870263,01:34:02.870589,01:34:02.870589,01:34:02.871896,01:34:02.871896,01:34:02.874228,01:34:02.874228,01:34:02.883722,01:34:02.883746,01:34:02.896970,01:34:02.916023,01:34:03.823771,01:34:02.902408,01:34:02.907383,01:34:02.907400,01:34:02.912268,01:34:02.914086,01:34:02.914197,01:34:02.871137
20,leak,01:34:05.508928,01:34:05.508928,01:34:05.509353,01:34:05.509353,01:34:05.510560,01:34:05.510560,01:34:05.511970,01:34:05.511970,01:34:05.521210,01:34:05.521233,01:34:05.534807,01:34:05.553361,01:34:05.990873,01:34:05.540077,01:34:05.544810,01:34:05.544825,01:34:05.549720,01:34:05.529795,01:34:05.529965,01:34:05.510003
20,leak,01:34:08.986304,01:34:08.986304,01:34:08.986635,01:34:08.986635,01:34:08.987719,01:34:08.987719,01:34:08.989130,01:34:08.989130,01:34:08.998285,01:34:08.998304,01:34:09.011418,01:34:09.030512,01:34:09.493128,01:34:09.016898,01:34:09.021578,01:34:09.021595,01:34:09.026739,01:34:09.006930,01:34:09.007022,01:34:08.987234
20,leak,01:34:11.869179,01:34:11.869179,01:34:11.869573,01:34:11.869573,01:34:11.871083,01:34:11.871083,01:34:11.872641,01:34:11.872641,01:34:11.882311,01:34:11.882338,01:34:11.896869,01:34:11.918000,01:34:12.381544,01:34:11.902846,01:34:11.908287,01:34:11.908307,01:34:11.913736,01:34:11.889562,01:34:11.889695,01:34:11.870331
20,safe,01:34:15.296352,01:34:15.296352,01:34:15.296715,01:34:15.296715,01:34:15.297777,01:34:15.297777,01:34:15.299129,01:34:15.299129,01:34:15.308509,01:34:15.308532,01:34:15.321377,01:34:15.341405,01:34:15.802755,01:34:15.326899,01:34:15.332084,01:34:15.332105,01:34:15.337166,01:34:15.317119,01:34:15.317218,01:34:15.297299
20,safe,01:34:20.342014,01:34:20.342014,01:34:20.342386,01:34:20.342386,01:34:20.343648,01:34:20.343648,01:34:20.345955,01:34:20.345955,01:34:20.355856,01:34:20.355879,01:34:20.368666,01:34:20.388130,01:34:20.857779,01:34:20.374215,01:34:20.378970,01:34:20.378994,01:34:20.384245,01:34:20.380689,01:34:20.380808,01:34:20.343024
20,safe,01:34:25.184112,01:34:25.184112,01:34:25.184570,01:34:25.184570,01:34:25.185915,01:34:25.185915,01:34:25.187496,01:34:25.187496,01:34:25.196789,01:34:25.196808,01:34:25.217196,01:34:25.236949,01:34:25.702638,01:34:25.222973,01:34:25.227973,01:34:25.227993,01:34:25.232869,01:34:25.204755,01:34:25.204853,01:34:25.185336
20,safe,01:34:30.328420,01:34:30.328420,01:34:30.328792,01:34:30.328792,01:34:30.329873,01:34:30.329873,01:34:30.331985,01:34:30.331985,01:34:30.341488,01:34:30.341510,01:34:30.355084,01:34:30.375184,01:34:31.283782,01:34:30.361034,01:34:30.366225,01:34:30.366246,01:34:30.371235,01:34:30.372404,01:34:30.372509,01:34:30.329346
20,safe,01:34:32.910523,01:34:32.910523,01:34:32.910904,01:34:32.910904,01:34:32.912204,01:34:32.912204,01:34:32.913623,01:34:32.913623,01:34:32.922939,01:34:32.922965,01:34:32.936886,01:34:32.956594,01:34:33.392705,01:34:32.942403,01:34:32.947489,01:34:32.947504,01:34:32.952663,01:34:32.931244,01:34:32.931387,01:34:32.911566
20,safe,01:34:37.606704,01:34:37.606704,01:34:37.607100,01:34:37.607100,01:34:37.608261,01:34:37.608261,01:34:37.609686,01:34:37.609686,01:34:37.618624,01:34:37.618646,01:34:37.631440,01:34:37.650834,01:34:38.115855,01:34:37.637030,01:34:37.641693,01:34:37.641709,01:34:37.646656,01:34:37.627232,01:34:37.627328,01:34:37.607712
20,leak,01:34:42.591195,01:34:42.591195,01:34:42.591580,01:34:42.591580,01:34:42.592737,01:34:42.592737,01:34:42.594103,01:34:42.594103,01:34:42.603119,01:34:42.603137,01:34:42.615997,01:34:42.635114,01:34:43.101189,01:34:42.621270,01:34:42.626241,01:34:42.626265,01:34:42.631171,01:34:42.611442,01:34:42.611538,01:34:42.592242
20,safe,01:34:46.069294,01:34:46.069294,01:34:46.069677,01:34:46.069677,01:34:46.070907,01:34:46.070907,01:34:46.072464,01:34:46.072464,01:34:46.081717,01:34:46.081740,01:34:46.094382,01:34:46.113906,01:34:46.582209,01:34:46.099968,01:34:46.105394,01:34:46.105415,01:34:46.110157,01:34:46.090019,01:34:46.090115,01:34:46.070346
20,safe,01:34:50.771390,01:34:50.771390,01:34:50.771797,01:34:50.771797,01:34:50.772946,01:34:50.772946,01:34:50.774517,01:34:50.774517,01:34:50.783846,01:34:50.783869,01:34:50.796653,01:34:50.815870,01:34:51.279548,01:34:50.801914,01:34:50.806421,01:34:50.806437,01:34:50.811434,01:34:50.791935,01:34:50.792044,01:34:50.772427
20,leak,01:34:55.739674,01:34:55.739674,01:34:55.740076,01:34:55.740076,01:34:55.741372,01:34:55.741372,01:34:55.742745,01:34:55.742745,01:34:55.754270,01:34:55.754293,01:34:55.767189,01:34:55.786556,01:34:56.252800,01:34:55.772746,01:34:55.777698,01:34:55.777718,01:34:55.782826,01:34:55.760432,01:34:55.760537,01:34:55.740835
40,safe,01:34:59.171923,01:34:59.171923,01:34:59.172251,01:34:59.172251,01:34:59.173423,01:34:59.173423,01:34:59.174848,01:34:59.174848,01:34:59.183965,01:34:59.183984,01:34:59.196482,01:34:59.216407,01:35:00.130027,01:34:59.201992,01:34:59.206844,01:34:59.206863,01:34:59.212233,01:34:59.212607,01:34:59.212711,01:34:59.172829
40,safe,01:35:01.805212,01:35:01.805212,01:35:01.805571,01:35:01.805571,01:35:01.806704,01:35:01.806704,01:35:01.808067,01:35:01.808067,01:35:01.817269,01:35:01.817291,01:35:01.830639,01:35:01.850648,01:35:02.739104,01:35:01.836051,01:35:01.841043,01:35:01.841061,01:35:01.846126,01:35:01.845839,01:35:01.845936,01:35:01.806197
40,safe,01:35:04.405265,01:35:04.405265,01:35:04.405700,01:35:04.405700,01:35:04.406894,01:35:04.406894,01:35:04.408279,01:35:04.408279,01:35:04.417263,01:35:04.417286,01:35:04.430482,01:35:04.449292,01:35:05.327035,01:35:04.436018,01:35:04.440714,01:35:04.440731,01:35:04.445592,01:35:04.445904,01:35:04.446074,01:35:04.406365
40,safe,01:35:06.995468,01:35:06.995468,01:35:06.995799,01:35:06.995799,01:35:06.996870,01:35:06.996870,01:35:06.998284,01:35:06.998284,01:35:07.007579,01:35:07.007605,01:35:07.021227,01:35:07.039939,01:35:07.918587,01:35:07.026760,01:35:07.031496,01:35:07.031512,01:35:07.036134,01:35:07.035960,01:35:07.036059,01:35:06.996388
40,safe,01:35:09.586894,01:35:09.586894,01:35:09.587320,01:35:09.587320,01:35:09.589081,01:35:09.589081,01:35:09.590993,01:35:09.590993,01:35:09.602035,01:35:09.602078,01:35:09.629447,01:35:09.660647,01:35:10.102489,01:35:09.638529,01:35:09.646529,01:35:09.646557,01:35:09.654431,01:35:09.627581,01:35:09.627782,01:35:09.588238
40,safe,01:35:14.686743,01:35:14.686743,01:35:14.687131,01:35:14.687131,01:35:14.688295,01:35:14.688295,01:35:14.690685,01:35:14.690685,01:35:14.700971,01:35:14.700990,01:35:14.714124,01:35:14.734035,01:35:15.642605,01:35:14.719622,01:35:14.725195,01:35:14.725229,01:35:14.730062,01:35:14.743421,01:35:14.743619,01:35:14.687756
40,safe,01:35:17.313890,01:35:17.313890,01:35:17.314744,01:35:17.314744,01:35:17.315972,01:35:17.315972,01:35:17.317443,01:35:17.317443,01:35:17.326537,01:35:17.326559,01:35:17.339772,01:35:17.359601,01:35:17.794892,01:35:17.345141,01:35:17.350106,01:35:17.350129,01:35:17.355640,01:35:17.354623,01:35:17.354748,01:35:17.315425
40,safe,01:35:21.979142,01:35:21.979142,01:35:21.979529,01:35:21.979529,01:35:21.981017,01:35:21.981017,01:35:21.982702,01:35:21.982702,01:35:21.992203,01:35:21.992228,01:35:22.006020,01:35:22.026849,01:35:22.493239,01:35:22.011739,01:35:22.017229,01:35:22.017254,01:35:22.022621,01:35:22.019806,01:35:22.019934,01:35:21.980184
40,safe,01:35:27.075559,01:35:27.075559,01:35:27.075956,01:35:27.075956,01:35:27.077201,01:35:27.077201,01:35:27.079341,01:35:27.079341,01:35:27.088368,01:35:27.088393,01:35:27.102093,01:35:27.122048,01:35:28.030869,01:35:27.107594,01:35:27.112926,01:35:27.112948,01:35:27.118054,01:35:27.140107,01:35:27.140269,01:35:27.076619
40,safe,01:35:29.702849,01:35:29.702849,01:35:29.703308,01:35:29.703308,01:35:29.704797,01:35:29.704797,01:35:29.707180,01:35:29.707180,01:35:29.717716,01:35:29.717783,01:35:29.737416,01:35:29.762744,01:35:30.203476,01:35:29.745263,01:35:29.751281,01:35:29.751304,01:35:29.758308,01:35:29.743562,01:35:29.743712,01:35:29.704164
40,safe,01:35:34.795100,01:35:34.795100,01:35:34.795452,01:35:34.795452,01:35:34.796588,01:35:34.796588,01:35:34.798599,01:35:34.798599,01:35:34.807723,01:35:34.807741,01:35:34.820141,01:35:34.838806,01:35:35.748130,01:35:34.825373,01:35:34.830091,01:35:34.830109,01:35:34.835089,01:35:34.836441,01:35:34.836578,01:35:34.796080
40,safe,01:35:37.423096,01:35:37.423096,01:35:37.423459,01:35:37.423459,01:35:37.425049,01:35:37.425049,01:35:37.426496,01:35:37.426496,01:35:37.436108,01:35:37.436133,01:35:37.449259,01:35:37.468223,01:35:38.348811,01:35:37.454557,01:35:37.459191,01:35:37.459207,01:35:37.464091,01:35:37.463912,01:35:37.464078,01:35:37.424149
40,safe,01:35:40.059153,01:35:40.059153,01:35:40.059494,01:35:40.059494,01:35:40.060525,01:35:40.060525,01:35:40.061879,01:35:40.061879,01:35:40.072115,01:35:40.072137,01:35:40.085697,01:35:40.105216,01:35:40.541481,01:35:40.090799,01:35:40.095919,01:35:40.095935,01:35:40.100861,01:35:40.099847,01:35:40.099964,01:35:40.060031
40,safe,01:35:44.806695,01:35:44.806695,01:35:44.807083,01:35:44.807083,01:35:44.808352,01:35:44.808352,01:35:44.809711,01:35:44.809711,01:35:44.819503,01:35:44.819524,01:35:44.832266,01:35:44.852716,01:35:45.761478,01:35:44.838048,01:35:44.843224,01:35:44.843241,01:35:44.848475,01:35:44.847997,01:35:44.848104,01:35:44.807798
40,safe,01:35:47.434372,01:35:47.434372,01:35:47.434744,01:35:47.434744,01:35:47.435888,01:35:47.435888,01:35:47.437399,01:35:47.437399,01:35:47.446400,01:35:47.446419,01:35:47.459692,01:35:47.478858,01:35:48.358392,01:35:47.465049,01:35:47.470142,01:35:47.470159,01:35:47.475003,01:35:47.474891,01:35:47.475091,01:35:47.435357
40,leak,01:35:50.055733,01:35:50.055733,01:35:50.056053,01:35:50.056053,01:35:50.057220,01:35:50.057220,01:35:50.058607,01:35:50.058607,01:35:50.067752,01:35:50.067777,01:35:50.082307,01:35:50.103687,01:35:50.541657,01:35:50.088453,01:35:50.093798,01:35:50.093819,01:35:50.098950,01:35:50.096377,01:35:50.096527,01:35:50.056677
40,safe,01:35:53.299574,01:35:53.299574,01:35:53.299952,01:35:53.299952,01:35:53.301160,01:35:53.301160,01:35:53.302654,01:35:53.302654,01:35:53.311679,01:35:53.311701,01:35:53.332267,01:35:53.351912,01:35:53.813954,01:35:53.338001,01:35:53.342845,01:35:53.342865,01:35:53.347692,01:35:53.340152,01:35:53.340274,01:35:53.300594
40,safe,01:35:58.352919,01:35:58.352919,01:35:58.353303,01:35:58.353303,01:35:58.354586,01:35:58.354586,01:35:58.357104,01:35:58.357104,01:35:58.367162,01:35:58.367186,01:35:58.380370,01:35:58.398506,01:35:59.307672,01:35:58.385506,01:35:58.390046,01:35:58.390061,01:35:58.394834,01:35:58.416447,01:35:58.416592,01:35:58.353942
40,safe,01:36:00.988125,01:36:00.988125,01:36:00.988485,01:36:00.988485,01:36:00.989600,01:36:00.989600,01:36:00.991280,01:36:00.991280,01:36:01.001696,01:36:01.001724,01:36:01.015598,01:36:01.035770,01:36:01.470752,01:36:01.020958,01:36:01.026398,01:36:01.026424,01:36:01.031708,01:36:01.029017,01:36:01.029154,01:36:00.989057
40,safe,01:36:06.059540,01:36:06.059540,01:36:06.060056,01:36:06.060056,01:36:06.061347,01:36:06.061347,01:36:06.063627,01:36:06.063627,01:36:06.073770,01:36:06.073800,01:36:06.087190,01:36:06.106384,01:36:07.013124,01:36:06.092525,01:36:06.097476,01:36:06.097496,01:36:06.102485,01:36:06.111687,01:36:06.111874,01:36:06.060685
40,safe,01:36:08.685576,01:36:08.685576,01:36:08.685906,01:36:08.685906,01:36:08.687001,01:36:08.687001,01:36:08.688280,01:36:08.688280,01:36:08.697312,01:36:08.697334,01:36:08.710569,01:36:08.729417,01:36:09.609466,01:36:08.715737,01:36:08.720407,01:36:08.720425,01:36:08.725526,01:36:08.726149,01:36:08.726292,01:36:08.686514
40,safe,01:36:11.286810,01:36:11.286810,01:36:11.287199,01:36:11.287199,01:36:11.288371,01:36:11.288371,01:36:11.289689,01:36:11.289689,01:36:11.299232,01:36:11.299256,01:36:11.313586,01:36:11.333956,01:36:11.770994,01:36:11.319755,01:36:11.324440,01:36:11.324458,01:36:11.329590,01:36:11.327399,01:36:11.327561,01:36:11.287832
40,safe,01:36:16.197543,01:36:16.197543,01:36:16.197921,01:36:16.197921,01:36:16.199120,01:36:16.199120,01:36:16.200506,01:36:16.200506,01:36:16.212051,01:36:16.212075,01:36:16.225096,01:36:16.244342,01:36:16.708237,01:36:16.230721,01:36:16.235899,01:36:16.235923,01:36:16.240568,01:36:16.238125,01:36:16.238249,01:36:16.198579
40,safe,01:36:20.909725,01:36:20.909725,01:36:20.910042,01:36:20.910042,01:36:20.911500,01:36:20.911500,01:36:20.913028,01:36:20.913028,01:36:20.922759,01:36:20.922781,01:36:20.935804,01:36:20.954317,01:36:21.866263,01:36:20.941099,01:36:20.945657,01:36:20.945672,01:36:20.950399,01:36:20.950435,01:36:20.950543,01:36:20.910638
40,safe,01:36:23.543408,01:36:23.543408,01:36:23.543735,01:36:23.543735,01:36:23.544840,01:36:23.544840,01:36:23.546263,01:36:23.546263,01:36:23.555356,01:36:23.555374,01:36:23.568244,01:36:23.587316,01:36:24.467341,01:36:23.573424,01:36:23.578477,01:36:23.578494,01:36:23.583365,01:36:23.583906,01:36:23.584024,01:36:23.544298
40,safe,01:36:26.140909,01:36:26.140909,01:36:26.141253,01:36:26.141253,01:36:26.142605,01:36:26.142605,01:36:26.144420,01:36:26.144420,01:36:26.153544,01:36:26.153566,01:36:26.166248,01:36:26.185637,01:36:27.065801,01:36:26.171920,01:36:26.176570,01:36:26.176589,01:36:26.181653,01:36:26.181621,01:36:26.181730,01:36:26.141954
40,safe,01:36:28.748373,01:36:28.748373,01:36:28.748802,01:36:28.748802,01:36:28.750012,01:36:28.750012,01:36:28.751365,01:36:28.751365,01:36:28.760366,01:36:28.760386,01:36:28.772569,01:36:28.791464,01:36:29.672601,01:36:28.777866,01:36:28.782705,01:36:28.782720,01:36:28.787725,01:36:28.789037,01:36:28.789242,01:36:28.749450
40,safe,01:36:31.366885,01:36:31.366885,01:36:31.367316,01:36:31.367316,01:36:31.368597,01:36:31.368597,01:36:31.370111,01:36:31.370111,01:36:31.379173,01:36:31.379196,01:36:31.393230,01:36:31.412719,01:36:32.292565,01:36:31.398727,01:36:31.403579,01:36:31.403598,01:36:31.408301,01:36:31.408082,01:36:31.408204,01:36:31.367975
40,safe,01:36:33.964611,01:36:33.964611,01:36:33.965113,01:36:33.965113,01:36:33.966411,01:36:33.966411,01:36:33.968041,01:36:33.968041,01:36:33.977188,01:36:33.977209,01:36:33.997159,01:36:34.016471,01:36:34.451629,01:36:34.002578,01:36:34.007784,01:36:34.007800,01:36:34.012737,01:36:34.005134,01:36:34.005253,01:36:33.965830
40,safe,01:36:38.741336,01:36:38.741336,01:36:38.741718,01:36:38.741718,01:36:38.742925,01:36:38.742925,01:36:38.744310,01:36:38.744310,01:36:38.753431,01:36:38.753452,01:36:38.767664,01:36:38.788145,01:36:39.252948,01:36:38.773083,01:36:38.779052,01:36:38.779075,01:36:38.784286,01:36:38.781945,01:36:38.782088,01:36:38.742370
40,safe,01:36:43.436135,01:36:43.436135,01:36:43.436538,01:36:43.436538,01:36:43.437740,01:36:43.437740,01:36:43.439252,01:36:43.439252,01:36:43.449148,01:36:43.449171,01:36:43.462976,01:36:43.482461,01:36:43.947892,01:36:43.468394,01:36:43.473596,01:36:43.473619,01:36:43.478585,01:36:43.476768,01:36:43.476886,01:36:43.437172
40,safe,01:36:48.159629,01:36:48.159629,01:36:48.159961,01:36:48.159961,01:36:48.161081,01:36:48.161081,01:36:48.162883,01:36:48.162883,01:36:48.172556,01:36:48.172578,01:36:48.185944,01:36:48.205375,01:36:48.670981,01:36:48.191344,01:36:48.196373,01:36:48.196395,01:36:48.201439,01:36:48.200482,01:36:48.200611,01:36:48.160539
40,safe,01:36:52.964320,01:36:52.964320,01:36:52.964641,01:36:52.964641,01:36:52.965685,01:36:52.965685,01:36:52.967149,01:36:52.967149,01:36:52.976356,01:36:52.976379,01:36:52.990473,01:36:53.010008,01:36:53.473406,01:36:52.995970,01:36:53.001245,01:36:53.001265,01:36:53.006106,01:36:53.004910,01:36:53.005033,01:36:52.965206
40,safe,01:36:57.987086,01:36:57.987086,01:36:57.987455,01:36:57.987455,01:36:57.988493,01:36:57.988493,01:36:57.990683,01:36:57.990683,01:36:57.999836,01:36:57.999858,01:36:58.013068,01:36:58.032364,01:36:58.943141,01:36:58.018361,01:36:58.023257,01:36:58.023277,01:36:58.028354,01:36:58.028020,01:36:58.028121,01:36:57.988021
40,safe,01:37:00.623464,01:37:00.623464,01:37:00.623907,01:37:00.623907,01:37:00.625149,01:37:00.625149,01:37:00.626530,01:37:00.626530,01:37:00.636174,01:37:00.636195,01:37:00.648737,01:37:00.667614,01:37:01.547626,01:37:00.654151,01:37:00.659020,01:37:00.659035,01:37:00.663826,01:37:00.663845,01:37:00.663945,01:37:00.624625
40,safe,01:37:03.220803,01:37:03.220803,01:37:03.221181,01:37:03.221181,01:37:03.222387,01:37:03.222387,01:37:03.223763,01:37:03.223763,01:37:03.233111,01:37:03.233129,01:37:03.246124,01:37:03.266321,01:37:04.143874,01:37:03.251768,01:37:03.256855,01:37:03.256875,01:37:03.261899,01:37:03.261639,01:37:03.261777,01:37:03.221896
40,safe,01:37:05.824117,01:37:05.824117,01:37:05.824539,01:37:05.824539,01:37:05.825833,01:37:05.825833,01:37:05.827290,01:37:05.827290,01:37:05.836554,01:37:05.836576,01:37:05.849916,01:37:05.869960,01:37:06.306530,01:37:05.855386,01:37:05.860726,01:37:05.860749,01:37:05.866054,01:37:05.864856,01:37:05.864977,01:37:05.825313
40,safe,01:37:10.827346,01:37:10.827346,01:37:10.827718,01:37:10.827718,01:37:10.828871,01:37:10.828871,01:37:10.831101,01:37:10.831101,01:37:10.840499,01:37:10.840518,01:37:10.852798,01:37:10.871580,01:37:11.781125,01:37:10.858240,01:37:10.863106,01:37:10.863124,01:37:10.867734,01:37:10.892389,01:37:10.892583,01:37:10.828348
40,safe,01:37:13.456746,01:37:13.456746,01:37:13.457076,01:37:13.457076,01:37:13.458128,01:37:13.458128,01:37:13.459797,01:37:13.459797,01:37:13.469280,01:37:13.469306,01:37:13.482543,01:37:13.501453,01:37:14.380309,01:37:13.487563,01:37:13.492282,01:37:13.492301,01:37:13.497332,01:37:13.497290,01:37:13.497391,01:37:13.457652
40,safe,01:37:16.060525,01:37:16.060525,01:37:16.060912,01:37:16.060912,01:37:16.062168,01:37:16.062168,01:37:16.063589,01:37:16.063589,01:37:16.072639,01:37:16.072658,01:37:16.085661,01:37:16.105450,01:37:16.984516,01:37:16.090849,01:37:16.095931,01:37:16.095955,01:37:16.101551,01:37:16.101278,01:37:16.101383,01:37:16.061605
40,safe,01:37:18.658190,01:37:18.658190,01:37:18.658554,01:37:18.658554,01:37:18.659694,01:37:18.659694,01:37:18.661083,01:37:18.661083,01:37:18.670585,01:37:18.670606,01:37:18.691027,01:37:18.710990,01:37:19.145870,01:37:18.696747,01:37:18.702262,01:37:18.702285,01:37:18.707127,01:37:18.699124,01:37:18.699239,01:37:18.659158
40,safe,01:37:23.416403,01:37:23.416403,01:37:23.416740,01:37:23.416740,01:37:23.417888,01:37:23.417888,01:37:23.419686,01:37:23.419686,01:37:23.429250,01:37:23.429277,01:37:23.442463,01:37:23.461218,01:37:24.369089,01:37:23.447628,01:37:23.452553,01:37:23.452570,01:37:23.457402,01:37:23.457134,01:37:23.457234,01:37:23.417394
40,safe,01:37:26.038637,01:37:26.038637,01:37:26.039016,01:37:26.039016,01:37:26.040223,01:37:26.040223,01:37:26.041544,01:37:26.041544,01:37:26.050622,01:37:26.050644,01:37:26.064082,01:37:26.082645,01:37:26.963429,01:37:26.069314,01:37:26.073861,01:37:26.073879,01:37:26.078875,01:37:26.079451,01:37:26.079556,01:37:26.039648
40,safe,01:37:28.637044,01:37:28.637044,01:37:28.637417,01:37:28.637417,01:37:28.638636,01:37:28.638636,01:37:28.640083,01:37:28.640083,01:37:28.649813,01:37:28.649836,01:37:28.662648,01:37:28.681054,01:37:29.559857,01:37:28.667853,01:37:28.672503,01:37:28.672519,01:37:28.677356,01:37:28.678038,01:37:28.678176,01:37:28.638043
40,safe,01:37:31.240873,01:37:31.240873,01:37:31.241253,01:37:31.241253,01:37:31.242746,01:37:31.242746,01:37:31.244321,01:37:31.244321,01:37:31.253864,01:37:31.253884,01:37:31.267403,01:37:31.286217,01:37:31.721078,01:37:31.272786,01:37:31.277399,01:37:31.277414,01:37:31.282387,01:37:31.281339,01:37:31.281482,01:37:31.241951
40,safe,01:37:36.273617,01:37:36.273617,01:37:36.274021,01:37:36.274021,01:37:36.275318,01:37:36.275318,01:37:36.277573,01:37:36.277573,01:37:36.289465,01:37:36.289486,01:37:36.302506,01:37:36.321320,01:37:36.785297,01:37:36.307932,01:37:36.312660,01:37:36.312677,01:37:36.317479,01:37:36.314579,01:37:36.314701,01:37:36.274683
40,safe,01:37:40.991725,01:37:40.991725,01:37:40.992168,01:37:40.992168,01:37:40.993404,01:37:40.993404,01:37:40.994864,01:37:40.994864,01:37:41.004676,01:37:41.004696,01:37:41.017414,01:37:41.036555,01:37:41.946225,01:37:41.022802,01:37:41.027502,01:37:41.027518,01:37:41.032545,01:37:41.032239,01:37:41.032337,01:37:40.992855
40,safe,01:37:43.623152,01:37:43.623152,01:37:43.623549,01:37:43.623549,01:37:43.624761,01:37:43.624761,01:37:43.626163,01:37:43.626163,01:37:43.635188,01:37:43.635210,01:37:43.648311,01:37:43.667630,01:37:44.548446,01:37:43.653587,01:37:43.658679,01:37:43.658699,01:37:43.663711,01:37:43.663662,01:37:43.663761,01:37:43.624203
40,safe,01:37:46.224133,01:37:46.224133,01:37:46.224501,01:37:46.224501,01:37:46.225790,01:37:46.225790,01:37:46.227231,01:37:46.227231,01:37:46.236726,01:37:46.236749,01:37:46.250452,01:37:46.269088,01:37:47.148975,01:37:46.255755,01:37:46.260235,01:37:46.260252,01:37:46.265173,01:37:46.265106,01:37:46.265227,01:37:46.225240
40,safe,01:37:48.819898,01:37:48.819898,01:37:48.820298,01:37:48.820298,01:37:48.821391,01:37:48.821391,01:37:48.822809,01:37:48.822809,01:37:48.831778,01:37:48.831800,01:37:48.845023,01:37:48.864604,01:37:49.747321,01:37:48.850609,01:37:48.855487,01:37:48.855507,01:37:48.860384,01:37:48.860672,01:37:48.860772,01:37:48.820858
40,safe,01:37:51.428851,01:37:51.428851,01:37:51.429218,01:37:51.429218,01:37:51.430381,01:37:51.430381,01:37:51.431713,01:37:51.431713,01:37:51.440776,01:37:51.440799,01:37:51.453728,01:37:51.472670,01:37:52.353642,01:37:51.459139,01:37:51.463836,01:37:51.463854,01:37:51.468805,01:37:51.469545,01:37:51.469655,01:37:51.429825
40,safe,01:37:54.029332,01:37:54.029332,01:37:54.029747,01:37:54.029747,01:37:54.031084,01:37:54.031084,01:37:54.032545,01:37:54.032545,01:37:54.041985,01:37:54.042008,01:37:54.054546,01:37:54.073672,01:37:54.954905,01:37:54.059778,01:37:54.064816,01:37:54.064833,01:37:54.069477,01:37:54.070004,01:37:54.070117,01:37:54.030474
40,safe,01:37:56.627482,01:37:56.627482,01:37:56.627857,01:37:56.627857,01:37:56.629268,01:37:56.629268,01:37:56.630905,01:37:56.630905,01:37:56.639949,01:37:56.639973,01:37:56.659580,01:37:56.678982,01:37:57.115192,01:37:56.665102,01:37:56.669963,01:37:56.669983,01:37:56.675066,01:37:56.668454,01:37:56.668575,01:37:56.628509
40,safe,01:38:01.425754,01:38:01.425754,01:38:01.426082,01:38:01.426082,01:38:01.427258,01:38:01.427258,01:38:01.428800,01:38:01.428800,01:38:01.437862,01:38:01.437885,01:38:01.452768,01:38:01.472006,01:38:01.939375,01:38:01.458269,01:38:01.463444,01:38:01.463468,01:38:01.468174,01:38:01.466672,01:38:01.466833,01:38:01.426650
40,safe,01:38:06.639784,01:38:06.639784,01:38:06.640162,01:38:06.640162,01:38:06.641380,01:38:06.641380,01:38:06.643513,01:38:06.643513,01:38:06.652666,01:38:06.652689,01:38:06.666473,01:38:06.686352,01:38:07.151932,01:38:06.671850,01:38:06.676793,01:38:06.676809,01:38:06.682279,01:38:06.681185,01:38:06.681304,01:38:06.640884
40,error,,,,,,,,,,,,,,,,,,,,
40,safe,01:38:12.024146,01:38:12.024146,01:38:12.024748,01:38:12.024748,01:38:12.026144,01:38:12.026144,01:38:12.028009,01:38:12.028009,01:38:12.038266,01:38:12.038298,01:38:13.704686,01:38:13.724883,01:38:14.164897,01:38:13.710519,01:38:13.715793,01:38:13.715808,01:38:13.720929,01:38:12.085163,01:38:12.085362,01:38:12.025565
40,safe,01:38:18.641568,01:38:18.641568,01:38:18.641960,01:38:18.641960,01:38:18.643233,01:38:18.643233,01:38:18.645647,01:38:18.645647,01:38:18.655413,01:38:18.655436,01:38:18.668644,01:38:18.688921,01:38:19.153013,01:38:18.674255,01:38:18.679362,01:38:18.679384,01:38:18.684508,01:38:18.683006,01:38:18.683136,01:38:18.642635
40,safe,01:38:23.740221,01:38:23.740221,01:38:23.740577,01:38:23.740577,01:38:23.741689,01:38:23.741689,01:38:23.743748,01:38:23.743748,01:38:23.752954,01:38:23.752973,01:38:23.765866,01:38:23.785625,01:38:24.694102,01:38:23.771342,01:38:23.776671,01:38:23.776693,01:38:23.781585,01:38:23.799279,01:38:23.799520,01:38:23.741145
40,safe,01:38:26.368039,01:38:26.368039,01:38:26.368419,01:38:26.368419,01:38:26.369609,01:38:26.369609,01:38:26.371165,01:38:26.371165,01:38:26.381288,01:38:26.381311,01:38:26.394639,01:38:26.413397,01:38:26.849114,01:38:26.399931,01:38:26.404889,01:38:26.404907,01:38:26.409709,01:38:26.408477,01:38:26.408595,01:38:26.369063
40,safe,01:38:31.477300,01:38:31.477300,01:38:31.477823,01:38:31.477823,01:38:31.478916,01:38:31.478916,01:38:31.481234,01:38:31.481234,01:38:31.490403,01:38:31.490423,01:38:31.502877,01:38:31.522370,01:38:32.434343,01:38:31.508384,01:38:31.513290,01:38:31.513310,01:38:31.518501,01:38:31.529432,01:38:31.529633,01:38:31.478441
40,safe,01:38:34.115621,01:38:34.115621,01:38:34.115994,01:38:34.115994,01:38:34.117080,01:38:34.117080,01:38:34.118430,01:38:34.118430,01:38:34.128272,01:38:34.128294,01:38:34.141670,01:38:34.161657,01:38:34.598398,01:38:34.147234,01:38:34.152663,01:38:34.152695,01:38:34.157802,01:38:34.156654,01:38:34.156788,01:38:34.116580
40,safe,01:38:38.817170,01:38:38.817170,01:38:38.817620,01:38:38.817620,01:38:38.818931,01:38:38.818931,01:38:38.820370,01:38:38.820370,01:38:38.829945,01:38:38.829968,01:38:38.842831,01:38:38.862437,01:38:39.773486,01:38:38.848219,01:38:38.853075,01:38:38.853095,01:38:38.858082,01:38:38.857812,01:38:38.857910,01:38:38.818371
40,safe,01:38:41.453283,01:38:41.453283,01:38:41.453600,01:38:41.453600,01:38:41.454629,01:38:41.454629,01:38:41.456170,01:38:41.456170,01:38:41.465555,01:38:41.465577,01:38:41.478882,01:38:41.497272,01:38:42.379958,01:38:41.484166,01:38:41.488775,01:38:41.488793,01:38:41.493472,01:38:41.494097,01:38:41.494222,01:38:41.454161
40,safe,01:38:44.052168,01:38:44.052168,01:38:44.052512,01:38:44.052512,01:38:44.053567,01:38:44.053567,01:38:44.054854,01:38:44.054854,01:38:44.064131,01:38:44.064153,01:38:44.084569,01:38:44.104587,01:38:44.539783,01:38:44.090226,01:38:44.095528,01:38:44.095550,01:38:44.100621,01:38:44.092984,01:38:44.093107,01:38:44.053042
40,safe,01:38:48.989905,01:38:48.989905,01:38:48.990276,01:38:48.990276,01:38:48.991377,01:38:48.991377,01:38:48.993116,01:38:48.993116,01:38:49.002654,01:38:49.002680,01:38:49.016647,01:38:49.036043,01:38:49.500553,01:38:49.022201,01:38:49.027116,01:38:49.027137,01:38:49.032162,01:38:49.030589,01:38:49.030722,01:38:48.990900
40,safe,01:38:53.865731,01:38:53.865731,01:38:53.866153,01:38:53.866153,01:38:53.867676,01:38:53.867676,01:38:53.869216,01:38:53.869216,01:38:53.878398,01:38:53.878420,01:38:53.891970,01:38:53.910840,01:38:54.817226,01:38:53.897414,01:38:53.902213,01:38:53.902233,01:38:53.906885,01:38:53.906691,01:38:53.906792,01:38:53.866836
40,safe,01:38:56.500683,01:38:56.500683,01:38:56.501076,01:38:56.501076,01:38:56.502260,01:38:56.502260,01:38:56.503969,01:38:56.503969,01:38:56.513072,01:38:56.513094,01:38:56.526012,01:38:56.544979,01:38:57.425347,01:38:56.531252,01:38:56.536010,01:38:56.536026,01:38:56.540987,01:38:56.541309,01:38:56.541415,01:38:56.501696
40,safe,01:38:59.106105,01:38:59.106105,01:38:59.106491,01:38:59.106491,01:38:59.107698,01:38:59.107698,01:38:59.109064,01:38:59.109064,01:38:59.120524,01:38:59.120550,01:38:59.134497,01:38:59.153855,01:38:59.588045,01:38:59.139897,01:38:59.144676,01:38:59.144695,01:38:59.150035,01:38:59.146560,01:38:59.146692,01:38:59.107139
40,safe,01:39:04.228210,01:39:04.228210,01:39:04.228597,01:39:04.228597,01:39:04.229829,01:39:04.229829,01:39:04.231932,01:39:04.231932,01:39:04.242061,01:39:04.242085,01:39:04.255452,01:39:04.274978,01:39:05.184369,01:39:04.260791,01:39:04.265979,01:39:04.266004,01:39:04.271117,01:39:04.290243,01:39:04.290416,01:39:04.229264
40,safe,01:39:06.860062,01:39:06.860062,01:39:06.860386,01:39:06.860386,01:39:06.861456,01:39:06.861456,01:39:06.862850,01:39:06.862850,01:39:06.872156,01:39:06.872178,01:39:06.885021,01:39:06.903878,01:39:07.782311,01:39:06.890475,01:39:06.895188,01:39:06.895204,01:39:06.900200,01:39:06.900629,01:39:06.900770,01:39:06.860924
40,safe,01:39:09.458247,01:39:09.458247,01:39:09.458676,01:39:09.458676,01:39:09.460171,01:39:09.460171,01:39:09.461622,01:39:09.461622,01:39:09.471432,01:39:09.471455,01:39:09.484083,01:39:09.503797,01:39:09.948208,01:39:09.489851,01:39:09.494937,01:39:09.494961,01:39:09.499918,01:39:09.498522,01:39:09.498638,01:39:09.459327
40,safe,01:39:14.149720,01:39:14.149720,01:39:14.150137,01:39:14.150137,01:39:14.151267,01:39:14.151267,01:39:14.152498,01:39:14.152498,01:39:14.161861,01:39:14.161883,01:39:14.174882,01:39:14.194199,01:39:15.100951,01:39:14.180234,01:39:14.185076,01:39:14.185091,01:39:14.190438,01:39:14.190324,01:39:14.190439,01:39:14.150762
40,safe,01:39:16.789480,01:39:16.789480,01:39:16.789849,01:39:16.789849,01:39:16.791000,01:39:16.791000,01:39:16.792372,01:39:16.792372,01:39:16.801451,01:39:16.801472,01:39:16.814358,01:39:16.834094,01:39:17.714694,01:39:16.819948,01:39:16.825056,01:39:16.825079,01:39:16.830188,01:39:16.830443,01:39:16.830601,01:39:16.790458
40,safe,01:39:19.394321,01:39:19.394321,01:39:19.394804,01:39:19.394804,01:39:19.396059,01:39:19.396059,01:39:19.397464,01:39:19.397464,01:39:19.406801,01:39:19.406820,01:39:19.419877,01:39:19.438519,01:39:20.329653,01:39:19.425128,01:39:19.429654,01:39:19.429671,01:39:19.434417,01:39:19.434802,01:39:19.434910,01:39:19.395501
40,leak,01:39:22.004671,01:39:22.004671,01:39:22.005015,01:39:22.005015,01:39:22.006165,01:39:22.006165,01:39:22.007527,01:39:22.007527,01:39:22.017172,01:39:22.017195,01:39:22.031460,01:39:22.050547,01:39:22.487066,01:39:22.036823,01:39:22.041521,01:39:22.041537,01:39:22.046664,01:39:22.045416,01:39:22.045560,01:39:22.005627
40,safe,01:39:25.383099,01:39:25.383099,01:39:25.383419,01:39:25.383419,01:39:25.384581,01:39:25.384581,01:39:25.386342,01:39:25.386342,01:39:25.396558,01:39:25.396582,01:39:25.418007,01:39:25.437393,01:39:25.899381,01:39:25.423277,01:39:25.428504,01:39:25.428528,01:39:25.433625,01:39:25.424008,01:39:25.424128,01:39:25.384019
40,safe,01:39:30.523949,01:39:30.523949,01:39:30.524325,01:39:30.524325,01:39:30.525666,01:39:30.525666,01:39:30.528083,01:39:30.528083,01:39:30.537905,01:39:30.537929,01:39:30.551436,01:39:30.571263,01:39:31.037878,01:39:30.556843,01:39:30.562030,01:39:30.562060,01:39:30.567256,01:39:30.565153,01:39:30.565298,01:39:30.524907
40,safe,01:39:35.659089,01:39:35.659089,01:39:35.659515,01:39:35.659515,01:39:35.660642,01:39:35.660642,01:39:35.662790,01:39:35.662790,01:39:35.671997,01:39:35.672020,01:39:35.685813,01:39:35.704211,01:39:36.615907,01:39:35.690961,01:39:35.695480,01:39:35.695496,01:39:35.700186,01:39:35.724979,01:39:35.725184,01:39:35.660142
40,safe,01:39:38.295131,01:39:38.295131,01:39:38.295455,01:39:38.295455,01:39:38.296658,01:39:38.296658,01:39:38.298193,01:39:38.298193,01:39:38.308200,01:39:38.308222,01:39:38.322566,01:39:38.342644,01:39:38.778223,01:39:38.328284,01:39:38.332960,01:39:38.332983,01:39:38.338664,01:39:38.336493,01:39:38.336628,01:39:38.296033
40,safe,01:39:43.145361,01:39:43.145361,01:39:43.145855,01:39:43.145855,01:39:43.147085,01:39:43.147085,01:39:43.148857,01:39:43.148857,01:39:43.158604,01:39:43.158627,01:39:43.171354,01:39:43.189699,01:39:44.097272,01:39:43.176818,01:39:43.181381,01:39:43.181397,01:39:43.186000,01:39:43.186358,01:39:43.186521,01:39:43.146540
40,safe,01:39:45.774530,01:39:45.774530,01:39:45.774867,01:39:45.774867,01:39:45.775962,01:39:45.775962,01:39:45.777353,01:39:45.777353,01:39:45.786453,01:39:45.786472,01:39:45.799816,01:39:45.819315,01:39:46.700499,01:39:45.805465,01:39:45.810306,01:39:45.810325,01:39:45.815284,01:39:45.815053,01:39:45.815154,01:39:45.775455
40,safe,01:39:48.376633,01:39:48.376633,01:39:48.377013,01:39:48.377013,01:39:48.378140,01:39:48.378140,01:39:48.379445,01:39:48.379445,01:39:48.388742,01:39:48.388766,01:39:48.402319,01:39:48.421996,01:39:49.301783,01:39:48.407841,01:39:48.412886,01:39:48.412907,01:39:48.417820,01:39:48.417429,01:39:48.417558,01:39:48.377666
40,safe,01:39:50.993393,01:39:50.993393,01:39:50.993783,01:39:50.993783,01:39:50.994895,01:39:50.994895,01:39:50.996635,01:39:50.996635,01:39:51.005688,01:39:51.005707,01:39:51.019056,01:39:51.039422,01:39:51.473954,01:39:51.024849,01:39:51.030018,01:39:51.030034,01:39:51.035181,01:39:51.033971,01:39:51.034098,01:39:50.994412
40,safe,01:39:55.959058,01:39:55.959058,01:39:55.959391,01:39:55.959391,01:39:55.960591,01:39:55.960591,01:39:55.962103,01:39:55.962103,01:39:55.971173,01:39:55.971195,01:39:55.984692,01:39:56.003756,01:39:56.910516,01:39:55.989951,01:39:55.994700,01:39:55.994716,01:39:55.999611,01:39:55.999473,01:39:55.999588,01:39:55.960013
40,safe,01:39:58.585426,01:39:58.585426,01:39:58.585839,01:39:58.585839,01:39:58.587341,01:39:58.587341,01:39:58.588746,01:39:58.588746,01:39:58.597871,01:39:58.597895,01:39:58.611985,01:39:58.632155,01:39:59.066851,01:39:58.617840,01:39:58.623067,01:39:58.623086,01:39:58.628010,01:39:58.625908,01:39:58.626026,01:39:58.586495
40,safe,01:40:03.747922,01:40:03.747922,01:40:03.748328,01:40:03.748328,01:40:03.749503,01:40:03.749503,01:40:03.751547,01:40:03.751547,01:40:03.760822,01:40:03.760844,01:40:03.773412,01:40:03.791969,01:40:04.699415,01:40:03.778779,01:40:03.783171,01:40:03.783186,01:40:03.787840,01:40:03.789258,01:40:03.789364,01:40:03.748942
40,safe,01:40:06.378416,01:40:06.378416,01:40:06.378814,01:40:06.378814,01:40:06.380022,01:40:06.380022,01:40:06.381554,01:40:06.381554,01:40:06.391496,01:40:06.391520,01:40:06.405395,01:40:06.425738,01:40:06.862221,01:40:06.411121,01:40:06.416575,01:40:06.416602,01:40:06.421696,01:40:06.419069,01:40:06.419196,01:40:06.379443
40,leak,01:40:10.866455,01:40:10.866455,01:40:10.866768,01:40:10.866768,01:40:10.868199,01:40:10.868199,01:40:10.869645,01:40:10.869645,01:40:10.879304,01:40:10.879325,01:40:10.900716,01:40:10.919469,01:40:11.384230,01:40:10.905965,01:40:10.910698,01:40:10.910714,01:40:10.915581,01:40:10.907504,01:40:10.907620,01:40:10.867361
40,safe,01:40:14.338106,01:40:14.338106,01:40:14.338495,01:40:14.338495,01:40:14.339656,01:40:14.339656,01:40:14.341016,01:40:14.341016,01:40:14.350384,01:40:14.350403,01:40:14.363737,01:40:14.382580,01:40:15.288810,01:40:14.369059,01:40:14.373524,01:40:14.373540,01:40:14.378556,01:40:14.378547,01:40:14.378649,01:40:14.339106
40,leak,01:40:16.965290,01:40:16.965290,01:40:16.965648,01:40:16.965648,01:40:16.966741,01:40:16.966741,01:40:16.968291,01:40:16.968291,01:40:16.977382,01:40:16.977404,01:40:16.991625,01:40:17.011860,01:40:17.448303,01:40:16.997261,01:40:17.001899,01:40:17.001923,01:40:17.007357,01:40:17.005965,01:40:17.006096,01:40:16.966207
40,safe,01:40:19.867908,01:40:19.867908,01:40:19.868587,01:40:19.868587,01:40:19.870344,01:40:19.870344,01:40:19.871968,01:40:19.871968,01:40:19.884783,01:40:19.884836,01:40:19.907954,01:40:19.939264,01:40:20.413583,01:40:19.918409,01:40:19.926659,01:40:19.926690,01:40:19.933715,01:40:19.908380,01:40:19.908527,01:40:19.869661
40,safe,01:40:25.057081,01:40:25.057081,01:40:25.057415,01:40:25.057415,01:40:25.058558,01:40:25.058558,01:40:25.060539,01:40:25.060539,01:40:25.069614,01:40:25.069635,01:40:25.082694,01:40:25.102621,01:40:26.014591,01:40:25.088329,01:40:25.093455,01:40:25.093475,01:40:25.098627,01:40:25.108468,01:40:25.108617,01:40:25.058066
40,leak,01:40:27.696136,01:40:27.696136,01:40:27.696549,01:40:27.696549,01:40:27.697701,01:40:27.697701,01:40:27.699076,01:40:27.699076,01:40:27.708931,01:40:27.708949,01:40:27.722971,01:40:27.741881,01:40:28.177958,01:40:27.728246,01:40:27.733032,01:40:27.733048,01:40:27.737762,01:40:27.736474,01:40:27.736591,01:40:27.697138
40,safe,01:40:31.050895,01:40:31.050895,01:40:31.051264,01:40:31.051264,01:40:31.052529,01:40:31.052529,01:40:31.054114,01:40:31.054114,01:40:31.070087,01:40:31.070110,01:40:31.085009,01:40:31.103665,01:40:31.566358,01:40:31.090281,01:40:31.095035,01:40:31.095056,01:40:31.099897,01:40:31.091900,01:40:31.092049,01:40:31.051903
40,safe,01:40:35.936097,01:40:35.936097,01:40:35.936462,01:40:35.936462,01:40:35.937665,01:40:35.937665,01:40:35.939123,01:40:35.939123,01:40:35.948677,01:40:35.948702,01:40:35.961775,01:40:35.980808,01:40:36.888015,01:40:35.967045,01:40:35.971890,01:40:35.971907,01:40:35.976946,01:40:35.976731,01:40:35.976850,01:40:35.937069
40,safe,01:40:38.569093,01:40:38.569093,01:40:38.569470,01:40:38.569470,01:40:38.570616,01:40:38.570616,01:40:38.572420,01:40:38.572420,01:40:38.581721,01:40:38.581744,01:40:38.594654,01:40:38.614268,01:40:39.493770,01:40:38.600443,01:40:38.605405,01:40:38.605421,01:40:38.610244,01:40:38.609909,01:40:38.610007,01:40:38.570086
40,safe,01:40:41.184800,01:40:41.184800,01:40:41.185176,01:40:41.185176,01:40:41.186273,01:40:41.186273,01:40:41.187623,01:40:41.187623,01:40:41.196584,01:40:41.196605,01:40:41.209523,01:40:41.228794,01:40:42.110338,01:40:41.215135,01:40:41.220033,01:40:41.220054,01:40:41.224804,01:40:41.225570,01:40:41.225674,01:40:41.185784
40,safe,01:40:43.790935,01:40:43.790935,01:40:43.791351,01:40:43.791351,01:40:43.792523,01:40:43.792523,01:40:43.793953,01:40:43.793953,01:40:43.802970,01:40:43.802992,01:40:43.815749,01:40:43.834514,01:40:44.713708,01:40:43.821062,01:40:43.826012,01:40:43.826031,01:40:43.830819,01:40:43.831600,01:40:43.831725,01:40:43.791983
40,safe,01:40:46.343950,01:40:46.343950,01:40:46.344357,01:40:46.344357,01:40:46.345534,01:40:46.345534,01:40:46.346936,01:40:46.346936,01:40:46.356411,01:40:46.356435,01:40:46.369387,01:40:46.389418,01:40:46.825742,01:40:46.375316,01:40:46.380353,01:40:46.380377,01:40:46.385514,01:40:46.384532,01:40:46.384651,01:40:46.344981
60,safe,01:40:51.030136,01:40:51.030136,01:40:51.030547,01:40:51.030547,01:40:51.031721,01:40:51.031721,01:40:51.033211,01:40:51.033211,01:40:51.042356,01:40:51.042381,01:40:51.063166,01:40:51.082570,01:40:51.991074,01:40:51.068645,01:40:51.073610,01:40:51.073635,01:40:51.078757,01:40:51.091123,01:40:51.091320,01:40:51.031214
60,safe,01:40:53.668840,01:40:53.668840,01:40:53.669199,01:40:53.669199,01:40:53.670264,01:40:53.670264,01:40:53.671572,01:40:53.671572,01:40:53.680873,01:40:53.680896,01:40:53.694783,01:40:53.713802,01:40:54.599463,01:40:53.700026,01:40:53.704672,01:40:53.704688,01:40:53.710075,01:40:53.729439,01:40:53.729605,01:40:53.669796
60,safe,01:40:56.278772,01:40:56.278772,01:40:56.279193,01:40:56.279193,01:40:56.280478,01:40:56.280478,01:40:56.282147,01:40:56.282147,01:40:56.292437,01:40:56.292460,01:40:56.305808,01:40:56.326223,01:40:57.207703,01:40:56.311111,01:40:56.315463,01:40:56.315478,01:40:56.320427,01:40:56.339739,01:40:56.339892,01:40:56.279880
60,safe,01:40:58.887055,01:40:58.887055,01:40:58.887418,01:40:58.887418,01:40:58.888615,01:40:58.888615,01:40:58.890135,01:40:58.890135,01:40:58.899063,01:40:58.899082,01:40:58.912672,01:40:58.931837,01:40:59.813261,01:40:58.918070,01:40:58.923006,01:40:58.923022,01:40:58.927821,01:40:58.947563,01:40:58.947792,01:40:58.888022
60,safe,01:41:01.499481,01:41:01.499481,01:41:01.499871,01:41:01.499871,01:41:01.500934,01:41:01.500934,01:41:01.502306,01:41:01.502306,01:41:01.511890,01:41:01.511913,01:41:01.524946,01:41:01.544504,01:41:02.424419,01:41:01.530190,01:41:01.535176,01:41:01.535192,01:41:01.540335,01:41:01.560432,01:41:01.560597,01:41:01.500458
60,safe,01:41:04.109618,01:41:04.109618,01:41:04.110040,01:41:04.110040,01:41:04.111395,01:41:04.111395,01:41:04.113165,01:41:04.113165,01:41:04.122173,01:41:04.122192,01:41:04.134925,01:41:04.153443,01:41:05.035410,01:41:04.140135,01:41:04.144652,01:41:04.144668,01:41:04.149755,01:41:04.170206,01:41:04.170406,01:41:04.110796
60,safe,01:41:06.725064,01:41:06.725064,01:41:06.725407,01:41:06.725407,01:41:06.726648,01:41:06.726648,01:41:06.728281,01:41:06.728281,01:41:06.738076,01:41:06.738094,01:41:06.750993,01:41:06.770035,01:41:07.648241,01:41:06.756218,01:41:06.760901,01:41:06.760920,01:41:06.765930,01:41:06.785773,01:41:06.785932,01:41:06.726091
60,safe,01:41:09.324973,01:41:09.324973,01:41:09.325369,01:41:09.325369,01:41:09.326512,01:41:09.326512,01:41:09.328238,01:41:09.328238,01:41:09.337817,01:41:09.337838,01:41:09.350796,01:41:09.369458,01:41:10.257967,01:41:09.356061,01:41:09.360783,01:41:09.360803,01:41:09.365808,01:41:09.385787,01:41:09.385961,01:41:09.326000
60,safe,01:41:11.935372,01:41:11.935372,01:41:11.935740,01:41:11.935740,01:41:11.937000,01:41:11.937000,01:41:11.938737,01:41:11.938737,01:41:11.948949,01:41:11.949001,01:41:11.964200,01:41:11.985912,01:41:12.865765,01:41:11.970078,01:41:11.975577,01:41:11.975594,01:41:11.980927,01:41:11.996478,01:41:11.996645,01:41:11.936409
60,safe,01:41:14.545168,01:41:14.545168,01:41:14.545608,01:41:14.545608,01:41:14.546753,01:41:14.546753,01:41:14.548104,01:41:14.548104,01:41:14.557149,01:41:14.557172,01:41:14.570888,01:41:14.589823,01:41:15.469701,01:41:14.576021,01:41:14.580919,01:41:14.580945,01:41:14.586071,01:41:14.605751,01:41:14.605907,01:41:14.546213
60,safe,01:41:17.153822,01:41:17.153822,01:41:17.154201,01:41:17.154201,01:41:17.155505,01:41:17.155505,01:41:17.156925,01:41:17.156925,01:41:17.166828,01:41:17.166848,01:41:17.179794,01:41:17.198851,01:41:18.077626,01:41:17.185337,01:41:17.189922,01:41:17.189939,01:41:17.194788,01:41:17.214437,01:41:17.214599,01:41:17.154927
60,safe,01:41:19.753916,01:41:19.753916,01:41:19.754255,01:41:19.754255,01:41:19.755393,01:41:19.755393,01:41:19.756840,01:41:19.756840,01:41:19.766126,01:41:19.766149,01:41:19.779879,01:41:19.801042,01:41:20.689668,01:41:19.785541,01:41:19.791152,01:41:19.791170,01:41:19.796638,01:41:19.814952,01:41:19.815125,01:41:19.754820
60,safe,01:41:22.417232,01:41:22.417232,01:41:22.417694,01:41:22.417694,01:41:22.418928,01:41:22.418928,01:41:22.420424,01:41:22.420424,01:41:22.429762,01:41:22.429785,01:41:22.449850,01:41:22.469450,01:41:23.349430,01:41:22.455300,01:41:22.460203,01:41:22.460222,01:41:22.464935,01:41:22.477995,01:41:22.478139,01:41:22.418372
60,safe,01:41:25.032388,01:41:25.032388,01:41:25.032737,01:41:25.032737,01:41:25.033957,01:41:25.033957,01:41:25.035393,01:41:25.035393,01:41:25.046695,01:41:25.046718,01:41:25.060480,01:41:25.079405,01:41:25.959274,01:41:25.065916,01:41:25.070631,01:41:25.070647,01:41:25.075542,01:41:25.093309,01:41:25.093472,01:41:25.033441
60,safe,01:41:27.642942,01:41:27.642942,01:41:27.643308,01:41:27.643308,01:41:27.644506,01:41:27.644506,01:41:27.646169,01:41:27.646169,01:41:27.657670,01:41:27.657693,01:41:27.671227,01:41:27.689797,01:41:28.568737,01:41:27.676418,01:41:27.680962,01:41:27.680978,01:41:27.685753,01:41:27.703760,01:41:27.703920,01:41:27.643982
60,safe,01:41:30.280554,01:41:30.280554,01:41:30.280943,01:41:30.280943,01:41:30.282180,01:41:30.282180,01:41:30.283626,01:41:30.283626,01:41:30.292758,01:41:30.292777,01:41:30.305551,01:41:30.324551,01:41:31.204183,01:41:30.310859,01:41:30.315399,01:41:30.315415,01:41:30.320185,01:41:30.341392,01:41:30.341567,01:41:30.281620
60,safe,01:41:32.893175,01:41:32.893175,01:41:32.893593,01:41:32.893593,01:41:32.894737,01:41:32.894737,01:41:32.896033,01:41:32.896033,01:41:32.905702,01:41:32.905725,01:41:32.919407,01:41:32.938024,01:41:33.816450,01:41:32.924607,01:41:32.929075,01:41:32.929094,01:41:32.934254,01:41:32.953791,01:41:32.953952,01:41:32.894244
60,safe,01:41:35.498503,01:41:35.498503,01:41:35.498905,01:41:35.498905,01:41:35.500006,01:41:35.500006,01:41:35.501438,01:41:35.501438,01:41:35.510540,01:41:35.510558,01:41:35.523260,01:41:35.541999,01:41:36.423229,01:41:35.528742,01:41:35.533223,01:41:35.533239,01:41:35.538052,01:41:35.559674,01:41:35.559834,01:41:35.499516
60,safe,01:41:38.101204,01:41:38.101204,01:41:38.101563,01:41:38.101563,01:41:38.102704,01:41:38.102704,01:41:38.104394,01:41:38.104394,01:41:38.113869,01:41:38.113896,01:41:38.126586,01:41:38.146551,01:41:39.025721,01:41:38.132290,01:41:38.137315,01:41:38.137331,01:41:38.142663,01:41:38.162086,01:41:38.162277,01:41:38.102177
60,safe,01:41:40.722791,01:41:40.722791,01:41:40.723141,01:41:40.723141,01:41:40.724319,01:41:40.724319,01:41:40.725644,01:41:40.725644,01:41:40.735538,01:41:40.735560,01:41:40.748573,01:41:40.768309,01:41:41.647941,01:41:40.754252,01:41:40.758974,01:41:40.758990,01:41:40.764079,01:41:40.783628,01:41:40.783795,01:41:40.723765
60,safe,01:41:43.333625,01:41:43.333625,01:41:43.334003,01:41:43.334003,01:41:43.335172,01:41:43.335172,01:41:43.336659,01:41:43.336659,01:41:43.346421,01:41:43.346447,01:41:43.359337,01:41:43.378690,01:41:44.257376,01:41:43.364849,01:41:43.369747,01:41:43.369765,01:41:43.374645,01:41:43.394188,01:41:43.394355,01:41:43.334627
60,safe,01:41:45.938081,01:41:45.938081,01:41:45.938497,01:41:45.938497,01:41:45.939704,01:41:45.939704,01:41:45.941153,01:41:45.941153,01:41:45.950322,01:41:45.950345,01:41:45.963598,01:41:45.982253,01:41:46.862206,01:41:45.969001,01:41:45.973461,01:41:45.973476,01:41:45.978125,01:41:45.998811,01:41:45.998979,01:41:45.939201
60,safe,01:41:48.540604,01:41:48.540604,01:41:48.541027,01:41:48.541027,01:41:48.542276,01:41:48.542276,01:41:48.543686,01:41:48.543686,01:41:48.553686,01:41:48.553709,01:41:48.566643,01:41:48.585874,01:41:49.465667,01:41:48.571863,01:41:48.576666,01:41:48.576685,01:41:48.581537,01:41:48.600957,01:41:48.601119,01:41:48.541660
60,safe,01:41:51.157014,01:41:51.157014,01:41:51.157399,01:41:51.157399,01:41:51.158739,01:41:51.158739,01:41:51.160165,01:41:51.160165,01:41:51.169196,01:41:51.169215,01:41:51.181984,01:41:51.200992,01:41:52.082309,01:41:51.187144,01:41:51.192084,01:41:51.192103,01:41:51.197212,01:41:51.217904,01:41:51.218076,01:41:51.158119
60,safe,01:41:53.762336,01:41:53.762336,01:41:53.762711,01:41:53.762711,01:41:53.763942,01:41:53.763942,01:41:53.765365,01:41:53.765365,01:41:53.774384,01:41:53.774406,01:41:53.794798,01:41:53.813833,01:41:54.692357,01:41:53.800278,01:41:53.804813,01:41:53.804831,01:41:53.809575,01:41:53.823038,01:41:53.823194,01:41:53.763338
60,safe,01:41:56.376163,01:41:56.376163,01:41:56.376546,01:41:56.376546,01:41:56.377687,01:41:56.377687,01:41:56.379253,01:41:56.379253,01:41:56.389243,01:41:56.389266,01:41:56.402490,01:41:56.421572,01:41:57.302352,01:41:56.407789,01:41:56.412961,01:41:56.412977,01:41:56.417814,01:41:56.436822,01:41:56.436998,01:41:56.377131
60,safe,01:41:58.986593,01:41:58.986593,01:41:58.986980,01:41:58.986980,01:41:58.988130,01:41:58.988130,01:41:58.989508,01:41:58.989508,01:41:58.998575,01:41:58.998603,01:41:59.011853,01:41:59.033038,01:41:59.913029,01:41:59.017590,01:41:59.022824,01:41:59.022851,01:41:59.028667,01:41:59.047636,01:41:59.047812,01:41:58.987602
60,safe,01:42:01.611957,01:42:01.611957,01:42:01.612355,01:42:01.612355,01:42:01.613599,01:42:01.613599,01:42:01.614960,01:42:01.614960,01:42:01.624205,01:42:01.624228,01:42:01.637939,01:42:01.656868,01:42:02.538113,01:42:01.643447,01:42:01.648379,01:42:01.648400,01:42:01.653192,01:42:01.672512,01:42:01.672681,01:42:01.613023
60,safe,01:42:04.219166,01:42:04.219166,01:42:04.219553,01:42:04.219553,01:42:04.221027,01:42:04.221027,01:42:04.222626,01:42:04.222626,01:42:04.231727,01:42:04.231752,01:42:04.244605,01:42:04.262899,01:42:05.143769,01:42:04.249880,01:42:04.254457,01:42:04.254474,01:42:04.259152,01:42:04.279879,01:42:04.280044,01:42:04.220187
60,safe,01:42:06.828691,01:42:06.828691,01:42:06.829090,01:42:06.829090,01:42:06.830270,01:42:06.830270,01:42:06.831731,01:42:06.831731,01:42:06.840782,01:42:06.840808,01:42:06.853991,01:42:06.873250,01:42:07.753446,01:42:06.859236,01:42:06.864226,01:42:06.864249,01:42:06.869433,01:42:06.889423,01:42:06.889584,01:42:06.829717
60,safe,01:42:09.437535,01:42:09.437535,01:42:09.437922,01:42:09.437922,01:42:09.439144,01:42:09.439144,01:42:09.440741,01:42:09.440741,01:42:09.449813,01:42:09.449837,01:42:09.462821,01:42:09.482404,01:42:10.369659,01:42:09.468359,01:42:09.473253,01:42:09.473271,01:42:09.478131,01:42:09.498555,01:42:09.498725,01:42:09.438565
60,safe,01:42:12.050100,01:42:12.050100,01:42:12.050533,01:42:12.050533,01:42:12.051994,01:42:12.051994,01:42:12.053435,01:42:12.053435,01:42:12.063599,01:42:12.063628,01:42:12.077543,01:42:12.096662,01:42:12.980975,01:42:12.082793,01:42:12.087603,01:42:12.087619,01:42:12.092800,01:42:12.110751,01:42:12.111007,01:42:12.051387
60,safe,01:42:14.662271,01:42:14.662271,01:42:14.662661,01:42:14.662661,01:42:14.663936,01:42:14.663936,01:42:14.665409,01:42:14.665409,01:42:14.674429,01:42:14.674452,01:42:14.687791,01:42:14.706998,01:42:15.586905,01:42:14.693304,01:42:14.698505,01:42:14.698522,01:42:14.703354,01:42:14.723111,01:42:14.723268,01:42:14.663340
60,safe,01:42:17.269268,01:42:17.269268,01:42:17.269657,01:42:17.269657,01:42:17.270931,01:42:17.270931,01:42:17.272371,01:42:17.272371,01:42:17.282399,01:42:17.282423,01:42:17.295934,01:42:17.314808,01:42:18.195252,01:42:17.301510,01:42:17.306278,01:42:17.306295,01:42:17.311129,01:42:17.329935,01:42:17.330092,01:42:17.270313
60,safe,01:42:19.828535,01:42:19.828535,01:42:19.829069,01:42:19.829069,01:42:19.830471,01:42:19.830471,01:42:19.831877,01:42:19.831877,01:42:19.845546,01:42:19.845590,01:42:19.859149,01:42:19.882678,01:42:20.769907,01:42:19.865327,01:42:19.870939,01:42:19.870964,01:42:19.877877,01:42:19.889275,01:42:19.889404,01:42:19.829917
60,safe,01:42:22.457186,01:42:22.457186,01:42:22.457506,01:42:22.457506,01:42:22.458653,01:42:22.458653,01:42:22.460077,01:42:22.460077,01:42:22.469060,01:42:22.469084,01:42:22.481995,01:42:22.501815,01:42:23.382374,01:42:22.487626,01:42:22.492561,01:42:22.492578,01:42:22.497772,01:42:22.518017,01:42:22.518197,01:42:22.458111
60,safe,01:42:25.071830,01:42:25.071830,01:42:25.072161,01:42:25.072161,01:42:25.073662,01:42:25.073662,01:42:25.075250,01:42:25.075250,01:42:25.085893,01:42:25.085923,01:42:25.106728,01:42:25.125437,01:42:26.004799,01:42:25.112345,01:42:25.116874,01:42:25.116890,01:42:25.121625,01:42:25.132465,01:42:25.132604,01:42:25.072757
60,safe,01:42:27.640972,01:42:27.640972,01:42:27.641331,01:42:27.641331,01:42:27.642460,01:42:27.642460,01:42:27.643845,01:42:27.643845,01:42:27.655339,01:42:27.655358,01:42:27.668634,01:42:27.688293,01:42:28.568444,01:42:27.674013,01:42:27.678777,01:42:27.678795,01:42:27.683899,01:42:27.702042,01:42:27.702223,01:42:27.641941
60,safe,01:42:30.258283,01:42:30.258283,01:42:30.258951,01:42:30.258951,01:42:30.260325,01:42:30.260325,01:42:30.261779,01:42:30.261779,01:42:30.270990,01:42:30.271015,01:42:30.284550,01:42:30.304707,01:42:31.183996,01:42:30.289954,01:42:30.295017,01:42:30.295038,01:42:30.300675,01:42:30.319106,01:42:30.319260,01:42:30.259675
60,safe,01:42:32.871636,01:42:32.871636,01:42:32.872034,01:42:32.872034,01:42:32.873124,01:42:32.873124,01:42:32.874582,01:42:32.874582,01:42:32.884185,01:42:32.884207,01:42:32.897205,01:42:32.916203,01:42:33.794390,01:42:32.902760,01:42:32.907734,01:42:32.907755,01:42:32.912503,01:42:32.932423,01:42:32.932578,01:42:32.872600
60,safe,01:42:35.484010,01:42:35.484010,01:42:35.484363,01:42:35.484363,01:42:35.485584,01:42:35.485584,01:42:35.487007,01:42:35.487007,01:42:35.496033,01:42:35.496058,01:42:35.509219,01:42:35.528766,01:42:36.407801,01:42:35.514843,01:42:35.519740,01:42:35.519759,01:42:35.524583,01:42:35.544858,01:42:35.545028,01:42:35.484963
60,safe,01:42:38.099985,01:42:38.099985,01:42:38.100405,01:42:38.100405,01:42:38.101980,01:42:38.101980,01:42:38.103676,01:42:38.103676,01:42:38.127594,01:42:38.127631,01:42:38.142405,01:42:38.162104,01:42:39.042123,01:42:38.148354,01:42:38.153378,01:42:38.153401,01:42:38.158372,01:42:38.160580,01:42:38.160716,01:42:38.101198
60,safe,01:42:40.738237,01:42:40.738237,01:42:40.738600,01:42:40.738600,01:42:40.739669,01:42:40.739669,01:42:40.740997,01:42:40.740997,01:42:40.750270,01:42:40.750292,01:42:40.765015,01:42:40.784423,01:42:41.664344,01:42:40.770990,01:42:40.775683,01:42:40.775699,01:42:40.780748,01:42:40.798835,01:42:40.798996,01:42:40.739179
60,safe,01:42:43.345932,01:42:43.345932,01:42:43.346336,01:42:43.346336,01:42:43.347532,01:42:43.347532,01:42:43.348801,01:42:43.348801,01:42:43.358335,01:42:43.358354,01:42:43.371116,01:42:43.390072,01:42:44.269485,01:42:43.376404,01:42:43.381027,01:42:43.381047,01:42:43.385945,01:42:43.406598,01:42:43.406754,01:42:43.346957
60,safe,01:42:45.954705,01:42:45.954705,01:42:45.955029,01:42:45.955029,01:42:45.956089,01:42:45.956089,01:42:45.957424,01:42:45.957424,01:42:45.966596,01:42:45.966622,01:42:45.979291,01:42:45.999313,01:42:46.878571,01:42:45.984948,01:42:45.989852,01:42:45.989875,01:42:45.994903,01:42:46.014701,01:42:46.014952,01:42:45.955605
60,safe,01:42:48.490093,01:42:48.490093,01:42:48.490469,01:42:48.490469,01:42:48.491683,01:42:48.491683,01:42:48.493534,01:42:48.493534,01:42:48.503659,01:42:48.503684,01:42:48.517683,01:42:48.537710,01:42:49.417165,01:42:48.523440,01:42:48.528741,01:42:48.528766,01:42:48.533779,01:42:48.551100,01:42:48.551266,01:42:48.491126
60,safe,01:42:51.109257,01:42:51.109257,01:42:51.109618,01:42:51.109618,01:42:51.110734,01:42:51.110734,01:42:51.112149,01:42:51.112149,01:42:51.121242,01:42:51.121268,01:42:51.134115,01:42:51.152965,01:42:52.032504,01:42:51.139370,01:42:51.143994,01:42:51.144009,01:42:51.149158,01:42:51.169938,01:42:51.170095,01:42:51.110239
60,safe,01:42:53.716318,01:42:53.716318,01:42:53.716724,01:42:53.716724,01:42:53.717931,01:42:53.717931,01:42:53.719457,01:42:53.719457,01:42:53.728614,01:42:53.728637,01:42:53.742000,01:42:53.761032,01:42:54.641456,01:42:53.747589,01:42:53.752525,01:42:53.752541,01:42:53.757317,01:42:53.776958,01:42:53.777108,01:42:53.717384
60,safe,01:42:56.330401,01:42:56.330401,01:42:56.330726,01:42:56.330726,01:42:56.332157,01:42:56.332157,01:42:56.333623,01:42:56.333623,01:42:56.342692,01:42:56.342715,01:42:56.364833,01:42:56.384193,01:42:57.263752,01:42:56.370310,01:42:56.375330,01:42:56.375352,01:42:56.380408,01:42:56.391128,01:42:56.391264,01:42:56.331299
60,safe,01:42:58.946034,01:42:58.946034,01:42:58.946366,01:42:58.946366,01:42:58.947508,01:42:58.947508,01:42:58.949189,01:42:58.949189,01:42:58.959643,01:42:58.959669,01:42:58.973908,01:42:58.994105,01:42:59.874694,01:42:58.979356,01:42:58.984674,01:42:58.984697,01:42:58.989897,01:42:59.006750,01:42:59.006922,01:42:58.946957
60,safe,01:43:01.582012,01:43:01.582012,01:43:01.582375,01:43:01.582375,01:43:01.583559,01:43:01.583559,01:43:01.584993,01:43:01.584993,01:43:01.594602,01:43:01.594624,01:43:01.607482,01:43:01.626714,01:43:02.509194,01:43:01.612793,01:43:01.617741,01:43:01.617761,01:43:01.622640,01:43:01.643016,01:43:01.643194,01:43:01.582995
60,safe,01:43:04.191622,01:43:04.191622,01:43:04.192005,01:43:04.192005,01:43:04.193160,01:43:04.193160,01:43:04.194351,01:43:04.194351,01:43:04.203466,01:43:04.203489,01:43:04.216413,01:43:04.235037,01:43:05.114737,01:43:04.221622,01:43:04.226369,01:43:04.226389,01:43:04.231410,01:43:04.252713,01:43:04.252876,01:43:04.192682
60,safe,01:43:06.809261,01:43:06.809261,01:43:06.809621,01:43:06.809621,01:43:06.810747,01:43:06.810747,01:43:06.812128,01:43:06.812128,01:43:06.822199,01:43:06.822221,01:43:06.835300,01:43:06.854149,01:43:07.733385,01:43:06.840507,01:43:06.845360,01:43:06.845380,01:43:06.850461,01:43:06.869848,01:43:06.870021,01:43:06.810188
60,safe,01:43:09.420248,01:43:09.420248,01:43:09.420601,01:43:09.420601,01:43:09.421793,01:43:09.421793,01:43:09.423204,01:43:09.423204,01:43:09.432306,01:43:09.432331,01:43:09.446319,01:43:09.465384,01:43:10.354842,01:43:09.451563,01:43:09.456284,01:43:09.456303,01:43:09.461380,01:43:09.481110,01:43:09.481281,01:43:09.421220
60,safe,01:43:12.041824,01:43:12.041824,01:43:12.042325,01:43:12.042325,01:43:12.043856,01:43:12.043856,01:43:12.045573,01:43:12.045573,01:43:12.055540,01:43:12.055589,01:43:12.070828,01:43:12.092066,01:43:12.974548,01:43:12.077132,01:43:12.082542,01:43:12.082566,01:43:12.087993,01:43:12.102678,01:43:12.102844,01:43:12.043235
60,safe,01:43:14.663696,01:43:14.663696,01:43:14.664068,01:43:14.664068,01:43:14.665322,01:43:14.665322,01:43:14.666873,01:43:14.666873,01:43:14.676034,01:43:14.676056,01:43:14.688920,01:43:14.707708,01:43:15.587922,01:43:14.694490,01:43:14.699012,01:43:14.699030,01:43:14.703994,01:43:14.724401,01:43:14.724632,01:43:14.664718
60,safe,01:43:17.268671,01:43:17.268671,01:43:17.269039,01:43:17.269039,01:43:17.270282,01:43:17.270282,01:43:17.271663,01:43:17.271663,01:43:17.281434,01:43:17.281457,01:43:17.295344,01:43:17.316132,01:43:18.196918,01:43:17.301149,01:43:17.306299,01:43:17.306324,01:43:17.312055,01:43:17.329659,01:43:17.329830,01:43:17.269696
60,safe,01:43:19.877003,01:43:19.877003,01:43:19.877407,01:43:19.877407,01:43:19.878585,01:43:19.878585,01:43:19.879910,01:43:19.879910,01:43:19.889038,01:43:19.889067,01:43:19.902540,01:43:19.923888,01:43:20.810087,01:43:19.908608,01:43:19.914098,01:43:19.914115,01:43:19.919692,01:43:19.938219,01:43:19.938416,01:43:19.878050
60,safe,01:43:22.506728,01:43:22.506728,01:43:22.507079,01:43:22.507079,01:43:22.508329,01:43:22.508329,01:43:22.509839,01:43:22.509839,01:43:22.519342,01:43:22.519360,01:43:22.532224,01:43:22.552745,01:43:23.432652,01:43:22.537922,01:43:22.543069,01:43:22.543091,01:43:22.548523,01:43:22.567760,01:43:22.567930,01:43:22.507736
60,safe,01:43:25.115918,01:43:25.115918,01:43:25.116293,01:43:25.116293,01:43:25.117466,01:43:25.117466,01:43:25.118946,01:43:25.118946,01:43:25.128148,01:43:25.128170,01:43:25.141956,01:43:25.161582,01:43:26.042691,01:43:25.147293,01:43:25.152182,01:43:25.152199,01:43:25.157131,01:43:25.176743,01:43:25.176958,01:43:25.116938
60,safe,01:43:27.722676,01:43:27.722676,01:43:27.723005,01:43:27.723005,01:43:27.724489,01:43:27.724489,01:43:27.725868,01:43:27.725868,01:43:27.737371,01:43:27.737393,01:43:27.758360,01:43:27.777264,01:43:28.654870,01:43:27.763790,01:43:27.768384,01:43:27.768403,01:43:27.773612,01:43:27.783547,01:43:27.783691,01:43:27.723627
60,safe,01:43:30.358920,01:43:30.358920,01:43:30.359289,01:43:30.359289,01:43:30.360438,01:43:30.360438,01:43:30.361853,01:43:30.361853,01:43:30.370893,01:43:30.370915,01:43:30.385897,01:43:30.405762,01:43:31.285927,01:43:30.391443,01:43:30.396354,01:43:30.396370,01:43:30.401488,01:43:30.419873,01:43:30.420050,01:43:30.359895
60,safe,01:43:32.976047,01:43:32.976047,01:43:32.976422,01:43:32.976422,01:43:32.977720,01:43:32.977720,01:43:32.979121,01:43:32.979121,01:43:32.988659,01:43:32.988684,01:43:33.002350,01:43:33.021316,01:43:33.896964,01:43:33.007833,01:43:33.012638,01:43:33.012655,01:43:33.017589,01:43:33.036766,01:43:33.036979,01:43:32.977149
60,safe,01:43:35.582328,01:43:35.582328,01:43:35.582720,01:43:35.582720,01:43:35.583821,01:43:35.583821,01:43:35.585134,01:43:35.585134,01:43:35.594189,01:43:35.594211,01:43:35.606951,01:43:35.626416,01:43:36.506454,01:43:35.612279,01:43:35.616933,01:43:35.616948,01:43:35.621552,01:43:35.643451,01:43:35.643644,01:43:35.583349
60,safe,01:43:38.188448,01:43:38.188448,01:43:38.188825,01:43:38.188825,01:43:38.190037,01:43:38.190037,01:43:38.191492,01:43:38.191492,01:43:38.200452,01:43:38.200474,01:43:38.213175,01:43:38.231702,01:43:39.110440,01:43:38.218407,01:43:38.223174,01:43:38.223194,01:43:38.228030,01:43:38.249354,01:43:38.249525,01:43:38.189494
60,safe,01:43:40.811184,01:43:40.811184,01:43:40.811513,01:43:40.811513,01:43:40.812821,01:43:40.812821,01:43:40.814250,01:43:40.814250,01:43:40.823646,01:43:40.823668,01:43:40.836447,01:43:40.855073,01:43:41.735279,01:43:40.841903,01:43:40.846626,01:43:40.846641,01:43:40.851414,01:43:40.872077,01:43:40.872241,01:43:40.812189
60,safe,01:43:43.419844,01:43:43.419844,01:43:43.420253,01:43:43.420253,01:43:43.421479,01:43:43.421479,01:43:43.422954,01:43:43.422954,01:43:43.432051,01:43:43.432070,01:43:43.445537,01:43:43.465310,01:43:44.345058,01:43:43.451289,01:43:43.456364,01:43:43.456387,01:43:43.461216,01:43:43.480062,01:43:43.480220,01:43:43.420922
60,safe,01:43:46.045298,01:43:46.045298,01:43:46.045634,01:43:46.045634,01:43:46.046817,01:43:46.046817,01:43:46.048259,01:43:46.048259,01:43:46.058666,01:43:46.058688,01:43:46.072095,01:43:46.091890,01:43:46.972719,01:43:46.077626,01:43:46.082886,01:43:46.082902,01:43:46.087947,01:43:46.106218,01:43:46.106381,01:43:46.046295
60,safe,01:43:48.658683,01:43:48.658683,01:43:48.659002,01:43:48.659002,01:43:48.660110,01:43:48.660110,01:43:48.661546,01:43:48.661546,01:43:48.670875,01:43:48.670897,01:43:48.684335,01:43:48.703323,01:43:49.582180,01:43:48.689678,01:43:48.694331,01:43:48.694348,01:43:48.698968,01:43:48.718769,01:43:48.718925,01:43:48.659548
60,safe,01:43:51.276672,01:43:51.276672,01:43:51.277045,01:43:51.277045,01:43:51.278122,01:43:51.278122,01:43:51.279514,01:43:51.279514,01:43:51.288588,01:43:51.288611,01:43:51.301730,01:43:51.320456,01:43:52.201342,01:43:51.307201,01:43:51.312031,01:43:51.312049,01:43:51.316765,01:43:51.337446,01:43:51.337610,01:43:51.277658
60,safe,01:43:53.892211,01:43:53.892211,01:43:53.892594,01:43:53.892594,01:43:53.893842,01:43:53.893842,01:43:53.895380,01:43:53.895380,01:43:53.904545,01:43:53.904567,01:43:53.918206,01:43:53.938057,01:43:54.817244,01:43:53.923820,01:43:53.928904,01:43:53.928924,01:43:53.933933,01:43:53.953239,01:43:53.953391,01:43:53.893238
60,safe,01:43:56.507227,01:43:56.507227,01:43:56.507547,01:43:56.507547,01:43:56.508577,01:43:56.508577,01:43:56.509933,01:43:56.509933,01:43:56.519009,01:43:56.519031,01:43:56.532475,01:43:56.551054,01:43:57.430349,01:43:56.537655,01:43:56.542471,01:43:56.542487,01:43:56.547264,01:43:56.568084,01:43:56.568254,01:43:56.508107
60,safe,01:43:59.119219,01:43:59.119219,01:43:59.119551,01:43:59.119551,01:43:59.120820,01:43:59.120820,01:43:59.122287,01:43:59.122287,01:43:59.132150,01:43:59.132172,01:43:59.152998,01:43:59.173296,01:44:00.055944,01:43:59.159215,01:43:59.164290,01:43:59.164305,01:43:59.169461,01:43:59.180125,01:43:59.180300,01:43:59.120242
60,safe,01:44:01.748648,01:44:01.748648,01:44:01.749015,01:44:01.749015,01:44:01.750166,01:44:01.750166,01:44:01.751556,01:44:01.751556,01:44:01.760718,01:44:01.760740,01:44:01.774000,01:44:01.793549,01:44:02.675861,01:44:01.779559,01:44:01.784315,01:44:01.784332,01:44:01.789361,01:44:01.809359,01:44:01.809536,01:44:01.749628
60,safe,01:44:04.366564,01:44:04.366564,01:44:04.366933,01:44:04.366933,01:44:04.368106,01:44:04.368106,01:44:04.369537,01:44:04.369537,01:44:04.378940,01:44:04.378962,01:44:04.392089,01:44:04.410090,01:44:05.289261,01:44:04.397256,01:44:04.401693,01:44:04.401708,01:44:04.406374,01:44:04.427301,01:44:04.427499,01:44:04.367558
60,safe,01:44:06.974316,01:44:06.974316,01:44:06.974716,01:44:06.974716,01:44:06.975805,01:44:06.975805,01:44:06.977443,01:44:06.977443,01:44:06.986776,01:44:06.986795,01:44:06.999927,01:44:07.019385,01:44:07.896956,01:44:07.005274,01:44:07.010279,01:44:07.010299,01:44:07.015148,01:44:07.035062,01:44:07.035235,01:44:06.975350
60,safe,01:44:09.585327,01:44:09.585327,01:44:09.585674,01:44:09.585674,01:44:09.586903,01:44:09.586903,01:44:09.588278,01:44:09.588278,01:44:09.597441,01:44:09.597464,01:44:09.610505,01:44:09.629632,01:44:10.519621,01:44:09.615984,01:44:09.620859,01:44:09.620879,01:44:09.625791,01:44:09.645970,01:44:09.646129,01:44:09.586322
60,safe,01:44:12.224763,01:44:12.224763,01:44:12.225211,01:44:12.225211,01:44:12.226498,01:44:12.226498,01:44:12.227790,01:44:12.227790,01:44:12.238106,01:44:12.238125,01:44:12.251472,01:44:12.271607,01:44:13.150882,01:44:12.256985,01:44:12.262198,01:44:12.262221,01:44:12.267492,01:44:12.285529,01:44:12.285767,01:44:12.225954
60,safe,01:44:14.836936,01:44:14.836936,01:44:14.837306,01:44:14.837306,01:44:14.838388,01:44:14.838388,01:44:14.839847,01:44:14.839847,01:44:14.850089,01:44:14.850112,01:44:14.863485,01:44:14.882071,01:44:15.760879,01:44:14.868790,01:44:14.873576,01:44:14.873592,01:44:14.878401,01:44:14.897510,01:44:14.897705,01:44:14.837918
60,safe,01:44:17.448918,01:44:17.448918,01:44:17.449224,01:44:17.449224,01:44:17.450232,01:44:17.450232,01:44:17.451656,01:44:17.451656,01:44:17.461429,01:44:17.461451,01:44:17.474420,01:44:17.494045,01:44:18.373162,01:44:17.479687,01:44:17.484867,01:44:17.484889,01:44:17.490060,01:44:17.509815,01:44:17.509971,01:44:17.449771
60,safe,01:44:20.058495,01:44:20.058495,01:44:20.059261,01:44:20.059261,01:44:20.061030,01:44:20.061030,01:44:20.062900,01:44:20.062900,01:44:20.072871,01:44:20.072926,01:44:20.092290,01:44:20.120517,01:44:21.006976,01:44:20.100041,01:44:20.106793,01:44:20.106827,01:44:20.113235,01:44:20.118780,01:44:20.118933,01:44:20.060322
60,safe,01:44:22.698966,01:44:22.698966,01:44:22.699385,01:44:22.699385,01:44:22.700486,01:44:22.700486,01:44:22.701929,01:44:22.701929,01:44:22.711589,01:44:22.711612,01:44:22.724704,01:44:22.743624,01:44:23.623700,01:44:22.730179,01:44:22.735080,01:44:22.735100,01:44:22.739866,01:44:22.759802,01:44:22.760010,01:44:22.700011
60,safe,01:44:25.313161,01:44:25.313161,01:44:25.313639,01:44:25.313639,01:44:25.314870,01:44:25.314870,01:44:25.316232,01:44:25.316232,01:44:25.326093,01:44:25.326117,01:44:25.340072,01:44:25.360484,01:44:26.240497,01:44:25.345814,01:44:25.350705,01:44:25.350728,01:44:25.356183,01:44:25.373832,01:44:25.374020,01:44:25.314307
60,safe,01:44:27.925951,01:44:27.925951,01:44:27.926333,01:44:27.926333,01:44:27.927551,01:44:27.927551,01:44:27.929013,01:44:27.929013,01:44:27.940601,01:44:27.940620,01:44:27.953358,01:44:27.973421,01:44:28.853896,01:44:27.959066,01:44:27.964474,01:44:27.964493,01:44:27.969531,01:44:27.986698,01:44:27.986854,01:44:27.926953
60,safe,01:44:30.597404,01:44:30.597404,01:44:30.597740,01:44:30.597740,01:44:30.598829,01:44:30.598829,01:44:30.600235,01:44:30.600235,01:44:30.609302,01:44:30.609319,01:44:30.629833,01:44:30.649469,01:44:31.529680,01:44:30.635738,01:44:30.640538,01:44:30.640557,01:44:30.645803,01:44:30.658163,01:44:30.658340,01:44:30.598365
60,safe,01:44:33.223261,01:44:33.223261,01:44:33.223690,01:44:33.223690,01:44:33.224948,01:44:33.224948,01:44:33.226554,01:44:33.226554,01:44:33.235701,01:44:33.235723,01:44:33.249593,01:44:33.268281,01:44:34.147221,01:44:33.254942,01:44:33.259766,01:44:33.259782,01:44:33.264609,01:44:33.283991,01:44:33.284150,01:44:33.224362
60,safe,01:44:35.836484,01:44:35.836484,01:44:35.836844,01:44:35.836844,01:44:35.838044,01:44:35.838044,01:44:35.839433,01:44:35.839433,01:44:35.848408,01:44:35.848430,01:44:35.862028,01:44:35.881538,01:44:36.760111,01:44:35.867448,01:44:35.872246,01:44:35.872269,01:44:35.877329,01:44:35.897540,01:44:35.897697,01:44:35.837488
60,safe,01:44:38.445718,01:44:38.445718,01:44:38.446052,01:44:38.446052,01:44:38.447484,01:44:38.447484,01:44:38.449017,01:44:38.449017,01:44:38.459250,01:44:38.459277,01:44:38.472029,01:44:38.491903,01:44:39.371262,01:44:38.477593,01:44:38.482728,01:44:38.482743,01:44:38.487789,01:44:38.506354,01:44:38.506491,01:44:38.446626
60,safe,01:44:41.068905,01:44:41.068905,01:44:41.069229,01:44:41.069229,01:44:41.070281,01:44:41.070281,01:44:41.071658,01:44:41.071658,01:44:41.080735,01:44:41.080760,01:44:41.094449,01:44:41.113535,01:44:41.992365,01:44:41.099989,01:44:41.104726,01:44:41.104742,01:44:41.109715,01:44:41.129020,01:44:41.129157,01:44:41.069795
60,safe,01:44:43.680396,01:44:43.680396,01:44:43.680765,01:44:43.680765,01:44:43.681999,01:44:43.681999,01:44:43.683355,01:44:43.683355,01:44:43.692360,01:44:43.692385,01:44:43.706037,01:44:43.724729,01:44:44.603954,01:44:43.711359,01:44:43.716001,01:44:43.716019,01:44:43.720752,01:44:43.741424,01:44:43.741598,01:44:43.681447
60,safe,01:44:46.288765,01:44:46.288765,01:44:46.289139,01:44:46.289139,01:44:46.290194,01:44:46.290194,01:44:46.291392,01:44:46.291392,01:44:46.301022,01:44:46.301042,01:44:46.314234,01:44:46.333440,01:44:47.213788,01:44:46.319769,01:44:46.324408,01:44:46.324425,01:44:46.329618,01:44:46.349697,01:44:46.349855,01:44:46.289721
60,safe,01:44:48.919010,01:44:48.919010,01:44:48.919379,01:44:48.919379,01:44:48.920537,01:44:48.920537,01:44:48.921991,01:44:48.921991,01:44:48.931795,01:44:48.931818,01:44:48.945203,01:44:48.964251,01:44:49.845971,01:44:48.950394,01:44:48.955084,01:44:48.955103,01:44:48.960019,01:44:48.980000,01:44:48.980162,01:44:48.920029
60,safe,01:44:51.546153,01:44:51.546153,01:44:51.546482,01:44:51.546482,01:44:51.547551,01:44:51.547551,01:44:51.548879,01:44:51.548879,01:44:51.557993,01:44:51.558018,01:44:51.571151,01:44:51.590755,01:44:52.472701,01:44:51.576769,01:44:51.581876,01:44:51.581894,01:44:51.586603,01:44:51.606923,01:44:51.607087,01:44:51.547080
60,safe,01:44:54.163613,01:44:54.163613,01:44:54.163940,01:44:54.163940,01:44:54.165278,01:44:54.165278,01:44:54.166796,01:44:54.166796,01:44:54.176193,01:44:54.176217,01:44:54.189228,01:44:54.208422,01:44:55.087363,01:44:54.194458,01:44:54.199484,01:44:54.199507,01:44:54.204602,01:44:54.224526,01:44:54.224682,01:44:54.164512
60,safe,01:44:56.776344,01:44:56.776344,01:44:56.776675,01:44:56.776675,01:44:56.777912,01:44:56.777912,01:44:56.779627,01:44:56.779627,01:44:56.790118,01:44:56.790138,01:44:56.803188,01:44:56.822100,01:44:57.702500,01:44:56.808638,01:44:56.813247,01:44:56.813263,01:44:56.818311,01:44:56.836782,01:44:56.836931,01:44:56.777325
60,safe,01:44:59.392391,01:44:59.392391,01:44:59.392801,01:44:59.392801,01:44:59.394047,01:44:59.394047,01:44:59.395552,01:44:59.395552,01:44:59.405623,01:44:59.405642,01:44:59.419099,01:44:59.437235,01:45:00.327205,01:44:59.424276,01:44:59.428799,01:44:59.428814,01:44:59.433574,01:44:59.453283,01:44:59.453486,01:44:59.393440
60,safe,01:45:02.016599,01:45:02.016599,01:45:02.016921,01:45:02.016921,01:45:02.018040,01:45:02.018040,01:45:02.019575,01:45:02.019575,01:45:02.029841,01:45:02.029864,01:45:02.050774,01:45:02.069191,01:45:02.950699,01:45:02.056199,01:45:02.060770,01:45:02.060785,01:45:02.065553,01:45:02.077218,01:45:02.077402,01:45:02.017493
60,safe,01:45:04.639942,01:45:04.639942,01:45:04.640342,01:45:04.640342,01:45:04.641616,01:45:04.641616,01:45:04.643028,01:45:04.643028,01:45:04.652230,01:45:04.652249,01:45:04.665660,01:45:04.684732,01:45:05.567258,01:45:04.671068,01:45:04.675881,01:45:04.675907,01:45:04.680891,01:45:04.700999,01:45:04.701200,01:45:04.641059
60,safe,01:45:07.260383,01:45:07.260383,01:45:07.260764,01:45:07.260764,01:45:07.261892,01:45:07.261892,01:45:07.263240,01:45:07.263240,01:45:07.273603,01:45:07.273627,01:45:07.287867,01:45:07.306794,01:45:08.185246,01:45:07.293059,01:45:07.297846,01:45:07.297865,01:45:07.302702,01:45:07.321282,01:45:07.321490,01:45:07.261413
60,safe,01:45:09.873412,01:45:09.873412,01:45:09.873744,01:45:09.873744,01:45:09.874819,01:45:09.874819,01:45:09.876143,01:45:09.876143,01:45:09.885834,01:45:09.885857,01:45:09.899176,01:45:09.918718,01:45:10.807771,01:45:09.904605,01:45:09.909633,01:45:09.909658,01:45:09.914878,01:45:09.934419,01:45:09.934577,01:45:09.874328
80,safe,01:45:12.502194,01:45:12.502194,01:45:12.502565,01:45:12.502565,01:45:12.503781,01:45:12.503781,01:45:12.505281,01:45:12.505281,01:45:12.514506,01:45:12.514529,01:45:12.527812,01:45:12.547207,01:45:13.427200,01:45:12.533300,01:45:12.538450,01:45:12.538473,01:45:12.543447,01:45:12.582964,01:45:12.583143,01:45:12.503195
80,safe,01:45:15.589652,01:45:15.589652,01:45:15.590136,01:45:15.590136,01:45:15.591909,01:45:15.591909,01:45:15.593883,01:45:15.593883,01:45:15.603547,01:45:15.603574,01:45:15.619703,01:45:15.647195,01:45:16.915649,01:45:15.626738,01:45:15.634053,01:45:15.634077,01:45:15.640741,01:45:15.670485,01:45:15.670666,01:45:15.590994
80,safe,01:45:18.715444,01:45:18.715444,01:45:18.715870,01:45:18.715870,01:45:18.717402,01:45:18.717402,01:45:18.718864,01:45:18.718864,01:45:18.728450,01:45:18.728483,01:45:18.743289,01:45:18.763622,01:45:19.659254,01:45:18.749050,01:45:18.754355,01:45:18.754378,01:45:18.759720,01:45:18.796053,01:45:18.796226,01:45:18.716587
80,safe,01:45:21.375241,01:45:21.375241,01:45:21.375581,01:45:21.375581,01:45:21.376584,01:45:21.376584,01:45:21.377889,01:45:21.377889,01:45:21.388000,01:45:21.388021,01:45:21.401904,01:45:21.421055,01:45:22.300089,01:45:21.407393,01:45:21.412356,01:45:21.412372,01:45:21.417162,01:45:21.456420,01:45:21.456595,01:45:21.376108
80,safe,01:45:23.995384,01:45:23.995384,01:45:23.995874,01:45:23.995874,01:45:23.997290,01:45:23.997290,01:45:23.998658,01:45:23.998658,01:45:24.008147,01:45:24.008186,01:45:24.023400,01:45:24.045074,01:45:24.925417,01:45:24.029575,01:45:24.035353,01:45:24.035377,01:45:24.041054,01:45:24.075905,01:45:24.076080,01:45:23.996717
80,safe,01:45:26.622100,01:45:26.622100,01:45:26.622427,01:45:26.622427,01:45:26.623571,01:45:26.623571,01:45:26.624948,01:45:26.624948,01:45:26.634326,01:45:26.634345,01:45:26.647534,01:45:26.666997,01:45:27.550955,01:45:26.652922,01:45:26.657917,01:45:26.657937,01:45:26.663335,01:45:26.703310,01:45:26.703483,01:45:26.623071
80,safe,01:45:29.246521,01:45:29.246521,01:45:29.247161,01:45:29.247161,01:45:29.248644,01:45:29.248644,01:45:29.250198,01:45:29.250198,01:45:29.262365,01:45:29.262396,01:45:29.275642,01:45:29.295061,01:45:30.183036,01:45:29.281505,01:45:29.286209,01:45:29.286225,01:45:29.291234,01:45:29.327204,01:45:29.327417,01:45:29.247975
80,safe,01:45:31.881912,01:45:31.881912,01:45:31.882299,01:45:31.882299,01:45:31.883345,01:45:31.883345,01:45:31.884681,01:45:31.884681,01:45:31.893815,01:45:31.893845,01:45:31.907399,01:45:31.925563,01:45:32.807257,01:45:31.912828,01:45:31.917179,01:45:31.917194,01:45:31.921958,01:45:31.962432,01:45:31.962611,01:45:31.882848
80,safe,01:45:34.509193,01:45:34.509193,01:45:34.509556,01:45:34.509556,01:45:34.510689,01:45:34.510689,01:45:34.512178,01:45:34.512178,01:45:34.521494,01:45:34.521520,01:45:34.541671,01:45:34.561299,01:45:35.443458,01:45:34.547257,01:45:34.552389,01:45:34.552406,01:45:34.557307,01:45:34.589814,01:45:34.589994,01:45:34.510187
80,safe,01:45:37.140390,01:45:37.140390,01:45:37.140699,01:45:37.140699,01:45:37.141781,01:45:37.141781,01:45:37.143071,01:45:37.143071,01:45:37.152900,01:45:37.152918,01:45:37.166254,01:45:37.185129,01:45:38.081640,01:45:37.171745,01:45:37.176647,01:45:37.176665,01:45:37.181550,01:45:37.221155,01:45:37.221326,01:45:37.141252
80,safe,01:45:39.902854,01:45:39.902854,01:45:39.903376,01:45:39.903376,01:45:39.904846,01:45:39.904846,01:45:39.906805,01:45:39.906805,01:45:39.916827,01:45:39.916864,01:45:39.933589,01:45:39.956922,01:45:40.874807,01:45:39.939899,01:45:39.946291,01:45:39.946322,01:45:39.952235,01:45:39.982996,01:45:39.983174,01:45:39.904235
80,safe,01:45:42.652813,01:45:42.652813,01:45:42.653307,01:45:42.653307,01:45:42.654760,01:45:42.654760,01:45:42.656580,01:45:42.656580,01:45:42.666511,01:45:42.666550,01:45:42.683777,01:45:42.706531,01:45:43.609243,01:45:42.690257,01:45:42.696146,01:45:42.696170,01:45:42.702199,01:45:42.733989,01:45:42.734165,01:45:42.654135
80,safe,01:45:45.350369,01:45:45.350369,01:45:45.350929,01:45:45.350929,01:45:45.352607,01:45:45.352607,01:45:45.354306,01:45:45.354306,01:45:45.368325,01:45:45.368354,01:45:45.384248,01:45:45.406293,01:45:46.302272,01:45:45.390256,01:45:45.396082,01:45:45.396105,01:45:45.402018,01:45:45.431207,01:45:45.431383,01:45:45.351692
80,safe,01:45:48.053692,01:45:48.053692,01:45:48.054190,01:45:48.054190,01:45:48.055465,01:45:48.055465,01:45:48.057197,01:45:48.057197,01:45:48.067499,01:45:48.067531,01:45:48.082958,01:45:48.104928,01:45:49.007138,01:45:48.089007,01:45:48.094512,01:45:48.094535,01:45:48.100425,01:45:48.134211,01:45:48.134384,01:45:48.054936
80,safe,01:45:50.815355,01:45:50.815355,01:45:50.816070,01:45:50.816070,01:45:50.818168,01:45:50.818168,01:45:50.820010,01:45:50.820010,01:45:50.839151,01:45:50.839221,01:45:50.857907,01:45:50.883773,01:45:51.793682,01:45:50.864857,01:45:50.871753,01:45:50.871779,01:45:50.878700,01:45:50.895963,01:45:50.896156,01:45:50.817400
80,safe,01:45:53.598721,01:45:53.598721,01:45:53.599363,01:45:53.599363,01:45:53.601089,01:45:53.601089,01:45:53.602842,01:45:53.602842,01:45:53.613023,01:45:53.613091,01:45:53.629818,01:45:53.652053,01:45:54.558008,01:45:53.636112,01:45:53.641850,01:45:53.641873,01:45:53.647669,01:45:53.679114,01:45:53.679284,01:45:53.600308
80,safe,01:45:56.309750,01:45:56.309750,01:45:56.310334,01:45:56.310334,01:45:56.311719,01:45:56.311719,01:45:56.313232,01:45:56.313232,01:45:56.323615,01:45:56.323670,01:45:56.340838,01:45:56.364746,01:45:57.261901,01:45:56.347544,01:45:56.353541,01:45:56.353566,01:45:56.359992,01:45:56.390236,01:45:56.390410,01:45:56.311150
80,safe,01:45:59.005289,01:45:59.005289,01:45:59.005948,01:45:59.005948,01:45:59.007451,01:45:59.007451,01:45:59.009115,01:45:59.009115,01:45:59.020358,01:45:59.020407,01:45:59.040053,01:45:59.070769,01:45:59.972341,01:45:59.049602,01:45:59.059008,01:45:59.059045,01:45:59.065756,01:45:59.086363,01:45:59.086599,01:45:59.006748
80,safe,01:46:01.721847,01:46:01.721847,01:46:01.722463,01:46:01.722463,01:46:01.724201,01:46:01.724201,01:46:01.725935,01:46:01.725935,01:46:01.735697,01:46:01.735742,01:46:01.750903,01:46:01.774277,01:46:02.673198,01:46:01.757156,01:46:01.763580,01:46:01.763605,01:46:01.769707,01:46:01.802719,01:46:01.802961,01:46:01.723304
80,safe,01:46:04.410711,01:46:04.410711,01:46:04.411194,01:46:04.411194,01:46:04.412709,01:46:04.412709,01:46:04.414376,01:46:04.414376,01:46:04.424452,01:46:04.424509,01:46:04.440527,01:46:04.463456,01:46:05.377264,01:46:04.446689,01:46:04.452710,01:46:04.452735,01:46:04.458676,01:46:04.491576,01:46:04.491745,01:46:04.411976
80,safe,01:46:07.151356,01:46:07.151356,01:46:07.151927,01:46:07.151927,01:46:07.153452,01:46:07.153452,01:46:07.154882,01:46:07.154882,01:46:07.165069,01:46:07.165104,01:46:07.189775,01:46:07.211018,01:46:08.125170,01:46:07.195810,01:46:07.201532,01:46:07.201554,01:46:07.206847,01:46:07.232069,01:46:07.232278,01:46:07.152768
80,safe,01:46:09.895428,01:46:09.895428,01:46:09.895849,01:46:09.895849,01:46:09.897190,01:46:09.897190,01:46:09.898788,01:46:09.898788,01:46:09.908003,01:46:09.908061,01:46:09.923429,01:46:09.945161,01:46:10.878825,01:46:09.929502,01:46:09.935127,01:46:09.935157,01:46:09.940980,01:46:09.976254,01:46:09.976452,01:46:09.896631
80,safe,01:46:12.686810,01:46:12.686810,01:46:12.687215,01:46:12.687215,01:46:12.688707,01:46:12.688707,01:46:12.690532,01:46:12.690532,01:46:12.702670,01:46:12.702717,01:46:12.719481,01:46:12.743101,01:46:13.653921,01:46:12.726069,01:46:12.732050,01:46:12.732123,01:46:12.738377,01:46:12.767779,01:46:12.767970,01:46:12.688093
80,safe,01:46:15.418890,01:46:15.418890,01:46:15.419502,01:46:15.419502,01:46:15.420981,01:46:15.420981,01:46:15.422613,01:46:15.422613,01:46:15.432638,01:46:15.432679,01:46:15.449943,01:46:15.474273,01:46:16.385556,01:46:15.457015,01:46:15.463445,01:46:15.463475,01:46:15.469655,01:46:15.499769,01:46:15.499958,01:46:15.420381
80,safe,01:46:18.152349,01:46:18.152349,01:46:18.152826,01:46:18.152826,01:46:18.154364,01:46:18.154364,01:46:18.156059,01:46:18.156059,01:46:18.166124,01:46:18.166157,01:46:18.181387,01:46:18.204380,01:46:19.108422,01:46:18.188000,01:46:18.194034,01:46:18.194059,01:46:18.199975,01:46:18.233239,01:46:18.233409,01:46:18.153602
80,safe,01:46:20.894148,01:46:20.894148,01:46:20.894697,01:46:20.894697,01:46:20.896280,01:46:20.896280,01:46:20.897840,01:46:20.897840,01:46:20.907525,01:46:20.907566,01:46:20.923809,01:46:20.946738,01:46:21.846578,01:46:20.930218,01:46:20.935991,01:46:20.936019,01:46:20.942080,01:46:20.974854,01:46:20.975060,01:46:20.895566
80,safe,01:46:23.589953,01:46:23.589953,01:46:23.590469,01:46:23.590469,01:46:23.592228,01:46:23.592228,01:46:23.593904,01:46:23.593904,01:46:23.603492,01:46:23.603526,01:46:23.620209,01:46:23.642940,01:46:24.545766,01:46:23.626701,01:46:23.632694,01:46:23.632714,01:46:23.638507,01:46:23.670416,01:46:23.670595,01:46:23.591344
80,safe,01:46:26.294695,01:46:26.294695,01:46:26.295130,01:46:26.295130,01:46:26.296633,01:46:26.296633,01:46:26.298222,01:46:26.298222,01:46:26.308866,01:46:26.308900,01:46:26.324183,01:46:26.346581,01:46:27.241439,01:46:26.330605,01:46:26.336367,01:46:26.336389,01:46:26.341937,01:46:26.375281,01:46:26.375454,01:46:26.296003
80,safe,01:46:28.966017,01:46:28.966017,01:46:28.966594,01:46:28.966594,01:46:28.967963,01:46:28.967963,01:46:28.969659,01:46:28.969659,01:46:28.979301,01:46:28.979330,01:46:28.994100,01:46:29.015517,01:46:29.908916,01:46:28.999892,01:46:29.005715,01:46:29.005732,01:46:29.011199,01:46:29.046607,01:46:29.046791,01:46:28.967392
80,safe,01:46:31.641446,01:46:31.641446,01:46:31.642179,01:46:31.642179,01:46:31.643523,01:46:31.643523,01:46:31.644913,01:46:31.644913,01:46:31.656801,01:46:31.656832,01:46:31.671333,01:46:31.692750,01:46:32.590292,01:46:31.677463,01:46:31.682918,01:46:31.682945,01:46:31.688528,01:46:31.722462,01:46:31.722680,01:46:31.642976
80,safe,01:46:34.314896,01:46:34.314896,01:46:34.315351,01:46:34.315351,01:46:34.316857,01:46:34.316857,01:46:34.318256,01:46:34.318256,01:46:34.327713,01:46:34.327733,01:46:34.342227,01:46:34.363447,01:46:35.258309,01:46:34.347998,01:46:34.353185,01:46:34.353203,01:46:34.359097,01:46:34.395597,01:46:34.395760,01:46:34.316083
80,safe,01:46:37.001428,01:46:37.001428,01:46:37.001852,01:46:37.001852,01:46:37.003404,01:46:37.003404,01:46:37.005081,01:46:37.005081,01:46:37.015184,01:46:37.015214,01:46:37.030456,01:46:37.052726,01:46:37.946071,01:46:37.036571,01:46:37.042509,01:46:37.042534,01:46:37.048450,01:46:37.082425,01:46:37.082618,01:46:37.002562
80,safe,01:46:39.675153,01:46:39.675153,01:46:39.675606,01:46:39.675606,01:46:39.676857,01:46:39.676857,01:46:39.678662,01:46:39.678662,01:46:39.688303,01:46:39.688335,01:46:39.714363,01:46:39.738460,01:46:40.648364,01:46:39.720346,01:46:39.725997,01:46:39.726022,01:46:39.732140,01:46:39.755273,01:46:39.755461,01:46:39.676342
80,safe,01:46:42.385104,01:46:42.385104,01:46:42.385616,01:46:42.385616,01:46:42.387254,01:46:42.387254,01:46:42.388771,01:46:42.388771,01:46:42.398931,01:46:42.398964,01:46:42.416213,01:46:42.438287,01:46:43.333776,01:46:42.422334,01:46:42.428305,01:46:42.428332,01:46:42.434054,01:46:42.465982,01:46:42.466148,01:46:42.386401
80,safe,01:46:45.075718,01:46:45.075718,01:46:45.076208,01:46:45.076208,01:46:45.077602,01:46:45.077602,01:46:45.079401,01:46:45.079401,01:46:45.089667,01:46:45.089697,01:46:45.104838,01:46:45.127856,01:46:46.024716,01:46:45.110960,01:46:45.116754,01:46:45.116776,01:46:45.123080,01:46:45.156774,01:46:45.156948,01:46:45.076957
80,safe,01:46:47.751133,01:46:47.751133,01:46:47.751679,01:46:47.751679,01:46:47.753152,01:46:47.753152,01:46:47.754822,01:46:47.754822,01:46:47.765285,01:46:47.765313,01:46:47.780426,01:46:47.809955,01:46:48.705440,01:46:47.786687,01:46:47.794570,01:46:47.794605,01:46:47.803039,01:46:47.832345,01:46:47.832622,01:46:47.752504
80,safe,01:46:50.450950,01:46:50.450950,01:46:50.451460,01:46:50.451460,01:46:50.453006,01:46:50.453006,01:46:50.454801,01:46:50.454801,01:46:50.464497,01:46:50.464523,01:46:50.479461,01:46:50.501865,01:46:51.395488,01:46:50.485485,01:46:50.491331,01:46:50.491356,01:46:50.497359,01:46:50.531550,01:46:50.531745,01:46:50.452213
80,safe,01:46:53.142860,01:46:53.142860,01:46:53.143283,01:46:53.143283,01:46:53.144581,01:46:53.144581,01:46:53.146058,01:46:53.146058,01:46:53.155712,01:46:53.155741,01:46:53.171280,01:46:53.193556,01:46:54.089322,01:46:53.177460,01:46:53.183344,01:46:53.183368,01:46:53.189197,01:46:53.223553,01:46:53.223767,01:46:53.144008
80,safe,01:46:55.824800,01:46:55.824800,01:46:55.825300,01:46:55.825300,01:46:55.826677,01:46:55.826677,01:46:55.828510,01:46:55.828510,01:46:55.837884,01:46:55.837908,01:46:55.853183,01:46:55.874854,01:46:56.772181,01:46:55.859329,01:46:55.864870,01:46:55.864892,01:46:55.870445,01:46:55.905648,01:46:55.905813,01:46:55.826147
80,safe,01:46:58.504894,01:46:58.504894,01:46:58.505316,01:46:58.505316,01:46:58.506904,01:46:58.506904,01:46:58.508492,01:46:58.508492,01:46:58.517891,01:46:58.517916,01:46:58.532934,01:46:58.554113,01:46:59.448766,01:46:58.538943,01:46:58.544296,01:46:58.544318,01:46:58.549881,01:46:58.585615,01:46:58.585801,01:46:58.506031
80,safe,01:47:01.186926,01:47:01.186926,01:47:01.187410,01:47:01.187410,01:47:01.189905,01:47:01.189905,01:47:01.191574,01:47:01.191574,01:47:01.201224,01:47:01.201262,01:47:01.215759,01:47:01.237222,01:47:02.131328,01:47:01.221764,01:47:01.227502,01:47:01.227528,01:47:01.232832,01:47:01.267405,01:47:01.267569,01:47:01.189202
80,safe,01:47:03.866201,01:47:03.866201,01:47:03.866647,01:47:03.866647,01:47:03.867935,01:47:03.867935,01:47:03.869703,01:47:03.869703,01:47:03.879388,01:47:03.879417,01:47:03.894869,01:47:03.915850,01:47:04.810805,01:47:03.900639,01:47:03.906130,01:47:03.906151,01:47:03.911615,01:47:03.946686,01:47:03.946861,01:47:03.867340
80,safe,01:47:06.543110,01:47:06.543110,01:47:06.543514,01:47:06.543514,01:47:06.544787,01:47:06.544787,01:47:06.546299,01:47:06.546299,01:47:06.556391,01:47:06.556421,01:47:06.572028,01:47:06.594192,01:47:07.489592,01:47:06.578379,01:47:06.584126,01:47:06.584150,01:47:06.589956,01:47:06.624236,01:47:06.624429,01:47:06.544263
80,safe,01:47:09.220588,01:47:09.220588,01:47:09.220991,01:47:09.220991,01:47:09.222591,01:47:09.222591,01:47:09.224078,01:47:09.224078,01:47:09.236204,01:47:09.236234,01:47:09.252401,01:47:09.275263,01:47:10.170615,01:47:09.258747,01:47:09.264303,01:47:09.264325,01:47:09.270573,01:47:09.301353,01:47:09.301520,01:47:09.221745
80,safe,01:47:11.915021,01:47:11.915021,01:47:11.915430,01:47:11.915430,01:47:11.917118,01:47:11.917118,01:47:11.918776,01:47:11.918776,01:47:11.928486,01:47:11.928512,01:47:11.952737,01:47:11.974432,01:47:12.871894,01:47:11.958748,01:47:11.964170,01:47:11.964187,01:47:11.970103,01:47:11.995822,01:47:11.995986,01:47:11.916160
80,safe,01:47:14.606532,01:47:14.606532,01:47:14.606971,01:47:14.606971,01:47:14.608638,01:47:14.608638,01:47:14.610231,01:47:14.610231,01:47:14.620087,01:47:14.620111,01:47:14.636329,01:47:14.658104,01:47:15.553828,01:47:14.642487,01:47:14.648511,01:47:14.648533,01:47:14.654038,01:47:14.687251,01:47:14.687438,01:47:14.607754
80,safe,01:47:17.282063,01:47:17.282063,01:47:17.282654,01:47:17.282654,01:47:17.284020,01:47:17.284020,01:47:17.285455,01:47:17.285455,01:47:17.295430,01:47:17.295451,01:47:17.311134,01:47:17.332630,01:47:18.227486,01:47:17.317133,01:47:17.322780,01:47:17.322804,01:47:17.328368,01:47:17.362692,01:47:17.362911,01:47:17.283455
80,safe,01:47:19.966365,01:47:19.966365,01:47:19.966847,01:47:19.966847,01:47:19.968368,01:47:19.968368,01:47:19.969987,01:47:19.969987,01:47:19.979555,01:47:19.979591,01:47:19.994705,01:47:20.017426,01:47:20.920052,01:47:20.001288,01:47:20.006712,01:47:20.006736,01:47:20.012901,01:47:20.046993,01:47:20.047169,01:47:19.967576
80,safe,01:47:22.661329,01:47:22.661329,01:47:22.661871,01:47:22.661871,01:47:22.663277,01:47:22.663277,01:47:22.664733,01:47:22.664733,01:47:22.674320,01:47:22.674347,01:47:22.689203,01:47:22.710623,01:47:23.608023,01:47:22.695280,01:47:22.700929,01:47:22.700955,01:47:22.706388,01:47:22.742389,01:47:22.742615,01:47:22.662713
80,safe,01:47:25.336565,01:47:25.336565,01:47:25.336952,01:47:25.336952,01:47:25.338553,01:47:25.338553,01:47:25.340157,01:47:25.340157,01:47:25.350400,01:47:25.350426,01:47:25.366187,01:47:25.387412,01:47:26.282998,01:47:25.372138,01:47:25.377703,01:47:25.377722,01:47:25.383191,01:47:25.417348,01:47:25.417511,01:47:25.337704
80,safe,01:47:28.023536,01:47:28.023536,01:47:28.023959,01:47:28.023959,01:47:28.025630,01:47:28.025630,01:47:28.027121,01:47:28.027121,01:47:28.037845,01:47:28.037876,01:47:28.052925,01:47:28.073539,01:47:28.969910,01:47:28.058597,01:47:28.064228,01:47:28.064249,01:47:28.069548,01:47:28.104413,01:47:28.104587,01:47:28.024735
80,safe,01:47:30.765663,01:47:30.765663,01:47:30.766088,01:47:30.766088,01:47:30.767515,01:47:30.767515,01:47:30.768953,01:47:30.768953,01:47:30.778539,01:47:30.778568,01:47:30.797112,01:47:30.823548,01:47:31.718880,01:47:30.805334,01:47:30.812347,01:47:30.812375,01:47:30.818600,01:47:30.846643,01:47:30.846803,01:47:30.766762
80,safe,01:47:33.456800,01:47:33.456800,01:47:33.457375,01:47:33.457375,01:47:33.458721,01:47:33.458721,01:47:33.460460,01:47:33.460460,01:47:33.472255,01:47:33.472294,01:47:33.487292,01:47:33.508450,01:47:34.400516,01:47:33.493205,01:47:33.498799,01:47:33.498821,01:47:33.504268,01:47:33.537571,01:47:33.537770,01:47:33.458167
80,safe,01:47:36.142268,01:47:36.142268,01:47:36.142706,01:47:36.142706,01:47:36.144060,01:47:36.144060,01:47:36.145594,01:47:36.145594,01:47:36.155019,01:47:36.155050,01:47:36.170373,01:47:36.193458,01:47:37.089412,01:47:36.177023,01:47:36.183075,01:47:36.183100,01:47:36.189084,01:47:36.222809,01:47:36.222992,01:47:36.143468
80,safe,01:47:38.830033,01:47:38.830033,01:47:38.830485,01:47:38.830485,01:47:38.831836,01:47:38.831836,01:47:38.833316,01:47:38.833316,01:47:38.843569,01:47:38.843651,01:47:38.858622,01:47:38.879376,01:47:39.774579,01:47:38.864388,01:47:38.869628,01:47:38.869653,01:47:38.874976,01:47:38.910481,01:47:38.910648,01:47:38.831278
80,safe,01:47:41.514295,01:47:41.514295,01:47:41.514818,01:47:41.514818,01:47:41.516281,01:47:41.516281,01:47:41.517848,01:47:41.517848,01:47:41.527701,01:47:41.527729,01:47:41.543874,01:47:41.566467,01:47:42.480119,01:47:41.550116,01:47:41.555940,01:47:41.555961,01:47:41.561780,01:47:41.595235,01:47:41.595454,01:47:41.515663
80,safe,01:47:44.222432,01:47:44.222432,01:47:44.222854,01:47:44.222854,01:47:44.224473,01:47:44.224473,01:47:44.226048,01:47:44.226048,01:47:44.235543,01:47:44.235570,01:47:44.261493,01:47:44.282761,01:47:45.177340,01:47:44.267766,01:47:44.273281,01:47:44.273298,01:47:44.278726,01:47:44.303346,01:47:44.303510,01:47:44.223583
80,safe,01:47:46.914754,01:47:46.914754,01:47:46.915252,01:47:46.915252,01:47:46.916646,01:47:46.916646,01:47:46.918239,01:47:46.918239,01:47:46.927935,01:47:46.927962,01:47:46.942194,01:47:46.963054,01:47:47.857672,01:47:46.947975,01:47:46.953208,01:47:46.953232,01:47:46.958885,01:47:46.995452,01:47:46.995622,01:47:46.916088
80,safe,01:47:49.588041,01:47:49.588041,01:47:49.588554,01:47:49.588554,01:47:49.589843,01:47:49.589843,01:47:49.591514,01:47:49.591514,01:47:49.601855,01:47:49.601918,01:47:49.623439,01:47:49.648506,01:47:50.552715,01:47:49.630763,01:47:49.637016,01:47:49.637036,01:47:49.643886,01:47:49.668679,01:47:49.668850,01:47:49.589332
80,safe,01:47:52.282785,01:47:52.282785,01:47:52.283377,01:47:52.283377,01:47:52.285140,01:47:52.285140,01:47:52.286859,01:47:52.286859,01:47:52.296217,01:47:52.296243,01:47:52.314854,01:47:52.337689,01:47:53.236351,01:47:52.321400,01:47:52.327212,01:47:52.327239,01:47:52.332989,01:47:52.363589,01:47:52.363752,01:47:52.284440
80,safe,01:47:54.964171,01:47:54.964171,01:47:54.964660,01:47:54.964660,01:47:54.965917,01:47:54.965917,01:47:54.967567,01:47:54.967567,01:47:54.978420,01:47:54.978451,01:47:54.992817,01:47:55.013662,01:47:55.908242,01:47:54.998486,01:47:55.003775,01:47:55.003795,01:47:55.009522,01:47:55.045233,01:47:55.045424,01:47:54.965369
80,safe,01:47:57.639716,01:47:57.639716,01:47:57.640141,01:47:57.640141,01:47:57.641659,01:47:57.641659,01:47:57.643331,01:47:57.643331,01:47:57.653079,01:47:57.653104,01:47:57.667831,01:47:57.689765,01:47:58.584291,01:47:57.674257,01:47:57.679916,01:47:57.679936,01:47:57.685534,01:47:57.720630,01:47:57.720798,01:47:57.640873
80,safe,01:48:00.316685,01:48:00.316685,01:48:00.317421,01:48:00.317421,01:48:00.319298,01:48:00.319298,01:48:00.322656,01:48:00.322656,01:48:00.335803,01:48:00.335870,01:48:00.356700,01:48:00.401033,01:48:01.303242,01:48:00.366343,01:48:00.379936,01:48:00.379970,01:48:00.391091,01:48:00.397242,01:48:00.397447,01:48:00.318520
80,safe,01:48:03.043660,01:48:03.043660,01:48:03.044229,01:48:03.044229,01:48:03.045644,01:48:03.045644,01:48:03.047124,01:48:03.047124,01:48:03.057426,01:48:03.057450,01:48:03.071850,01:48:03.092254,01:48:03.984893,01:48:03.077589,01:48:03.082920,01:48:03.082941,01:48:03.088257,01:48:03.124117,01:48:03.124275,01:48:03.045048
80,safe,01:48:05.716249,01:48:05.716249,01:48:05.716736,01:48:05.716736,01:48:05.718105,01:48:05.718105,01:48:05.720092,01:48:05.720092,01:48:05.729440,01:48:05.729462,01:48:05.744119,01:48:05.765332,01:48:06.661694,01:48:05.749975,01:48:05.755755,01:48:05.755781,01:48:05.761137,01:48:05.797021,01:48:05.797186,01:48:05.717559
80,safe,01:48:08.399704,01:48:08.399704,01:48:08.400131,01:48:08.400131,01:48:08.401511,01:48:08.401511,01:48:08.403389,01:48:08.403389,01:48:08.413613,01:48:08.413639,01:48:08.429280,01:48:08.451370,01:48:09.348720,01:48:08.435411,01:48:08.441227,01:48:08.441244,01:48:08.446981,01:48:08.480367,01:48:08.480533,01:48:08.400914
80,safe,01:48:11.092831,01:48:11.092831,01:48:11.093307,01:48:11.093307,01:48:11.094626,01:48:11.094626,01:48:11.096157,01:48:11.096157,01:48:11.105504,01:48:11.105529,01:48:11.123290,01:48:11.153712,01:48:12.050336,01:48:11.132275,01:48:11.139647,01:48:11.139682,01:48:11.148121,01:48:11.173691,01:48:11.173859,01:48:11.094053
80,safe,01:48:13.781800,01:48:13.781800,01:48:13.782393,01:48:13.782393,01:48:13.783930,01:48:13.783930,01:48:13.785572,01:48:13.785572,01:48:13.795293,01:48:13.795317,01:48:13.809696,01:48:13.830494,01:48:14.724096,01:48:13.815643,01:48:13.821021,01:48:13.821043,01:48:13.826507,01:48:13.862578,01:48:13.862737,01:48:13.783218
80,safe,01:48:16.454180,01:48:16.454180,01:48:16.454686,01:48:16.454686,01:48:16.456028,01:48:16.456028,01:48:16.457865,01:48:16.457865,01:48:16.467491,01:48:16.467518,01:48:16.492447,01:48:16.514013,01:48:17.408635,01:48:16.498570,01:48:16.504007,01:48:16.504028,01:48:16.509602,01:48:16.534944,01:48:16.535110,01:48:16.455502
80,safe,01:48:19.150981,01:48:19.150981,01:48:19.151440,01:48:19.151440,01:48:19.153042,01:48:19.153042,01:48:19.154782,01:48:19.154782,01:48:19.164619,01:48:19.164647,01:48:19.180842,01:48:19.202117,01:48:20.096611,01:48:19.186993,01:48:19.192740,01:48:19.192763,01:48:19.198100,01:48:19.231894,01:48:19.232059,01:48:19.152192
80,safe,01:48:21.839481,01:48:21.839481,01:48:21.839948,01:48:21.839948,01:48:21.841457,01:48:21.841457,01:48:21.843221,01:48:21.843221,01:48:21.853118,01:48:21.853149,01:48:21.867897,01:48:21.891894,01:48:22.790233,01:48:21.873747,01:48:21.879364,01:48:21.879392,01:48:21.885037,01:48:21.920357,01:48:21.920563,01:48:21.840664
80,safe,01:48:24.520785,01:48:24.520785,01:48:24.521307,01:48:24.521307,01:48:24.522794,01:48:24.522794,01:48:24.524584,01:48:24.524584,01:48:24.534099,01:48:24.534128,01:48:24.548456,01:48:24.568907,01:48:25.462548,01:48:24.554194,01:48:24.559598,01:48:24.559619,01:48:24.564888,01:48:24.601340,01:48:24.601499,01:48:24.522146
80,safe,01:48:27.198419,01:48:27.198419,01:48:27.198872,01:48:27.198872,01:48:27.200104,01:48:27.200104,01:48:27.201854,01:48:27.201854,01:48:27.211574,01:48:27.211610,01:48:27.226076,01:48:27.247584,01:48:28.141972,01:48:27.232161,01:48:27.237570,01:48:27.237594,01:48:27.243276,01:48:27.278869,01:48:27.279035,01:48:27.199582
80,safe,01:48:29.876830,01:48:29.876830,01:48:29.877345,01:48:29.877345,01:48:29.878862,01:48:29.878862,01:48:29.880361,01:48:29.880361,01:48:29.889822,01:48:29.889845,01:48:29.903864,01:48:29.925687,01:48:30.829404,01:48:29.909874,01:48:29.915736,01:48:29.915759,01:48:29.921386,01:48:29.958743,01:48:29.958941,01:48:29.878251
80,safe,01:48:32.575669,01:48:32.575669,01:48:32.576176,01:48:32.576176,01:48:32.577571,01:48:32.577571,01:48:32.579287,01:48:32.579287,01:48:32.589207,01:48:32.589259,01:48:32.608292,01:48:32.636616,01:48:33.534896,01:48:32.614174,01:48:32.622448,01:48:32.622476,01:48:32.630182,01:48:32.656564,01:48:32.656752,01:48:32.577036
80,safe,01:48:35.271471,01:48:35.271471,01:48:35.271943,01:48:35.271943,01:48:35.273551,01:48:35.273551,01:48:35.275141,01:48:35.275141,01:48:35.286996,01:48:35.287023,01:48:35.302723,01:48:35.324324,01:48:36.217777,01:48:35.308733,01:48:35.314331,01:48:35.314357,01:48:35.320067,01:48:35.351984,01:48:35.352156,01:48:35.272686
80,safe,01:48:37.951520,01:48:37.951520,01:48:37.952014,01:48:37.952014,01:48:37.953512,01:48:37.953512,01:48:37.955087,01:48:37.955087,01:48:37.965461,01:48:37.965504,01:48:37.982406,01:48:38.004384,01:48:38.899651,01:48:37.988361,01:48:37.994084,01:48:37.994107,01:48:37.999764,01:48:38.031748,01:48:38.031928,01:48:37.952739
80,safe,01:48:40.683643,01:48:40.683643,01:48:40.684075,01:48:40.684075,01:48:40.685416,01:48:40.685416,01:48:40.686966,01:48:40.686966,01:48:40.697615,01:48:40.697655,01:48:40.712862,01:48:40.735303,01:48:41.631730,01:48:40.719082,01:48:40.724895,01:48:40.724919,01:48:40.730683,01:48:40.764457,01:48:40.764626,01:48:40.684805
80,safe,01:48:43.378069,01:48:43.378069,01:48:43.378526,01:48:43.378526,01:48:43.379859,01:48:43.379859,01:48:43.381591,01:48:43.381591,01:48:43.391203,01:48:43.391229,01:48:43.406373,01:48:43.430994,01:48:44.328574,01:48:43.412601,01:48:43.418078,01:48:43.418102,01:48:43.423980,01:48:43.459153,01:48:43.459336,01:48:43.379259
80,safe,01:48:46.064316,01:48:46.064316,01:48:46.064807,01:48:46.064807,01:48:46.066284,01:48:46.066284,01:48:46.067802,01:48:46.067802,01:48:46.077908,01:48:46.077942,01:48:46.093786,01:48:46.115598,01:48:47.010986,01:48:46.099800,01:48:46.105603,01:48:46.105627,01:48:46.111345,01:48:46.144973,01:48:46.145133,01:48:46.065656
80,safe,01:48:48.746581,01:48:48.746581,01:48:48.747051,01:48:48.747051,01:48:48.748373,01:48:48.748373,01:48:48.749960,01:48:48.749960,01:48:48.759472,01:48:48.759493,01:48:48.783398,01:48:48.804271,01:48:49.699968,01:48:48.789334,01:48:48.794941,01:48:48.794963,01:48:48.800220,01:48:48.827001,01:48:48.827166,01:48:48.747779
80,safe,01:48:51.448624,01:48:51.448624,01:48:51.449041,01:48:51.449041,01:48:51.450398,01:48:51.450398,01:48:51.451974,01:48:51.451974,01:48:51.461586,01:48:51.461609,01:48:51.477718,01:48:51.499547,01:48:52.396887,01:48:51.484016,01:48:51.489788,01:48:51.489814,01:48:51.495300,01:48:51.529322,01:48:51.529489,01:48:51.449822
80,safe,01:48:54.134681,01:48:54.134681,01:48:54.135207,01:48:54.135207,01:48:54.136633,01:48:54.136633,01:48:54.138527,01:48:54.138527,01:48:54.148444,01:48:54.148476,01:48:54.163699,01:48:54.185357,01:48:55.084357,01:48:54.169417,01:48:54.175043,01:48:54.175069,01:48:54.181030,01:48:54.215476,01:48:54.215705,01:48:54.136017
80,safe,01:48:56.839024,01:48:56.839024,01:48:56.839608,01:48:56.839608,01:48:56.840970,01:48:56.840970,01:48:56.842698,01:48:56.842698,01:48:56.852158,01:48:56.852182,01:48:56.866964,01:48:56.888789,01:48:57.783200,01:48:56.872950,01:48:56.878894,01:48:56.878918,01:48:56.884597,01:48:56.919712,01:48:56.919876,01:48:56.840412
80,safe,01:48:59.517348,01:48:59.517348,01:48:59.517844,01:48:59.517844,01:48:59.519166,01:48:59.519166,01:48:59.520742,01:48:59.520742,01:48:59.530133,01:48:59.530157,01:48:59.545227,01:48:59.568038,01:49:00.472719,01:48:59.551653,01:48:59.557863,01:48:59.557887,01:48:59.563456,01:48:59.598010,01:48:59.598171,01:48:59.518607
80,safe,01:49:02.204229,01:49:02.204229,01:49:02.204802,01:49:02.204802,01:49:02.206294,01:49:02.206294,01:49:02.207992,01:49:02.207992,01:49:02.217356,01:49:02.217387,01:49:02.232020,01:49:02.254503,01:49:03.150900,01:49:02.238235,01:49:02.244100,01:49:02.244123,01:49:02.249977,01:49:02.284930,01:49:02.285105,01:49:02.205617
80,safe,01:49:04.886766,01:49:04.886766,01:49:04.887218,01:49:04.887218,01:49:04.888766,01:49:04.888766,01:49:04.890422,01:49:04.890422,01:49:04.899866,01:49:04.899890,01:49:04.914325,01:49:04.935089,01:49:05.830336,01:49:04.920257,01:49:04.925965,01:49:04.925988,01:49:04.931211,01:49:04.967705,01:49:04.967921,01:49:04.887948
80,safe,01:49:07.564240,01:49:07.564240,01:49:07.564849,01:49:07.564849,01:49:07.566324,01:49:07.566324,01:49:07.568040,01:49:07.568040,01:49:07.577453,01:49:07.577488,01:49:07.591517,01:49:07.612351,01:49:08.508517,01:49:07.597205,01:49:07.602558,01:49:07.602579,01:49:07.608142,01:49:07.644945,01:49:07.645113,01:49:07.565614
80,safe,01:49:10.252908,01:49:10.252908,01:49:10.253621,01:49:10.253621,01:49:10.255503,01:49:10.255503,01:49:10.257215,01:49:10.257215,01:49:10.268240,01:49:10.268308,01:49:10.291577,01:49:10.323039,01:49:11.223869,01:49:10.301308,01:49:10.309605,01:49:10.309634,01:49:10.316216,01:49:10.333252,01:49:10.333426,01:49:10.254649
80,safe,01:49:12.971031,01:49:12.971031,01:49:12.971460,01:49:12.971460,01:49:12.973118,01:49:12.973118,01:49:12.974841,01:49:12.974841,01:49:12.984506,01:49:12.984544,01:49:12.999546,01:49:13.021580,01:49:13.917211,01:49:13.005473,01:49:13.011281,01:49:13.011310,01:49:13.017271,01:49:13.051662,01:49:13.051846,01:49:12.972176
80,safe,01:49:15.652585,01:49:15.652585,01:49:15.653064,01:49:15.653064,01:49:15.654757,01:49:15.654757,01:49:15.656416,01:49:15.656416,01:49:15.665795,01:49:15.665819,01:49:15.680780,01:49:15.703979,01:49:16.603621,01:49:15.686908,01:49:15.693271,01:49:15.693295,01:49:15.699153,01:49:15.733537,01:49:15.733720,01:49:15.653915
80,safe,01:49:18.338804,01:49:18.338804,01:49:18.339388,01:49:18.339388,01:49:18.340840,01:49:18.340840,01:49:18.342558,01:49:18.342558,01:49:18.352715,01:49:18.352737,01:49:18.367833,01:49:18.388998,01:49:19.284038,01:49:18.373667,01:49:18.379175,01:49:18.379192,01:49:18.384836,01:49:18.419297,01:49:18.419462,01:49:18.340232
80,safe,01:49:21.032225,01:49:21.032225,01:49:21.032721,01:49:21.032721,01:49:21.034330,01:49:21.034330,01:49:21.036053,01:49:21.036053,01:49:21.046172,01:49:21.046203,01:49:21.072034,01:49:21.094173,01:49:21.988701,01:49:21.078183,01:49:21.084053,01:49:21.084075,01:49:21.089979,01:49:21.112771,01:49:21.112936,01:49:21.033483
80,safe,01:49:23.729501,01:49:23.729501,01:49:23.729929,01:49:23.729929,01:49:23.731257,01:49:23.731257,01:49:23.732818,01:49:23.732818,01:49:23.743234,01:49:23.743262,01:49:23.759312,01:49:23.781501,01:49:24.675867,01:49:23.765507,01:49:23.771205,01:49:23.771228,01:49:23.777255,01:49:23.810146,01:49:23.810316,01:49:23.730658
80,safe,01:49:26.413166,01:49:26.413166,01:49:26.413659,01:49:26.413659,01:49:26.414976,01:49:26.414976,01:49:26.416798,01:49:26.416798,01:49:26.426158,01:49:26.426182,01:49:26.441294,01:49:26.463841,01:49:27.360075,01:49:26.447743,01:49:26.453534,01:49:26.453555,01:49:26.459506,01:49:26.494024,01:49:26.494230,01:49:26.414402
80,safe,01:49:29.097138,01:49:29.097138,01:49:29.097644,01:49:29.097644,01:49:29.099037,01:49:29.099037,01:49:29.100424,01:49:29.100424,01:49:29.109774,01:49:29.109801,01:49:29.123873,01:49:29.145285,01:49:30.040315,01:49:29.129785,01:49:29.135314,01:49:29.135340,01:49:29.140940,01:49:29.177589,01:49:29.177757,01:49:29.098468
80,safe,01:49:31.788966,01:49:31.788966,01:49:31.789388,01:49:31.789388,01:49:31.790641,01:49:31.790641,01:49:31.792060,01:49:31.792060,01:49:31.801421,01:49:31.801453,01:49:31.816375,01:49:31.838358,01:49:32.734089,01:49:31.822471,01:49:31.828253,01:49:31.828281,01:49:31.833974,01:49:31.869730,01:49:31.869905,01:49:31.790113
80,safe,01:49:34.467646,01:49:34.467646,01:49:34.468059,01:49:34.468059,01:49:34.469525,01:49:34.469525,01:49:34.471267,01:49:34.471267,01:49:34.480862,01:49:34.480888,01:49:34.495264,01:49:34.517621,01:49:35.415054,01:49:34.501634,01:49:34.507124,01:49:34.507149,01:49:34.512327,01:49:34.548400,01:49:34.548583,01:49:34.468876
80,safe,01:49:37.149486,01:49:37.149486,01:49:37.150096,01:49:37.150096,01:49:37.151550,01:49:37.151550,01:49:37.153463,01:49:37.153463,01:49:37.165737,01:49:37.165770,01:49:37.180888,01:49:37.202765,01:49:38.097295,01:49:37.186595,01:49:37.192272,01:49:37.192296,01:49:37.198543,01:49:37.230078,01:49:37.230246,01:49:37.150968
80,safe,01:49:39.836854,01:49:39.836854,01:49:39.837376,01:49:39.837376,01:49:39.838725,01:49:39.838725,01:49:39.840305,01:49:39.840305,01:49:39.850098,01:49:39.850139,01:49:39.865002,01:49:39.887213,01:49:40.794615,01:49:39.871046,01:49:39.876993,01:49:39.877016,01:49:39.882416,01:49:39.917464,01:49:39.917652,01:49:39.838132
100,safe,01:49:42.535192,01:49:42.535192,01:49:42.535662,01:49:42.535662,01:49:42.537038,01:49:42.537038,01:49:42.538554,01:49:42.538554,01:49:42.548147,01:49:42.548170,01:49:42.565887,01:49:42.596876,01:49:43.492607,01:49:42.575120,01:49:42.583009,01:49:42.583042,01:49:42.590516,01:49:42.635661,01:49:42.635833,01:49:42.536451
100,safe,01:49:45.228968,01:49:45.228968,01:49:45.229509,01:49:45.229509,01:49:45.230897,01:49:45.230897,01:49:45.232537,01:49:45.232537,01:49:45.242670,01:49:45.242695,01:49:45.257908,01:49:45.280475,01:49:46.181035,01:49:45.264073,01:49:45.270184,01:49:45.270207,01:49:45.275959,01:49:45.329531,01:49:45.329698,01:49:45.230242
100,safe,01:49:47.913639,01:49:47.913639,01:49:47.914231,01:49:47.914231,01:49:47.915735,01:49:47.915735,01:49:47.917689,01:49:47.917689,01:49:47.927087,01:49:47.927119,01:49:47.942040,01:49:47.962934,01:49:48.857904,01:49:47.948101,01:49:47.953352,01:49:47.953368,01:49:47.958915,01:49:48.014643,01:49:48.014819,01:49:47.914966
100,safe,01:49:50.605739,01:49:50.605739,01:49:50.606277,01:49:50.606277,01:49:50.607703,01:49:50.607703,01:49:50.609317,01:49:50.609317,01:49:50.619189,01:49:50.619212,01:49:50.634364,01:49:50.655895,01:49:51.549678,01:49:50.640455,01:49:50.646205,01:49:50.646232,01:49:50.651846,01:49:50.706384,01:49:50.706561,01:49:50.607108
100,safe,01:49:53.284828,01:49:53.284828,01:49:53.285309,01:49:53.285309,01:49:53.286697,01:49:53.286697,01:49:53.288106,01:49:53.288106,01:49:53.298375,01:49:53.298402,01:49:53.322166,01:49:53.345085,01:49:54.241511,01:49:53.328271,01:49:53.333880,01:49:53.333904,01:49:53.339479,01:49:53.385808,01:49:53.386221,01:49:53.286087
100,safe,01:49:55.979508,01:49:55.979508,01:49:55.979969,01:49:55.979969,01:49:55.981624,01:49:55.981624,01:49:55.983419,01:49:55.983419,01:49:55.992778,01:49:55.992802,01:49:56.008559,01:49:56.030529,01:49:56.925589,01:49:56.014966,01:49:56.020608,01:49:56.020630,01:49:56.026232,01:49:56.080453,01:49:56.080711,01:49:55.980760
100,safe,01:49:58.665070,01:49:58.665070,01:49:58.665528,01:49:58.665528,01:49:58.667158,01:49:58.667158,01:49:58.668741,01:49:58.668741,01:49:58.678349,01:49:58.678376,01:49:58.693336,01:49:58.714854,01:49:59.608467,01:49:58.699140,01:49:58.704726,01:49:58.704742,01:49:58.710388,01:49:58.765718,01:49:58.765886,01:49:58.666330
100,safe,01:50:01.355929,01:50:01.355929,01:50:01.356373,01:50:01.356373,01:50:01.357891,01:50:01.357891,01:50:01.359378,01:50:01.359378,01:50:01.369340,01:50:01.369371,01:50:01.384360,01:50:01.406479,01:50:02.301196,01:50:01.390266,01:50:01.396061,01:50:01.396084,01:50:01.401983,01:50:01.456775,01:50:01.456948,01:50:01.357104
100,safe,01:50:04.037025,01:50:04.037025,01:50:04.037567,01:50:04.037567,01:50:04.040032,01:50:04.040032,01:50:04.041795,01:50:04.041795,01:50:04.051367,01:50:04.051396,01:50:04.066545,01:50:04.088235,01:50:04.983297,01:50:04.072872,01:50:04.078613,01:50:04.078632,01:50:04.083860,01:50:04.137775,01:50:04.137999,01:50:04.039379
100,safe,01:50:06.718361,01:50:06.718361,01:50:06.718955,01:50:06.718955,01:50:06.720386,01:50:06.720386,01:50:06.721980,01:50:06.721980,01:50:06.732412,01:50:06.732444,01:50:06.747374,01:50:06.768311,01:50:07.663351,01:50:06.753263,01:50:06.758518,01:50:06.758539,01:50:06.764130,01:50:06.818943,01:50:06.819121,01:50:06.719684
100,safe,01:50:09.415811,01:50:09.415811,01:50:09.416280,01:50:09.416280,01:50:09.417592,01:50:09.417592,01:50:09.419433,01:50:09.419433,01:50:09.429123,01:50:09.429152,01:50:09.443777,01:50:09.464947,01:50:10.363903,01:50:09.449780,01:50:09.454961,01:50:09.454977,01:50:09.460416,01:50:09.516375,01:50:09.516569,01:50:09.417052
100,safe,01:50:12.105702,01:50:12.105702,01:50:12.106213,01:50:12.106213,01:50:12.107528,01:50:12.107528,01:50:12.109030,01:50:12.109030,01:50:12.118460,01:50:12.118499,01:50:12.133480,01:50:12.155399,01:50:13.050684,01:50:12.139546,01:50:12.145330,01:50:12.145353,01:50:12.150891,01:50:12.206541,01:50:12.206773,01:50:12.106977
100,safe,01:50:14.786456,01:50:14.786456,01:50:14.786888,01:50:14.786888,01:50:14.788403,01:50:14.788403,01:50:14.790035,01:50:14.790035,01:50:14.799609,01:50:14.799639,01:50:14.814127,01:50:14.835235,01:50:15.728559,01:50:14.819818,01:50:14.825338,01:50:14.825355,01:50:14.830958,01:50:14.887106,01:50:14.887276,01:50:14.787599
100,safe,01:50:17.481154,01:50:17.481154,01:50:17.481690,01:50:17.481690,01:50:17.483250,01:50:17.483250,01:50:17.484756,01:50:17.484756,01:50:17.495271,01:50:17.495299,01:50:17.509403,01:50:17.530630,01:50:18.426401,01:50:17.515192,01:50:17.520670,01:50:17.520695,01:50:17.526143,01:50:17.581833,01:50:17.582006,01:50:17.482457
100,safe,01:50:20.176101,01:50:20.176101,01:50:20.176573,01:50:20.176573,01:50:20.177858,01:50:20.177858,01:50:20.179327,01:50:20.179327,01:50:20.188762,01:50:20.188800,01:50:20.203907,01:50:20.226032,01:50:21.124769,01:50:20.209875,01:50:20.215392,01:50:20.215416,01:50:20.221075,01:50:20.277137,01:50:20.277371,01:50:20.177307
100,safe,01:50:22.868387,01:50:22.868387,01:50:22.868885,01:50:22.868885,01:50:22.870230,01:50:22.870230,01:50:22.871754,01:50:22.871754,01:50:22.881285,01:50:22.881324,01:50:22.896481,01:50:22.917889,01:50:23.812060,01:50:22.902331,01:50:22.908079,01:50:22.908103,01:50:22.913618,01:50:22.969170,01:50:22.969344,01:50:22.869703
100,safe,01:50:25.551760,01:50:25.551760,01:50:25.552325,01:50:25.552325,01:50:25.553712,01:50:25.553712,01:50:25.555298,01:50:25.555298,01:50:25.564511,01:50:25.564534,01:50:25.589185,01:50:25.610021,01:50:26.505114,01:50:25.595107,01:50:25.600466,01:50:25.600485,01:50:25.605977,01:50:25.652440,01:50:25.652611,01:50:25.553128
100,safe,01:50:28.258573,01:50:28.258573,01:50:28.259162,01:50:28.259162,01:50:28.260596,01:50:28.260596,01:50:28.261987,01:50:28.261987,01:50:28.271665,01:50:28.271690,01:50:28.286127,01:50:28.307138,01:50:29.205238,01:50:28.292180,01:50:28.297280,01:50:28.297299,01:50:28.302897,01:50:28.359075,01:50:28.359253,01:50:28.259945
100,safe,01:50:30.998385,01:50:30.998385,01:50:30.998993,01:50:30.998993,01:50:31.000433,01:50:31.000433,01:50:31.002310,01:50:31.002310,01:50:31.011910,01:50:31.011940,01:50:31.027180,01:50:31.054654,01:50:31.951281,01:50:31.033176,01:50:31.038882,01:50:31.038914,01:50:31.048487,01:50:31.098999,01:50:31.099175,01:50:30.999857
100,safe,01:50:33.690991,01:50:33.690991,01:50:33.691419,01:50:33.691419,01:50:33.692936,01:50:33.692936,01:50:33.694486,01:50:33.694486,01:50:33.704583,01:50:33.704615,01:50:33.720070,01:50:33.741943,01:50:34.636530,01:50:33.726006,01:50:33.731743,01:50:33.731760,01:50:33.737688,01:50:33.791888,01:50:33.792044,01:50:33.692124
100,safe,01:50:36.378707,01:50:36.378707,01:50:36.379187,01:50:36.379187,01:50:36.380697,01:50:36.380697,01:50:36.382462,01:50:36.382462,01:50:36.392101,01:50:36.392126,01:50:36.406716,01:50:36.429373,01:50:37.323622,01:50:36.413922,01:50:36.419579,01:50:36.419619,01:50:36.425279,01:50:36.478972,01:50:36.479144,01:50:36.380007
100,safe,01:50:39.060610,01:50:39.060610,01:50:39.061071,01:50:39.061071,01:50:39.062622,01:50:39.062622,01:50:39.064394,01:50:39.064394,01:50:39.076357,01:50:39.076388,01:50:39.090986,01:50:39.118305,01:50:40.016355,01:50:39.096981,01:50:39.103758,01:50:39.103794,01:50:39.112083,01:50:39.161440,01:50:39.161615,01:50:39.061825
100,safe,01:50:41.760188,01:50:41.760188,01:50:41.760758,01:50:41.760758,01:50:41.762363,01:50:41.762363,01:50:41.763850,01:50:41.763850,01:50:41.774566,01:50:41.774605,01:50:41.789651,01:50:41.810704,01:50:42.704334,01:50:41.795410,01:50:41.800858,01:50:41.800876,01:50:41.806608,01:50:41.860959,01:50:41.861137,01:50:41.761492
100,safe,01:50:44.450334,01:50:44.450334,01:50:44.450796,01:50:44.450796,01:50:44.452415,01:50:44.452415,01:50:44.453924,01:50:44.453924,01:50:44.463863,01:50:44.463892,01:50:44.478257,01:50:44.500352,01:50:45.393299,01:50:44.484628,01:50:44.490029,01:50:44.490045,01:50:44.495686,01:50:44.551292,01:50:44.551462,01:50:44.451584
100,safe,01:50:47.133477,01:50:47.133477,01:50:47.134057,01:50:47.134057,01:50:47.135719,01:50:47.135719,01:50:47.137269,01:50:47.137269,01:50:47.148030,01:50:47.148055,01:50:47.162869,01:50:47.188798,01:50:48.086034,01:50:47.169209,01:50:47.176242,01:50:47.176276,01:50:47.184015,01:50:47.233983,01:50:47.234148,01:50:47.134966
100,safe,01:50:49.822029,01:50:49.822029,01:50:49.822648,01:50:49.822648,01:50:49.823980,01:50:49.823980,01:50:49.825722,01:50:49.825722,01:50:49.835370,01:50:49.835393,01:50:49.850051,01:50:49.871711,01:50:50.775540,01:50:49.855856,01:50:49.861559,01:50:49.861582,01:50:49.867171,01:50:49.922434,01:50:49.922598,01:50:49.823439
100,safe,01:50:52.523584,01:50:52.523584,01:50:52.524061,01:50:52.524061,01:50:52.525453,01:50:52.525453,01:50:52.527133,01:50:52.527133,01:50:52.537186,01:50:52.537215,01:50:52.552717,01:50:52.574730,01:50:53.469902,01:50:52.559011,01:50:52.564888,01:50:52.564913,01:50:52.570570,01:50:52.624091,01:50:52.624317,01:50:52.524846
100,safe,01:50:55.218281,01:50:55.218281,01:50:55.218734,01:50:55.218734,01:50:55.220091,01:50:55.220091,01:50:55.221611,01:50:55.221611,01:50:55.231000,01:50:55.231024,01:50:55.247785,01:50:55.274686,01:50:56.170649,01:50:55.255033,01:50:55.261477,01:50:55.261511,01:50:55.269699,01:50:55.319213,01:50:55.319385,01:50:55.219518
100,safe,01:50:57.904844,01:50:57.904844,01:50:57.905334,01:50:57.905334,01:50:57.906956,01:50:57.906956,01:50:57.908661,01:50:57.908661,01:50:57.918002,01:50:57.918026,01:50:57.944068,01:50:57.966205,01:50:58.860827,01:50:57.950381,01:50:57.956165,01:50:57.956189,01:50:57.961624,01:50:58.005711,01:50:58.005885,01:50:57.906134
100,safe,01:51:00.601659,01:51:00.601659,01:51:00.602124,01:51:00.602124,01:51:00.603831,01:51:00.603831,01:51:00.605594,01:51:00.605594,01:51:00.615411,01:51:00.615449,01:51:00.632831,01:51:00.654328,01:51:01.549420,01:51:00.638750,01:51:00.644241,01:51:00.644268,01:51:00.650000,01:51:00.702563,01:51:00.702737,01:51:00.602907
100,safe,01:51:03.301807,01:51:03.301807,01:51:03.302251,01:51:03.302251,01:51:03.303801,01:51:03.303801,01:51:03.305504,01:51:03.305504,01:51:03.314856,01:51:03.314883,01:51:03.329334,01:51:03.350477,01:51:04.244144,01:51:03.335164,01:51:03.340642,01:51:03.340665,01:51:03.346331,01:51:03.402364,01:51:03.402538,01:51:03.303015
100,safe,01:51:05.983491,01:51:05.983491,01:51:05.984088,01:51:05.984088,01:51:05.985619,01:51:05.985619,01:51:05.987280,01:51:05.987280,01:51:05.997602,01:51:05.997627,01:51:06.012553,01:51:06.034217,01:51:06.930230,01:51:06.018572,01:51:06.024304,01:51:06.024326,01:51:06.029932,01:51:06.084353,01:51:06.084535,01:51:05.984935
100,safe,01:51:08.667820,01:51:08.667820,01:51:08.668306,01:51:08.668306,01:51:08.669932,01:51:08.669932,01:51:08.671511,01:51:08.671511,01:51:08.681015,01:51:08.681038,01:51:08.696192,01:51:08.716966,01:51:09.611086,01:51:08.701998,01:51:08.707361,01:51:08.707382,01:51:08.712887,01:51:08.768349,01:51:08.768510,01:51:08.669076
100,safe,01:51:11.367287,01:51:11.367287,01:51:11.367734,01:51:11.367734,01:51:11.369010,01:51:11.369010,01:51:11.370502,01:51:11.370502,01:51:11.380496,01:51:11.380521,01:51:11.395389,01:51:11.416871,01:51:12.312483,01:51:11.401369,01:51:11.407090,01:51:11.407116,01:51:11.412572,01:51:11.467937,01:51:11.468111,01:51:11.368472
100,safe,01:51:14.057753,01:51:14.057753,01:51:14.058204,01:51:14.058204,01:51:14.059900,01:51:14.059900,01:51:14.061687,01:51:14.061687,01:51:14.072062,01:51:14.072092,01:51:14.087151,01:51:14.108346,01:51:15.003612,01:51:14.093030,01:51:14.098666,01:51:14.098683,01:51:14.104219,01:51:14.158475,01:51:14.158642,01:51:14.059048
100,safe,01:51:16.743942,01:51:16.743942,01:51:16.744397,01:51:16.744397,01:51:16.746113,01:51:16.746113,01:51:16.747746,01:51:16.747746,01:51:16.757095,01:51:16.757120,01:51:16.771884,01:51:16.793835,01:51:17.686737,01:51:16.778049,01:51:16.783660,01:51:16.783678,01:51:16.789406,01:51:16.845021,01:51:16.845196,01:51:16.745246
100,safe,01:51:19.428587,01:51:19.428587,01:51:19.429166,01:51:19.429166,01:51:19.430630,01:51:19.430630,01:51:19.432284,01:51:19.432284,01:51:19.441925,01:51:19.441955,01:51:19.456441,01:51:19.477506,01:51:20.374364,01:51:19.462231,01:51:19.467811,01:51:19.467838,01:51:19.473405,01:51:19.529184,01:51:19.529372,01:51:19.429971
100,safe,01:51:22.126893,01:51:22.126893,01:51:22.127336,01:51:22.127336,01:51:22.128591,01:51:22.128591,01:51:22.130294,01:51:22.130294,01:51:22.139767,01:51:22.139789,01:51:22.153882,01:51:22.175510,01:51:23.072071,01:51:22.159705,01:51:22.165528,01:51:22.165548,01:51:22.171190,01:51:22.227487,01:51:22.227660,01:51:22.128051
100,safe,01:51:24.809130,01:51:24.809130,01:51:24.809648,01:51:24.809648,01:51:24.811167,01:51:24.811167,01:51:24.812773,01:51:24.812773,01:51:24.824321,01:51:24.824343,01:51:24.842861,01:51:24.868569,01:51:25.766178,01:51:24.850595,01:51:24.856560,01:51:24.856581,01:51:24.863329,01:51:24.910063,01:51:24.910233,01:51:24.810520
100,safe,01:51:27.504469,01:51:27.504469,01:51:27.505067,01:51:27.505067,01:51:27.506545,01:51:27.506545,01:51:27.508203,01:51:27.508203,01:51:27.518251,01:51:27.518280,01:51:27.533040,01:51:27.554250,01:51:28.449268,01:51:27.539034,01:51:27.544500,01:51:27.544520,01:51:27.549853,01:51:27.605199,01:51:27.605379,01:51:27.505856
100,safe,01:51:30.187106,01:51:30.187106,01:51:30.187532,01:51:30.187532,01:51:30.188873,01:51:30.188873,01:51:30.190389,01:51:30.190389,01:51:30.200263,01:51:30.200289,01:51:30.225286,01:51:30.246554,01:51:31.149113,01:51:30.231370,01:51:30.236949,01:51:30.236966,01:51:30.242388,01:51:30.287979,01:51:30.288156,01:51:30.188317
100,safe,01:51:32.902292,01:51:32.902292,01:51:32.902684,01:51:32.902684,01:51:32.903943,01:51:32.903943,01:51:32.905461,01:51:32.905461,01:51:32.914954,01:51:32.914982,01:51:32.930235,01:51:32.952020,01:51:33.846327,01:51:32.936455,01:51:32.941890,01:51:32.941906,01:51:32.947560,01:51:33.003183,01:51:33.003355,01:51:32.903429
100,safe,01:51:35.587792,01:51:35.587792,01:51:35.588295,01:51:35.588295,01:51:35.589672,01:51:35.589672,01:51:35.591381,01:51:35.591381,01:51:35.601846,01:51:35.601877,01:51:35.617407,01:51:35.639663,01:51:36.535154,01:51:35.623778,01:51:35.629497,01:51:35.629520,01:51:35.635114,01:51:35.688494,01:51:35.688709,01:51:35.589044
100,safe,01:51:38.271434,01:51:38.271434,01:51:38.271872,01:51:38.271872,01:51:38.273171,01:51:38.273171,01:51:38.274926,01:51:38.274926,01:51:38.284529,01:51:38.284554,01:51:38.327504,01:51:38.349092,01:51:39.242965,01:51:38.333784,01:51:38.339117,01:51:38.339133,01:51:38.344867,01:51:38.372428,01:51:38.372591,01:51:38.272626
100,safe,01:51:41.084318,01:51:41.084318,01:51:41.084814,01:51:41.084814,01:51:41.086396,01:51:41.086396,01:51:41.087979,01:51:41.087979,01:51:41.100506,01:51:41.100541,01:51:41.112704,01:51:41.133651,01:51:42.029930,01:51:41.118579,01:51:41.124097,01:51:41.124114,01:51:41.129569,01:51:41.184797,01:51:41.184972,01:51:41.085567
100,safe,01:51:43.772498,01:51:43.772498,01:51:43.773056,01:51:43.773056,01:51:43.775327,01:51:43.775327,01:51:43.777173,01:51:43.777173,01:51:43.788699,01:51:43.788747,01:51:43.808305,01:51:43.832383,01:51:44.726569,01:51:43.815618,01:51:43.822140,01:51:43.822164,01:51:43.827751,01:51:43.873005,01:51:43.873168,01:51:43.774328
100,safe,01:51:46.466326,01:51:46.466326,01:51:46.466826,01:51:46.466826,01:51:46.468309,01:51:46.468309,01:51:46.470021,01:51:46.470021,01:51:46.479757,01:51:46.479783,01:51:46.494374,01:51:46.515246,01:51:47.409711,01:51:46.500009,01:51:46.505427,01:51:46.505451,01:51:46.511086,01:51:46.567115,01:51:46.567285,01:51:46.467765
100,safe,01:51:49.149026,01:51:49.149026,01:51:49.149510,01:51:49.149510,01:51:49.151073,01:51:49.151073,01:51:49.152725,01:51:49.152725,01:51:49.162199,01:51:49.162227,01:51:49.177606,01:51:49.198969,01:51:50.093001,01:51:49.183298,01:51:49.188973,01:51:49.188996,01:51:49.194672,01:51:49.249844,01:51:49.250015,01:51:49.150284
100,safe,01:51:51.843587,01:51:51.843587,01:51:51.844155,01:51:51.844155,01:51:51.845560,01:51:51.845560,01:51:51.847129,01:51:51.847129,01:51:51.856652,01:51:51.856682,01:51:51.871282,01:51:51.892360,01:51:52.787913,01:51:51.877323,01:51:51.882415,01:51:51.882433,01:51:51.887817,01:51:51.944487,01:51:51.944655,01:51:51.844925
100,safe,01:51:54.527975,01:51:54.527975,01:51:54.528550,01:51:54.528550,01:51:54.529867,01:51:54.529867,01:51:54.531525,01:51:54.531525,01:51:54.541863,01:51:54.541894,01:51:54.557441,01:51:54.578714,01:51:55.475307,01:51:54.563353,01:51:54.569054,01:51:54.569070,01:51:54.574530,01:51:54.628855,01:51:54.629061,01:51:54.529340
100,safe,01:51:57.213607,01:51:57.213607,01:51:57.214105,01:51:57.214105,01:51:57.215644,01:51:57.215644,01:51:57.217320,01:51:57.217320,01:51:57.227129,01:51:57.227154,01:51:57.241353,01:51:57.262662,01:51:58.155611,01:51:57.247111,01:51:57.252575,01:51:57.252598,01:51:57.258312,01:51:57.314342,01:51:57.314510,01:51:57.214861
100,safe,01:51:59.890526,01:51:59.890526,01:51:59.891113,01:51:59.891113,01:51:59.892522,01:51:59.892522,01:51:59.894249,01:51:59.894249,01:51:59.903874,01:51:59.903907,01:51:59.918712,01:51:59.939926,01:52:00.844042,01:51:59.924555,01:51:59.930038,01:51:59.930062,01:51:59.935631,01:51:59.990961,01:51:59.991116,01:51:59.891875
100,safe,01:52:02.600335,01:52:02.600335,01:52:02.600805,01:52:02.600805,01:52:02.602522,01:52:02.602522,01:52:02.604275,01:52:02.604275,01:52:02.614667,01:52:02.614692,01:52:02.642094,01:52:02.664376,01:52:03.560723,01:52:02.648299,01:52:02.654092,01:52:02.654113,01:52:02.660051,01:52:02.700955,01:52:02.701167,01:52:02.601608
100,safe,01:52:05.303706,01:52:05.303706,01:52:05.304158,01:52:05.304158,01:52:05.305495,01:52:05.305495,01:52:05.307268,01:52:05.307268,01:52:05.317049,01:52:05.317076,01:52:05.333794,01:52:05.355211,01:52:06.249151,01:52:05.339685,01:52:05.345262,01:52:05.345284,01:52:05.350871,01:52:05.404576,01:52:05.404751,01:52:05.304922
100,safe,01:52:07.988199,01:52:07.988199,01:52:07.988729,01:52:07.988729,01:52:07.990311,01:52:07.990311,01:52:07.991854,01:52:07.991854,01:52:08.001561,01:52:08.001595,01:52:08.016865,01:52:08.038560,01:52:08.932801,01:52:08.022654,01:52:08.028645,01:52:08.028670,01:52:08.034100,01:52:08.088938,01:52:08.089106,01:52:07.989491
100,safe,01:52:10.694017,01:52:10.694017,01:52:10.694518,01:52:10.694518,01:52:10.696128,01:52:10.696128,01:52:10.697783,01:52:10.697783,01:52:10.708058,01:52:10.708084,01:52:10.723056,01:52:10.744798,01:52:11.640120,01:52:10.729110,01:52:10.734747,01:52:10.734768,01:52:10.740154,01:52:10.794696,01:52:10.794880,01:52:10.695289
100,safe,01:52:13.392766,01:52:13.392766,01:52:13.393232,01:52:13.393232,01:52:13.394652,01:52:13.394652,01:52:13.396488,01:52:13.396488,01:52:13.406160,01:52:13.406182,01:52:13.421500,01:52:13.442952,01:52:14.339286,01:52:13.427310,01:52:13.433225,01:52:13.433255,01:52:13.438733,01:52:13.493958,01:52:13.494183,01:52:13.394003
100,safe,01:52:16.079899,01:52:16.079899,01:52:16.080378,01:52:16.080378,01:52:16.082061,01:52:16.082061,01:52:16.083676,01:52:16.083676,01:52:16.093628,01:52:16.093654,01:52:16.108478,01:52:16.130126,01:52:17.023925,01:52:16.114572,01:52:16.120438,01:52:16.120461,01:52:16.125986,01:52:16.180603,01:52:16.180772,01:52:16.081193
100,safe,01:52:18.774527,01:52:18.774527,01:52:18.774965,01:52:18.774965,01:52:18.776512,01:52:18.776512,01:52:18.777951,01:52:18.777951,01:52:18.787647,01:52:18.787675,01:52:18.802783,01:52:18.824423,01:52:19.719077,01:52:18.808767,01:52:18.814364,01:52:18.814388,01:52:18.820075,01:52:18.875223,01:52:18.875387,01:52:18.775707
100,safe,01:52:21.468447,01:52:21.468447,01:52:21.468938,01:52:21.468938,01:52:21.470450,01:52:21.470450,01:52:21.472114,01:52:21.472114,01:52:21.482347,01:52:21.482373,01:52:21.496992,01:52:21.522753,01:52:22.419841,01:52:21.505765,01:52:21.512261,01:52:21.512290,01:52:21.518386,01:52:21.568899,01:52:21.569079,01:52:21.469670
100,safe,01:52:24.162965,01:52:24.162965,01:52:24.163515,01:52:24.163515,01:52:24.165179,01:52:24.165179,01:52:24.166874,01:52:24.166874,01:52:24.177261,01:52:24.177287,01:52:24.192101,01:52:24.213841,01:52:25.108004,01:52:24.198249,01:52:24.203984,01:52:24.204009,01:52:24.209644,01:52:24.263600,01:52:24.263774,01:52:24.164403
100,safe,01:52:26.851620,01:52:26.851620,01:52:26.852170,01:52:26.852170,01:52:26.853445,01:52:26.853445,01:52:26.854902,01:52:26.854902,01:52:26.865317,01:52:26.865348,01:52:26.880116,01:52:26.900766,01:52:27.795175,01:52:26.885792,01:52:26.891267,01:52:26.891292,01:52:26.896574,01:52:26.952306,01:52:26.952509,01:52:26.852928
100,safe,01:52:29.530832,01:52:29.530832,01:52:29.531331,01:52:29.531331,01:52:29.532840,01:52:29.532840,01:52:29.534375,01:52:29.534375,01:52:29.544006,01:52:29.544046,01:52:29.558664,01:52:29.579818,01:52:30.480454,01:52:29.564814,01:52:29.570214,01:52:29.570243,01:52:29.575714,01:52:29.631442,01:52:29.631619,01:52:29.532218
100,safe,01:52:32.223111,01:52:32.223111,01:52:32.223487,01:52:32.223487,01:52:32.224727,01:52:32.224727,01:52:32.226473,01:52:32.226473,01:52:32.236068,01:52:32.236106,01:52:32.251190,01:52:32.273091,01:52:33.171268,01:52:32.257170,01:52:32.262641,01:52:32.262660,01:52:32.268293,01:52:32.324044,01:52:32.324269,01:52:32.224165
100,safe,01:52:34.921275,01:52:34.921275,01:52:34.921672,01:52:34.921672,01:52:34.922993,01:52:34.922993,01:52:34.924512,01:52:34.924512,01:52:34.933785,01:52:34.933810,01:52:34.960611,01:52:34.986428,01:52:35.883120,01:52:34.968330,01:52:34.975598,01:52:34.975622,01:52:34.982038,01:52:35.021381,01:52:35.021548,01:52:34.922390
100,safe,01:52:37.636705,01:52:37.636705,01:52:37.637373,01:52:37.637373,01:52:37.638975,01:52:37.638975,01:52:37.640587,01:52:37.640587,01:52:37.651282,01:52:37.651337,01:52:37.667069,01:52:37.688186,01:52:38.582991,01:52:37.673070,01:52:37.678226,01:52:37.678242,01:52:37.683761,01:52:37.737058,01:52:37.737232,01:52:37.638179
100,safe,01:52:40.328930,01:52:40.328930,01:52:40.329488,01:52:40.329488,01:52:40.330988,01:52:40.330988,01:52:40.332685,01:52:40.332685,01:52:40.342818,01:52:40.342858,01:52:40.359865,01:52:40.392380,01:52:41.300133,01:52:40.369242,01:52:40.377820,01:52:40.377851,01:52:40.384989,01:52:40.430325,01:52:40.430541,01:52:40.330309
100,safe,01:52:43.046519,01:52:43.046519,01:52:43.047146,01:52:43.047146,01:52:43.048561,01:52:43.048561,01:52:43.050300,01:52:43.050300,01:52:43.063126,01:52:43.063158,01:52:43.078615,01:52:43.099981,01:52:43.994886,01:52:43.084653,01:52:43.090387,01:52:43.090413,01:52:43.095823,01:52:43.147047,01:52:43.147223,01:52:43.047993
100,safe,01:52:45.737237,01:52:45.737237,01:52:45.737713,01:52:45.737713,01:52:45.739341,01:52:45.739341,01:52:45.740968,01:52:45.740968,01:52:45.750680,01:52:45.750707,01:52:45.765969,01:52:45.787397,01:52:46.681562,01:52:45.772053,01:52:45.777537,01:52:45.777559,01:52:45.783186,01:52:45.838023,01:52:45.838197,01:52:45.738470
100,safe,01:52:48.431108,01:52:48.431108,01:52:48.431606,01:52:48.431606,01:52:48.433054,01:52:48.433054,01:52:48.434794,01:52:48.434794,01:52:48.444300,01:52:48.444325,01:52:48.460016,01:52:48.481809,01:52:49.375761,01:52:48.466210,01:52:48.471822,01:52:48.471847,01:52:48.477251,01:52:48.531637,01:52:48.531840,01:52:48.432358
100,safe,01:52:51.158332,01:52:51.158332,01:52:51.158763,01:52:51.158763,01:52:51.160416,01:52:51.160416,01:52:51.162069,01:52:51.162069,01:52:51.173044,01:52:51.173066,01:52:51.189688,01:52:51.218873,01:52:52.116282,01:52:51.197991,01:52:51.206419,01:52:51.206446,01:52:51.213119,01:52:51.258843,01:52:51.259048,01:52:51.159570
100,safe,01:52:53.860640,01:52:53.860640,01:52:53.861211,01:52:53.861211,01:52:53.862628,01:52:53.862628,01:52:53.864248,01:52:53.864248,01:52:53.873890,01:52:53.873922,01:52:53.889221,01:52:53.909755,01:52:54.802669,01:52:53.894935,01:52:53.900160,01:52:53.900179,01:52:53.905681,01:52:53.961406,01:52:53.961578,01:52:53.861974
100,safe,01:52:56.546442,01:52:56.546442,01:52:56.546998,01:52:56.546998,01:52:56.548740,01:52:56.548740,01:52:56.550464,01:52:56.550464,01:52:56.559959,01:52:56.559986,01:52:56.574000,01:52:56.594605,01:52:57.489058,01:52:56.579896,01:52:56.585027,01:52:56.585044,01:52:56.590421,01:52:56.647329,01:52:56.647501,01:52:56.547814
100,safe,01:52:59.232704,01:52:59.232704,01:52:59.233202,01:52:59.233202,01:52:59.234636,01:52:59.234636,01:52:59.236227,01:52:59.236227,01:52:59.248262,01:52:59.248298,01:52:59.263230,01:52:59.283954,01:53:00.179769,01:52:59.269069,01:52:59.274622,01:52:59.274645,01:52:59.279848,01:52:59.333576,01:52:59.333744,01:52:59.233935
100,safe,01:53:01.924969,01:53:01.924969,01:53:01.925527,01:53:01.925527,01:53:01.926844,01:53:01.926844,01:53:01.928493,01:53:01.928493,01:53:01.938700,01:53:01.938726,01:53:01.953506,01:53:01.975859,01:53:02.872898,01:53:01.959708,01:53:01.965596,01:53:01.965612,01:53:01.971472,01:53:02.025854,01:53:02.026035,01:53:01.926305
100,safe,01:53:04.621528,01:53:04.621528,01:53:04.622066,01:53:04.622066,01:53:04.623676,01:53:04.623676,01:53:04.625450,01:53:04.625450,01:53:04.635639,01:53:04.635665,01:53:04.650734,01:53:04.672232,01:53:05.569302,01:53:04.656675,01:53:04.662373,01:53:04.662402,01:53:04.667822,01:53:04.722387,01:53:04.722566,01:53:04.622885
100,safe,01:53:07.320546,01:53:07.320546,01:53:07.320978,01:53:07.320978,01:53:07.322293,01:53:07.322293,01:53:07.324042,01:53:07.324042,01:53:07.333571,01:53:07.333592,01:53:07.359098,01:53:07.380465,01:53:08.276516,01:53:07.364998,01:53:07.370730,01:53:07.370756,01:53:07.376108,01:53:07.421310,01:53:07.421477,01:53:07.321665
100,safe,01:53:10.017593,01:53:10.017593,01:53:10.018063,01:53:10.018063,01:53:10.019531,01:53:10.019531,01:53:10.020944,01:53:10.020944,01:53:10.030488,01:53:10.030515,01:53:10.046550,01:53:10.070298,01:53:10.974766,01:53:10.052237,01:53:10.057745,01:53:10.057769,01:53:10.065549,01:53:10.118165,01:53:10.118326,01:53:10.018884
100,safe,01:53:12.715303,01:53:12.715303,01:53:12.715904,01:53:12.715904,01:53:12.717404,01:53:12.717404,01:53:12.719212,01:53:12.719212,01:53:12.730037,01:53:12.730066,01:53:12.745950,01:53:12.767922,01:53:13.663050,01:53:12.752329,01:53:12.758055,01:53:12.758077,01:53:12.763753,01:53:12.817166,01:53:12.817509,01:53:12.716701
100,safe,01:53:15.417066,01:53:15.417066,01:53:15.417547,01:53:15.417547,01:53:15.418804,01:53:15.418804,01:53:15.420261,01:53:15.420261,01:53:15.429786,01:53:15.429810,01:53:15.444867,01:53:15.466692,01:53:16.359718,01:53:15.451012,01:53:15.456627,01:53:15.456647,01:53:15.462215,01:53:15.517960,01:53:15.518143,01:53:15.418299
100,safe,01:53:18.104080,01:53:18.104080,01:53:18.104670,01:53:18.104670,01:53:18.106224,01:53:18.106224,01:53:18.107894,01:53:18.107894,01:53:18.117223,01:53:18.117242,01:53:18.132276,01:53:18.154271,01:53:19.050654,01:53:18.138259,01:53:18.144282,01:53:18.144306,01:53:18.149896,01:53:18.204651,01:53:18.204818,01:53:18.105517
100,safe,01:53:20.823344,01:53:20.823344,01:53:20.823787,01:53:20.823787,01:53:20.825282,01:53:20.825282,01:53:20.827027,01:53:20.827027,01:53:20.836633,01:53:20.836660,01:53:20.851282,01:53:20.872872,01:53:21.768053,01:53:20.857484,01:53:20.862981,01:53:20.863010,01:53:20.868539,01:53:20.924034,01:53:20.924221,01:53:20.824481
100,safe,01:53:23.515727,01:53:23.515727,01:53:23.516184,01:53:23.516184,01:53:23.517539,01:53:23.517539,01:53:23.519323,01:53:23.519323,01:53:23.529733,01:53:23.529760,01:53:23.544102,01:53:23.566014,01:53:24.460246,01:53:23.550105,01:53:23.555665,01:53:23.555690,01:53:23.561509,01:53:23.616509,01:53:23.616682,01:53:23.516940
100,safe,01:53:26.205380,01:53:26.205380,01:53:26.205846,01:53:26.205846,01:53:26.207445,01:53:26.207445,01:53:26.209115,01:53:26.209115,01:53:26.218810,01:53:26.218839,01:53:26.232847,01:53:26.254653,01:53:27.149809,01:53:26.238786,01:53:26.244675,01:53:26.244700,01:53:26.250253,01:53:26.306113,01:53:26.306281,01:53:26.206574
100,safe,01:53:28.888943,01:53:28.888943,01:53:28.889402,01:53:28.889402,01:53:28.890669,01:53:28.890669,01:53:28.892111,01:53:28.892111,01:53:28.901532,01:53:28.901557,01:53:28.916138,01:53:28.937714,01:53:29.833853,01:53:28.922214,01:53:28.927845,01:53:28.927861,01:53:28.933431,01:53:28.989992,01:53:28.990162,01:53:28.890146
100,safe,01:53:31.590036,01:53:31.590036,01:53:31.590614,01:53:31.590614,01:53:31.592057,01:53:31.592057,01:53:31.593637,01:53:31.593637,01:53:31.610448,01:53:31.610476,01:53:31.625345,01:53:31.647537,01:53:32.542074,01:53:31.631402,01:53:31.636916,01:53:31.636942,01:53:31.643085,01:53:31.690625,01:53:31.690806,01:53:31.591390
100,safe,01:53:34.298673,01:53:34.298673,01:53:34.299169,01:53:34.299169,01:53:34.300701,01:53:34.300701,01:53:34.302416,01:53:34.302416,01:53:34.312042,01:53:34.312075,01:53:34.326592,01:53:34.348076,01:53:35.241903,01:53:34.332319,01:53:34.338018,01:53:34.338044,01:53:34.343668,01:53:34.398900,01:53:34.399063,01:53:34.299854
100,safe,01:53:36.982820,01:53:36.982820,01:53:36.983219,01:53:36.983219,01:53:36.984485,01:53:36.984485,01:53:36.986370,01:53:36.986370,01:53:36.995812,01:53:36.995835,01:53:37.010788,01:53:37.033738,01:53:37.929513,01:53:37.016960,01:53:37.022079,01:53:37.022096,01:53:37.027506,01:53:37.083727,01:53:37.083918,01:53:36.983928
100,safe,01:53:39.676713,01:53:39.676713,01:53:39.677160,01:53:39.677160,01:53:39.678686,01:53:39.678686,01:53:39.680431,01:53:39.680431,01:53:39.690006,01:53:39.690032,01:53:39.716703,01:53:39.738468,01:53:40.638979,01:53:39.723203,01:53:39.729000,01:53:39.729027,01:53:39.734147,01:53:39.777629,01:53:39.777853,01:53:39.677900
100,safe,01:53:42.382424,01:53:42.382424,01:53:42.382796,01:53:42.382796,01:53:42.384185,01:53:42.384185,01:53:42.385960,01:53:42.385960,01:53:42.395743,01:53:42.395768,01:53:42.411092,01:53:42.432949,01:53:43.328392,01:53:42.417260,01:53:42.423057,01:53:42.423084,01:53:42.428530,01:53:42.483147,01:53:42.483315,01:53:42.383571
100,safe,01:53:45.073980,01:53:45.073980,01:53:45.074402,01:53:45.074402,01:53:45.075954,01:53:45.075954,01:53:45.077579,01:53:45.077579,01:53:45.090088,01:53:45.090117,01:53:45.105686,01:53:45.127025,01:53:46.022425,01:53:45.111461,01:53:45.117101,01:53:45.117122,01:53:45.122457,01:53:45.174524,01:53:45.174680,01:53:45.075098
100,safe,01:53:47.765955,01:53:47.765955,01:53:47.766441,01:53:47.766441,01:53:47.768061,01:53:47.768061,01:53:47.769644,01:53:47.769644,01:53:47.779482,01:53:47.779509,01:53:47.794990,01:53:47.818694,01:53:48.717719,01:53:47.801052,01:53:47.806676,01:53:47.806700,01:53:47.813401,01:53:47.866767,01:53:47.866964,01:53:47.767198
100,safe,01:53:50.460700,01:53:50.460700,01:53:50.461294,01:53:50.461294,01:53:50.463120,01:53:50.463120,01:53:50.465014,01:53:50.465014,01:53:50.475417,01:53:50.475470,01:53:50.492872,01:53:50.521825,01:53:51.422221,01:53:50.499825,01:53:50.508090,01:53:50.508118,01:53:50.516206,01:53:50.562115,01:53:50.562340,01:53:50.462301
100,safe,01:53:53.169449,01:53:53.169449,01:53:53.170059,01:53:53.170059,01:53:53.171515,01:53:53.171515,01:53:53.173104,01:53:53.173104,01:53:53.182581,01:53:53.182600,01:53:53.197550,01:53:53.219283,01:53:54.113215,01:53:53.203820,01:53:53.209408,01:53:53.209429,01:53:53.214865,01:53:53.269964,01:53:53.270137,01:53:53.170849
100,safe,01:53:55.813291,01:53:55.813291,01:53:55.813764,01:53:55.813764,01:53:55.815401,01:53:55.815401,01:53:55.817120,01:53:55.817120,01:53:55.826932,01:53:55.826959,01:53:55.841809,01:53:55.863085,01:53:56.756833,01:53:55.847767,01:53:55.853269,01:53:55.853287,01:53:55.858681,01:53:55.914252,01:53:55.914426,01:53:55.814520
100,safe,01:53:58.505576,01:53:58.505576,01:53:58.506019,01:53:58.506019,01:53:58.507564,01:53:58.507564,01:53:58.509260,01:53:58.509260,01:53:58.518730,01:53:58.518759,01:53:58.538151,01:53:58.565252,01:53:59.459950,01:53:58.546929,01:53:58.554401,01:53:58.554438,01:53:58.560611,01:53:58.606505,01:53:58.606672,01:53:58.506750
100,safe,01:54:01.235078,01:54:01.235078,01:54:01.235504,01:54:01.235504,01:54:01.236800,01:54:01.236800,01:54:01.238366,01:54:01.238366,01:54:01.248008,01:54:01.248036,01:54:01.262847,01:54:01.284085,01:54:02.178764,01:54:01.268666,01:54:01.273920,01:54:01.273942,01:54:01.279727,01:54:01.335842,01:54:01.336189,01:54:01.236223
100,safe,01:54:03.923302,01:54:03.923302,01:54:03.923834,01:54:03.923834,01:54:03.925103,01:54:03.925103,01:54:03.926642,01:54:03.926642,01:54:03.935896,01:54:03.935920,01:54:03.950502,01:54:03.972483,01:54:04.867650,01:54:03.956590,01:54:03.962234,01:54:03.962255,01:54:03.967882,01:54:04.023809,01:54:04.023978,01:54:03.924580
100,safe,01:54:06.616384,01:54:06.616384,01:54:06.616920,01:54:06.616920,01:54:06.618488,01:54:06.618488,01:54:06.620059,01:54:06.620059,01:54:06.630202,01:54:06.630229,01:54:06.645643,01:54:06.666872,01:54:07.561502,01:54:06.651610,01:54:06.657433,01:54:06.657455,01:54:06.662798,01:54:06.717203,01:54:06.717373,01:54:06.617695
100,safe,01:54:09.307506,01:54:09.307506,01:54:09.308000,01:54:09.308000,01:54:09.309655,01:54:09.309655,01:54:09.311350,01:54:09.311350,01:54:09.321306,01:54:09.321332,01:54:09.335999,01:54:09.357108,01:54:10.254102,01:54:09.342017,01:54:09.347349,01:54:09.347365,01:54:09.352710,01:54:09.408482,01:54:09.408659,01:54:09.308784
150,safe,01:54:12.008001,01:54:12.008001,01:54:12.008506,01:54:12.008506,01:54:12.010182,01:54:12.010182,01:54:12.011839,01:54:12.011839,01:54:12.022249,01:54:12.022284,01:54:12.049750,01:54:12.072357,01:54:12.969921,01:54:12.056123,01:54:12.062099,01:54:12.062126,01:54:12.068020,01:54:12.158502,01:54:12.158679,01:54:12.009311
150,safe,01:54:14.711737,01:54:14.711737,01:54:14.712201,01:54:14.712201,01:54:14.713780,01:54:14.713780,01:54:14.715544,01:54:14.715544,01:54:14.725486,01:54:14.725510,01:54:14.741640,01:54:14.763381,01:54:15.664909,01:54:14.747684,01:54:14.753487,01:54:14.753511,01:54:14.759029,01:54:14.862704,01:54:14.862897,01:54:14.712966
150,safe,01:54:17.416834,01:54:17.416834,01:54:17.417371,01:54:17.417371,01:54:17.418956,01:54:17.418956,01:54:17.420498,01:54:17.420498,01:54:17.430119,01:54:17.430143,01:54:17.445514,01:54:17.466306,01:54:18.362054,01:54:17.451304,01:54:17.456573,01:54:17.456596,01:54:17.462126,01:54:17.568225,01:54:17.568410,01:54:17.418134
150,safe,01:54:20.118850,01:54:20.118850,01:54:20.119297,01:54:20.119297,01:54:20.120604,01:54:20.120604,01:54:20.122351,01:54:20.122351,01:54:20.131950,01:54:20.131979,01:54:20.146595,01:54:20.173678,01:54:21.078650,01:54:20.154148,01:54:20.162417,01:54:20.162444,01:54:20.169007,01:54:20.269756,01:54:20.269934,01:54:20.120039
150,safe,01:54:22.816475,01:54:22.816475,01:54:22.817066,01:54:22.817066,01:54:22.818565,01:54:22.818565,01:54:22.820318,01:54:22.820318,01:54:22.829717,01:54:22.829742,01:54:22.844971,01:54:22.868995,01:54:23.765501,01:54:22.851318,01:54:22.857066,01:54:22.857088,01:54:22.862731,01:54:22.967420,01:54:22.967600,01:54:22.817878
150,safe,01:54:25.514191,01:54:25.514191,01:54:25.514780,01:54:25.514780,01:54:25.516207,01:54:25.516207,01:54:25.517633,01:54:25.517633,01:54:25.527226,01:54:25.527250,01:54:25.542096,01:54:25.563897,01:54:26.458401,01:54:25.548205,01:54:25.553634,01:54:25.553657,01:54:25.559527,01:54:25.665068,01:54:25.665236,01:54:25.515600
150,safe,01:54:28.210746,01:54:28.210746,01:54:28.211248,01:54:28.211248,01:54:28.212647,01:54:28.212647,01:54:28.214253,01:54:28.214253,01:54:28.223931,01:54:28.223967,01:54:28.238772,01:54:28.260799,01:54:29.155839,01:54:28.244804,01:54:28.250750,01:54:28.250768,01:54:28.256444,01:54:28.361368,01:54:28.361551,01:54:28.212037
150,safe,01:54:30.931238,01:54:30.931238,01:54:30.931725,01:54:30.931725,01:54:30.933205,01:54:30.933205,01:54:30.934757,01:54:30.934757,01:54:30.944224,01:54:30.944254,01:54:30.959092,01:54:30.980927,01:54:31.876024,01:54:30.964925,01:54:30.970548,01:54:30.970570,01:54:30.976613,01:54:31.082379,01:54:31.082542,01:54:30.932449
150,safe,01:54:33.626665,01:54:33.626665,01:54:33.627087,01:54:33.627087,01:54:33.628346,01:54:33.628346,01:54:33.629920,01:54:33.629920,01:54:33.639244,01:54:33.639266,01:54:33.654496,01:54:33.675906,01:54:34.570254,01:54:33.660423,01:54:33.666216,01:54:33.666241,01:54:33.671738,01:54:33.776654,01:54:33.776823,01:54:33.627809
150,safe,01:54:36.324212,01:54:36.324212,01:54:36.324760,01:54:36.324760,01:54:36.326103,01:54:36.326103,01:54:36.327815,01:54:36.327815,01:54:36.337893,01:54:36.337919,01:54:36.352417,01:54:36.373305,01:54:37.268223,01:54:36.358319,01:54:36.363575,01:54:36.363591,01:54:36.369085,01:54:36.474843,01:54:36.475006,01:54:36.325498
150,safe,01:54:39.009710,01:54:39.009710,01:54:39.010148,01:54:39.010148,01:54:39.011593,01:54:39.011593,01:54:39.013265,01:54:39.013265,01:54:39.023444,01:54:39.023471,01:54:39.038174,01:54:39.067899,01:54:39.963553,01:54:39.045702,01:54:39.052610,01:54:39.052638,01:54:39.061146,01:54:39.160288,01:54:39.160463,01:54:39.010941
150,safe,01:54:41.714594,01:54:41.714594,01:54:41.715174,01:54:41.715174,01:54:41.716539,01:54:41.716539,01:54:41.718426,01:54:41.718426,01:54:41.727846,01:54:41.727872,01:54:41.742171,01:54:41.763345,01:54:42.659023,01:54:41.748205,01:54:41.753487,01:54:41.753507,01:54:41.759025,01:54:41.865283,01:54:41.865464,01:54:41.716007
150,safe,01:54:44.411420,01:54:44.411420,01:54:44.411967,01:54:44.411967,01:54:44.413313,01:54:44.413313,01:54:44.414807,01:54:44.414807,01:54:44.424256,01:54:44.424279,01:54:44.450733,01:54:44.471536,01:54:45.366173,01:54:44.456793,01:54:44.462154,01:54:44.462176,01:54:44.467490,01:54:44.562530,01:54:44.562692,01:54:44.412744
150,safe,01:54:47.120081,01:54:47.120081,01:54:47.120678,01:54:47.120678,01:54:47.122253,01:54:47.122253,01:54:47.123925,01:54:47.123925,01:54:47.135958,01:54:47.135993,01:54:47.151894,01:54:47.172949,01:54:48.067817,01:54:47.158021,01:54:47.163036,01:54:47.163058,01:54:47.168757,01:54:47.270959,01:54:47.271142,01:54:47.121553
150,safe,01:54:49.809377,01:54:49.809377,01:54:49.809871,01:54:49.809871,01:54:49.811452,01:54:49.811452,01:54:49.813144,01:54:49.813144,01:54:49.823401,01:54:49.823432,01:54:49.838709,01:54:49.860187,01:54:50.765067,01:54:49.845005,01:54:49.850483,01:54:49.850503,01:54:49.855753,01:54:49.960175,01:54:49.960337,01:54:49.810596
150,safe,01:54:52.507451,01:54:52.507451,01:54:52.507933,01:54:52.507933,01:54:52.509484,01:54:52.509484,01:54:52.510964,01:54:52.510964,01:54:52.520542,01:54:52.520569,01:54:52.535120,01:54:52.556541,01:54:53.451732,01:54:52.541041,01:54:52.546741,01:54:52.546763,01:54:52.552310,01:54:52.658273,01:54:52.658449,01:54:52.508724
150,safe,01:54:55.202296,01:54:55.202296,01:54:55.202864,01:54:55.202864,01:54:55.204196,01:54:55.204196,01:54:55.205697,01:54:55.205697,01:54:55.215199,01:54:55.215219,01:54:55.230663,01:54:55.252123,01:54:56.146958,01:54:55.236630,01:54:55.241973,01:54:55.241996,01:54:55.247923,01:54:55.353028,01:54:55.353229,01:54:55.203661
150,safe,01:54:57.821140,01:54:57.821140,01:54:57.821672,01:54:57.821672,01:54:57.823353,01:54:57.823353,01:54:57.824837,01:54:57.824837,01:54:57.834386,01:54:57.834412,01:54:57.848831,01:54:57.869542,01:54:58.763346,01:54:57.854780,01:54:57.860173,01:54:57.860189,01:54:57.865526,01:54:57.971839,01:54:57.972023,01:54:57.822495
150,safe,01:55:00.517990,01:55:00.517990,01:55:00.518529,01:55:00.518529,01:55:00.520364,01:55:00.520364,01:55:00.522088,01:55:00.522088,01:55:00.532405,01:55:00.532448,01:55:00.553296,01:55:00.586206,01:55:01.492707,01:55:00.562829,01:55:00.571062,01:55:00.571098,01:55:00.578916,01:55:00.668876,01:55:00.669110,01:55:00.519517
150,safe,01:55:03.247644,01:55:03.247644,01:55:03.248037,01:55:03.248037,01:55:03.249665,01:55:03.249665,01:55:03.251303,01:55:03.251303,01:55:03.261684,01:55:03.261710,01:55:03.276925,01:55:03.298358,01:55:04.191586,01:55:03.282918,01:55:03.288568,01:55:03.288591,01:55:03.294226,01:55:03.398256,01:55:03.398421,01:55:03.248824
150,safe,01:55:05.935675,01:55:05.935675,01:55:05.936281,01:55:05.936281,01:55:05.937654,01:55:05.937654,01:55:05.939428,01:55:05.939428,01:55:05.949634,01:55:05.949663,01:55:05.964956,01:55:05.986536,01:55:06.880348,01:55:05.971001,01:55:05.976649,01:55:05.976678,01:55:05.982434,01:55:06.086253,01:55:06.086428,01:55:05.937078
150,safe,01:55:08.641464,01:55:08.641464,01:55:08.641978,01:55:08.641978,01:55:08.643695,01:55:08.643695,01:55:08.645508,01:55:08.645508,01:55:08.659112,01:55:08.659149,01:55:08.675343,01:55:08.697720,01:55:09.598019,01:55:08.681588,01:55:08.687245,01:55:08.687275,01:55:08.693198,01:55:08.791899,01:55:08.792075,01:55:08.642920
150,safe,01:55:11.359067,01:55:11.359067,01:55:11.359647,01:55:11.359647,01:55:11.361007,01:55:11.361007,01:55:11.362791,01:55:11.362791,01:55:11.372918,01:55:11.372946,01:55:11.390894,01:55:11.420755,01:55:12.319481,01:55:11.399267,01:55:11.407956,01:55:11.407999,01:55:11.415606,01:55:11.509501,01:55:11.509693,01:55:11.360427
150,safe,01:55:14.081743,01:55:14.081743,01:55:14.082256,01:55:14.082256,01:55:14.083677,01:55:14.083677,01:55:14.085223,01:55:14.085223,01:55:14.094636,01:55:14.094660,01:55:14.109559,01:55:14.130778,01:55:15.025276,01:55:14.115404,01:55:14.121084,01:55:14.121110,01:55:14.126605,01:55:14.232536,01:55:14.232709,01:55:14.083109
150,safe,01:55:16.779035,01:55:16.779035,01:55:16.779504,01:55:16.779504,01:55:16.780823,01:55:16.780823,01:55:16.782617,01:55:16.782617,01:55:16.792315,01:55:16.792340,01:55:16.818215,01:55:16.839153,01:55:17.733357,01:55:16.824352,01:55:16.829540,01:55:16.829557,01:55:16.834871,01:55:16.929905,01:55:16.930077,01:55:16.780313
150,safe,01:55:19.499964,01:55:19.499964,01:55:19.500450,01:55:19.500450,01:55:19.501669,01:55:19.501669,01:55:19.503136,01:55:19.503136,01:55:19.513465,01:55:19.513504,01:55:19.530209,01:55:19.551086,01:55:20.446624,01:55:19.536225,01:55:19.541507,01:55:19.541531,01:55:19.546914,01:55:19.650592,01:55:19.650760,01:55:19.501158
150,safe,01:55:22.201842,01:55:22.201842,01:55:22.202244,01:55:22.202244,01:55:22.203768,01:55:22.203768,01:55:22.205316,01:55:22.205316,01:55:22.214848,01:55:22.214880,01:55:22.229102,01:55:22.252154,01:55:23.151671,01:55:22.235117,01:55:22.240691,01:55:22.240708,01:55:22.246315,01:55:22.352544,01:55:22.352718,01:55:22.202974
150,safe,01:55:24.903212,01:55:24.903212,01:55:24.903640,01:55:24.903640,01:55:24.904942,01:55:24.904942,01:55:24.906708,01:55:24.906708,01:55:24.917037,01:55:24.917067,01:55:24.931750,01:55:24.952904,01:55:25.847283,01:55:24.937430,01:55:24.942865,01:55:24.942888,01:55:24.948706,01:55:25.053904,01:55:25.054078,01:55:24.904384
150,safe,01:55:27.603117,01:55:27.603117,01:55:27.603484,01:55:27.603484,01:55:27.604769,01:55:27.604769,01:55:27.606270,01:55:27.606270,01:55:27.615654,01:55:27.615676,01:55:27.630679,01:55:27.652251,01:55:28.547540,01:55:27.636716,01:55:27.642151,01:55:27.642175,01:55:27.647959,01:55:27.753877,01:55:27.754054,01:55:27.604179
150,safe,01:55:30.296895,01:55:30.296895,01:55:30.297374,01:55:30.297374,01:55:30.298963,01:55:30.298963,01:55:30.300498,01:55:30.300498,01:55:30.310650,01:55:30.310676,01:55:30.324709,01:55:30.345678,01:55:31.249328,01:55:30.330779,01:55:30.336175,01:55:30.336198,01:55:30.341631,01:55:30.448146,01:55:30.448346,01:55:30.298118
150,safe,01:55:32.994164,01:55:32.994164,01:55:32.994594,01:55:32.994594,01:55:32.995900,01:55:32.995900,01:55:32.997509,01:55:32.997509,01:55:33.007952,01:55:33.007983,01:55:33.022931,01:55:33.044419,01:55:33.937007,01:55:33.028907,01:55:33.034230,01:55:33.034255,01:55:33.040125,01:55:33.144303,01:55:33.144479,01:55:32.995335
150,safe,01:55:35.635166,01:55:35.635166,01:55:35.635648,01:55:35.635648,01:55:35.637173,01:55:35.637173,01:55:35.638846,01:55:35.638846,01:55:35.648287,01:55:35.648314,01:55:35.662673,01:55:35.684158,01:55:36.578959,01:55:35.668344,01:55:35.673986,01:55:35.674005,01:55:35.679607,01:55:35.785957,01:55:35.786122,01:55:35.636408
150,safe,01:55:38.329660,01:55:38.329660,01:55:38.330108,01:55:38.330108,01:55:38.332203,01:55:38.332203,01:55:38.333660,01:55:38.333660,01:55:38.343055,01:55:38.343083,01:55:38.357515,01:55:38.378920,01:55:39.274217,01:55:38.363679,01:55:38.369178,01:55:38.369198,01:55:38.374779,01:55:38.480290,01:55:38.480469,01:55:38.331656
150,safe,01:55:41.072283,01:55:41.072283,01:55:41.072862,01:55:41.072862,01:55:41.074155,01:55:41.074155,01:55:41.075635,01:55:41.075635,01:55:41.085084,01:55:41.085115,01:55:41.099794,01:55:41.121209,01:55:42.018406,01:55:41.105829,01:55:41.111306,01:55:41.111324,01:55:41.117036,01:55:41.223087,01:55:41.223265,01:55:41.073606
150,safe,01:55:43.767571,01:55:43.767571,01:55:43.768168,01:55:43.768168,01:55:43.769618,01:55:43.769618,01:55:43.771050,01:55:43.771050,01:55:43.780410,01:55:43.780436,01:55:43.794959,01:55:43.815958,01:55:44.714733,01:55:43.800971,01:55:43.806414,01:55:43.806439,01:55:43.811930,01:55:43.918203,01:55:43.918375,01:55:43.768967
150,safe,01:55:46.459288,01:55:46.459288,01:55:46.459749,01:55:46.459749,01:55:46.461207,01:55:46.461207,01:55:46.462926,01:55:46.462926,01:55:46.472545,01:55:46.472573,01:55:46.487132,01:55:46.509200,01:55:47.401893,01:55:46.493346,01:55:46.499164,01:55:46.499190,01:55:46.504786,01:55:46.609983,01:55:46.610148,01:55:46.460510
150,safe,01:55:49.167893,01:55:49.167893,01:55:49.168336,01:55:49.168336,01:55:49.169633,01:55:49.169633,01:55:49.171650,01:55:49.171650,01:55:49.183565,01:55:49.183594,01:55:49.206891,01:55:49.227704,01:55:50.126001,01:55:49.212713,01:55:49.218296,01:55:49.218322,01:55:49.223661,01:55:49.318396,01:55:49.318593,01:55:49.169059
150,safe,01:55:51.901681,01:55:51.901681,01:55:51.902128,01:55:51.902128,01:55:51.903653,01:55:51.903653,01:55:51.905362,01:55:51.905362,01:55:51.915463,01:55:51.915494,01:55:51.930806,01:55:51.952017,01:55:52.847178,01:55:51.936487,01:55:51.942158,01:55:51.942181,01:55:51.947504,01:55:52.053036,01:55:52.053201,01:55:51.902882
150,safe,01:55:54.597621,01:55:54.597621,01:55:54.598088,01:55:54.598088,01:55:54.600441,01:55:54.600441,01:55:54.602045,01:55:54.602045,01:55:54.611500,01:55:54.611527,01:55:54.626946,01:55:54.648587,01:55:55.544575,01:55:54.633033,01:55:54.638875,01:55:54.638898,01:55:54.644193,01:55:54.748184,01:55:54.748351,01:55:54.599902
150,safe,01:55:57.292856,01:55:57.292856,01:55:57.293426,01:55:57.293426,01:55:57.294730,01:55:57.294730,01:55:57.296409,01:55:57.296409,01:55:57.305884,01:55:57.305913,01:55:57.320906,01:55:57.342916,01:55:58.236342,01:55:57.326839,01:55:57.332574,01:55:57.332598,01:55:57.338447,01:55:57.443274,01:55:57.443434,01:55:57.294178
150,safe,01:55:59.937049,01:55:59.937049,01:55:59.937653,01:55:59.937653,01:55:59.939259,01:55:59.939259,01:55:59.940855,01:55:59.940855,01:55:59.950912,01:55:59.950939,01:55:59.966094,01:55:59.987084,01:56:00.890200,01:55:59.971976,01:55:59.977255,01:55:59.977278,01:55:59.982798,01:56:00.087814,01:56:00.087974,01:55:59.938446
150,safe,01:56:02.638934,01:56:02.638934,01:56:02.639419,01:56:02.639419,01:56:02.640664,01:56:02.640664,01:56:02.642488,01:56:02.642488,01:56:02.652013,01:56:02.652034,01:56:02.667703,01:56:02.692836,01:56:03.589009,01:56:02.675421,01:56:02.682016,01:56:02.682046,01:56:02.688500,01:56:02.789611,01:56:02.789772,01:56:02.640146
150,safe,01:56:05.340827,01:56:05.340827,01:56:05.341290,01:56:05.341290,01:56:05.342711,01:56:05.342711,01:56:05.344110,01:56:05.344110,01:56:05.353625,01:56:05.353664,01:56:05.368153,01:56:05.389795,01:56:06.283363,01:56:05.374066,01:56:05.379571,01:56:05.379586,01:56:05.385640,01:56:05.491437,01:56:05.491612,01:56:05.342108
150,safe,01:56:08.038056,01:56:08.038056,01:56:08.038543,01:56:08.038543,01:56:08.039806,01:56:08.039806,01:56:08.041210,01:56:08.041210,01:56:08.050475,01:56:08.050494,01:56:08.065515,01:56:08.085781,01:56:08.980516,01:56:08.071288,01:56:08.076479,01:56:08.076499,01:56:08.081741,01:56:08.188604,01:56:08.188768,01:56:08.039280
150,safe,01:56:10.739976,01:56:10.739976,01:56:10.740342,01:56:10.740342,01:56:10.742022,01:56:10.742022,01:56:10.743704,01:56:10.743704,01:56:10.753606,01:56:10.753647,01:56:10.770752,01:56:10.793834,01:56:11.687797,01:56:10.777818,01:56:10.783365,01:56:10.783384,01:56:10.789303,01:56:10.890534,01:56:10.890695,01:56:10.741311
150,safe,01:56:13.449292,01:56:13.449292,01:56:13.449916,01:56:13.449916,01:56:13.451410,01:56:13.451410,01:56:13.452841,01:56:13.452841,01:56:13.462334,01:56:13.462360,01:56:13.479753,01:56:13.506401,01:56:14.402541,01:56:13.487326,01:56:13.494935,01:56:13.494966,01:56:13.501706,01:56:13.600008,01:56:13.600176,01:56:13.450717
150,safe,01:56:16.152489,01:56:16.152489,01:56:16.153072,01:56:16.153072,01:56:16.154487,01:56:16.154487,01:56:16.156144,01:56:16.156144,01:56:16.166140,01:56:16.166163,01:56:16.180075,01:56:16.201390,01:56:17.095008,01:56:16.186306,01:56:16.191620,01:56:16.191643,01:56:16.197269,01:56:16.302905,01:56:16.303073,01:56:16.153918
150,safe,01:56:18.846261,01:56:18.846261,01:56:18.846773,01:56:18.846773,01:56:18.848423,01:56:18.848423,01:56:18.849918,01:56:18.849918,01:56:18.859632,01:56:18.859655,01:56:18.873680,01:56:18.894437,01:56:19.788566,01:56:18.879985,01:56:18.884950,01:56:18.884969,01:56:18.890163,01:56:18.996695,01:56:18.996859,01:56:18.847576
150,safe,01:56:21.548019,01:56:21.548019,01:56:21.548544,01:56:21.548544,01:56:21.549933,01:56:21.549933,01:56:21.551507,01:56:21.551507,01:56:21.561318,01:56:21.561340,01:56:21.582857,01:56:21.604706,01:56:22.502431,01:56:21.588915,01:56:21.594836,01:56:21.594857,01:56:21.600461,01:56:21.698782,01:56:21.698940,01:56:21.549306
150,safe,01:56:24.277108,01:56:24.277108,01:56:24.277673,01:56:24.277673,01:56:24.279319,01:56:24.279319,01:56:24.280756,01:56:24.280756,01:56:24.290396,01:56:24.290420,01:56:24.305880,01:56:24.326603,01:56:25.223580,01:56:24.311575,01:56:24.316774,01:56:24.316802,01:56:24.322597,01:56:24.427856,01:56:24.428016,01:56:24.278458
150,safe,01:56:26.971713,01:56:26.971713,01:56:26.972295,01:56:26.972295,01:56:26.973819,01:56:26.973819,01:56:26.975383,01:56:26.975383,01:56:26.984923,01:56:26.984946,01:56:27.000176,01:56:27.022581,01:56:27.916759,01:56:27.006745,01:56:27.012656,01:56:27.012680,01:56:27.018275,01:56:27.122303,01:56:27.122503,01:56:26.973115
150,safe,01:56:29.668914,01:56:29.668914,01:56:29.669288,01:56:29.669288,01:56:29.670862,01:56:29.670862,01:56:29.672449,01:56:29.672449,01:56:29.683307,01:56:29.683337,01:56:29.698846,01:56:29.720651,01:56:30.617794,01:56:29.705003,01:56:29.710592,01:56:29.710617,01:56:29.716353,01:56:29.819824,01:56:29.820011,01:56:29.670003
150,safe,01:56:32.372335,01:56:32.372335,01:56:32.372942,01:56:32.372942,01:56:32.374283,01:56:32.374283,01:56:32.375933,01:56:32.375933,01:56:32.388046,01:56:32.388079,01:56:32.401942,01:56:32.422736,01:56:33.317427,01:56:32.407910,01:56:32.413427,01:56:32.413445,01:56:32.418646,01:56:32.522173,01:56:32.522346,01:56:32.373741
150,safe,01:56:35.075857,01:56:35.075857,01:56:35.076285,01:56:35.076285,01:56:35.077817,01:56:35.077817,01:56:35.079372,01:56:35.079372,01:56:35.088741,01:56:35.088763,01:56:35.103718,01:56:35.128863,01:56:36.025257,01:56:35.109692,01:56:35.115255,01:56:35.115272,01:56:35.122821,01:56:35.226330,01:56:35.226504,01:56:35.077122
150,safe,01:56:37.773279,01:56:37.773279,01:56:37.773828,01:56:37.773828,01:56:37.775426,01:56:37.775426,01:56:37.777166,01:56:37.777166,01:56:37.787132,01:56:37.787156,01:56:37.802453,01:56:37.824403,01:56:38.721298,01:56:37.808673,01:56:37.814100,01:56:37.814122,01:56:37.819865,01:56:37.924138,01:56:37.924317,01:56:37.774644
150,safe,01:56:40.472767,01:56:40.472767,01:56:40.473263,01:56:40.473263,01:56:40.474545,01:56:40.474545,01:56:40.475975,01:56:40.475975,01:56:40.485556,01:56:40.485595,01:56:40.500235,01:56:40.522137,01:56:41.423225,01:56:40.506184,01:56:40.511763,01:56:40.511792,01:56:40.517575,01:56:40.623520,01:56:40.623687,01:56:40.474023
150,safe,01:56:43.187427,01:56:43.187427,01:56:43.188019,01:56:43.188019,01:56:43.190430,01:56:43.190430,01:56:43.192238,01:56:43.192238,01:56:43.201691,01:56:43.201714,01:56:43.216975,01:56:43.238325,01:56:44.132902,01:56:43.223315,01:56:43.228781,01:56:43.228802,01:56:43.234127,01:56:43.338159,01:56:43.338338,01:56:43.189732
150,safe,01:56:45.889765,01:56:45.889765,01:56:45.890202,01:56:45.890202,01:56:45.891847,01:56:45.891847,01:56:45.893424,01:56:45.893424,01:56:45.903721,01:56:45.903746,01:56:45.923242,01:56:45.952688,01:56:46.848103,01:56:45.931905,01:56:45.940339,01:56:45.940373,01:56:45.947618,01:56:46.040235,01:56:46.040405,01:56:45.890949
150,safe,01:56:48.603750,01:56:48.603750,01:56:48.604368,01:56:48.604368,01:56:48.605861,01:56:48.605861,01:56:48.607611,01:56:48.607611,01:56:48.618146,01:56:48.618182,01:56:48.633262,01:56:48.654523,01:56:49.550387,01:56:48.639317,01:56:48.644620,01:56:48.644639,01:56:48.650190,01:56:48.754518,01:56:48.754718,01:56:48.605169
150,safe,01:56:51.337637,01:56:51.337637,01:56:51.338068,01:56:51.338068,01:56:51.339349,01:56:51.339349,01:56:51.340793,01:56:51.340793,01:56:51.353638,01:56:51.353680,01:56:51.369182,01:56:51.390195,01:56:52.285077,01:56:51.375037,01:56:51.380464,01:56:51.380480,01:56:51.385839,01:56:51.488249,01:56:51.488429,01:56:51.338820
150,safe,01:56:54.043534,01:56:54.043534,01:56:54.043982,01:56:54.043982,01:56:54.045396,01:56:54.045396,01:56:54.047226,01:56:54.047226,01:56:54.057085,01:56:54.057114,01:56:54.084339,01:56:54.106625,01:56:55.002288,01:56:54.090697,01:56:54.096309,01:56:54.096337,01:56:54.101970,01:56:54.194483,01:56:54.194656,01:56:54.044796
150,safe,01:56:56.754018,01:56:56.754018,01:56:56.754608,01:56:56.754608,01:56:56.755960,01:56:56.755960,01:56:56.757553,01:56:56.757553,01:56:56.766844,01:56:56.766876,01:56:56.784326,01:56:56.812354,01:56:57.707841,01:56:56.792628,01:56:56.799424,01:56:56.799464,01:56:56.807376,01:56:56.904771,01:56:56.904950,01:56:56.755414
150,safe,01:56:59.459577,01:56:59.459577,01:56:59.460047,01:56:59.460047,01:56:59.461366,01:56:59.461366,01:56:59.462758,01:56:59.462758,01:56:59.472152,01:56:59.472176,01:56:59.487227,01:56:59.508325,01:57:00.403177,01:56:59.493350,01:56:59.498593,01:56:59.498615,01:56:59.504090,01:56:59.610098,01:56:59.610258,01:56:59.460798
150,safe,01:57:02.166368,01:57:02.166368,01:57:02.166797,01:57:02.166797,01:57:02.168337,01:57:02.168337,01:57:02.170045,01:57:02.170045,01:57:02.180278,01:57:02.180307,01:57:02.194590,01:57:02.215014,01:57:03.110367,01:57:02.200482,01:57:02.205869,01:57:02.205890,01:57:02.211036,01:57:02.317080,01:57:02.317293,01:57:02.167609
150,safe,01:57:04.867585,01:57:04.867585,01:57:04.868107,01:57:04.868107,01:57:04.869439,01:57:04.869439,01:57:04.870896,01:57:04.870896,01:57:04.880433,01:57:04.880469,01:57:04.895469,01:57:04.916190,01:57:05.811324,01:57:04.901322,01:57:04.906648,01:57:04.906675,01:57:04.912042,01:57:05.018731,01:57:05.018945,01:57:04.868914
150,safe,01:57:07.562262,01:57:07.562262,01:57:07.562751,01:57:07.562751,01:57:07.564402,01:57:07.564402,01:57:07.566137,01:57:07.566137,01:57:07.576393,01:57:07.576417,01:57:07.591877,01:57:07.613369,01:57:08.508716,01:57:07.598108,01:57:07.603629,01:57:07.603650,01:57:07.609055,01:57:07.712864,01:57:07.713023,01:57:07.563596
150,safe,01:57:10.263420,01:57:10.263420,01:57:10.263923,01:57:10.263923,01:57:10.265439,01:57:10.265439,01:57:10.267087,01:57:10.267087,01:57:10.276504,01:57:10.276529,01:57:10.291542,01:57:10.313110,01:57:11.216152,01:57:10.297424,01:57:10.303224,01:57:10.303247,01:57:10.308808,01:57:10.414389,01:57:10.414553,01:57:10.264660
150,safe,01:57:12.970666,01:57:12.970666,01:57:12.971084,01:57:12.971084,01:57:12.972365,01:57:12.972365,01:57:12.973785,01:57:12.973785,01:57:12.983574,01:57:12.983612,01:57:12.999479,01:57:13.027755,01:57:13.921854,01:57:13.009584,01:57:13.017246,01:57:13.017280,01:57:13.023075,01:57:13.121413,01:57:13.121610,01:57:12.971816
150,safe,01:57:15.675733,01:57:15.675733,01:57:15.676219,01:57:15.676219,01:57:15.677764,01:57:15.677764,01:57:15.679391,01:57:15.679391,01:57:15.689306,01:57:15.689325,01:57:15.704988,01:57:15.731596,01:57:16.628384,01:57:15.712203,01:57:15.720383,01:57:15.720410,01:57:15.727006,01:57:15.826401,01:57:15.826577,01:57:15.676966
150,safe,01:57:18.403077,01:57:18.403077,01:57:18.403488,01:57:18.403488,01:57:18.405119,01:57:18.405119,01:57:18.406941,01:57:18.406941,01:57:18.416603,01:57:18.416634,01:57:18.432013,01:57:18.455014,01:57:19.350600,01:57:18.438591,01:57:18.444746,01:57:18.444772,01:57:18.450511,01:57:18.553836,01:57:18.554019,01:57:18.404263
150,safe,01:57:21.150524,01:57:21.150524,01:57:21.151103,01:57:21.151103,01:57:21.152477,01:57:21.152477,01:57:21.153970,01:57:21.153970,01:57:21.163423,01:57:21.163447,01:57:21.178003,01:57:21.199872,01:57:22.096024,01:57:21.184166,01:57:21.189807,01:57:21.189829,01:57:21.195396,01:57:21.301186,01:57:21.301378,01:57:21.151870
150,safe,01:57:23.865723,01:57:23.865723,01:57:23.866147,01:57:23.866147,01:57:23.867557,01:57:23.867557,01:57:23.869093,01:57:23.869093,01:57:23.878574,01:57:23.878602,01:57:23.893175,01:57:23.914315,01:57:24.808276,01:57:23.898897,01:57:23.904289,01:57:23.904312,01:57:23.910039,01:57:24.016626,01:57:24.016788,01:57:23.866956
150,safe,01:57:26.572522,01:57:26.572522,01:57:26.573031,01:57:26.573031,01:57:26.574557,01:57:26.574557,01:57:26.576267,01:57:26.576267,01:57:26.585590,01:57:26.585617,01:57:26.614469,01:57:26.638781,01:57:27.535676,01:57:26.620461,01:57:26.627900,01:57:26.627936,01:57:26.634103,01:57:26.723096,01:57:26.723284,01:57:26.573821
150,safe,01:57:29.290681,01:57:29.290681,01:57:29.291197,01:57:29.291197,01:57:29.292512,01:57:29.292512,01:57:29.294308,01:57:29.294308,01:57:29.303864,01:57:29.303890,01:57:29.319266,01:57:29.341273,01:57:30.237476,01:57:29.325466,01:57:29.331412,01:57:29.331436,01:57:29.336843,01:57:29.441358,01:57:29.441516,01:57:29.291940
150,safe,01:57:31.997465,01:57:31.997465,01:57:31.997894,01:57:31.997894,01:57:31.999358,01:57:31.999358,01:57:32.000936,01:57:32.000936,01:57:32.010635,01:57:32.010672,01:57:32.026070,01:57:32.047525,01:57:32.941723,01:57:32.032006,01:57:32.037515,01:57:32.037541,01:57:32.043273,01:57:32.147587,01:57:32.147750,01:57:31.998680
150,safe,01:57:34.702150,01:57:34.702150,01:57:34.702619,01:57:34.702619,01:57:34.704016,01:57:34.704016,01:57:34.705491,01:57:34.705491,01:57:34.714935,01:57:34.714969,01:57:34.730053,01:57:34.751932,01:57:35.646852,01:57:34.736032,01:57:34.741979,01:57:34.742003,01:57:34.747615,01:57:34.852828,01:57:34.853000,01:57:34.703473
150,safe,01:57:37.401245,01:57:37.401245,01:57:37.401865,01:57:37.401865,01:57:37.403176,01:57:37.403176,01:57:37.404901,01:57:37.404901,01:57:37.415427,01:57:37.415455,01:57:37.430703,01:57:37.452299,01:57:38.346441,01:57:37.436438,01:57:37.442339,01:57:37.442375,01:57:37.448011,01:57:37.552063,01:57:37.552236,01:57:37.402659
150,safe,01:57:40.094266,01:57:40.094266,01:57:40.094747,01:57:40.094747,01:57:40.095992,01:57:40.095992,01:57:40.097814,01:57:40.097814,01:57:40.108452,01:57:40.108473,01:57:40.123400,01:57:40.144192,01:57:41.049813,01:57:40.129192,01:57:40.134603,01:57:40.134626,01:57:40.140063,01:57:40.244865,01:57:40.245028,01:57:40.095480
150,safe,01:57:42.803018,01:57:42.803018,01:57:42.803444,01:57:42.803444,01:57:42.804981,01:57:42.804981,01:57:42.806708,01:57:42.806708,01:57:42.816190,01:57:42.816217,01:57:42.830826,01:57:42.853367,01:57:43.747412,01:57:42.837017,01:57:42.842765,01:57:42.842788,01:57:42.848938,01:57:42.953604,01:57:42.953764,01:57:42.804159
150,safe,01:57:45.499499,01:57:45.499499,01:57:45.499975,01:57:45.499975,01:57:45.501449,01:57:45.501449,01:57:45.502950,01:57:45.502950,01:57:45.512281,01:57:45.512310,01:57:45.527494,01:57:45.554908,01:57:46.452061,01:57:45.535290,01:57:45.542242,01:57:45.542272,01:57:45.549648,01:57:45.650438,01:57:45.650621,01:57:45.500784
150,safe,01:57:48.204892,01:57:48.204892,01:57:48.205418,01:57:48.205418,01:57:48.206640,01:57:48.206640,01:57:48.208013,01:57:48.208013,01:57:48.217320,01:57:48.217347,01:57:48.232028,01:57:48.252982,01:57:49.147514,01:57:48.237887,01:57:48.243243,01:57:48.243263,01:57:48.248626,01:57:48.355759,01:57:48.355935,01:57:48.206135
150,safe,01:57:50.906141,01:57:50.906141,01:57:50.906612,01:57:50.906612,01:57:50.908145,01:57:50.908145,01:57:50.909704,01:57:50.909704,01:57:50.919516,01:57:50.919545,01:57:50.934203,01:57:50.954631,01:57:51.850524,01:57:50.939915,01:57:50.945181,01:57:50.945203,01:57:50.950486,01:57:51.056938,01:57:51.057127,01:57:50.907353
150,safe,01:57:53.623277,01:57:53.623277,01:57:53.623769,01:57:53.623769,01:57:53.625448,01:57:53.625448,01:57:53.627042,01:57:53.627042,01:57:53.639196,01:57:53.639222,01:57:53.653552,01:57:53.675007,01:57:54.569001,01:57:53.659698,01:57:53.665290,01:57:53.665320,01:57:53.670823,01:57:53.773780,01:57:53.773946,01:57:53.624550
150,safe,01:57:56.327177,01:57:56.327177,01:57:56.327638,01:57:56.327638,01:57:56.328887,01:57:56.328887,01:57:56.330359,01:57:56.330359,01:57:56.340161,01:57:56.340185,01:57:56.355139,01:57:56.380220,01:57:57.278584,01:57:56.361125,01:57:56.366684,01:57:56.366708,01:57:56.375267,01:57:56.477925,01:57:56.478092,01:57:56.328367
150,safe,01:57:59.032673,01:57:59.032673,01:57:59.033090,01:57:59.033090,01:57:59.034566,01:57:59.034566,01:57:59.036063,01:57:59.036063,01:57:59.045352,01:57:59.045376,01:57:59.071653,01:57:59.092741,01:57:59.987192,01:57:59.077842,01:57:59.083177,01:57:59.083204,01:57:59.088632,01:57:59.183266,01:57:59.183441,01:57:59.033982
150,safe,01:58:01.747434,01:58:01.747434,01:58:01.748007,01:58:01.748007,01:58:01.749461,01:58:01.749461,01:58:01.751312,01:58:01.751312,01:58:01.760728,01:58:01.760752,01:58:01.775707,01:58:01.797998,01:58:02.691202,01:58:01.782335,01:58:01.787958,01:58:01.787981,01:58:01.793670,01:58:01.898002,01:58:01.898185,01:58:01.748835
150,safe,01:58:04.456148,01:58:04.456148,01:58:04.456534,01:58:04.456534,01:58:04.457825,01:58:04.457825,01:58:04.459464,01:58:04.459464,01:58:04.469874,01:58:04.469900,01:58:04.484764,01:58:04.505695,01:58:05.400014,01:58:04.490681,01:58:04.496204,01:58:04.496226,01:58:04.501482,01:58:04.606983,01:58:04.607157,01:58:04.457299
150,safe,01:58:07.154669,01:58:07.154669,01:58:07.155113,01:58:07.155113,01:58:07.156664,01:58:07.156664,01:58:07.158339,01:58:07.158339,01:58:07.167709,01:58:07.167731,01:58:07.182930,01:58:07.204293,01:58:08.099795,01:58:07.189077,01:58:07.194448,01:58:07.194465,01:58:07.199907,01:58:07.305472,01:58:07.305645,01:58:07.155852
150,safe,01:58:09.853205,01:58:09.853205,01:58:09.853812,01:58:09.853812,01:58:09.855226,01:58:09.855226,01:58:09.856929,01:58:09.856929,01:58:09.866408,01:58:09.866435,01:58:09.881572,01:58:09.903581,01:58:10.804730,01:58:09.888039,01:58:09.893579,01:58:09.893601,01:58:09.899353,01:58:10.003941,01:58:10.004136,01:58:09.854630
150,safe,01:58:12.572954,01:58:12.572954,01:58:12.573368,01:58:12.573368,01:58:12.574817,01:58:12.574817,01:58:12.576337,01:58:12.576337,01:58:12.585850,01:58:12.585871,01:58:12.600132,01:58:12.621683,01:58:13.517497,01:58:12.606051,01:58:12.611756,01:58:12.611777,01:58:12.617341,01:58:12.723574,01:58:12.723751,01:58:12.574063
150,safe,01:58:15.277318,01:58:15.277318,01:58:15.277758,01:58:15.277758,01:58:15.279351,01:58:15.279351,01:58:15.281049,01:58:15.281049,01:58:15.291643,01:58:15.291671,01:58:15.305586,01:58:15.326955,01:58:16.220190,01:58:15.311425,01:58:15.317004,01:58:15.317027,01:58:15.322840,01:58:15.427763,01:58:15.427949,01:58:15.278493
150,safe,01:58:17.972118,01:58:17.972118,01:58:17.972499,01:58:17.972499,01:58:17.973922,01:58:17.973922,01:58:17.975518,01:58:17.975518,01:58:17.984917,01:58:17.984943,01:58:17.999213,01:58:18.023035,01:58:18.920605,01:58:18.005387,01:58:18.010990,01:58:18.011014,01:58:18.016942,01:58:18.122996,01:58:18.123171,01:58:17.973267
150,safe,01:58:20.675889,01:58:20.675889,01:58:20.676551,01:58:20.676551,01:58:20.678253,01:58:20.678253,01:58:20.680289,01:58:20.680289,01:58:20.690451,01:58:20.690497,01:58:20.709695,01:58:20.741270,01:58:21.642093,01:58:20.718389,01:58:20.726958,01:58:20.726996,01:58:20.735581,01:58:20.826897,01:58:20.827863,01:58:20.677454
150,safe,01:58:23.407750,01:58:23.407750,01:58:23.408383,01:58:23.408383,01:58:23.409861,01:58:23.409861,01:58:23.411441,01:58:23.411441,01:58:23.421828,01:58:23.421853,01:58:23.436416,01:58:23.458492,01:58:24.352766,01:58:23.442595,01:58:23.448233,01:58:23.448256,01:58:23.454105,01:58:23.559067,01:58:23.559233,01:58:23.409193
150,safe,01:58:26.116930,01:58:26.116930,01:58:26.117394,01:58:26.117394,01:58:26.118763,01:58:26.118763,01:58:26.120774,01:58:26.120774,01:58:26.130665,01:58:26.130687,01:58:26.145802,01:58:26.167055,01:58:27.060810,01:58:26.151816,01:58:26.157441,01:58:26.157464,01:58:26.162869,01:58:26.267796,01:58:26.268005,01:58:26.118186
150,safe,01:58:28.821900,01:58:28.821900,01:58:28.822409,01:58:28.822409,01:58:28.823696,01:58:28.823696,01:58:28.825078,01:58:28.825078,01:58:28.834875,01:58:28.834920,01:58:28.855181,01:58:28.882782,01:58:29.777935,01:58:28.864503,01:58:28.870962,01:58:28.870989,01:58:28.878039,01:58:28.972616,01:58:28.972787,01:58:28.823164
150,safe,01:58:31.544235,01:58:31.544235,01:58:31.544786,01:58:31.544786,01:58:31.546474,01:58:31.546474,01:58:31.548080,01:58:31.548080,01:58:31.558250,01:58:31.558281,01:58:31.585269,01:58:31.606639,01:58:32.500528,01:58:31.591101,01:58:31.596734,01:58:31.596757,01:58:31.602537,01:58:31.694618,01:58:31.694844,01:58:31.545605
150,safe,01:58:34.261049,01:58:34.261049,01:58:34.261553,01:58:34.261553,01:58:34.262941,01:58:34.262941,01:58:34.264501,01:58:34.264501,01:58:34.274462,01:58:34.274487,01:58:34.289979,01:58:34.310509,01:58:35.204821,01:58:34.295612,01:58:34.300676,01:58:34.300696,01:58:34.305974,01:58:34.411969,01:58:34.412145,01:58:34.262357
150,safe,01:58:36.971968,01:58:36.971968,01:58:36.972420,01:58:36.972420,01:58:36.973939,01:58:36.973939,01:58:36.975623,01:58:36.975623,01:58:36.985670,01:58:36.985695,01:58:37.000182,01:58:37.022248,01:58:37.917569,01:58:37.006004,01:58:37.012101,01:58:37.012127,01:58:37.017974,01:58:37.122972,01:58:37.123143,01:58:36.973124
150,safe,01:58:39.676945,01:58:39.676945,01:58:39.677352,01:58:39.677352,01:58:39.678662,01:58:39.678662,01:58:39.680451,01:58:39.680451,01:58:39.690191,01:58:39.690227,01:58:39.705256,01:58:39.731999,01:58:40.629859,01:58:39.711308,01:58:39.716734,01:58:39.716758,01:58:39.725492,01:58:39.827506,01:58:39.827671,01:58:39.678085
200,safe,01:58:42.400295,01:58:42.400295,01:58:42.400673,01:58:42.400673,01:58:42.402237,01:58:42.402237,01:58:42.403742,01:58:42.403742,01:58:42.413129,01:58:42.413153,01:58:42.428308,01:58:42.449692,01:58:43.347159,01:58:42.434193,01:58:42.439559,01:58:42.439576,01:58:42.445267,01:58:42.601171,01:58:42.601349,01:58:42.401704
200,safe,01:58:45.101583,01:58:45.101583,01:58:45.102113,01:58:45.102113,01:58:45.103383,01:58:45.103383,01:58:45.105138,01:58:45.105138,01:58:45.114442,01:58:45.114468,01:58:45.129719,01:58:45.151798,01:58:46.051494,01:58:45.136175,01:58:45.141727,01:58:45.141750,01:58:45.147431,01:58:45.302306,01:58:45.302484,01:58:45.102851
200,safe,01:58:47.821217,01:58:47.821217,01:58:47.821665,01:58:47.821665,01:58:47.823044,01:58:47.823044,01:58:47.824760,01:58:47.824760,01:58:47.834813,01:58:47.834840,01:58:47.849572,01:58:47.871718,01:58:48.765602,01:58:47.855889,01:58:47.861519,01:58:47.861541,01:58:47.867231,01:58:48.021967,01:58:48.022148,01:58:47.822437
200,safe,01:58:50.519624,01:58:50.519624,01:58:50.520071,01:58:50.520071,01:58:50.521372,01:58:50.521372,01:58:50.522895,01:58:50.522895,01:58:50.532888,01:58:50.532912,01:58:50.551058,01:58:50.579866,01:58:51.481676,01:58:50.560516,01:58:50.567500,01:58:50.567537,01:58:50.574362,01:58:50.720490,01:58:50.720649,01:58:50.520802
200,safe,01:58:53.240136,01:58:53.240136,01:58:53.240609,01:58:53.240609,01:58:53.242082,01:58:53.242082,01:58:53.243754,01:58:53.243754,01:58:53.253364,01:58:53.253398,01:58:53.267990,01:58:53.289004,01:58:54.185020,01:58:53.274021,01:58:53.279366,01:58:53.279390,01:58:53.284822,01:58:53.440745,01:58:53.440919,01:58:53.241453
200,safe,01:58:55.942448,01:58:55.942448,01:58:55.943040,01:58:55.943040,01:58:55.944327,01:58:55.944327,01:58:55.946094,01:58:55.946094,01:58:55.958973,01:58:55.959005,01:58:55.973922,01:58:55.994794,01:58:56.889810,01:58:55.979766,01:58:55.984896,01:58:55.984914,01:58:55.990729,01:58:56.143370,01:58:56.143566,01:58:55.943801
200,safe,01:58:58.657344,01:58:58.657344,01:58:58.657928,01:58:58.657928,01:58:58.659566,01:58:58.659566,01:58:58.661226,01:58:58.661226,01:58:58.670616,01:58:58.670663,01:58:58.686140,01:58:58.707276,01:58:59.600154,01:58:58.692150,01:58:58.697392,01:58:58.697410,01:58:58.702704,01:58:58.857808,01:58:58.857974,01:58:58.658787
200,safe,01:59:01.422409,01:59:01.422409,01:59:01.423042,01:59:01.423042,01:59:01.424461,01:59:01.424461,01:59:01.425817,01:59:01.425817,01:59:01.435975,01:59:01.436007,01:59:01.450441,01:59:01.471941,01:59:02.365140,01:59:01.456356,01:59:01.462097,01:59:01.462119,01:59:01.467772,01:59:01.623204,01:59:01.623382,01:59:01.423883
200,safe,01:59:04.124564,01:59:04.124564,01:59:04.125031,01:59:04.125031,01:59:04.126372,01:59:04.126372,01:59:04.127994,01:59:04.127994,01:59:04.137482,01:59:04.137506,01:59:04.164680,01:59:04.187364,01:59:05.084475,01:59:04.170681,01:59:04.176517,01:59:04.176539,01:59:04.182151,01:59:04.324997,01:59:04.325181,01:59:04.125813
200,safe,01:59:06.839303,01:59:06.839303,01:59:06.839764,01:59:06.839764,01:59:06.841011,01:59:06.841011,01:59:06.842664,01:59:06.842664,01:59:06.852470,01:59:06.852494,01:59:06.947126,01:59:06.968020,01:59:07.862680,01:59:06.952847,01:59:06.958011,01:59:06.958037,01:59:06.963569,01:59:07.039742,01:59:07.039916,01:59:06.840474
200,safe,01:59:09.625422,01:59:09.625422,01:59:09.625871,01:59:09.625871,01:59:09.627250,01:59:09.627250,01:59:09.628964,01:59:09.628964,01:59:09.638611,01:59:09.638634,01:59:09.653990,01:59:09.675417,01:59:10.570171,01:59:09.659873,01:59:09.665564,01:59:09.665587,01:59:09.671297,01:59:09.826181,01:59:09.826393,01:59:09.626681
200,safe,01:59:12.345665,01:59:12.345665,01:59:12.346288,01:59:12.346288,01:59:12.347574,01:59:12.347574,01:59:12.349100,01:59:12.349100,01:59:12.359750,01:59:12.359778,01:59:12.375600,01:59:12.397184,01:59:13.293152,01:59:12.381676,01:59:12.387425,01:59:12.387447,01:59:12.392791,01:59:12.546250,01:59:12.546411,01:59:12.347057
200,safe,01:59:15.055510,01:59:15.055510,01:59:15.055970,01:59:15.055970,01:59:15.057362,01:59:15.057362,01:59:15.059084,01:59:15.059084,01:59:15.069422,01:59:15.069445,01:59:15.084373,01:59:15.106167,01:59:15.999841,01:59:15.090555,01:59:15.096103,01:59:15.096120,01:59:15.101840,01:59:15.255944,01:59:15.256116,01:59:15.056735
200,safe,01:59:17.755127,01:59:17.755127,01:59:17.755554,01:59:17.755554,01:59:17.757114,01:59:17.757114,01:59:17.758682,01:59:17.758682,01:59:17.769152,01:59:17.769181,01:59:17.785011,01:59:17.806635,01:59:18.702204,01:59:17.791398,01:59:17.797008,01:59:17.797025,01:59:17.802459,01:59:17.955986,01:59:17.956157,01:59:17.756257
200,safe,01:59:20.464512,01:59:20.464512,01:59:20.464976,01:59:20.464976,01:59:20.466509,01:59:20.466509,01:59:20.468179,01:59:20.468179,01:59:20.478007,01:59:20.478033,01:59:20.492342,01:59:20.513380,01:59:21.417055,01:59:20.498021,01:59:20.503269,01:59:20.503294,01:59:20.509045,01:59:20.664997,01:59:20.665187,01:59:20.465753
200,safe,01:59:23.178707,01:59:23.178707,01:59:23.179318,01:59:23.179318,01:59:23.180956,01:59:23.180956,01:59:23.182757,01:59:23.182757,01:59:23.192161,01:59:23.192182,01:59:23.210707,01:59:23.238374,01:59:24.133364,01:59:23.218062,01:59:23.225590,01:59:23.225620,01:59:23.232562,01:59:23.379172,01:59:23.379444,01:59:23.180160
200,safe,01:59:25.883236,01:59:25.883236,01:59:25.883649,01:59:25.883649,01:59:25.885194,01:59:25.885194,01:59:25.886765,01:59:25.886765,01:59:25.896886,01:59:25.896911,01:59:25.911304,01:59:25.932844,01:59:26.828189,01:59:25.917161,01:59:25.922932,01:59:25.922953,01:59:25.928601,01:59:26.083843,01:59:26.084020,01:59:25.884382
200,safe,01:59:28.600319,01:59:28.600319,01:59:28.600748,01:59:28.600748,01:59:28.602143,01:59:28.602143,01:59:28.603816,01:59:28.603816,01:59:28.613546,01:59:28.613579,01:59:28.628808,01:59:28.650945,01:59:29.546050,01:59:28.634993,01:59:28.640634,01:59:28.640655,01:59:28.646419,01:59:28.801033,01:59:28.801234,01:59:28.601546
200,safe,01:59:31.383322,01:59:31.383322,01:59:31.383766,01:59:31.383766,01:59:31.385120,01:59:31.385120,01:59:31.386501,01:59:31.386501,01:59:31.395913,01:59:31.395936,01:59:31.411269,01:59:31.433107,01:59:32.328638,01:59:31.417698,01:59:31.423212,01:59:31.423237,01:59:31.428716,01:59:31.584112,01:59:31.584289,01:59:31.384511
200,safe,01:59:34.091739,01:59:34.091739,01:59:34.092240,01:59:34.092240,01:59:34.093642,01:59:34.093642,01:59:34.095146,01:59:34.095146,01:59:34.104919,01:59:34.104958,01:59:34.120043,01:59:34.141877,01:59:35.041161,01:59:34.126002,01:59:34.131709,01:59:34.131734,01:59:34.137274,01:59:34.292257,01:59:34.292430,01:59:34.093084
200,safe,01:59:36.802650,01:59:36.802650,01:59:36.803288,01:59:36.803288,01:59:36.804667,01:59:36.804667,01:59:36.806310,01:59:36.806310,01:59:36.815675,01:59:36.815701,01:59:36.829577,01:59:36.851217,01:59:37.747437,01:59:36.835359,01:59:36.840845,01:59:36.840868,01:59:36.846976,01:59:37.003287,01:59:37.003452,01:59:36.804053
200,safe,01:59:39.515565,01:59:39.515565,01:59:39.516199,01:59:39.516199,01:59:39.517685,01:59:39.517685,01:59:39.519223,01:59:39.519223,01:59:39.528896,01:59:39.528959,01:59:39.552556,01:59:39.574031,01:59:40.467887,01:59:39.558532,01:59:39.564257,01:59:39.564276,01:59:39.569814,01:59:39.716407,01:59:39.716570,01:59:39.517008
200,safe,01:59:42.233085,01:59:42.233085,01:59:42.233570,01:59:42.233570,01:59:42.234891,01:59:42.234891,01:59:42.236259,01:59:42.236259,01:59:42.245685,01:59:42.245712,01:59:42.260457,01:59:42.289663,01:59:43.187477,01:59:42.266676,01:59:42.275118,01:59:42.275154,01:59:42.283567,01:59:42.433839,01:59:42.434001,01:59:42.234359
200,safe,01:59:44.951120,01:59:44.951120,01:59:44.951537,01:59:44.951537,01:59:44.952876,01:59:44.952876,01:59:44.954669,01:59:44.954669,01:59:44.964835,01:59:44.964862,01:59:44.979912,01:59:45.001662,01:59:45.895694,01:59:44.986153,01:59:44.991635,01:59:44.991659,01:59:44.997446,01:59:45.151767,01:59:45.151931,01:59:44.952304
200,safe,01:59:47.655130,01:59:47.655130,01:59:47.655589,01:59:47.655589,01:59:47.656923,01:59:47.656923,01:59:47.658326,01:59:47.658326,01:59:47.667739,01:59:47.667764,01:59:47.682742,01:59:47.705312,01:59:48.599233,01:59:47.689123,01:59:47.694983,01:59:47.695010,01:59:47.700584,01:59:47.856011,01:59:47.856219,01:59:47.656335
200,safe,01:59:50.360960,01:59:50.360960,01:59:50.361568,01:59:50.361568,01:59:50.362992,01:59:50.362992,01:59:50.364508,01:59:50.364508,01:59:50.374018,01:59:50.374045,01:59:50.388241,01:59:50.409616,01:59:51.313827,01:59:50.394015,01:59:50.399473,01:59:50.399498,01:59:50.404991,01:59:50.561373,01:59:50.561548,01:59:50.362441
200,safe,01:59:53.071373,01:59:53.071373,01:59:53.071880,01:59:53.071880,01:59:53.073433,01:59:53.073433,01:59:53.075189,01:59:53.075189,01:59:53.084610,01:59:53.084636,01:59:53.099424,01:59:53.123665,01:59:54.019470,01:59:53.105216,01:59:53.110786,01:59:53.110813,01:59:53.118904,01:59:53.272013,01:59:53.272247,01:59:53.072644
200,safe,01:59:55.779765,01:59:55.779765,01:59:55.780283,01:59:55.780283,01:59:55.781887,01:59:55.781887,01:59:55.783639,01:59:55.783639,01:59:55.793298,01:59:55.793324,01:59:55.807669,01:59:55.829273,01:59:56.723740,01:59:55.813621,01:59:55.819275,01:59:55.819298,01:59:55.824893,01:59:55.980318,01:59:55.980475,01:59:55.781074
200,safe,01:59:58.485023,01:59:58.485023,01:59:58.485672,01:59:58.485672,01:59:58.487224,01:59:58.487224,01:59:58.488881,01:59:58.488881,01:59:58.501001,01:59:58.501026,01:59:58.516946,01:59:58.538686,01:59:59.432954,01:59:58.522817,01:59:58.528706,01:59:58.528730,01:59:58.534316,01:59:58.685669,01:59:58.685834,01:59:58.486498
200,safe,02:00:01.248612,02:00:01.248612,02:00:01.249020,02:00:01.249020,02:00:01.250555,02:00:01.250555,02:00:01.252062,02:00:01.252062,02:00:01.261723,02:00:01.261750,02:00:01.276432,02:00:01.297925,02:00:02.193915,02:00:01.282377,02:00:01.288087,02:00:01.288103,02:00:01.293783,02:00:01.449297,02:00:01.449467,02:00:01.249766
200,safe,02:00:03.956226,02:00:03.956226,02:00:03.956703,02:00:03.956703,02:00:03.958039,02:00:03.958039,02:00:03.959844,02:00:03.959844,02:00:03.969307,02:00:03.969330,02:00:03.983784,02:00:04.004971,02:00:04.904358,02:00:03.989844,02:00:03.995202,02:00:03.995223,02:00:04.000707,02:00:04.156867,02:00:04.157043,02:00:03.957435
200,safe,02:00:06.667479,02:00:06.667479,02:00:06.667915,02:00:06.667915,02:00:06.669234,02:00:06.669234,02:00:06.671032,02:00:06.671032,02:00:06.681113,02:00:06.681144,02:00:06.695687,02:00:06.716875,02:00:07.612089,02:00:06.701283,02:00:06.706877,02:00:06.706904,02:00:06.712554,02:00:06.868318,02:00:06.868495,02:00:06.668663
200,safe,02:00:09.373751,02:00:09.373751,02:00:09.374227,02:00:09.374227,02:00:09.375473,02:00:09.375473,02:00:09.377529,02:00:09.377529,02:00:09.388315,02:00:09.388345,02:00:09.403678,02:00:09.425521,02:00:10.319961,02:00:09.409707,02:00:09.415617,02:00:09.415637,02:00:09.421281,02:00:09.574699,02:00:09.574889,02:00:09.374966
200,safe,02:00:12.089443,02:00:12.089443,02:00:12.089919,02:00:12.089919,02:00:12.091244,02:00:12.091244,02:00:12.092964,02:00:12.092964,02:00:12.102754,02:00:12.102782,02:00:12.126592,02:00:12.148630,02:00:13.044608,02:00:12.132586,02:00:12.138357,02:00:12.138382,02:00:12.144156,02:00:12.290360,02:00:12.290577,02:00:12.090687
200,safe,02:00:14.816100,02:00:14.816100,02:00:14.816530,02:00:14.816530,02:00:14.817837,02:00:14.817837,02:00:14.819553,02:00:14.819553,02:00:14.828868,02:00:14.828892,02:00:14.844457,02:00:14.866209,02:00:15.763665,02:00:14.850100,02:00:14.855518,02:00:14.855535,02:00:14.861433,02:00:15.017037,02:00:15.017216,02:00:14.817287
200,safe,02:00:17.517446,02:00:17.517446,02:00:17.517995,02:00:17.517995,02:00:17.519600,02:00:17.519600,02:00:17.521045,02:00:17.521045,02:00:17.531724,02:00:17.531750,02:00:17.546533,02:00:17.567372,02:00:18.461781,02:00:17.552234,02:00:17.557600,02:00:17.557624,02:00:17.563219,02:00:17.718074,02:00:17.718253,02:00:17.518766
200,safe,02:00:20.228328,02:00:20.228328,02:00:20.228800,02:00:20.228800,02:00:20.230347,02:00:20.230347,02:00:20.231816,02:00:20.231816,02:00:20.242268,02:00:20.242302,02:00:20.257086,02:00:20.278673,02:00:21.183536,02:00:20.263095,02:00:20.268689,02:00:20.268708,02:00:20.274514,02:00:20.429179,02:00:20.429357,02:00:20.229549
200,safe,02:00:22.943976,02:00:22.943976,02:00:22.944490,02:00:22.944490,02:00:22.945886,02:00:22.945886,02:00:22.947480,02:00:22.947480,02:00:22.958457,02:00:22.958487,02:00:22.973371,02:00:22.995826,02:00:23.890793,02:00:22.979757,02:00:22.985585,02:00:22.985608,02:00:22.991434,02:00:23.144586,02:00:23.144770,02:00:22.945302
200,safe,02:00:25.667364,02:00:25.667364,02:00:25.667869,02:00:25.667869,02:00:25.669151,02:00:25.669151,02:00:25.670843,02:00:25.670843,02:00:25.680425,02:00:25.680452,02:00:25.695426,02:00:25.719217,02:00:26.616761,02:00:25.701058,02:00:25.706424,02:00:25.706448,02:00:25.714344,02:00:25.867849,02:00:25.868006,02:00:25.668618
200,safe,02:00:28.379444,02:00:28.379444,02:00:28.379958,02:00:28.379958,02:00:28.381280,02:00:28.381280,02:00:28.382823,02:00:28.382823,02:00:28.392150,02:00:28.392172,02:00:28.406945,02:00:28.428311,02:00:29.322608,02:00:28.413251,02:00:28.418842,02:00:28.418869,02:00:28.423964,02:00:28.580004,02:00:28.580163,02:00:28.380739
200,safe,02:00:31.107889,02:00:31.107889,02:00:31.108393,02:00:31.108393,02:00:31.109844,02:00:31.109844,02:00:31.111489,02:00:31.111489,02:00:31.121510,02:00:31.121535,02:00:31.136009,02:00:31.157321,02:00:32.051860,02:00:31.141915,02:00:31.147356,02:00:31.147381,02:00:31.153142,02:00:31.308040,02:00:31.308221,02:00:31.109241
200,safe,02:00:33.811970,02:00:33.811970,02:00:33.812411,02:00:33.812411,02:00:33.813979,02:00:33.813979,02:00:33.815547,02:00:33.815547,02:00:33.825599,02:00:33.825627,02:00:33.840779,02:00:33.869051,02:00:34.765382,02:00:33.846621,02:00:33.854466,02:00:33.854501,02:00:33.862423,02:00:34.012458,02:00:34.012671,02:00:33.813186
200,safe,02:00:36.526537,02:00:36.526537,02:00:36.527027,02:00:36.527027,02:00:36.528317,02:00:36.528317,02:00:36.529873,02:00:36.529873,02:00:36.540074,02:00:36.540098,02:00:36.554820,02:00:36.576136,02:00:37.471488,02:00:36.560496,02:00:36.565820,02:00:36.565843,02:00:36.571782,02:00:36.727307,02:00:36.727478,02:00:36.527796
200,safe,02:00:39.236694,02:00:39.236694,02:00:39.237296,02:00:39.237296,02:00:39.238731,02:00:39.238731,02:00:39.240381,02:00:39.240381,02:00:39.251052,02:00:39.251086,02:00:39.265579,02:00:39.287385,02:00:40.183335,02:00:39.271630,02:00:39.277524,02:00:39.277548,02:00:39.283140,02:00:39.437458,02:00:39.437632,02:00:39.238149
200,safe,02:00:41.961903,02:00:41.961903,02:00:41.962358,02:00:41.962358,02:00:41.963683,02:00:41.963683,02:00:41.965519,02:00:41.965519,02:00:41.975635,02:00:41.975664,02:00:41.990682,02:00:42.012327,02:00:42.907995,02:00:41.996988,02:00:42.002437,02:00:42.002455,02:00:42.008157,02:00:42.162581,02:00:42.162749,02:00:41.963077
200,safe,02:00:44.675158,02:00:44.675158,02:00:44.675690,02:00:44.675690,02:00:44.677363,02:00:44.677363,02:00:44.678860,02:00:44.678860,02:00:44.688549,02:00:44.688578,02:00:44.712866,02:00:44.742163,02:00:45.637905,02:00:44.720303,02:00:44.728924,02:00:44.728961,02:00:44.737337,02:00:44.876004,02:00:44.876207,02:00:44.676556
200,safe,02:00:47.400455,02:00:47.400455,02:00:47.400945,02:00:47.400945,02:00:47.402584,02:00:47.402584,02:00:47.404109,02:00:47.404109,02:00:47.414840,02:00:47.414862,02:00:47.429948,02:00:47.452928,02:00:48.348394,02:00:47.436785,02:00:47.442799,02:00:47.442819,02:00:47.448674,02:00:47.601065,02:00:47.601240,02:00:47.401740
200,safe,02:00:50.110606,02:00:50.110606,02:00:50.111081,02:00:50.111081,02:00:50.112662,02:00:50.112662,02:00:50.114234,02:00:50.114234,02:00:50.123783,02:00:50.123811,02:00:50.141180,02:00:50.165378,02:00:51.069127,02:00:50.148112,02:00:50.154456,02:00:50.154488,02:00:50.160770,02:00:50.311312,02:00:50.311528,02:00:50.111898
200,safe,02:00:52.830669,02:00:52.830669,02:00:52.831151,02:00:52.831151,02:00:52.832440,02:00:52.832440,02:00:52.833949,02:00:52.833949,02:00:52.843232,02:00:52.843260,02:00:52.857803,02:00:52.881591,02:00:53.779486,02:00:52.863744,02:00:52.869365,02:00:52.869397,02:00:52.876690,02:00:53.031338,02:00:53.031514,02:00:52.831924
200,safe,02:00:55.558568,02:00:55.558568,02:00:55.559072,02:00:55.559072,02:00:55.560485,02:00:55.560485,02:00:55.561994,02:00:55.561994,02:00:55.571402,02:00:55.571425,02:00:55.585759,02:00:55.606519,02:00:56.503007,02:00:55.591838,02:00:55.597102,02:00:55.597122,02:00:55.602141,02:00:55.759215,02:00:55.759392,02:00:55.559848
200,safe,02:00:58.267435,02:00:58.267435,02:00:58.267829,02:00:58.267829,02:00:58.269119,02:00:58.269119,02:00:58.270648,02:00:58.270648,02:00:58.279965,02:00:58.279988,02:00:58.295024,02:00:58.316570,02:00:59.211702,02:00:58.301051,02:00:58.306607,02:00:58.306624,02:00:58.312441,02:00:58.468087,02:00:58.468257,02:00:58.268544
200,safe,02:01:00.976480,02:01:00.976480,02:01:00.977020,02:01:00.977020,02:01:00.978915,02:01:00.978915,02:01:00.980895,02:01:00.980895,02:01:00.993624,02:01:00.993661,02:01:01.011298,02:01:01.037399,02:01:01.932973,02:01:01.018106,02:01:01.025550,02:01:01.025576,02:01:01.032768,02:01:01.177067,02:01:01.177241,02:01:00.978172
200,safe,02:01:03.699390,02:01:03.699390,02:01:03.699808,02:01:03.699808,02:01:03.701135,02:01:03.701135,02:01:03.702828,02:01:03.702828,02:01:03.712401,02:01:03.712428,02:01:03.726097,02:01:03.747039,02:01:04.640542,02:01:03.731899,02:01:03.737228,02:01:03.737248,02:01:03.742916,02:01:03.900129,02:01:03.900310,02:01:03.700564
200,safe,02:01:06.404210,02:01:06.404210,02:01:06.404671,02:01:06.404671,02:01:06.406338,02:01:06.406338,02:01:06.407894,02:01:06.407894,02:01:06.417453,02:01:06.417479,02:01:06.432047,02:01:06.454377,02:01:07.348413,02:01:06.438273,02:01:06.444039,02:01:06.444065,02:01:06.450188,02:01:06.604920,02:01:06.605118,02:01:06.405460
200,safe,02:01:09.107754,02:01:09.107754,02:01:09.108155,02:01:09.108155,02:01:09.109708,02:01:09.109708,02:01:09.111171,02:01:09.111171,02:01:09.120947,02:01:09.120973,02:01:09.134862,02:01:09.156627,02:01:10.050810,02:01:09.140819,02:01:09.146734,02:01:09.146758,02:01:09.152173,02:01:09.308453,02:01:09.308616,02:01:09.108880
200,safe,02:01:11.828537,02:01:11.828537,02:01:11.828992,02:01:11.828992,02:01:11.830582,02:01:11.830582,02:01:11.832294,02:01:11.832294,02:01:11.841851,02:01:11.841879,02:01:11.857029,02:01:11.878437,02:01:12.773539,02:01:11.863003,02:01:11.868457,02:01:11.868480,02:01:11.874086,02:01:12.029454,02:01:12.029624,02:01:11.829742
200,safe,02:01:14.537725,02:01:14.537725,02:01:14.538252,02:01:14.538252,02:01:14.540031,02:01:14.540031,02:01:14.541559,02:01:14.541559,02:01:14.551512,02:01:14.551537,02:01:14.570566,02:01:14.598487,02:01:15.493487,02:01:14.579325,02:01:14.586975,02:01:14.587011,02:01:14.593280,02:01:14.738252,02:01:14.738412,02:01:14.539146
200,safe,02:01:17.251645,02:01:17.251645,02:01:17.252094,02:01:17.252094,02:01:17.253683,02:01:17.253683,02:01:17.255226,02:01:17.255226,02:01:17.264826,02:01:17.264854,02:01:17.288348,02:01:17.310551,02:01:18.205507,02:01:17.294574,02:01:17.300364,02:01:17.300415,02:01:17.306371,02:01:17.452201,02:01:17.452378,02:01:17.252816
200,safe,02:01:19.972899,02:01:19.972899,02:01:19.973349,02:01:19.973349,02:01:19.974714,02:01:19.974714,02:01:19.976633,02:01:19.976633,02:01:19.986325,02:01:19.986347,02:01:20.001495,02:01:20.023439,02:01:20.922952,02:01:20.007631,02:01:20.013464,02:01:20.013487,02:01:20.019099,02:01:20.173826,02:01:20.173984,02:01:19.974133
200,safe,02:01:22.684361,02:01:22.684361,02:01:22.684843,02:01:22.684843,02:01:22.686422,02:01:22.686422,02:01:22.688071,02:01:22.688071,02:01:22.698285,02:01:22.698313,02:01:22.712902,02:01:22.734774,02:01:23.632719,02:01:22.718851,02:01:22.724726,02:01:22.724746,02:01:22.730401,02:01:22.885051,02:01:22.885228,02:01:22.685595
200,safe,02:01:25.396564,02:01:25.396564,02:01:25.397064,02:01:25.397064,02:01:25.398391,02:01:25.398391,02:01:25.400241,02:01:25.400241,02:01:25.409819,02:01:25.409844,02:01:25.424530,02:01:25.445976,02:01:26.342730,02:01:25.430622,02:01:25.436348,02:01:25.436365,02:01:25.441775,02:01:25.597462,02:01:25.597640,02:01:25.397853
200,safe,02:01:28.098823,02:01:28.098823,02:01:28.099295,02:01:28.099295,02:01:28.100891,02:01:28.100891,02:01:28.102582,02:01:28.102582,02:01:28.112133,02:01:28.112161,02:01:28.126690,02:01:28.148039,02:01:29.041333,02:01:28.132822,02:01:28.138102,02:01:28.138118,02:01:28.143600,02:01:28.299488,02:01:28.299662,02:01:28.100048
200,safe,02:01:30.801374,02:01:30.801374,02:01:30.802072,02:01:30.802072,02:01:30.804098,02:01:30.804098,02:01:30.805957,02:01:30.805957,02:01:30.816839,02:01:30.816899,02:01:30.836900,02:01:30.866048,02:01:31.768145,02:01:30.845175,02:01:30.851369,02:01:30.851396,02:01:30.860157,02:01:31.001825,02:01:31.002054,02:01:30.803134
200,safe,02:01:33.557519,02:01:33.557519,02:01:33.557945,02:01:33.557945,02:01:33.559529,02:01:33.559529,02:01:33.561334,02:01:33.561334,02:01:33.572074,02:01:33.572102,02:01:33.587056,02:01:33.607512,02:01:34.501850,02:01:33.593077,02:01:33.598435,02:01:33.598458,02:01:33.603370,02:01:33.757621,02:01:33.757801,02:01:33.558693
200,safe,02:01:36.267528,02:01:36.267528,02:01:36.268025,02:01:36.268025,02:01:36.269338,02:01:36.269338,02:01:36.271157,02:01:36.271157,02:01:36.280846,02:01:36.280868,02:01:36.299709,02:01:36.326754,02:01:37.221683,02:01:36.308469,02:01:36.315103,02:01:36.315137,02:01:36.322370,02:01:36.468306,02:01:36.468465,02:01:36.268811
200,safe,02:01:39.002371,02:01:39.002371,02:01:39.002838,02:01:39.002838,02:01:39.004140,02:01:39.004140,02:01:39.005944,02:01:39.005944,02:01:39.015577,02:01:39.015608,02:01:39.031127,02:01:39.053663,02:01:39.949860,02:01:39.037437,02:01:39.043332,02:01:39.043355,02:01:39.048951,02:01:39.203236,02:01:39.203396,02:01:39.003598
200,safe,02:01:41.719899,02:01:41.719899,02:01:41.720333,02:01:41.720333,02:01:41.721612,02:01:41.721612,02:01:41.723519,02:01:41.723519,02:01:41.733231,02:01:41.733258,02:01:41.748051,02:01:41.769907,02:01:42.664736,02:01:41.754293,02:01:41.759889,02:01:41.759913,02:01:41.765509,02:01:41.920600,02:01:41.920786,02:01:41.721050
200,safe,02:01:44.434829,02:01:44.434829,02:01:44.435264,02:01:44.435264,02:01:44.436849,02:01:44.436849,02:01:44.438471,02:01:44.438471,02:01:44.448209,02:01:44.448232,02:01:44.463406,02:01:44.485395,02:01:45.380713,02:01:44.469737,02:01:44.475637,02:01:44.475659,02:01:44.481149,02:01:44.635517,02:01:44.635675,02:01:44.436020
200,safe,02:01:47.143978,02:01:47.143978,02:01:47.144432,02:01:47.144432,02:01:47.146002,02:01:47.146002,02:01:47.147803,02:01:47.147803,02:01:47.157258,02:01:47.157280,02:01:47.171152,02:01:47.192330,02:01:48.087441,02:01:47.176974,02:01:47.182797,02:01:47.182819,02:01:47.188081,02:01:47.344815,02:01:47.344975,02:01:47.145137
200,safe,02:01:49.850083,02:01:49.850083,02:01:49.850648,02:01:49.850648,02:01:49.852172,02:01:49.852172,02:01:49.853709,02:01:49.853709,02:01:49.863929,02:01:49.863956,02:01:49.886926,02:01:49.908547,02:01:50.805580,02:01:49.892803,02:01:49.898411,02:01:49.898436,02:01:49.904189,02:01:50.050676,02:01:50.050841,02:01:49.851381
200,safe,02:01:52.578995,02:01:52.578995,02:01:52.579448,02:01:52.579448,02:01:52.580837,02:01:52.580837,02:01:52.582556,02:01:52.582556,02:01:52.593183,02:01:52.593223,02:01:52.608984,02:01:52.629839,02:01:53.524700,02:01:52.614846,02:01:52.620322,02:01:52.620345,02:01:52.625688,02:01:52.779667,02:01:52.779839,02:01:52.580249
200,safe,02:01:55.288279,02:01:55.288279,02:01:55.288880,02:01:55.288880,02:01:55.290317,02:01:55.290317,02:01:55.291891,02:01:55.291891,02:01:55.301967,02:01:55.301997,02:01:55.316484,02:01:55.338252,02:01:56.232784,02:01:55.322331,02:01:55.328034,02:01:55.328059,02:01:55.333812,02:01:55.489071,02:01:55.489245,02:01:55.289668
200,safe,02:01:57.993682,02:01:57.993682,02:01:57.994182,02:01:57.994182,02:01:57.996426,02:01:57.996426,02:01:57.998037,02:01:57.998037,02:01:58.008558,02:01:58.008595,02:01:58.022862,02:01:58.044738,02:01:58.940096,02:01:58.028846,02:01:58.034856,02:01:58.034878,02:01:58.040428,02:01:58.194653,02:01:58.194832,02:01:57.995590
200,safe,02:02:00.701769,02:02:00.701769,02:02:00.702234,02:02:00.702234,02:02:00.703661,02:02:00.703661,02:02:00.705198,02:02:00.705198,02:02:00.714722,02:02:00.714746,02:02:00.729215,02:02:00.750299,02:02:01.652484,02:02:00.735123,02:02:00.740278,02:02:00.740296,02:02:00.745859,02:02:00.902963,02:02:00.903128,02:02:00.702942
200,safe,02:02:03.429805,02:02:03.429805,02:02:03.430317,02:02:03.430317,02:02:03.431668,02:02:03.431668,02:02:03.433190,02:02:03.433190,02:02:03.444991,02:02:03.445021,02:02:03.459563,02:02:03.481068,02:02:04.374185,02:02:03.465570,02:02:03.471264,02:02:03.471285,02:02:03.476758,02:02:03.628948,02:02:03.629124,02:02:03.431147
200,safe,02:02:06.141513,02:02:06.141513,02:02:06.141992,02:02:06.141992,02:02:06.143289,02:02:06.143289,02:02:06.144772,02:02:06.144772,02:02:06.154576,02:02:06.154599,02:02:06.170294,02:02:06.192404,02:02:07.089774,02:02:06.176542,02:02:06.181735,02:02:06.181754,02:02:06.187485,02:02:06.342138,02:02:06.342312,02:02:06.142723
200,safe,02:02:08.855400,02:02:08.855400,02:02:08.855857,02:02:08.855857,02:02:08.857134,02:02:08.857134,02:02:08.858702,02:02:08.858702,02:02:08.869107,02:02:08.869173,02:02:08.884123,02:02:08.905049,02:02:09.801967,02:02:08.889882,02:02:08.895497,02:02:08.895524,02:02:08.900978,02:02:09.056252,02:02:09.056425,02:02:08.856571
200,safe,02:02:11.598782,02:02:11.598782,02:02:11.599240,02:02:11.599240,02:02:11.600592,02:02:11.600592,02:02:11.601975,02:02:11.601975,02:02:11.612497,02:02:11.612524,02:02:11.627470,02:02:11.649590,02:02:12.543639,02:02:11.633850,02:02:11.639603,02:02:11.639620,02:02:11.645330,02:02:11.799657,02:02:11.799856,02:02:11.600035
200,safe,02:02:14.321908,02:02:14.321908,02:02:14.322305,02:02:14.322305,02:02:14.323594,02:02:14.323594,02:02:14.325139,02:02:14.325139,02:02:14.338658,02:02:14.338695,02:02:14.353555,02:02:14.374955,02:02:15.268382,02:02:14.359417,02:02:14.365065,02:02:14.365087,02:02:14.370785,02:02:14.522738,02:02:14.522928,02:02:14.323036
200,safe,02:02:17.034135,02:02:17.034135,02:02:17.034640,02:02:17.034640,02:02:17.035942,02:02:17.035942,02:02:17.037740,02:02:17.037740,02:02:17.048333,02:02:17.048368,02:02:17.063020,02:02:17.090700,02:02:17.988175,02:02:17.068929,02:02:17.076581,02:02:17.076625,02:02:17.083241,02:02:17.234675,02:02:17.234846,02:02:17.035359
200,safe,02:02:19.751842,02:02:19.751842,02:02:19.752324,02:02:19.752324,02:02:19.753687,02:02:19.753687,02:02:19.755189,02:02:19.755189,02:02:19.764772,02:02:19.764793,02:02:19.779392,02:02:19.800499,02:02:20.695143,02:02:19.785552,02:02:19.790771,02:02:19.790789,02:02:19.796293,02:02:19.952576,02:02:19.952751,02:02:19.753109
200,safe,02:02:22.465593,02:02:22.465593,02:02:22.466037,02:02:22.466037,02:02:22.467612,02:02:22.467612,02:02:22.469210,02:02:22.469210,02:02:22.480111,02:02:22.480136,02:02:22.503750,02:02:22.525352,02:02:23.420836,02:02:22.509845,02:02:22.515398,02:02:22.515417,02:02:22.520856,02:02:22.666138,02:02:22.666314,02:02:22.466759
200,safe,02:02:25.188668,02:02:25.188668,02:02:25.189114,02:02:25.189114,02:02:25.190361,02:02:25.190361,02:02:25.192266,02:02:25.192266,02:02:25.202366,02:02:25.202393,02:02:25.217679,02:02:25.238967,02:02:26.132479,02:02:25.223706,02:02:25.229244,02:02:25.229261,02:02:25.234728,02:02:25.389646,02:02:25.389808,02:02:25.189845
200,safe,02:02:27.898452,02:02:27.898452,02:02:27.899073,02:02:27.899073,02:02:27.900479,02:02:27.900479,02:02:27.902178,02:02:27.902178,02:02:27.912466,02:02:27.912498,02:02:27.927505,02:02:27.951397,02:02:28.847106,02:02:27.933533,02:02:27.939328,02:02:27.939346,02:02:27.945743,02:02:28.098939,02:02:28.099105,02:02:27.899898
200,safe,02:02:30.628619,02:02:30.628619,02:02:30.629054,02:02:30.629054,02:02:30.630405,02:02:30.630405,02:02:30.632156,02:02:30.632156,02:02:30.641653,02:02:30.641680,02:02:30.655842,02:02:30.675096,02:02:31.577908,02:02:30.661272,02:02:30.666080,02:02:30.666098,02:02:30.671218,02:02:30.828922,02:02:30.829084,02:02:30.629839
200,safe,02:02:33.347001,02:02:33.347001,02:02:33.347473,02:02:33.347473,02:02:33.349226,02:02:33.349226,02:02:33.350907,02:02:33.350907,02:02:33.361023,02:02:33.361048,02:02:33.375413,02:02:33.397097,02:02:34.290523,02:02:33.381689,02:02:33.387255,02:02:33.387279,02:02:33.392749,02:02:33.547617,02:02:33.547796,02:02:33.348415
200,safe,02:02:36.067504,02:02:36.067504,02:02:36.067946,02:02:36.067946,02:02:36.069518,02:02:36.069518,02:02:36.071255,02:02:36.071255,02:02:36.081466,02:02:36.081492,02:02:36.096516,02:02:36.118145,02:02:37.013621,02:02:36.102410,02:02:36.108256,02:02:36.108278,02:02:36.114026,02:02:36.268550,02:02:36.268740,02:02:36.068683
200,safe,02:02:38.772920,02:02:38.772920,02:02:38.773388,02:02:38.773388,02:02:38.774752,02:02:38.774752,02:02:38.776667,02:02:38.776667,02:02:38.786249,02:02:38.786277,02:02:38.800678,02:02:38.823965,02:02:39.721135,02:02:38.806459,02:02:38.811799,02:02:38.811824,02:02:38.817812,02:02:38.973697,02:02:38.973875,02:02:38.774151
200,safe,02:02:41.546662,02:02:41.546662,02:02:41.547203,02:02:41.547203,02:02:41.548540,02:02:41.548540,02:02:41.550016,02:02:41.550016,02:02:41.559513,02:02:41.559564,02:02:41.574701,02:02:41.596157,02:02:42.491875,02:02:41.580612,02:02:41.586256,02:02:41.586281,02:02:41.591852,02:02:41.747228,02:02:41.747410,02:02:41.548012
200,safe,02:02:44.262122,02:02:44.262122,02:02:44.262552,02:02:44.262552,02:02:44.263850,02:02:44.263850,02:02:44.265371,02:02:44.265371,02:02:44.274743,02:02:44.274772,02:02:44.289967,02:02:44.311623,02:02:45.207094,02:02:44.296161,02:02:44.301579,02:02:44.301601,02:02:44.307106,02:02:44.462776,02:02:44.462964,02:02:44.263286
200,safe,02:02:46.982285,02:02:46.982285,02:02:46.982791,02:02:46.982791,02:02:46.984128,02:02:46.984128,02:02:46.985580,02:02:46.985580,02:02:46.995110,02:02:46.995131,02:02:47.009483,02:02:47.031224,02:02:47.926083,02:02:47.015631,02:02:47.021264,02:02:47.021281,02:02:47.026900,02:02:47.183209,02:02:47.183378,02:02:46.983577
200,safe,02:02:49.698549,02:02:49.698549,02:02:49.699067,02:02:49.699067,02:02:49.700625,02:02:49.700625,02:02:49.702318,02:02:49.702318,02:02:49.712498,02:02:49.712525,02:02:49.726814,02:02:49.753477,02:02:50.651205,02:02:49.732407,02:02:49.740421,02:02:49.740447,02:02:49.746947,02:02:49.899455,02:02:49.899642,02:02:49.699847
200,safe,02:02:52.428505,02:02:52.428505,02:02:52.428899,02:02:52.428899,02:02:52.430162,02:02:52.430162,02:02:52.431685,02:02:52.431685,02:02:52.441510,02:02:52.441540,02:02:52.456104,02:02:52.477946,02:02:53.373568,02:02:52.462057,02:02:52.467764,02:02:52.467786,02:02:52.473724,02:02:52.629255,02:02:52.629423,02:02:52.429654
200,safe,02:02:55.141068,02:02:55.141068,02:02:55.141558,02:02:55.141558,02:02:55.142981,02:02:55.142981,02:02:55.144508,02:02:55.144508,02:02:55.154288,02:02:55.154316,02:02:55.177494,02:02:55.198831,02:02:56.094143,02:02:55.183427,02:02:55.188884,02:02:55.188911,02:02:55.194517,02:02:55.341682,02:02:55.341865,02:02:55.142332
200,safe,02:02:57.872690,02:02:57.872690,02:02:57.873308,02:02:57.873308,02:02:57.874680,02:02:57.874680,02:02:57.876345,02:02:57.876345,02:02:57.885829,02:02:57.885866,02:02:57.900978,02:02:57.922126,02:02:58.815621,02:02:57.907443,02:02:57.912755,02:02:57.912776,02:02:57.918103,02:02:58.073399,02:02:58.073576,02:02:57.874138
200,safe,02:03:00.589911,02:03:00.589911,02:03:00.590497,02:03:00.590497,02:03:00.592090,02:03:00.592090,02:03:00.593851,02:03:00.593851,02:03:00.603792,02:03:00.603821,02:03:00.618573,02:03:00.640547,02:03:01.547534,02:03:00.624684,02:03:00.630546,02:03:00.630577,02:03:00.636237,02:03:00.790916,02:03:00.791125,02:03:00.591340
200,safe,02:03:03.314826,02:03:03.314826,02:03:03.315324,02:03:03.315324,02:03:03.316878,02:03:03.316878,02:03:03.318569,02:03:03.318569,02:03:03.328617,02:03:03.328643,02:03:03.343841,02:03:03.365231,02:03:04.257996,02:03:03.349671,02:03:03.355903,02:03:03.355926,02:03:03.361257,02:03:03.515795,02:03:03.515962,02:03:03.316098
200,safe,02:03:06.031731,02:03:06.031731,02:03:06.032347,02:03:06.032347,02:03:06.033667,02:03:06.033667,02:03:06.035398,02:03:06.035398,02:03:06.047538,02:03:06.047571,02:03:06.062211,02:03:06.082974,02:03:06.977545,02:03:06.068161,02:03:06.073536,02:03:06.073552,02:03:06.078949,02:03:06.232370,02:03:06.232534,02:03:06.033122
200,safe,02:03:08.739832,02:03:08.739832,02:03:08.740263,02:03:08.740263,02:03:08.741871,02:03:08.741871,02:03:08.743597,02:03:08.743597,02:03:08.753190,02:03:08.753215,02:03:08.769793,02:03:08.795412,02:03:09.691184,02:03:08.776534,02:03:08.783096,02:03:08.783124,02:03:08.789988,02:03:08.940598,02:03:08.940775,02:03:08.741026
200,safe,02:03:11.528899,02:03:11.528899,02:03:11.529387,02:03:11.529387,02:03:11.530657,02:03:11.530657,02:03:11.532079,02:03:11.532079,02:03:11.542502,02:03:11.542533,02:03:11.557127,02:03:11.578845,02:03:12.474573,02:03:11.563124,02:03:11.568542,02:03:11.568568,02:03:11.574328,02:03:11.729627,02:03:11.729795,02:03:11.530138
250,safe,02:03:14.257311,02:03:14.257311,02:03:14.257892,02:03:14.257892,02:03:14.259435,02:03:14.259435,02:03:14.261018,02:03:14.261018,02:03:14.270590,02:03:14.270620,02:03:14.284911,02:03:14.307078,02:03:15.202097,02:03:14.290987,02:03:14.296451,02:03:14.296479,02:03:14.302622,02:03:14.507886,02:03:14.508096,02:03:14.258759
250,safe,02:03:16.970118,02:03:16.970118,02:03:16.970592,02:03:16.970592,02:03:16.971940,02:03:16.971940,02:03:16.973628,02:03:16.973628,02:03:16.983266,02:03:16.983304,02:03:16.998577,02:03:17.020502,02:03:17.920753,02:03:17.004451,02:03:17.010627,02:03:17.010653,02:03:17.016354,02:03:17.220720,02:03:17.220880,02:03:16.971367
250,safe,02:03:19.698720,02:03:19.698720,02:03:19.699138,02:03:19.699138,02:03:19.700603,02:03:19.700603,02:03:19.702145,02:03:19.702145,02:03:19.711890,02:03:19.711919,02:03:19.725547,02:03:19.747262,02:03:20.644490,02:03:19.731330,02:03:19.737155,02:03:19.737184,02:03:19.742508,02:03:19.949515,02:03:19.949674,02:03:19.699841
250,safe,02:03:22.421377,02:03:22.421377,02:03:22.421795,02:03:22.421795,02:03:22.423437,02:03:22.423437,02:03:22.425200,02:03:22.425200,02:03:22.435355,02:03:22.435380,02:03:22.454713,02:03:22.482729,02:03:23.381708,02:03:22.463495,02:03:22.470945,02:03:22.470975,02:03:22.477928,02:03:22.672109,02:03:22.672289,02:03:22.422622
250,safe,02:03:25.148273,02:03:25.148273,02:03:25.148969,02:03:25.148969,02:03:25.150494,02:03:25.150494,02:03:25.152056,02:03:25.152056,02:03:25.162167,02:03:25.162196,02:03:25.176504,02:03:25.197132,02:03:26.091695,02:03:25.182343,02:03:25.187559,02:03:25.187577,02:03:25.192741,02:03:25.398948,02:03:25.399119,02:03:25.149893
250,safe,02:03:27.859869,02:03:27.859869,02:03:27.860347,02:03:27.860347,02:03:27.861626,02:03:27.861626,02:03:27.863109,02:03:27.863109,02:03:27.873078,02:03:27.873107,02:03:27.895968,02:03:27.917889,02:03:28.814583,02:03:27.902387,02:03:27.907992,02:03:27.908015,02:03:27.913588,02:03:28.110731,02:03:28.110889,02:03:27.861099
250,safe,02:03:30.589487,02:03:30.589487,02:03:30.589958,02:03:30.589958,02:03:30.591256,02:03:30.591256,02:03:30.592738,02:03:30.592738,02:03:30.603197,02:03:30.603221,02:03:30.618078,02:03:30.639370,02:03:31.542448,02:03:30.623900,02:03:30.629322,02:03:30.629345,02:03:30.634861,02:03:30.840044,02:03:30.840240,02:03:30.590691
250,safe,02:03:33.305992,02:03:33.305992,02:03:33.306610,02:03:33.306610,02:03:33.308079,02:03:33.308079,02:03:33.309632,02:03:33.309632,02:03:33.319165,02:03:33.319198,02:03:33.338109,02:03:33.365209,02:03:34.259001,02:03:33.346259,02:03:33.354207,02:03:33.354234,02:03:33.360271,02:03:33.556704,02:03:33.556880,02:03:33.307408
250,safe,02:03:36.026607,02:03:36.026607,02:03:36.027145,02:03:36.027145,02:03:36.028409,02:03:36.028409,02:03:36.029820,02:03:36.029820,02:03:36.039403,02:03:36.039438,02:03:36.054177,02:03:36.074999,02:03:36.969541,02:03:36.059725,02:03:36.064992,02:03:36.065015,02:03:36.070744,02:03:36.277157,02:03:36.277331,02:03:36.027896
250,safe,02:03:38.736491,02:03:38.736491,02:03:38.736915,02:03:38.736915,02:03:38.738262,02:03:38.738262,02:03:38.739655,02:03:38.739655,02:03:38.749639,02:03:38.749670,02:03:38.764589,02:03:38.786136,02:03:39.682800,02:03:38.770768,02:03:38.776235,02:03:38.776266,02:03:38.781837,02:03:38.986867,02:03:38.987024,02:03:38.737706
250,safe,02:03:41.522350,02:03:41.522350,02:03:41.522745,02:03:41.522745,02:03:41.524323,02:03:41.524323,02:03:41.525933,02:03:41.525933,02:03:41.536558,02:03:41.536589,02:03:41.551132,02:03:41.571993,02:03:42.470050,02:03:41.556780,02:03:41.562209,02:03:41.562232,02:03:41.567673,02:03:41.772973,02:03:41.773151,02:03:41.523475
250,safe,02:03:44.243781,02:03:44.243781,02:03:44.244347,02:03:44.244347,02:03:44.245797,02:03:44.245797,02:03:44.247535,02:03:44.247535,02:03:44.258088,02:03:44.258144,02:03:44.277971,02:03:44.303448,02:03:45.199309,02:03:44.285534,02:03:44.292593,02:03:44.292622,02:03:44.299156,02:03:44.494219,02:03:44.494394,02:03:44.245189
250,safe,02:03:46.967540,02:03:46.967540,02:03:46.968038,02:03:46.968038,02:03:46.969422,02:03:46.969422,02:03:46.971040,02:03:46.971040,02:03:46.980570,02:03:46.980597,02:03:46.994676,02:03:47.016978,02:03:47.913270,02:03:47.000760,02:03:47.006608,02:03:47.006627,02:03:47.012610,02:03:47.218615,02:03:47.218797,02:03:46.968850
250,safe,02:03:49.677304,02:03:49.677304,02:03:49.677812,02:03:49.677812,02:03:49.679130,02:03:49.679130,02:03:49.680914,02:03:49.680914,02:03:49.690423,02:03:49.690457,02:03:49.705304,02:03:49.726656,02:03:50.622658,02:03:49.711403,02:03:49.716642,02:03:49.716660,02:03:49.722248,02:03:49.927827,02:03:49.927986,02:03:49.678564
250,safe,02:03:52.410996,02:03:52.410996,02:03:52.411468,02:03:52.411468,02:03:52.412859,02:03:52.412859,02:03:52.414418,02:03:52.414418,02:03:52.423810,02:03:52.423833,02:03:52.437802,02:03:52.459646,02:03:53.355836,02:03:52.443830,02:03:52.449775,02:03:52.449799,02:03:52.455368,02:03:52.661564,02:03:52.661737,02:03:52.412240
250,safe,02:03:55.137112,02:03:55.137112,02:03:55.137545,02:03:55.137545,02:03:55.138876,02:03:55.138876,02:03:55.140349,02:03:55.140349,02:03:55.150016,02:03:55.150052,02:03:55.165339,02:03:55.188371,02:03:56.084985,02:03:55.171644,02:03:55.177457,02:03:55.177480,02:03:55.183382,02:03:55.387719,02:03:55.387882,02:03:55.138296
250,safe,02:03:57.847847,02:03:57.847847,02:03:57.848297,02:03:57.848297,02:03:57.849592,02:03:57.849592,02:03:57.850984,02:03:57.850984,02:03:57.860415,02:03:57.860440,02:03:57.875553,02:03:57.896953,02:03:58.794077,02:03:57.881591,02:03:57.887085,02:03:57.887109,02:03:57.892779,02:03:58.098382,02:03:58.098571,02:03:57.849048
250,safe,02:04:00.564574,02:04:00.564574,02:04:00.565165,02:04:00.565165,02:04:00.566546,02:04:00.566546,02:04:00.568379,02:04:00.568379,02:04:00.578156,02:04:00.578183,02:04:00.602266,02:04:00.624008,02:04:01.525588,02:04:00.608483,02:04:00.614032,02:04:00.614055,02:04:00.619613,02:04:00.814966,02:04:00.815158,02:04:00.565977
250,safe,02:04:03.301619,02:04:03.301619,02:04:03.302567,02:04:03.302567,02:04:03.304934,02:04:03.304934,02:04:03.307243,02:04:03.307243,02:04:03.318395,02:04:03.318431,02:04:03.333635,02:04:03.354519,02:04:04.248311,02:04:03.339522,02:04:03.345020,02:04:03.345044,02:04:03.350526,02:04:03.552415,02:04:03.552589,02:04:03.304036
250,safe,02:04:06.016413,02:04:06.016413,02:04:06.016865,02:04:06.016865,02:04:06.018296,02:04:06.018296,02:04:06.019795,02:04:06.019795,02:04:06.029540,02:04:06.029562,02:04:06.044763,02:04:06.070884,02:04:06.968238,02:04:06.050669,02:04:06.057772,02:04:06.057798,02:04:06.064292,02:04:06.267204,02:04:06.267378,02:04:06.017635
250,safe,02:04:08.734579,02:04:08.734579,02:04:08.735087,02:04:08.735087,02:04:08.736590,02:04:08.736590,02:04:08.738217,02:04:08.738217,02:04:08.750090,02:04:08.750119,02:04:08.764989,02:04:08.786563,02:04:09.683928,02:04:08.771304,02:04:08.776652,02:04:08.776674,02:04:08.782372,02:04:08.985278,02:04:08.985464,02:04:08.735794
250,safe,02:04:11.517939,02:04:11.517939,02:04:11.518558,02:04:11.518558,02:04:11.520060,02:04:11.520060,02:04:11.521744,02:04:11.521744,02:04:11.531350,02:04:11.531374,02:04:11.546421,02:04:11.568390,02:04:12.466092,02:04:11.552633,02:04:11.558274,02:04:11.558296,02:04:11.564012,02:04:11.768922,02:04:11.769090,02:04:11.519394
250,safe,02:04:14.249024,02:04:14.249024,02:04:14.249595,02:04:14.249595,02:04:14.250957,02:04:14.250957,02:04:14.252609,02:04:14.252609,02:04:14.262381,02:04:14.262407,02:04:14.277493,02:04:14.300035,02:04:15.196865,02:04:14.284254,02:04:14.290050,02:04:14.290075,02:04:14.295764,02:04:14.499738,02:04:14.499956,02:04:14.250384
250,safe,02:04:16.970420,02:04:16.970420,02:04:16.970850,02:04:16.970850,02:04:16.972556,02:04:16.972556,02:04:16.974023,02:04:16.974023,02:04:16.983478,02:04:16.983500,02:04:16.999716,02:04:17.027365,02:04:17.924204,02:04:17.007246,02:04:17.013989,02:04:17.014027,02:04:17.022569,02:04:17.220931,02:04:17.221108,02:04:16.971685
250,safe,02:04:19.696075,02:04:19.696075,02:04:19.696576,02:04:19.696576,02:04:19.697846,02:04:19.697846,02:04:19.699674,02:04:19.699674,02:04:19.709247,02:04:19.709279,02:04:19.723643,02:04:19.745015,02:04:20.641030,02:04:19.729478,02:04:19.735110,02:04:19.735142,02:04:19.740827,02:04:19.947002,02:04:19.947161,02:04:19.697309
250,safe,02:04:22.382264,02:04:22.382264,02:04:22.382874,02:04:22.382874,02:04:22.384204,02:04:22.384204,02:04:22.385515,02:04:22.385515,02:04:22.394924,02:04:22.394945,02:04:22.409281,02:04:22.430482,02:04:23.326144,02:04:22.415409,02:04:22.420706,02:04:22.420728,02:04:22.426308,02:04:22.633017,02:04:22.633191,02:04:22.383682
250,safe,02:04:25.093412,02:04:25.093412,02:04:25.093790,02:04:25.093790,02:04:25.095175,02:04:25.095175,02:04:25.096567,02:04:25.096567,02:04:25.106012,02:04:25.106037,02:04:25.121481,02:04:25.142755,02:04:26.039389,02:04:25.127533,02:04:25.132677,02:04:25.132695,02:04:25.138279,02:04:25.344054,02:04:25.344238,02:04:25.094627
250,safe,02:04:27.809759,02:04:27.809759,02:04:27.810279,02:04:27.810279,02:04:27.811905,02:04:27.811905,02:04:27.813437,02:04:27.813437,02:04:27.823244,02:04:27.823269,02:04:27.837715,02:04:27.859363,02:04:28.753270,02:04:27.843557,02:04:27.849300,02:04:27.849317,02:04:27.854990,02:04:28.060620,02:04:28.060806,02:04:27.811064
250,safe,02:04:30.521929,02:04:30.521929,02:04:30.522414,02:04:30.522414,02:04:30.524036,02:04:30.524036,02:04:30.525735,02:04:30.525735,02:04:30.535351,02:04:30.535377,02:04:30.549379,02:04:30.571029,02:04:31.473846,02:04:30.555454,02:04:30.561217,02:04:30.561239,02:04:30.566711,02:04:30.772177,02:04:30.772344,02:04:30.523157
250,safe,02:04:33.252899,02:04:33.252899,02:04:33.253353,02:04:33.253353,02:04:33.254550,02:04:33.254550,02:04:33.256031,02:04:33.256031,02:04:33.266467,02:04:33.266493,02:04:33.291163,02:04:33.312421,02:04:34.205224,02:04:33.297215,02:04:33.302525,02:04:33.302542,02:04:33.308375,02:04:33.503387,02:04:33.503550,02:04:33.254017
250,safe,02:04:35.982491,02:04:35.982491,02:04:35.982968,02:04:35.982968,02:04:35.984312,02:04:35.984312,02:04:35.986090,02:04:35.986090,02:04:35.995728,02:04:35.995783,02:04:36.014220,02:04:36.043102,02:04:36.939220,02:04:36.022709,02:04:36.029560,02:04:36.029599,02:04:36.037811,02:04:36.233214,02:04:36.233382,02:04:35.983736
250,safe,02:04:38.712127,02:04:38.712127,02:04:38.712730,02:04:38.712730,02:04:38.714214,02:04:38.714214,02:04:38.715859,02:04:38.715859,02:04:38.725297,02:04:38.725327,02:04:38.740576,02:04:38.762081,02:04:39.658205,02:04:38.746669,02:04:38.752542,02:04:38.752565,02:04:38.757801,02:04:38.962964,02:04:38.963134,02:04:38.713538
250,safe,02:04:41.473077,02:04:41.473077,02:04:41.473671,02:04:41.473671,02:04:41.475241,02:04:41.475241,02:04:41.476978,02:04:41.476978,02:04:41.486387,02:04:41.486436,02:04:41.501000,02:04:41.522588,02:04:42.418036,02:04:41.507161,02:04:41.512847,02:04:41.512864,02:04:41.518623,02:04:41.723761,02:04:41.723939,02:04:41.474507
250,safe,02:04:44.196255,02:04:44.196255,02:04:44.196710,02:04:44.196710,02:04:44.198089,02:04:44.198089,02:04:44.199938,02:04:44.199938,02:04:44.210287,02:04:44.210316,02:04:44.224856,02:04:44.246304,02:04:45.142506,02:04:44.231116,02:04:44.236607,02:04:44.236628,02:04:44.242156,02:04:44.447167,02:04:44.447347,02:04:44.197494
250,safe,02:04:46.922359,02:04:46.922359,02:04:46.922843,02:04:46.922843,02:04:46.924141,02:04:46.924141,02:04:46.925710,02:04:46.925710,02:04:46.935168,02:04:46.935193,02:04:46.950232,02:04:46.972330,02:04:47.870084,02:04:46.956358,02:04:46.962120,02:04:46.962165,02:04:46.967729,02:04:47.173391,02:04:47.173632,02:04:46.923577
250,safe,02:04:49.636578,02:04:49.636578,02:04:49.637036,02:04:49.637036,02:04:49.638579,02:04:49.638579,02:04:49.640108,02:04:49.640108,02:04:49.650100,02:04:49.650122,02:04:49.664866,02:04:49.686718,02:04:50.581604,02:04:49.670970,02:04:49.676778,02:04:49.676805,02:04:49.682405,02:04:49.887378,02:04:49.887550,02:04:49.637782
250,safe,02:04:52.367892,02:04:52.367892,02:04:52.368479,02:04:52.368479,02:04:52.369853,02:04:52.369853,02:04:52.371478,02:04:52.371478,02:04:52.381162,02:04:52.381205,02:04:52.395668,02:04:52.417308,02:04:53.314159,02:04:52.401662,02:04:52.407469,02:04:52.407498,02:04:52.413078,02:04:52.618311,02:04:52.618540,02:04:52.369318
250,safe,02:04:55.094687,02:04:55.094687,02:04:55.095153,02:04:55.095153,02:04:55.096533,02:04:55.096533,02:04:55.098370,02:04:55.098370,02:04:55.108130,02:04:55.108162,02:04:55.123519,02:04:55.145506,02:04:56.041438,02:04:55.129583,02:04:55.135362,02:04:55.135386,02:04:55.141169,02:04:55.345186,02:04:55.345352,02:04:55.095942
250,safe,02:04:57.808541,02:04:57.808541,02:04:57.808995,02:04:57.808995,02:04:57.810484,02:04:57.810484,02:04:57.812325,02:04:57.812325,02:04:57.823195,02:04:57.823224,02:04:57.837563,02:04:57.859460,02:04:58.754719,02:04:57.843851,02:04:57.849267,02:04:57.849287,02:04:57.855053,02:04:58.059042,02:04:58.059220,02:04:57.809832
250,safe,02:05:00.528881,02:05:00.528881,02:05:00.529462,02:05:00.529462,02:05:00.530854,02:05:00.530854,02:05:00.532663,02:05:00.532663,02:05:00.542949,02:05:00.542977,02:05:00.557574,02:05:00.580324,02:05:01.484112,02:05:00.563370,02:05:00.570211,02:05:00.570238,02:05:00.575932,02:05:00.779470,02:05:00.779630,02:05:00.530266
250,safe,02:05:03.259230,02:05:03.259230,02:05:03.259752,02:05:03.259752,02:05:03.261013,02:05:03.261013,02:05:03.262537,02:05:03.262537,02:05:03.272789,02:05:03.272818,02:05:03.288560,02:05:03.310854,02:05:04.204904,02:05:03.294832,02:05:03.300552,02:05:03.300577,02:05:03.306388,02:05:03.509784,02:05:03.509952,02:05:03.260458
250,safe,02:05:05.972971,02:05:05.972971,02:05:05.973495,02:05:05.973495,02:05:05.975029,02:05:05.975029,02:05:05.976604,02:05:05.976604,02:05:05.985941,02:05:05.985963,02:05:06.011303,02:05:06.037975,02:05:06.935456,02:05:06.018985,02:05:06.024972,02:05:06.024993,02:05:06.032073,02:05:06.223893,02:05:06.224055,02:05:05.974245
250,safe,02:05:08.714309,02:05:08.714309,02:05:08.714899,02:05:08.714899,02:05:08.716321,02:05:08.716321,02:05:08.717855,02:05:08.717855,02:05:08.727374,02:05:08.727400,02:05:08.742861,02:05:08.764511,02:05:09.658230,02:05:08.748805,02:05:08.754590,02:05:08.754614,02:05:08.760176,02:05:08.965112,02:05:08.965269,02:05:08.715659
250,safe,02:05:11.478330,02:05:11.478330,02:05:11.478831,02:05:11.478831,02:05:11.480128,02:05:11.480128,02:05:11.481598,02:05:11.481598,02:05:11.494711,02:05:11.494736,02:05:11.508894,02:05:11.531645,02:05:12.428562,02:05:11.514851,02:05:11.520992,02:05:11.521015,02:05:11.526916,02:05:11.729141,02:05:11.729299,02:05:11.479580
250,safe,02:05:14.221270,02:05:14.221270,02:05:14.221692,02:05:14.221692,02:05:14.222934,02:05:14.222934,02:05:14.224332,02:05:14.224332,02:05:14.233790,02:05:14.233815,02:05:14.248778,02:05:14.269686,02:05:15.165720,02:05:14.254506,02:05:14.259792,02:05:14.259814,02:05:14.265496,02:05:14.472079,02:05:14.472240,02:05:14.222416
250,safe,02:05:16.938957,02:05:16.938957,02:05:16.939420,02:05:16.939420,02:05:16.940788,02:05:16.940788,02:05:16.942264,02:05:16.942264,02:05:16.953158,02:05:16.953187,02:05:16.968125,02:05:16.990099,02:05:17.886057,02:05:16.974181,02:05:16.979443,02:05:16.979465,02:05:16.985173,02:05:17.189789,02:05:17.189953,02:05:16.940165
250,safe,02:05:19.658220,02:05:19.658220,02:05:19.658650,02:05:19.658650,02:05:19.659993,02:05:19.659993,02:05:19.661722,02:05:19.661722,02:05:19.671669,02:05:19.671698,02:05:19.685885,02:05:19.707950,02:05:20.601618,02:05:19.691929,02:05:19.697749,02:05:19.697766,02:05:19.703601,02:05:19.909119,02:05:19.909307,02:05:19.659395
250,safe,02:05:22.387709,02:05:22.387709,02:05:22.388307,02:05:22.388307,02:05:22.389816,02:05:22.389816,02:05:22.391431,02:05:22.391431,02:05:22.401871,02:05:22.401896,02:05:22.417002,02:05:22.438277,02:05:23.335889,02:05:22.422888,02:05:22.428253,02:05:22.428275,02:05:22.433978,02:05:22.638313,02:05:22.638479,02:05:22.389119
250,safe,02:05:25.116445,02:05:25.116445,02:05:25.117027,02:05:25.117027,02:05:25.118456,02:05:25.118456,02:05:25.119954,02:05:25.119954,02:05:25.129526,02:05:25.129548,02:05:25.143941,02:05:25.165016,02:05:26.059792,02:05:25.149609,02:05:25.154929,02:05:25.154953,02:05:25.160794,02:05:25.367417,02:05:25.367579,02:05:25.117755
250,safe,02:05:27.847520,02:05:27.847520,02:05:27.848160,02:05:27.848160,02:05:27.849554,02:05:27.849554,02:05:27.851085,02:05:27.851085,02:05:27.861302,02:05:27.861325,02:05:27.875286,02:05:27.904612,02:05:28.804257,02:05:27.881967,02:05:27.890129,02:05:27.890164,02:05:27.897631,02:05:28.098257,02:05:28.098424,02:05:27.848977
250,safe,02:05:30.578221,02:05:30.578221,02:05:30.578838,02:05:30.578838,02:05:30.580317,02:05:30.580317,02:05:30.581913,02:05:30.581913,02:05:30.592276,02:05:30.592308,02:05:30.607222,02:05:30.629165,02:05:31.533488,02:05:30.612987,02:05:30.618481,02:05:30.618507,02:05:30.624358,02:05:30.828316,02:05:30.828483,02:05:30.579656
250,safe,02:05:33.301525,02:05:33.301525,02:05:33.301987,02:05:33.301987,02:05:33.303297,02:05:33.303297,02:05:33.305173,02:05:33.305173,02:05:33.315398,02:05:33.315429,02:05:33.330675,02:05:33.353529,02:05:34.248838,02:05:33.337365,02:05:33.343494,02:05:33.343517,02:05:33.349244,02:05:33.552114,02:05:33.552329,02:05:33.302734
250,safe,02:05:36.031886,02:05:36.031886,02:05:36.032514,02:05:36.032514,02:05:36.034051,02:05:36.034051,02:05:36.035561,02:05:36.035561,02:05:36.045121,02:05:36.045152,02:05:36.059166,02:05:36.081263,02:05:36.977704,02:05:36.065206,02:05:36.070863,02:05:36.070885,02:05:36.076426,02:05:36.282496,02:05:36.282697,02:05:36.033385
250,safe,02:05:38.755858,02:05:38.755858,02:05:38.756366,02:05:38.756366,02:05:38.758002,02:05:38.758002,02:05:38.759656,02:05:38.759656,02:05:38.769235,02:05:38.769260,02:05:38.798896,02:05:38.825221,02:05:39.722064,02:05:38.806155,02:05:38.812827,02:05:38.812864,02:05:38.819487,02:05:39.006307,02:05:39.006471,02:05:38.757124
250,safe,02:05:41.551948,02:05:41.551948,02:05:41.552385,02:05:41.552385,02:05:41.553862,02:05:41.553862,02:05:41.555541,02:05:41.555541,02:05:41.565818,02:05:41.565848,02:05:41.581286,02:05:41.602173,02:05:42.498200,02:05:41.587320,02:05:41.592691,02:05:41.592707,02:05:41.598124,02:05:41.802784,02:05:41.802963,02:05:41.553082
250,safe,02:05:44.273556,02:05:44.273556,02:05:44.274087,02:05:44.274087,02:05:44.275381,02:05:44.275381,02:05:44.276884,02:05:44.276884,02:05:44.286432,02:05:44.286456,02:05:44.301505,02:05:44.321957,02:05:45.215557,02:05:44.307305,02:05:44.312651,02:05:44.312673,02:05:44.317931,02:05:44.524263,02:05:44.524429,02:05:44.274846
250,safe,02:05:47.001177,02:05:47.001177,02:05:47.001596,02:05:47.001596,02:05:47.003086,02:05:47.003086,02:05:47.004773,02:05:47.004773,02:05:47.014251,02:05:47.014279,02:05:47.029540,02:05:47.051578,02:05:47.946617,02:05:47.035606,02:05:47.041577,02:05:47.041607,02:05:47.047080,02:05:47.252022,02:05:47.252203,02:05:47.002309
250,safe,02:05:49.723973,02:05:49.723973,02:05:49.724444,02:05:49.724444,02:05:49.726019,02:05:49.726019,02:05:49.727579,02:05:49.727579,02:05:49.737179,02:05:49.737207,02:05:49.752305,02:05:49.773234,02:05:50.668513,02:05:49.758391,02:05:49.763567,02:05:49.763591,02:05:49.769005,02:05:49.974665,02:05:49.974826,02:05:49.725178
250,safe,02:05:52.450369,02:05:52.450369,02:05:52.450849,02:05:52.450849,02:05:52.452388,02:05:52.452388,02:05:52.453914,02:05:52.453914,02:05:52.463999,02:05:52.464027,02:05:52.478898,02:05:52.501543,02:05:53.399261,02:05:52.484863,02:05:52.490779,02:05:52.490806,02:05:52.496753,02:05:52.701266,02:05:52.701478,02:05:52.451552
250,safe,02:05:55.174143,02:05:55.174143,02:05:55.174750,02:05:55.174750,02:05:55.176143,02:05:55.176143,02:05:55.177685,02:05:55.177685,02:05:55.187859,02:05:55.187891,02:05:55.202736,02:05:55.223933,02:05:56.118730,02:05:55.208660,02:05:55.214152,02:05:55.214170,02:05:55.219758,02:05:55.424709,02:05:55.424922,02:05:55.175573
250,safe,02:05:57.888588,02:05:57.888588,02:05:57.888985,02:05:57.888985,02:05:57.890718,02:05:57.890718,02:05:57.892447,02:05:57.892447,02:05:57.902162,02:05:57.902189,02:05:57.917036,02:05:57.937784,02:05:58.839727,02:05:57.922558,02:05:57.927929,02:05:57.927953,02:05:57.933696,02:05:58.140134,02:05:58.140315,02:05:57.889837
250,safe,02:06:00.627721,02:06:00.627721,02:06:00.628350,02:06:00.628350,02:06:00.629735,02:06:00.629735,02:06:00.631406,02:06:00.631406,02:06:00.641441,02:06:00.641465,02:06:00.656109,02:06:00.677115,02:06:01.582518,02:06:00.662103,02:06:00.667671,02:06:00.667691,02:06:00.673061,02:06:00.878354,02:06:00.878519,02:06:00.629188
250,safe,02:06:03.362503,02:06:03.362503,02:06:03.362963,02:06:03.362963,02:06:03.364267,02:06:03.364267,02:06:03.365710,02:06:03.365710,02:06:03.376007,02:06:03.376028,02:06:03.390839,02:06:03.416321,02:06:04.312414,02:06:03.397032,02:06:03.402660,02:06:03.402681,02:06:03.411268,02:06:03.611624,02:06:03.611788,02:06:03.363708
250,safe,02:06:06.091005,02:06:06.091005,02:06:06.091459,02:06:06.091459,02:06:06.093037,02:06:06.093037,02:06:06.094797,02:06:06.094797,02:06:06.104702,02:06:06.104728,02:06:06.119064,02:06:06.143441,02:06:07.039851,02:06:06.124816,02:06:06.129975,02:06:06.129997,02:06:06.138400,02:06:06.341654,02:06:06.341812,02:06:06.092167
250,safe,02:06:08.815542,02:06:08.815542,02:06:08.816113,02:06:08.816113,02:06:08.817523,02:06:08.817523,02:06:08.819053,02:06:08.819053,02:06:08.828560,02:06:08.828582,02:06:08.843615,02:06:08.863370,02:06:09.760567,02:06:08.849249,02:06:08.854182,02:06:08.854202,02:06:08.859395,02:06:09.065958,02:06:09.066118,02:06:08.816878
250,safe,02:06:11.594504,02:06:11.594504,02:06:11.595029,02:06:11.595029,02:06:11.596366,02:06:11.596366,02:06:11.598173,02:06:11.598173,02:06:11.607898,02:06:11.607923,02:06:11.632052,02:06:11.653650,02:06:12.549481,02:06:11.638153,02:06:11.644024,02:06:11.644047,02:06:11.649502,02:06:11.845222,02:06:11.845404,02:06:11.595836
250,safe,02:06:14.336436,02:06:14.336436,02:06:14.336924,02:06:14.336924,02:06:14.338683,02:06:14.338683,02:06:14.340371,02:06:14.340371,02:06:14.352268,02:06:14.352293,02:06:14.367191,02:06:14.389768,02:06:15.283900,02:06:14.373862,02:06:14.379754,02:06:14.379779,02:06:14.385608,02:06:14.587422,02:06:14.587585,02:06:14.337729
250,safe,02:06:17.055991,02:06:17.055991,02:06:17.056468,02:06:17.056468,02:06:17.057807,02:06:17.057807,02:06:17.059605,02:06:17.059605,02:06:17.069185,02:06:17.069207,02:06:17.084154,02:06:17.107220,02:06:18.005975,02:06:17.091020,02:06:17.096951,02:06:17.096975,02:06:17.102705,02:06:17.306821,02:06:17.307045,02:06:17.057211
250,safe,02:06:19.783509,02:06:19.783509,02:06:19.783931,02:06:19.783931,02:06:19.785471,02:06:19.785471,02:06:19.786994,02:06:19.786994,02:06:19.797379,02:06:19.797409,02:06:19.813200,02:06:19.835567,02:06:20.730159,02:06:19.819351,02:06:19.825332,02:06:19.825356,02:06:19.831251,02:06:20.034022,02:06:20.034196,02:06:19.784623
250,safe,02:06:22.515131,02:06:22.515131,02:06:22.515693,02:06:22.515693,02:06:22.517096,02:06:22.517096,02:06:22.518640,02:06:22.518640,02:06:22.528027,02:06:22.528054,02:06:22.542926,02:06:22.564879,02:06:23.465543,02:06:22.549095,02:06:22.554949,02:06:22.554971,02:06:22.560528,02:06:22.765588,02:06:22.765756,02:06:22.516457
250,safe,02:06:25.256123,02:06:25.256123,02:06:25.256602,02:06:25.256602,02:06:25.257941,02:06:25.257941,02:06:25.259526,02:06:25.259526,02:06:25.269100,02:06:25.269140,02:06:25.283827,02:06:25.305680,02:06:26.201343,02:06:25.289975,02:06:25.295455,02:06:25.295479,02:06:25.301223,02:06:25.506890,02:06:25.507075,02:06:25.257394
250,safe,02:06:27.974607,02:06:27.974607,02:06:27.975197,02:06:27.975197,02:06:27.976529,02:06:27.976529,02:06:27.977921,02:06:27.977921,02:06:27.988290,02:06:27.988309,02:06:28.002341,02:06:28.023608,02:06:28.917502,02:06:28.008211,02:06:28.013786,02:06:28.013809,02:06:28.019126,02:06:28.225494,02:06:28.225728,02:06:27.975976
250,safe,02:06:30.697199,02:06:30.697199,02:06:30.697651,02:06:30.697651,02:06:30.699147,02:06:30.699147,02:06:30.700877,02:06:30.700877,02:06:30.710415,02:06:30.710437,02:06:30.725245,02:06:30.747352,02:06:31.651788,02:06:30.731607,02:06:30.737497,02:06:30.737525,02:06:30.743064,02:06:30.947032,02:06:30.947206,02:06:30.698367
250,safe,02:06:33.435396,02:06:33.435396,02:06:33.435910,02:06:33.435910,02:06:33.437224,02:06:33.437224,02:06:33.439006,02:06:33.439006,02:06:33.449116,02:06:33.449144,02:06:33.463807,02:06:33.485339,02:06:34.377267,02:06:33.470027,02:06:33.475478,02:06:33.475498,02:06:33.480785,02:06:33.684688,02:06:33.684853,02:06:33.436691
250,safe,02:06:36.155579,02:06:36.155579,02:06:36.156003,02:06:36.156003,02:06:36.157228,02:06:36.157228,02:06:36.159100,02:06:36.159100,02:06:36.170815,02:06:36.170875,02:06:36.188755,02:06:36.214341,02:06:37.110261,02:06:36.196015,02:06:36.202540,02:06:36.202565,02:06:36.209003,02:06:36.406181,02:06:36.406344,02:06:36.156703
250,safe,02:06:38.885862,02:06:38.885862,02:06:38.886360,02:06:38.886360,02:06:38.887973,02:06:38.887973,02:06:38.889513,02:06:38.889513,02:06:38.899126,02:06:38.899156,02:06:38.913695,02:06:38.934984,02:06:39.837737,02:06:38.919651,02:06:38.925082,02:06:38.925104,02:06:38.930554,02:06:39.136599,02:06:39.136777,02:06:38.887168
250,safe,02:06:41.679637,02:06:41.679637,02:06:41.680063,02:06:41.680063,02:06:41.681335,02:06:41.681335,02:06:41.682886,02:06:41.682886,02:06:41.693408,02:06:41.693434,02:06:41.708788,02:06:41.730559,02:06:42.627944,02:06:41.714848,02:06:41.720619,02:06:41.720638,02:06:41.726264,02:06:41.930411,02:06:41.930574,02:06:41.680780
250,safe,02:06:44.407603,02:06:44.407603,02:06:44.408046,02:06:44.408046,02:06:44.409636,02:06:44.409636,02:06:44.411368,02:06:44.411368,02:06:44.420953,02:06:44.420986,02:06:44.446584,02:06:44.468353,02:06:45.363433,02:06:44.452460,02:06:44.458004,02:06:44.458028,02:06:44.463746,02:06:44.658032,02:06:44.658215,02:06:44.408867
250,safe,02:06:47.151640,02:06:47.151640,02:06:47.152185,02:06:47.152185,02:06:47.153868,02:06:47.153868,02:06:47.155572,02:06:47.155572,02:06:47.165221,02:06:47.165248,02:06:47.180564,02:06:47.202208,02:06:48.096930,02:06:47.186808,02:06:47.192358,02:06:47.192382,02:06:47.197959,02:06:47.402538,02:06:47.402720,02:06:47.152965
250,safe,02:06:49.880393,02:06:49.880393,02:06:49.880852,02:06:49.880852,02:06:49.882201,02:06:49.882201,02:06:49.883686,02:06:49.883686,02:06:49.893561,02:06:49.893589,02:06:49.908523,02:06:49.929855,02:06:50.826037,02:06:49.914484,02:06:49.919763,02:06:49.919785,02:06:49.925571,02:06:50.131372,02:06:50.131552,02:06:49.881623
250,safe,02:06:52.610356,02:06:52.610356,02:06:52.610833,02:06:52.610833,02:06:52.612197,02:06:52.612197,02:06:52.613762,02:06:52.613762,02:06:52.623202,02:06:52.623225,02:06:52.638190,02:06:52.659886,02:06:53.557230,02:06:52.644389,02:06:52.649772,02:06:52.649794,02:06:52.655559,02:06:52.861313,02:06:52.861505,02:06:52.611629
250,safe,02:06:55.344662,02:06:55.344662,02:06:55.345201,02:06:55.345201,02:06:55.346956,02:06:55.346956,02:06:55.348561,02:06:55.348561,02:06:55.358378,02:06:55.358397,02:06:55.372909,02:06:55.393933,02:06:56.290272,02:06:55.378797,02:06:55.384224,02:06:55.384247,02:06:55.389791,02:06:55.595330,02:06:55.595492,02:06:55.346056
250,safe,02:06:58.064833,02:06:58.064833,02:06:58.065403,02:06:58.065403,02:06:58.066694,02:06:58.066694,02:06:58.068140,02:06:58.068140,02:06:58.077590,02:06:58.077612,02:06:58.091887,02:06:58.118929,02:06:59.015954,02:06:58.097611,02:06:58.105929,02:06:58.105959,02:06:58.112304,02:06:58.315645,02:06:58.315846,02:06:58.066159
250,safe,02:07:00.793421,02:07:00.793421,02:07:00.793892,02:07:00.793892,02:07:00.795319,02:07:00.795319,02:07:00.796814,02:07:00.796814,02:07:00.806356,02:07:00.806382,02:07:00.821846,02:07:00.843506,02:07:01.749208,02:07:00.827956,02:07:00.833843,02:07:00.833866,02:07:00.839296,02:07:01.044312,02:07:01.044477,02:07:00.794699
250,safe,02:07:03.520970,02:07:03.520970,02:07:03.521589,02:07:03.521589,02:07:03.522920,02:07:03.522920,02:07:03.524525,02:07:03.524525,02:07:03.534566,02:07:03.534591,02:07:03.548743,02:07:03.569875,02:07:04.464708,02:07:03.554589,02:07:03.560093,02:07:03.560111,02:07:03.565768,02:07:03.769852,02:07:03.770022,02:07:03.522373
250,safe,02:07:06.268662,02:07:06.268662,02:07:06.269259,02:07:06.269259,02:07:06.271010,02:07:06.271010,02:07:06.272850,02:07:06.272850,02:07:06.282579,02:07:06.282606,02:07:06.297771,02:07:06.319875,02:07:07.216422,02:07:06.303538,02:07:06.309801,02:07:06.309830,02:07:06.315462,02:07:06.518993,02:07:06.519185,02:07:06.270147
250,safe,02:07:08.990444,02:07:08.990444,02:07:08.991039,02:07:08.991039,02:07:08.992502,02:07:08.992502,02:07:08.994144,02:07:08.994144,02:07:09.003841,02:07:09.003868,02:07:09.022834,02:07:09.053879,02:07:09.950375,02:07:09.032658,02:07:09.041311,02:07:09.041344,02:07:09.047771,02:07:09.241022,02:07:09.241190,02:07:08.991885
250,safe,02:07:11.780506,02:07:11.780506,02:07:11.781079,02:07:11.781079,02:07:11.782523,02:07:11.782523,02:07:11.784255,02:07:11.784255,02:07:11.793670,02:07:11.793698,02:07:11.808476,02:07:11.829564,02:07:12.726863,02:07:11.814220,02:07:11.819712,02:07:11.819737,02:07:11.825262,02:07:12.031140,02:07:12.031306,02:07:11.781819
250,safe,02:07:14.505439,02:07:14.505439,02:07:14.505853,02:07:14.505853,02:07:14.507225,02:07:14.507225,02:07:14.508823,02:07:14.508823,02:07:14.518340,02:07:14.518362,02:07:14.532750,02:07:14.553591,02:07:15.448236,02:07:14.538668,02:07:14.544022,02:07:14.544042,02:07:14.549431,02:07:14.756283,02:07:14.756445,02:07:14.506632
250,safe,02:07:17.231161,02:07:17.231161,02:07:17.231723,02:07:17.231723,02:07:17.233431,02:07:17.233431,02:07:17.235176,02:07:17.235176,02:07:17.248563,02:07:17.248590,02:07:17.272352,02:07:17.294907,02:07:18.191991,02:07:17.278742,02:07:17.284575,02:07:17.284599,02:07:17.290523,02:07:17.481561,02:07:17.481731,02:07:17.232548
250,safe,02:07:19.971695,02:07:19.971695,02:07:19.972141,02:07:19.972141,02:07:19.973811,02:07:19.973811,02:07:19.975401,02:07:19.975401,02:07:19.984948,02:07:19.984975,02:07:20.000795,02:07:20.023535,02:07:20.917966,02:07:20.006377,02:07:20.012404,02:07:20.012427,02:07:20.018369,02:07:20.222675,02:07:20.222847,02:07:19.972940
250,safe,02:07:22.699321,02:07:22.699321,02:07:22.699859,02:07:22.699859,02:07:22.701515,02:07:22.701515,02:07:22.702986,02:07:22.702986,02:07:22.713394,02:07:22.713416,02:07:22.728348,02:07:22.750601,02:07:23.649158,02:07:22.734901,02:07:22.740672,02:07:22.740693,02:07:22.746461,02:07:22.949850,02:07:22.950031,02:07:22.700656
250,safe,02:07:25.433232,02:07:25.433232,02:07:25.433639,02:07:25.433639,02:07:25.435147,02:07:25.435147,02:07:25.436880,02:07:25.436880,02:07:25.446535,02:07:25.446557,02:07:25.461287,02:07:25.482202,02:07:26.377111,02:07:25.467002,02:07:25.472437,02:07:25.472461,02:07:25.477932,02:07:25.684131,02:07:25.684359,02:07:25.434366
250,safe,02:07:28.166207,02:07:28.166207,02:07:28.166690,02:07:28.166690,02:07:28.168363,02:07:28.168363,02:07:28.170069,02:07:28.170069,02:07:28.180639,02:07:28.180662,02:07:28.195278,02:07:28.216260,02:07:29.110222,02:07:28.201419,02:07:28.206733,02:07:28.206750,02:07:28.212019,02:07:28.416789,02:07:28.416949,02:07:28.167610
250,safe,02:07:30.886054,02:07:30.886054,02:07:30.886622,02:07:30.886622,02:07:30.887972,02:07:30.887972,02:07:30.889666,02:07:30.889666,02:07:30.900157,02:07:30.900185,02:07:30.914826,02:07:30.936673,02:07:31.841429,02:07:30.920867,02:07:30.926200,02:07:30.926222,02:07:30.931577,02:07:31.136245,02:07:31.136437,02:07:30.887395
250,safe,02:07:33.622290,02:07:33.622290,02:07:33.622713,02:07:33.622713,02:07:33.624225,02:07:33.624225,02:07:33.625854,02:07:33.625854,02:07:33.635259,02:07:33.635283,02:07:33.649941,02:07:33.671696,02:07:34.569667,02:07:33.656190,02:07:33.661691,02:07:33.661707,02:07:33.667386,02:07:33.873179,02:07:33.873342,02:07:33.623441
250,safe,02:07:36.343687,02:07:36.343687,02:07:36.344207,02:07:36.344207,02:07:36.345535,02:07:36.345535,02:07:36.347322,02:07:36.347322,02:07:36.356750,02:07:36.356789,02:07:36.371741,02:07:36.392213,02:07:37.287866,02:07:36.377429,02:07:36.382765,02:07:36.382791,02:07:36.388141,02:07:36.594276,02:07:36.594445,02:07:36.345012
250,safe,02:07:39.074723,02:07:39.074723,02:07:39.075142,02:07:39.075142,02:07:39.076596,02:07:39.076596,02:07:39.078042,02:07:39.078042,02:07:39.087626,02:07:39.087654,02:07:39.102128,02:07:39.123780,02:07:40.018282,02:07:39.108301,02:07:39.113800,02:07:39.113822,02:07:39.119429,02:07:39.325291,02:07:39.325468,02:07:39.075858
250,safe,02:07:41.845350,02:07:41.845350,02:07:41.845798,02:07:41.845798,02:07:41.847426,02:07:41.847426,02:07:41.848951,02:07:41.848951,02:07:41.858302,02:07:41.858337,02:07:41.873366,02:07:41.894551,02:07:42.790031,02:07:41.879220,02:07:41.884806,02:07:41.884834,02:07:41.890223,02:07:42.096113,02:07:42.096286,02:07:41.846586
250,safe,02:07:44.576747,02:07:44.576747,02:07:44.577191,02:07:44.577191,02:07:44.578688,02:07:44.578688,02:07:44.580225,02:07:44.580225,02:07:44.589834,02:07:44.589864,02:07:44.604604,02:07:44.626192,02:07:45.524148,02:07:44.610938,02:07:44.616285,02:07:44.616310,02:07:44.621781,02:07:44.827323,02:07:44.827488,02:07:44.577893
300,safe,02:07:47.309634,02:07:47.309634,02:07:47.310056,02:07:47.310056,02:07:47.311502,02:07:47.311502,02:07:47.312925,02:07:47.312925,02:07:47.322630,02:07:47.322653,02:07:47.337029,02:07:47.358324,02:07:48.253148,02:07:47.343064,02:07:47.348827,02:07:47.348851,02:07:47.354091,02:07:47.610112,02:07:47.610286,02:07:47.310872
300,safe,02:07:50.033072,02:07:50.033072,02:07:50.033526,02:07:50.033526,02:07:50.034977,02:07:50.034977,02:07:50.036621,02:07:50.036621,02:07:50.046686,02:07:50.046709,02:07:50.071552,02:07:50.093177,02:07:50.995926,02:07:50.077488,02:07:50.083119,02:07:50.083141,02:07:50.088828,02:07:50.333881,02:07:50.334042,02:07:50.034295
300,safe,02:07:52.778644,02:07:52.778644,02:07:52.779057,02:07:52.779057,02:07:52.780332,02:07:52.780332,02:07:52.782009,02:07:52.782009,02:07:52.791722,02:07:52.791752,02:07:52.807227,02:07:52.828690,02:07:53.724094,02:07:52.813327,02:07:52.818977,02:07:52.818999,02:07:52.824434,02:07:53.079423,02:07:53.079587,02:07:52.779773
300,safe,02:07:55.498618,02:07:55.498618,02:07:55.499086,02:07:55.499086,02:07:55.500503,02:07:55.500503,02:07:55.502053,02:07:55.502053,02:07:55.511502,02:07:55.511530,02:07:55.526895,02:07:55.549752,02:07:56.445425,02:07:55.533697,02:07:55.539693,02:07:55.539724,02:07:55.545351,02:07:55.799485,02:07:55.799645,02:07:55.499971
300,safe,02:07:58.219665,02:07:58.219665,02:07:58.220239,02:07:58.220239,02:07:58.221589,02:07:58.221589,02:07:58.223177,02:07:58.223177,02:07:58.232813,02:07:58.232845,02:07:58.247707,02:07:58.269616,02:07:59.166572,02:07:58.253604,02:07:58.259305,02:07:58.259327,02:07:58.265126,02:07:58.520400,02:07:58.520561,02:07:58.221061
300,safe,02:08:00.944525,02:08:00.944525,02:08:00.944954,02:08:00.944954,02:08:00.946317,02:08:00.946317,02:08:00.947825,02:08:00.947825,02:08:00.958247,02:08:00.958271,02:08:00.973236,02:08:00.994335,02:08:01.896022,02:08:00.978861,02:08:00.984312,02:08:00.984336,02:08:00.990141,02:08:01.245504,02:08:01.245731,02:08:00.945694
300,safe,02:08:03.691979,02:08:03.691979,02:08:03.692439,02:08:03.692439,02:08:03.693943,02:08:03.693943,02:08:03.695477,02:08:03.695477,02:08:03.705780,02:08:03.705803,02:08:03.721009,02:08:03.742294,02:08:04.636921,02:08:03.726994,02:08:03.732710,02:08:03.732727,02:08:03.738086,02:08:03.992531,02:08:03.992704,02:08:03.693287
300,safe,02:08:06.414514,02:08:06.414514,02:08:06.415009,02:08:06.415009,02:08:06.416231,02:08:06.416231,02:08:06.417827,02:08:06.417827,02:08:06.427725,02:08:06.427755,02:08:06.448595,02:08:06.474520,02:08:07.370016,02:08:06.456580,02:08:06.463110,02:08:06.463136,02:08:06.469528,02:08:06.715010,02:08:06.715180,02:08:06.415724
300,safe,02:08:09.146091,02:08:09.146091,02:08:09.146518,02:08:09.146518,02:08:09.148143,02:08:09.148143,02:08:09.149797,02:08:09.149797,02:08:09.159196,02:08:09.159225,02:08:09.174231,02:08:09.195587,02:08:10.091997,02:08:09.179934,02:08:09.185326,02:08:09.185351,02:08:09.191249,02:08:09.446831,02:08:09.447004,02:08:09.147271
300,safe,02:08:11.906048,02:08:11.906048,02:08:11.906583,02:08:11.906583,02:08:11.907900,02:08:11.907900,02:08:11.909399,02:08:11.909399,02:08:11.919451,02:08:11.919480,02:08:11.934923,02:08:11.957301,02:08:12.851986,02:08:11.941156,02:08:11.946783,02:08:11.946802,02:08:11.952459,02:08:12.206774,02:08:12.206926,02:08:11.907372
300,safe,02:08:14.631999,02:08:14.631999,02:08:14.632459,02:08:14.632459,02:08:14.634281,02:08:14.634281,02:08:14.635884,02:08:14.635884,02:08:14.645302,02:08:14.645330,02:08:14.660347,02:08:14.681856,02:08:15.576128,02:08:14.666051,02:08:14.671540,02:08:14.671563,02:08:14.677184,02:08:14.932587,02:08:14.932743,02:08:14.633381
300,safe,02:08:17.359463,02:08:17.359463,02:08:17.360039,02:08:17.360039,02:08:17.361557,02:08:17.361557,02:08:17.363145,02:08:17.363145,02:08:17.374034,02:08:17.374066,02:08:17.388785,02:08:17.410405,02:08:18.304623,02:08:17.394695,02:08:17.400583,02:08:17.400606,02:08:17.406209,02:08:17.660428,02:08:17.660604,02:08:17.360832
300,safe,02:08:20.085663,02:08:20.085663,02:08:20.086087,02:08:20.086087,02:08:20.087600,02:08:20.087600,02:08:20.089271,02:08:20.089271,02:08:20.102272,02:08:20.102302,02:08:20.116565,02:08:20.142763,02:08:21.039180,02:08:20.124907,02:08:20.131902,02:08:20.131935,02:08:20.138292,02:08:20.386527,02:08:20.386685,02:08:20.086823
300,safe,02:08:22.836836,02:08:22.836836,02:08:22.837369,02:08:22.837369,02:08:22.838977,02:08:22.838977,02:08:22.840620,02:08:22.840620,02:08:22.850791,02:08:22.850828,02:08:22.876390,02:08:22.899077,02:08:23.799660,02:08:22.883022,02:08:22.888767,02:08:22.888788,02:08:22.894676,02:08:23.137814,02:08:23.137990,02:08:22.838155
300,safe,02:08:25.580981,02:08:25.580981,02:08:25.581485,02:08:25.581485,02:08:25.582738,02:08:25.582738,02:08:25.584599,02:08:25.584599,02:08:25.594075,02:08:25.594104,02:08:25.610036,02:08:25.632644,02:08:26.528370,02:08:25.616862,02:08:25.622472,02:08:25.622494,02:08:25.628073,02:08:25.881786,02:08:25.881941,02:08:25.582183
300,safe,02:08:28.311849,02:08:28.311849,02:08:28.312324,02:08:28.312324,02:08:28.313846,02:08:28.313846,02:08:28.315517,02:08:28.315517,02:08:28.324904,02:08:28.324928,02:08:28.368434,02:08:28.390116,02:08:29.283964,02:08:28.374657,02:08:28.380358,02:08:28.380375,02:08:28.386068,02:08:28.612322,02:08:28.612486,02:08:28.313055
300,safe,02:08:31.065291,02:08:31.065291,02:08:31.065769,02:08:31.065769,02:08:31.067437,02:08:31.067437,02:08:31.069156,02:08:31.069156,02:08:31.079075,02:08:31.079118,02:08:31.094410,02:08:31.134330,02:08:32.039838,02:08:31.103510,02:08:31.111366,02:08:31.111408,02:08:31.126037,02:08:31.365202,02:08:31.365361,02:08:31.066633
300,safe,02:08:33.828048,02:08:33.828048,02:08:33.828490,02:08:33.828490,02:08:33.830023,02:08:33.830023,02:08:33.831628,02:08:33.831628,02:08:33.841796,02:08:33.841819,02:08:33.856695,02:08:33.878113,02:08:34.773078,02:08:33.862614,02:08:33.868298,02:08:33.868317,02:08:33.874025,02:08:34.128766,02:08:34.128942,02:08:33.829231
300,safe,02:08:36.546679,02:08:36.546679,02:08:36.547173,02:08:36.547173,02:08:36.548410,02:08:36.548410,02:08:36.550157,02:08:36.550157,02:08:36.559481,02:08:36.559506,02:08:36.574443,02:08:36.595469,02:08:37.489698,02:08:36.580187,02:08:36.585673,02:08:36.585698,02:08:36.591268,02:08:36.847590,02:08:36.847803,02:08:36.547898
300,safe,02:08:39.271206,02:08:39.271206,02:08:39.271576,02:08:39.271576,02:08:39.272866,02:08:39.272866,02:08:39.274422,02:08:39.274422,02:08:39.283871,02:08:39.283897,02:08:39.298810,02:08:39.320504,02:08:40.215086,02:08:39.304834,02:08:39.310428,02:08:39.310452,02:08:39.316363,02:08:39.572090,02:08:39.572250,02:08:39.272314
300,safe,02:08:42.001746,02:08:42.001746,02:08:42.002360,02:08:42.002360,02:08:42.003898,02:08:42.003898,02:08:42.005495,02:08:42.005495,02:08:42.015096,02:08:42.015121,02:08:42.032899,02:08:42.059991,02:08:42.956109,02:08:42.040172,02:08:42.048374,02:08:42.048407,02:08:42.054763,02:08:42.302363,02:08:42.302524,02:08:42.003175
300,safe,02:08:44.739298,02:08:44.739298,02:08:44.739797,02:08:44.739797,02:08:44.741362,02:08:44.741362,02:08:44.742985,02:08:44.742985,02:08:44.752411,02:08:44.752434,02:08:44.766918,02:08:44.788044,02:08:45.684221,02:08:44.772740,02:08:44.778065,02:08:44.778081,02:08:44.783564,02:08:45.040152,02:08:45.040338,02:08:44.740515
300,safe,02:08:47.461513,02:08:47.461513,02:08:47.462084,02:08:47.462084,02:08:47.463760,02:08:47.463760,02:08:47.465570,02:08:47.465570,02:08:47.476215,02:08:47.476239,02:08:47.489835,02:08:47.510854,02:08:48.404372,02:08:47.495790,02:08:47.501283,02:08:47.501299,02:08:47.506806,02:08:47.762557,02:08:47.762737,02:08:47.462856
300,safe,02:08:50.190278,02:08:50.190278,02:08:50.190701,02:08:50.190701,02:08:50.191982,02:08:50.191982,02:08:50.193726,02:08:50.193726,02:08:50.203956,02:08:50.203987,02:08:50.218537,02:08:50.239542,02:08:51.136992,02:08:50.224381,02:08:50.229805,02:08:50.229831,02:08:50.235370,02:08:50.491111,02:08:50.491329,02:08:50.191429
300,safe,02:08:52.921299,02:08:52.921299,02:08:52.921835,02:08:52.921835,02:08:52.923340,02:08:52.923340,02:08:52.924978,02:08:52.924978,02:08:52.934839,02:08:52.934873,02:08:52.949354,02:08:52.971937,02:08:53.868368,02:08:52.955271,02:08:52.961230,02:08:52.961256,02:08:52.967504,02:08:53.222153,02:08:53.222318,02:08:52.922599
300,safe,02:08:55.649880,02:08:55.649880,02:08:55.650289,02:08:55.650289,02:08:55.651647,02:08:55.651647,02:08:55.653109,02:08:55.653109,02:08:55.662479,02:08:55.662503,02:08:55.686627,02:08:55.713412,02:08:56.609825,02:08:55.692817,02:08:55.698620,02:08:55.698641,02:08:55.706987,02:08:55.950850,02:08:55.951018,02:08:55.651056
300,safe,02:08:58.388839,02:08:58.388839,02:08:58.389262,02:08:58.389262,02:08:58.390656,02:08:58.390656,02:08:58.392415,02:08:58.392415,02:08:58.402075,02:08:58.402097,02:08:58.418656,02:08:58.439693,02:08:59.335552,02:08:58.424718,02:08:58.430062,02:08:58.430084,02:08:58.435568,02:08:58.689683,02:08:58.689841,02:08:58.390030
300,safe,02:09:01.132410,02:09:01.132410,02:09:01.133148,02:09:01.133148,02:09:01.135021,02:09:01.135021,02:09:01.137086,02:09:01.137086,02:09:01.147639,02:09:01.147773,02:09:01.168428,02:09:01.198048,02:09:02.099336,02:09:01.175561,02:09:01.184256,02:09:01.184291,02:09:01.192352,02:09:01.432911,02:09:01.433091,02:09:01.134239
300,safe,02:09:03.896806,02:09:03.896806,02:09:03.897364,02:09:03.897364,02:09:03.899009,02:09:03.899009,02:09:03.900690,02:09:03.900690,02:09:03.910556,02:09:03.910613,02:09:03.925958,02:09:03.947422,02:09:04.840117,02:09:03.932076,02:09:03.937604,02:09:03.937629,02:09:03.943237,02:09:04.197624,02:09:04.197798,02:09:03.898175
300,safe,02:09:06.631410,02:09:06.631410,02:09:06.631970,02:09:06.631970,02:09:06.633317,02:09:06.633317,02:09:06.634619,02:09:06.634619,02:09:06.644892,02:09:06.644924,02:09:06.659800,02:09:06.680818,02:09:07.574764,02:09:06.665918,02:09:06.671232,02:09:06.671254,02:09:06.676561,02:09:06.932134,02:09:06.932319,02:09:06.632764
300,safe,02:09:09.358717,02:09:09.358717,02:09:09.359146,02:09:09.359146,02:09:09.360527,02:09:09.360527,02:09:09.361936,02:09:09.361936,02:09:09.371404,02:09:09.371433,02:09:09.385520,02:09:09.406430,02:09:10.303718,02:09:09.391136,02:09:09.396065,02:09:09.396082,02:09:09.401635,02:09:09.659432,02:09:09.659622,02:09:09.359943
300,safe,02:09:12.097857,02:09:12.097857,02:09:12.098634,02:09:12.098634,02:09:12.100223,02:09:12.100223,02:09:12.101704,02:09:12.101704,02:09:12.112276,02:09:12.112302,02:09:12.126186,02:09:12.147219,02:09:13.042003,02:09:12.132046,02:09:12.137444,02:09:12.137464,02:09:12.143130,02:09:12.398587,02:09:12.398752,02:09:12.099523
300,safe,02:09:14.824398,02:09:14.824398,02:09:14.824843,02:09:14.824843,02:09:14.826406,02:09:14.826406,02:09:14.827934,02:09:14.827934,02:09:14.838028,02:09:14.838068,02:09:14.852910,02:09:14.875290,02:09:15.770227,02:09:14.858801,02:09:14.864948,02:09:14.864969,02:09:14.870367,02:09:15.125190,02:09:15.125351,02:09:14.825598
300,safe,02:09:17.552927,02:09:17.552927,02:09:17.553524,02:09:17.553524,02:09:17.554985,02:09:17.554985,02:09:17.556640,02:09:17.556640,02:09:17.566006,02:09:17.566059,02:09:17.581086,02:09:17.602077,02:09:18.497511,02:09:17.586987,02:09:17.592567,02:09:17.592592,02:09:17.597923,02:09:17.853751,02:09:17.853954,02:09:17.554304
300,safe,02:09:20.274246,02:09:20.274246,02:09:20.274869,02:09:20.274869,02:09:20.276427,02:09:20.276427,02:09:20.278002,02:09:20.278002,02:09:20.287382,02:09:20.287418,02:09:20.302762,02:09:20.328176,02:09:21.230366,02:09:20.308902,02:09:20.316679,02:09:20.316712,02:09:20.323433,02:09:20.574945,02:09:20.575101,02:09:20.275649
300,safe,02:09:23.015254,02:09:23.015254,02:09:23.015861,02:09:23.015861,02:09:23.017369,02:09:23.017369,02:09:23.018882,02:09:23.018882,02:09:23.031216,02:09:23.031264,02:09:23.046668,02:09:23.068658,02:09:23.967337,02:09:23.052583,02:09:23.058528,02:09:23.058553,02:09:23.064300,02:09:23.315523,02:09:23.315686,02:09:23.016684
300,safe,02:09:25.750677,02:09:25.750677,02:09:25.751141,02:09:25.751141,02:09:25.752409,02:09:25.752409,02:09:25.753777,02:09:25.753777,02:09:25.763257,02:09:25.763298,02:09:25.777243,02:09:25.798993,02:09:26.692893,02:09:25.783235,02:09:25.788782,02:09:25.788807,02:09:25.794798,02:09:26.051237,02:09:26.051400,02:09:25.751855
300,safe,02:09:28.480744,02:09:28.480744,02:09:28.481167,02:09:28.481167,02:09:28.482662,02:09:28.482662,02:09:28.484392,02:09:28.484392,02:09:28.493735,02:09:28.493758,02:09:28.518688,02:09:28.539989,02:09:29.435051,02:09:28.524480,02:09:28.530048,02:09:28.530075,02:09:28.535472,02:09:28.781415,02:09:28.781566,02:09:28.481844
300,safe,02:09:31.214350,02:09:31.214350,02:09:31.215121,02:09:31.215121,02:09:31.217172,02:09:31.217172,02:09:31.219624,02:09:31.219624,02:09:31.230761,02:09:31.230847,02:09:31.255893,02:09:31.288354,02:09:32.190719,02:09:31.264467,02:09:31.271652,02:09:31.271683,02:09:31.280298,02:09:31.514371,02:09:31.514584,02:09:31.216152
300,safe,02:09:33.975159,02:09:33.975159,02:09:33.975687,02:09:33.975687,02:09:33.977136,02:09:33.977136,02:09:33.978822,02:09:33.978822,02:09:33.988205,02:09:33.988229,02:09:34.003937,02:09:34.026118,02:09:34.923370,02:09:34.009986,02:09:34.015844,02:09:34.015873,02:09:34.021654,02:09:34.275904,02:09:34.276081,02:09:33.976407
300,safe,02:09:36.708947,02:09:36.708947,02:09:36.709397,02:09:36.709397,02:09:36.710885,02:09:36.710885,02:09:36.712609,02:09:36.712609,02:09:36.721929,02:09:36.721955,02:09:36.736620,02:09:36.757525,02:09:37.651725,02:09:36.742317,02:09:36.747460,02:09:36.747481,02:09:36.753184,02:09:37.009697,02:09:37.009884,02:09:36.710105
300,safe,02:09:39.436535,02:09:39.436535,02:09:39.437054,02:09:39.437054,02:09:39.438400,02:09:39.438400,02:09:39.440055,02:09:39.440055,02:09:39.449947,02:09:39.449973,02:09:39.465094,02:09:39.486835,02:09:40.382043,02:09:39.471273,02:09:39.476591,02:09:39.476613,02:09:39.482622,02:09:39.737281,02:09:39.737516,02:09:39.437882
300,safe,02:09:42.173736,02:09:42.173736,02:09:42.174127,02:09:42.174127,02:09:42.175465,02:09:42.175465,02:09:42.177150,02:09:42.177150,02:09:42.186669,02:09:42.186697,02:09:42.201698,02:09:42.229160,02:09:43.126349,02:09:42.209460,02:09:42.218302,02:09:42.218333,02:09:42.224675,02:09:42.474296,02:09:42.474464,02:09:42.174879
300,safe,02:09:44.907892,02:09:44.907892,02:09:44.908347,02:09:44.908347,02:09:44.909869,02:09:44.909869,02:09:44.911321,02:09:44.911321,02:09:44.920967,02:09:44.920996,02:09:44.935212,02:09:44.956084,02:09:45.852334,02:09:44.940820,02:09:44.946228,02:09:44.946253,02:09:44.951971,02:09:45.208787,02:09:45.208981,02:09:44.909086
300,safe,02:09:47.635883,02:09:47.635883,02:09:47.636331,02:09:47.636331,02:09:47.637887,02:09:47.637887,02:09:47.639370,02:09:47.639370,02:09:47.649430,02:09:47.649455,02:09:47.664599,02:09:47.685887,02:09:48.581263,02:09:47.670497,02:09:47.676228,02:09:47.676252,02:09:47.681725,02:09:47.936663,02:09:47.936845,02:09:47.637029
300,safe,02:09:50.382195,02:09:50.382195,02:09:50.382669,02:09:50.382669,02:09:50.383990,02:09:50.383990,02:09:50.385373,02:09:50.385373,02:09:50.395045,02:09:50.395070,02:09:50.410012,02:09:50.431665,02:09:51.335801,02:09:50.416162,02:09:50.421692,02:09:50.421708,02:09:50.427304,02:09:50.682742,02:09:50.682901,02:09:50.383472
300,safe,02:09:53.126296,02:09:53.126296,02:09:53.126784,02:09:53.126784,02:09:53.128095,02:09:53.128095,02:09:53.129753,02:09:53.129753,02:09:53.139149,02:09:53.139176,02:09:53.154419,02:09:53.175577,02:09:54.075651,02:09:53.160094,02:09:53.165667,02:09:53.165690,02:09:53.171371,02:09:53.427094,02:09:53.427269,02:09:53.127506
300,safe,02:09:55.859912,02:09:55.859912,02:09:55.860317,02:09:55.860317,02:09:55.861839,02:09:55.861839,02:09:55.863414,02:09:55.863414,02:09:55.873191,02:09:55.873210,02:09:55.887905,02:09:55.908776,02:09:56.803325,02:09:55.893831,02:09:55.899171,02:09:55.899192,02:09:55.904766,02:09:56.160650,02:09:56.160824,02:09:55.861056
300,safe,02:09:58.585174,02:09:58.585174,02:09:58.585646,02:09:58.585646,02:09:58.587164,02:09:58.587164,02:09:58.588776,02:09:58.588776,02:09:58.598208,02:09:58.598239,02:09:58.613576,02:09:58.635540,02:09:59.529551,02:09:58.619545,02:09:58.625325,02:09:58.625342,02:09:58.631156,02:09:58.886025,02:09:58.886200,02:09:58.586379
300,safe,02:10:01.313873,02:10:01.313873,02:10:01.314668,02:10:01.314668,02:10:01.316762,02:10:01.316762,02:10:01.318898,02:10:01.318898,02:10:01.330397,02:10:01.330458,02:10:01.365897,02:10:01.394618,02:10:02.291520,02:10:01.374079,02:10:01.382311,02:10:01.382339,02:10:01.389591,02:10:01.614167,02:10:01.614333,02:10:01.315788
300,safe,02:10:04.085644,02:10:04.085644,02:10:04.086227,02:10:04.086227,02:10:04.087550,02:10:04.087550,02:10:04.089067,02:10:04.089067,02:10:04.099547,02:10:04.099605,02:10:04.122020,02:10:04.149231,02:10:05.046475,02:10:04.130414,02:10:04.136646,02:10:04.136677,02:10:04.144742,02:10:04.386447,02:10:04.386610,02:10:04.087020
300,safe,02:10:06.829140,02:10:06.829140,02:10:06.829584,02:10:06.829584,02:10:06.831227,02:10:06.831227,02:10:06.832830,02:10:06.832830,02:10:06.842245,02:10:06.842268,02:10:06.857141,02:10:06.878629,02:10:07.773518,02:10:06.863037,02:10:06.868651,02:10:06.868669,02:10:06.874466,02:10:07.129810,02:10:07.129982,02:10:06.830313
300,safe,02:10:09.558779,02:10:09.558779,02:10:09.559288,02:10:09.559288,02:10:09.560642,02:10:09.560642,02:10:09.562181,02:10:09.562181,02:10:09.571506,02:10:09.571535,02:10:09.587326,02:10:09.609699,02:10:10.504178,02:10:09.593469,02:10:09.599449,02:10:09.599466,02:10:09.605395,02:10:09.859376,02:10:09.859533,02:10:09.560123
300,safe,02:10:12.307816,02:10:12.307816,02:10:12.308406,02:10:12.308406,02:10:12.309826,02:10:12.309826,02:10:12.311518,02:10:12.311518,02:10:12.321069,02:10:12.321111,02:10:12.336365,02:10:12.358431,02:10:13.253511,02:10:12.342600,02:10:12.348205,02:10:12.348227,02:10:12.354029,02:10:12.608286,02:10:12.608452,02:10:12.309162
300,safe,02:10:15.048254,02:10:15.048254,02:10:15.048686,02:10:15.048686,02:10:15.049975,02:10:15.049975,02:10:15.051708,02:10:15.051708,02:10:15.061528,02:10:15.061550,02:10:15.076097,02:10:15.097387,02:10:15.992197,02:10:15.082056,02:10:15.087282,02:10:15.087298,02:10:15.093028,02:10:15.349051,02:10:15.349229,02:10:15.049413
300,safe,02:10:17.776187,02:10:17.776187,02:10:17.776677,02:10:17.776677,02:10:17.777909,02:10:17.777909,02:10:17.779685,02:10:17.779685,02:10:17.790209,02:10:17.790241,02:10:17.805343,02:10:17.826583,02:10:18.721451,02:10:17.811476,02:10:17.816971,02:10:17.816989,02:10:17.822555,02:10:18.076686,02:10:18.076850,02:10:17.777388
300,safe,02:10:20.509612,02:10:20.509612,02:10:20.510080,02:10:20.510080,02:10:20.511389,02:10:20.511389,02:10:20.513347,02:10:20.513347,02:10:20.522732,02:10:20.522756,02:10:20.537490,02:10:20.558921,02:10:21.463013,02:10:20.543520,02:10:20.549041,02:10:20.549064,02:10:20.554569,02:10:20.810682,02:10:20.810867,02:10:20.510811
300,safe,02:10:23.249678,02:10:23.249678,02:10:23.250185,02:10:23.250185,02:10:23.251512,02:10:23.251512,02:10:23.253034,02:10:23.253034,02:10:23.262618,02:10:23.262662,02:10:23.280048,02:10:23.311072,02:10:24.210959,02:10:23.287143,02:10:23.296464,02:10:23.296498,02:10:23.304893,02:10:23.550277,02:10:23.550438,02:10:23.250961
300,safe,02:10:25.999943,02:10:25.999943,02:10:26.000529,02:10:26.000529,02:10:26.002009,02:10:26.002009,02:10:26.003525,02:10:26.003525,02:10:26.018263,02:10:26.018300,02:10:26.033941,02:10:26.055650,02:10:26.949935,02:10:26.040000,02:10:26.045452,02:10:26.045467,02:10:26.051093,02:10:26.300390,02:10:26.300561,02:10:26.001327
300,safe,02:10:28.742748,02:10:28.742748,02:10:28.743216,02:10:28.743216,02:10:28.744783,02:10:28.744783,02:10:28.746328,02:10:28.746328,02:10:28.755793,02:10:28.755818,02:10:28.770433,02:10:28.792164,02:10:29.686248,02:10:28.776635,02:10:28.782215,02:10:28.782238,02:10:28.787950,02:10:29.043644,02:10:29.043830,02:10:28.743969
300,safe,02:10:31.480164,02:10:31.480164,02:10:31.480695,02:10:31.480695,02:10:31.482125,02:10:31.482125,02:10:31.483891,02:10:31.483891,02:10:31.494485,02:10:31.494516,02:10:31.511982,02:10:31.540833,02:10:32.440848,02:10:31.518749,02:10:31.526067,02:10:31.526107,02:10:31.534913,02:10:31.780101,02:10:31.780273,02:10:31.481470
300,safe,02:10:34.222093,02:10:34.222093,02:10:34.222718,02:10:34.222718,02:10:34.224281,02:10:34.224281,02:10:34.225861,02:10:34.225861,02:10:34.236088,02:10:34.236117,02:10:34.259754,02:10:34.280616,02:10:35.178372,02:10:34.265514,02:10:34.271128,02:10:34.271146,02:10:34.276579,02:10:34.523100,02:10:34.523289,02:10:34.223574
300,safe,02:10:36.959571,02:10:36.959571,02:10:36.960060,02:10:36.960060,02:10:36.961459,02:10:36.961459,02:10:36.962874,02:10:36.962874,02:10:36.972544,02:10:36.972572,02:10:36.988345,02:10:37.010884,02:10:37.905393,02:10:36.994592,02:10:37.000771,02:10:37.000799,02:10:37.006517,02:10:37.260301,02:10:37.260462,02:10:36.960881
300,safe,02:10:39.707541,02:10:39.707541,02:10:39.707993,02:10:39.707993,02:10:39.709365,02:10:39.709365,02:10:39.710913,02:10:39.710913,02:10:39.720387,02:10:39.720412,02:10:39.735396,02:10:39.757220,02:10:40.652864,02:10:39.741484,02:10:39.747049,02:10:39.747071,02:10:39.752731,02:10:40.008369,02:10:40.008547,02:10:39.708730
300,safe,02:10:42.439798,02:10:42.439798,02:10:42.440189,02:10:42.440189,02:10:42.441505,02:10:42.441505,02:10:42.443024,02:10:42.443024,02:10:42.452212,02:10:42.452237,02:10:42.467285,02:10:42.495780,02:10:43.392985,02:10:42.476797,02:10:42.483770,02:10:42.483800,02:10:42.490757,02:10:42.740354,02:10:42.740525,02:10:42.440925
300,safe,02:10:45.185869,02:10:45.185869,02:10:45.186318,02:10:45.186318,02:10:45.187829,02:10:45.187829,02:10:45.189499,02:10:45.189499,02:10:45.199308,02:10:45.199335,02:10:45.213873,02:10:45.235687,02:10:46.129320,02:10:45.219803,02:10:45.225787,02:10:45.225810,02:10:45.231348,02:10:45.486301,02:10:45.486457,02:10:45.187060
300,safe,02:10:47.905245,02:10:47.905245,02:10:47.905827,02:10:47.905827,02:10:47.907275,02:10:47.907275,02:10:47.908724,02:10:47.908724,02:10:47.918143,02:10:47.918170,02:10:47.932729,02:10:47.953998,02:10:48.848578,02:10:47.938505,02:10:47.943933,02:10:47.943956,02:10:47.949613,02:10:48.205889,02:10:48.206051,02:10:47.906626
300,safe,02:10:50.641681,02:10:50.641681,02:10:50.642098,02:10:50.642098,02:10:50.643495,02:10:50.643495,02:10:50.645268,02:10:50.645268,02:10:50.654697,02:10:50.654722,02:10:50.669827,02:10:50.691550,02:10:51.598665,02:10:50.675724,02:10:50.681336,02:10:50.681352,02:10:50.687112,02:10:50.942275,02:10:50.942437,02:10:50.642884
300,safe,02:10:53.375373,02:10:53.375373,02:10:53.375850,02:10:53.375850,02:10:53.377192,02:10:53.377192,02:10:53.378647,02:10:53.378647,02:10:53.388801,02:10:53.388828,02:10:53.403845,02:10:53.429179,02:10:54.328812,02:10:53.410099,02:10:53.415516,02:10:53.415534,02:10:53.422336,02:10:53.675841,02:10:53.675997,02:10:53.376677
300,safe,02:10:56.111148,02:10:56.111148,02:10:56.111573,02:10:56.111573,02:10:56.113170,02:10:56.113170,02:10:56.114742,02:10:56.114742,02:10:56.124331,02:10:56.124361,02:10:56.138709,02:10:56.160097,02:10:57.055913,02:10:56.144565,02:10:56.150073,02:10:56.150090,02:10:56.155861,02:10:56.411746,02:10:56.411906,02:10:56.112293
300,safe,02:10:58.833790,02:10:58.833790,02:10:58.834447,02:10:58.834447,02:10:58.836038,02:10:58.836038,02:10:58.837658,02:10:58.837658,02:10:58.847160,02:10:58.847184,02:10:58.861481,02:10:58.883897,02:10:59.779657,02:10:58.868067,02:10:58.874193,02:10:58.874219,02:10:58.879717,02:10:59.134796,02:10:59.134973,02:10:58.835321
300,safe,02:11:01.577390,02:11:01.577390,02:11:01.577871,02:11:01.577871,02:11:01.579437,02:11:01.579437,02:11:01.580967,02:11:01.580967,02:11:01.590908,02:11:01.590940,02:11:01.605669,02:11:01.628114,02:11:02.523575,02:11:01.611767,02:11:01.617972,02:11:01.617996,02:11:01.623714,02:11:01.878362,02:11:01.878527,02:11:01.578646
300,safe,02:11:04.306367,02:11:04.306367,02:11:04.306847,02:11:04.306847,02:11:04.308436,02:11:04.308436,02:11:04.310244,02:11:04.310244,02:11:04.319902,02:11:04.319934,02:11:04.334314,02:11:04.359899,02:11:05.264670,02:11:04.340234,02:11:04.348373,02:11:04.348405,02:11:04.355122,02:11:04.607211,02:11:04.607374,02:11:04.307582
300,safe,02:11:07.050545,02:11:07.050545,02:11:07.050992,02:11:07.050992,02:11:07.052490,02:11:07.052490,02:11:07.054051,02:11:07.054051,02:11:07.063681,02:11:07.063710,02:11:07.087217,02:11:07.108689,02:11:08.005458,02:11:07.093273,02:11:07.098963,02:11:07.098987,02:11:07.104545,02:11:07.351616,02:11:07.351779,02:11:07.051712
300,safe,02:11:09.796606,02:11:09.796606,02:11:09.797213,02:11:09.797213,02:11:09.798806,02:11:09.798806,02:11:09.800367,02:11:09.800367,02:11:09.809746,02:11:09.809775,02:11:09.825979,02:11:09.847145,02:11:10.741716,02:11:09.831962,02:11:09.837728,02:11:09.837754,02:11:09.843106,02:11:10.097347,02:11:10.097508,02:11:09.798078
300,safe,02:11:12.534324,02:11:12.534324,02:11:12.534914,02:11:12.534914,02:11:12.536579,02:11:12.536579,02:11:12.538072,02:11:12.538072,02:11:12.547512,02:11:12.547536,02:11:12.562170,02:11:12.583624,02:11:13.480243,02:11:12.567962,02:11:12.573773,02:11:12.573797,02:11:12.579247,02:11:12.834943,02:11:12.835117,02:11:12.535810
300,safe,02:11:15.264928,02:11:15.264928,02:11:15.265531,02:11:15.265531,02:11:15.267104,02:11:15.267104,02:11:15.268670,02:11:15.268670,02:11:15.278224,02:11:15.278246,02:11:15.292391,02:11:15.317693,02:11:16.214302,02:11:15.300618,02:11:15.306788,02:11:15.306811,02:11:15.313117,02:11:15.565740,02:11:15.565905,02:11:15.266386
300,safe,02:11:17.998999,02:11:17.998999,02:11:17.999458,02:11:17.999458,02:11:18.001031,02:11:18.001031,02:11:18.002689,02:11:18.002689,02:11:18.012570,02:11:18.012592,02:11:18.027818,02:11:18.049446,02:11:18.944708,02:11:18.033979,02:11:18.039477,02:11:18.039495,02:11:18.045032,02:11:18.299414,02:11:18.299597,02:11:18.000168
300,safe,02:11:20.726529,02:11:20.726529,02:11:20.727043,02:11:20.727043,02:11:20.728735,02:11:20.728735,02:11:20.730321,02:11:20.730321,02:11:20.739606,02:11:20.739629,02:11:20.754306,02:11:20.776284,02:11:21.680482,02:11:20.760763,02:11:20.766455,02:11:20.766471,02:11:20.772072,02:11:21.027069,02:11:21.027231,02:11:20.727811
300,safe,02:11:23.474292,02:11:23.474292,02:11:23.474688,02:11:23.474688,02:11:23.476243,02:11:23.476243,02:11:23.477936,02:11:23.477936,02:11:23.488642,02:11:23.488684,02:11:23.504098,02:11:23.524957,02:11:24.421537,02:11:23.509789,02:11:23.514922,02:11:23.514945,02:11:23.520881,02:11:23.775142,02:11:23.775318,02:11:23.475423
300,safe,02:11:26.205755,02:11:26.205755,02:11:26.206416,02:11:26.206416,02:11:26.208138,02:11:26.208138,02:11:26.210331,02:11:26.210331,02:11:26.220541,02:11:26.220595,02:11:26.239941,02:11:26.264653,02:11:27.162007,02:11:26.248065,02:11:26.254421,02:11:26.254446,02:11:26.260347,02:11:26.506616,02:11:26.506783,02:11:26.207475
300,safe,02:11:28.948264,02:11:28.948264,02:11:28.948833,02:11:28.948833,02:11:28.950304,02:11:28.950304,02:11:28.951808,02:11:28.951808,02:11:28.964710,02:11:28.964740,02:11:28.979619,02:11:29.000938,02:11:29.896863,02:11:28.985586,02:11:28.991194,02:11:28.991219,02:11:28.996579,02:11:29.248986,02:11:29.249182,02:11:28.949634
300,safe,02:11:31.724424,02:11:31.724424,02:11:31.725011,02:11:31.725011,02:11:31.726532,02:11:31.726532,02:11:31.728149,02:11:31.728149,02:11:31.737678,02:11:31.737705,02:11:31.752326,02:11:31.773393,02:11:32.670721,02:11:31.758059,02:11:31.763393,02:11:31.763410,02:11:31.769168,02:11:32.024674,02:11:32.024855,02:11:31.725852
300,safe,02:11:34.467809,02:11:34.467809,02:11:34.468454,02:11:34.468454,02:11:34.469998,02:11:34.469998,02:11:34.471629,02:11:34.471629,02:11:34.481472,02:11:34.481496,02:11:34.495770,02:11:34.516955,02:11:35.413054,02:11:34.501570,02:11:34.507028,02:11:34.507053,02:11:34.512745,02:11:34.768300,02:11:34.768469,02:11:34.469311
300,safe,02:11:37.199200,02:11:37.199200,02:11:37.199598,02:11:37.199598,02:11:37.201124,02:11:37.201124,02:11:37.202554,02:11:37.202554,02:11:37.212371,02:11:37.212399,02:11:37.227938,02:11:37.256560,02:11:38.154062,02:11:37.235452,02:11:37.243818,02:11:37.243847,02:11:37.251889,02:11:37.500262,02:11:37.500424,02:11:37.200346
300,safe,02:11:39.936549,02:11:39.936549,02:11:39.937110,02:11:39.937110,02:11:39.938531,02:11:39.938531,02:11:39.940464,02:11:39.940464,02:11:39.949827,02:11:39.949851,02:11:39.974720,02:11:39.995940,02:11:40.892357,02:11:39.980636,02:11:39.985997,02:11:39.986021,02:11:39.991620,02:11:40.237498,02:11:40.237678,02:11:39.937913
300,safe,02:11:42.689452,02:11:42.689452,02:11:42.690041,02:11:42.690041,02:11:42.691565,02:11:42.691565,02:11:42.693198,02:11:42.693198,02:11:42.702794,02:11:42.702823,02:11:42.718288,02:11:42.740109,02:11:43.636624,02:11:42.724516,02:11:42.729976,02:11:42.730006,02:11:42.735569,02:11:42.990099,02:11:42.990266,02:11:42.690856
300,safe,02:11:45.430698,02:11:45.430698,02:11:45.431178,02:11:45.431178,02:11:45.432753,02:11:45.432753,02:11:45.434327,02:11:45.434327,02:11:45.444007,02:11:45.444034,02:11:45.458443,02:11:45.480165,02:11:46.376183,02:11:45.464608,02:11:45.470092,02:11:45.470115,02:11:45.475940,02:11:45.731461,02:11:45.731637,02:11:45.431924
300,safe,02:11:48.163298,02:11:48.163298,02:11:48.163760,02:11:48.163760,02:11:48.165017,02:11:48.165017,02:11:48.166800,02:11:48.166800,02:11:48.176247,02:11:48.176288,02:11:48.194469,02:11:48.221782,02:11:49.118428,02:11:48.202774,02:11:48.209691,02:11:48.209723,02:11:48.216353,02:11:48.463851,02:11:48.464031,02:11:48.164492
300,safe,02:11:50.908069,02:11:50.908069,02:11:50.908541,02:11:50.908541,02:11:50.909898,02:11:50.909898,02:11:50.911332,02:11:50.911332,02:11:50.920783,02:11:50.920812,02:11:50.935985,02:11:50.958587,02:11:51.861836,02:11:50.942364,02:11:50.948528,02:11:50.948552,02:11:50.954279,02:11:51.208567,02:11:51.208712,02:11:50.909293
300,safe,02:11:53.645555,02:11:53.645555,02:11:53.646136,02:11:53.646136,02:11:53.647452,02:11:53.647452,02:11:53.648836,02:11:53.648836,02:11:53.658453,02:11:53.658489,02:11:53.672882,02:11:53.694915,02:11:54.590223,02:11:53.679183,02:11:53.684652,02:11:53.684670,02:11:53.690303,02:11:53.945987,02:11:53.946185,02:11:53.646915
300,safe,02:11:56.391379,02:11:56.391379,02:11:56.392016,02:11:56.392016,02:11:56.393451,02:11:56.393451,02:11:56.395109,02:11:56.395109,02:11:56.404643,02:11:56.404669,02:11:56.419212,02:11:56.440895,02:11:57.337000,02:11:56.425299,02:11:56.430948,02:11:56.430976,02:11:56.436400,02:11:56.691914,02:11:56.692136,02:11:56.392763
300,safe,02:11:59.124905,02:11:59.124905,02:11:59.125379,02:11:59.125379,02:11:59.127231,02:11:59.127231,02:11:59.129032,02:11:59.129032,02:11:59.139756,02:11:59.139779,02:11:59.155090,02:11:59.179685,02:12:00.078576,02:11:59.161334,02:11:59.166883,02:11:59.166900,02:11:59.173708,02:11:59.425767,02:11:59.425926,02:11:59.126202
300,safe,02:12:01.945895,02:12:01.945895,02:12:01.946292,02:12:01.946292,02:12:01.947570,02:12:01.947570,02:12:01.949365,02:12:01.949365,02:12:01.959066,02:12:01.959093,02:12:01.974003,02:12:01.996107,02:12:02.893140,02:12:01.979826,02:12:01.985780,02:12:01.985804,02:12:01.991598,02:12:02.246413,02:12:02.246588,02:12:01.946995
300,safe,02:12:04.682854,02:12:04.682854,02:12:04.683370,02:12:04.683370,02:12:04.684749,02:12:04.684749,02:12:04.686501,02:12:04.686501,02:12:04.697393,02:12:04.697423,02:12:04.713547,02:12:04.735242,02:12:05.631107,02:12:04.719531,02:12:04.725196,02:12:04.725220,02:12:04.730665,02:12:04.983858,02:12:04.984019,02:12:04.684181
300,safe,02:12:07.426315,02:12:07.426315,02:12:07.426822,02:12:07.426822,02:12:07.428336,02:12:07.428336,02:12:07.429943,02:12:07.429943,02:12:07.439335,02:12:07.439358,02:12:07.453397,02:12:07.474953,02:12:08.369367,02:12:07.459420,02:12:07.464811,02:12:07.464835,02:12:07.470533,02:12:07.726901,02:12:07.727105,02:12:07.427571
300,safe,02:12:10.152728,02:12:10.152728,02:12:10.153224,02:12:10.153224,02:12:10.154832,02:12:10.154832,02:12:10.156376,02:12:10.156376,02:12:10.166956,02:12:10.166986,02:12:10.181417,02:12:10.204188,02:12:11.104070,02:12:10.187374,02:12:10.193410,02:12:10.193433,02:12:10.199662,02:12:10.453545,02:12:10.453706,02:12:10.153966
300,safe,02:12:12.894844,02:12:12.894844,02:12:12.895295,02:12:12.895295,02:12:12.896678,02:12:12.896678,02:12:12.898251,02:12:12.898251,02:12:12.907655,02:12:12.907679,02:12:12.932816,02:12:12.954319,02:12:13.851390,02:12:12.938829,02:12:12.944806,02:12:12.944830,02:12:12.950066,02:12:13.195676,02:12:13.195834,02:12:12.896050
300,safe,02:12:15.642323,02:12:15.642323,02:12:15.642746,02:12:15.642746,02:12:15.644097,02:12:15.644097,02:12:15.645522,02:12:15.645522,02:12:15.655605,02:12:15.655630,02:12:15.671009,02:12:15.692016,02:12:16.588412,02:12:15.676766,02:12:15.682314,02:12:15.682332,02:12:15.687727,02:12:15.942867,02:12:15.943040,02:12:15.643487
300,safe,02:12:18.342977,02:12:18.342977,02:12:18.343402,02:12:18.343402,02:12:18.344714,02:12:18.344714,02:12:18.346194,02:12:18.346194,02:12:18.356116,02:12:18.356141,02:12:18.371482,02:12:18.392181,02:12:19.287196,02:12:18.377465,02:12:18.382753,02:12:18.382774,02:12:18.388115,02:12:18.643955,02:12:18.644149,02:12:18.344201
350,safe,02:12:21.077177,02:12:21.077177,02:12:21.077691,02:12:21.077691,02:12:21.079100,02:12:21.079100,02:12:21.080586,02:12:21.080586,02:12:21.089961,02:12:21.089988,02:12:21.104835,02:12:21.130043,02:12:22.036772,02:12:21.110720,02:12:21.118066,02:12:21.118102,02:12:21.125064,02:12:21.427984,02:12:21.428143,02:12:21.078454
350,safe,02:12:23.828924,02:12:23.828924,02:12:23.829391,02:12:23.829391,02:12:23.831034,02:12:23.831034,02:12:23.832629,02:12:23.832629,02:12:23.842326,02:12:23.842352,02:12:23.857083,02:12:23.878530,02:12:24.780977,02:12:23.862976,02:12:23.868429,02:12:23.868453,02:12:23.874027,02:12:24.180072,02:12:24.180260,02:12:23.830173
350,safe,02:12:26.569423,02:12:26.569423,02:12:26.569882,02:12:26.569882,02:12:26.571442,02:12:26.571442,02:12:26.572952,02:12:26.572952,02:12:26.582783,02:12:26.582812,02:12:26.597219,02:12:26.618853,02:12:27.515167,02:12:26.603316,02:12:26.609136,02:12:26.609161,02:12:26.614498,02:12:26.920404,02:12:26.920579,02:12:26.570663
350,safe,02:12:29.320353,02:12:29.320353,02:12:29.320784,02:12:29.320784,02:12:29.322309,02:12:29.322309,02:12:29.323719,02:12:29.323719,02:12:29.333695,02:12:29.333723,02:12:29.347867,02:12:29.369043,02:12:30.265691,02:12:29.353781,02:12:29.359330,02:12:29.359354,02:12:29.364890,02:12:29.671066,02:12:29.671227,02:12:29.321498
350,safe,02:12:32.083078,02:12:32.083078,02:12:32.083488,02:12:32.083488,02:12:32.085204,02:12:32.085204,02:12:32.087058,02:12:32.087058,02:12:32.100944,02:12:32.101006,02:12:32.122155,02:12:32.149213,02:12:33.045628,02:12:32.131195,02:12:32.137869,02:12:32.137895,02:12:32.144542,02:12:32.433273,02:12:32.433431,02:12:32.084287
350,safe,02:12:34.847917,02:12:34.847917,02:12:34.848364,02:12:34.848364,02:12:34.849853,02:12:34.849853,02:12:34.851468,02:12:34.851468,02:12:34.861314,02:12:34.861346,02:12:34.876476,02:12:34.898403,02:12:35.796377,02:12:34.882429,02:12:34.888185,02:12:34.888207,02:12:34.893641,02:12:35.199002,02:12:35.199176,02:12:34.849183
350,safe,02:12:37.591643,02:12:37.591643,02:12:37.592162,02:12:37.592162,02:12:37.593753,02:12:37.593753,02:12:37.595389,02:12:37.595389,02:12:37.605945,02:12:37.605971,02:12:37.620744,02:12:37.641907,02:12:38.539069,02:12:37.626501,02:12:37.632012,02:12:37.632037,02:12:37.637575,02:12:37.942385,02:12:37.942543,02:12:37.592930
350,safe,02:12:40.333284,02:12:40.333284,02:12:40.333733,02:12:40.333733,02:12:40.335296,02:12:40.335296,02:12:40.336984,02:12:40.336984,02:12:40.346646,02:12:40.346670,02:12:40.361169,02:12:40.381668,02:12:41.279905,02:12:40.366937,02:12:40.372217,02:12:40.372235,02:12:40.377659,02:12:40.683906,02:12:40.684082,02:12:40.334476
350,safe,02:12:43.078467,02:12:43.078467,02:12:43.078902,02:12:43.078902,02:12:43.080327,02:12:43.080327,02:12:43.081855,02:12:43.081855,02:12:43.091983,02:12:43.092006,02:12:43.106955,02:12:43.131159,02:12:44.033347,02:12:43.112871,02:12:43.118307,02:12:43.118330,02:12:43.124218,02:12:43.429411,02:12:43.429570,02:12:43.079709
350,safe,02:12:45.831719,02:12:45.831719,02:12:45.832168,02:12:45.832168,02:12:45.833547,02:12:45.833547,02:12:45.835514,02:12:45.835514,02:12:45.845071,02:12:45.845098,02:12:45.870101,02:12:45.892301,02:12:46.787297,02:12:45.876487,02:12:45.882095,02:12:45.882118,02:12:45.887878,02:12:46.182261,02:12:46.182424,02:12:45.832915
350,safe,02:12:48.578352,02:12:48.578352,02:12:48.578824,02:12:48.578824,02:12:48.580028,02:12:48.580028,02:12:48.581648,02:12:48.581648,02:12:48.591483,02:12:48.591510,02:12:48.606881,02:12:48.627857,02:12:49.522120,02:12:48.612835,02:12:48.618286,02:12:48.618306,02:12:48.623713,02:12:48.929298,02:12:48.929469,02:12:48.579538
350,safe,02:12:51.316875,02:12:51.316875,02:12:51.317348,02:12:51.317348,02:12:51.318965,02:12:51.318965,02:12:51.321105,02:12:51.321105,02:12:51.331693,02:12:51.331751,02:12:51.351646,02:12:51.384898,02:12:52.288046,02:12:51.360656,02:12:51.370442,02:12:51.370480,02:12:51.378762,02:12:51.667675,02:12:51.667838,02:12:51.318328
350,safe,02:12:54.097311,02:12:54.097311,02:12:54.097822,02:12:54.097822,02:12:54.099074,02:12:54.099074,02:12:54.100470,02:12:54.100470,02:12:54.110922,02:12:54.110948,02:12:54.126490,02:12:54.147124,02:12:55.046007,02:12:54.132484,02:12:54.137797,02:12:54.137818,02:12:54.143115,02:12:54.448056,02:12:54.448228,02:12:54.098559
350,safe,02:12:56.838438,02:12:56.838438,02:12:56.839047,02:12:56.839047,02:12:56.840431,02:12:56.840431,02:12:56.842054,02:12:56.842054,02:12:56.851466,02:12:56.851526,02:12:56.866349,02:12:56.887655,02:12:57.786528,02:12:56.872356,02:12:56.877723,02:12:56.877750,02:12:56.883413,02:12:57.188984,02:12:57.189262,02:12:56.839848
350,safe,02:12:59.579593,02:12:59.579593,02:12:59.580075,02:12:59.580075,02:12:59.581659,02:12:59.581659,02:12:59.583310,02:12:59.583310,02:12:59.592808,02:12:59.592834,02:12:59.608108,02:12:59.630777,02:13:00.524921,02:12:59.614565,02:12:59.620157,02:12:59.620180,02:12:59.626174,02:12:59.930272,02:12:59.930497,02:12:59.580830
350,safe,02:13:02.329502,02:13:02.329502,02:13:02.330131,02:13:02.330131,02:13:02.331752,02:13:02.331752,02:13:02.333387,02:13:02.333387,02:13:02.343387,02:13:02.343419,02:13:02.358171,02:13:02.381471,02:13:03.276940,02:13:02.365314,02:13:02.371205,02:13:02.371231,02:13:02.377200,02:13:02.679992,02:13:02.680147,02:13:02.331007
350,safe,02:13:05.072307,02:13:05.072307,02:13:05.072773,02:13:05.072773,02:13:05.074017,02:13:05.074017,02:13:05.075500,02:13:05.075500,02:13:05.084847,02:13:05.084872,02:13:05.099942,02:13:05.121721,02:13:06.018905,02:13:05.106088,02:13:05.112004,02:13:05.112025,02:13:05.117603,02:13:05.423029,02:13:05.423210,02:13:05.073483
350,safe,02:13:07.824392,02:13:07.824392,02:13:07.824855,02:13:07.824855,02:13:07.826098,02:13:07.826098,02:13:07.827925,02:13:07.827925,02:13:07.837578,02:13:07.837601,02:13:07.852591,02:13:07.874076,02:13:08.770429,02:13:07.858603,02:13:07.864435,02:13:07.864463,02:13:07.869845,02:13:08.175306,02:13:08.175484,02:13:07.825567
350,safe,02:13:10.559267,02:13:10.559267,02:13:10.559717,02:13:10.559717,02:13:10.560984,02:13:10.560984,02:13:10.562368,02:13:10.562368,02:13:10.571815,02:13:10.571838,02:13:10.586037,02:13:10.608216,02:13:11.511507,02:13:10.592428,02:13:10.598166,02:13:10.598188,02:13:10.603861,02:13:10.909727,02:13:10.909882,02:13:10.560468
350,safe,02:13:13.314935,02:13:13.314935,02:13:13.315419,02:13:13.315419,02:13:13.316655,02:13:13.316655,02:13:13.318291,02:13:13.318291,02:13:13.328275,02:13:13.328304,02:13:13.343059,02:13:13.364034,02:13:14.260974,02:13:13.348818,02:13:13.354144,02:13:13.354162,02:13:13.359706,02:13:13.665761,02:13:13.665938,02:13:13.316132
350,safe,02:13:16.049654,02:13:16.049654,02:13:16.050050,02:13:16.050050,02:13:16.051646,02:13:16.051646,02:13:16.053192,02:13:16.053192,02:13:16.062497,02:13:16.062520,02:13:16.076386,02:13:16.102380,02:13:16.998929,02:13:16.082175,02:13:16.089270,02:13:16.089315,02:13:16.097412,02:13:16.400216,02:13:16.400386,02:13:16.050815
350,safe,02:13:18.787885,02:13:18.787885,02:13:18.788300,02:13:18.788300,02:13:18.789749,02:13:18.789749,02:13:18.791337,02:13:18.791337,02:13:18.802016,02:13:18.802048,02:13:18.825376,02:13:18.846812,02:13:19.741937,02:13:18.831066,02:13:18.836501,02:13:18.836518,02:13:18.842248,02:13:19.138574,02:13:19.138731,02:13:18.788992
350,safe,02:13:21.535349,02:13:21.535349,02:13:21.535824,02:13:21.535824,02:13:21.537460,02:13:21.537460,02:13:21.539983,02:13:21.539983,02:13:21.550301,02:13:21.550336,02:13:21.567568,02:13:21.589418,02:13:22.484670,02:13:21.573727,02:13:21.579501,02:13:21.579524,02:13:21.585124,02:13:21.886184,02:13:21.886371,02:13:21.536688
350,safe,02:13:24.293408,02:13:24.293408,02:13:24.293830,02:13:24.293830,02:13:24.295208,02:13:24.295208,02:13:24.297165,02:13:24.297165,02:13:24.307435,02:13:24.307455,02:13:24.322444,02:13:24.343660,02:13:25.241172,02:13:24.328346,02:13:24.333733,02:13:24.333757,02:13:24.339434,02:13:24.643964,02:13:24.644134,02:13:24.294656
350,safe,02:13:27.035355,02:13:27.035355,02:13:27.035886,02:13:27.035886,02:13:27.037230,02:13:27.037230,02:13:27.038740,02:13:27.038740,02:13:27.048794,02:13:27.048818,02:13:27.064559,02:13:27.085840,02:13:27.981751,02:13:27.070402,02:13:27.076254,02:13:27.076278,02:13:27.081615,02:13:27.386268,02:13:27.386432,02:13:27.036671
350,safe,02:13:29.773687,02:13:29.773687,02:13:29.774115,02:13:29.774115,02:13:29.775537,02:13:29.775537,02:13:29.777353,02:13:29.777353,02:13:29.786882,02:13:29.786906,02:13:29.801992,02:13:29.823384,02:13:30.719584,02:13:29.808007,02:13:29.813565,02:13:29.813589,02:13:29.819098,02:13:30.124854,02:13:30.125027,02:13:29.774915
350,safe,02:13:32.588273,02:13:32.588273,02:13:32.588879,02:13:32.588879,02:13:32.590311,02:13:32.590311,02:13:32.592115,02:13:32.592115,02:13:32.602091,02:13:32.602126,02:13:32.617194,02:13:32.637864,02:13:33.540317,02:13:32.622949,02:13:32.628264,02:13:32.628285,02:13:32.633629,02:13:32.879949,02:13:32.880129,02:13:32.589702
350,safe,02:13:35.330868,02:13:35.330868,02:13:35.331325,02:13:35.331325,02:13:35.332910,02:13:35.332910,02:13:35.334439,02:13:35.334439,02:13:35.347305,02:13:35.347335,02:13:35.362840,02:13:35.389146,02:13:36.285553,02:13:35.369266,02:13:35.375161,02:13:35.375184,02:13:35.382640,02:13:35.681731,02:13:35.681890,02:13:35.332135
350,safe,02:13:38.075610,02:13:38.075610,02:13:38.076054,02:13:38.076054,02:13:38.077604,02:13:38.077604,02:13:38.079236,02:13:38.079236,02:13:38.088561,02:13:38.088589,02:13:38.103212,02:13:38.125124,02:13:39.019619,02:13:38.109221,02:13:38.115104,02:13:38.115126,02:13:38.120582,02:13:38.426150,02:13:38.426325,02:13:38.076772
350,safe,02:13:40.809526,02:13:40.809526,02:13:40.809980,02:13:40.809980,02:13:40.811369,02:13:40.811369,02:13:40.812991,02:13:40.812991,02:13:40.822596,02:13:40.822633,02:13:40.837667,02:13:40.858433,02:13:41.762942,02:13:40.843587,02:13:40.848822,02:13:40.848846,02:13:40.854214,02:13:41.160245,02:13:41.160404,02:13:40.810725
350,safe,02:13:43.554534,02:13:43.554534,02:13:43.554925,02:13:43.554925,02:13:43.556203,02:13:43.556203,02:13:43.558169,02:13:43.558169,02:13:43.568735,02:13:43.568764,02:13:43.584898,02:13:43.606907,02:13:44.501685,02:13:43.591027,02:13:43.596676,02:13:43.596702,02:13:43.602603,02:13:43.905491,02:13:43.905648,02:13:43.555643
350,safe,02:13:46.291452,02:13:46.291452,02:13:46.292047,02:13:46.292047,02:13:46.293533,02:13:46.293533,02:13:46.295071,02:13:46.295071,02:13:46.304514,02:13:46.304537,02:13:46.319973,02:13:46.341380,02:13:47.239190,02:13:46.325935,02:13:46.331405,02:13:46.331426,02:13:46.336925,02:13:46.641994,02:13:46.642154,02:13:46.292891
350,safe,02:13:49.029757,02:13:49.029757,02:13:49.030224,02:13:49.030224,02:13:49.031925,02:13:49.031925,02:13:49.033692,02:13:49.033692,02:13:49.043071,02:13:49.043094,02:13:49.057396,02:13:49.078400,02:13:49.973916,02:13:49.063342,02:13:49.068839,02:13:49.068856,02:13:49.074269,02:13:49.380474,02:13:49.380646,02:13:49.031039
350,safe,02:13:51.812532,02:13:51.812532,02:13:51.813121,02:13:51.813121,02:13:51.814645,02:13:51.814645,02:13:51.816385,02:13:51.816385,02:13:51.825948,02:13:51.825979,02:13:51.851735,02:13:51.873122,02:13:52.770711,02:13:51.857557,02:13:51.863068,02:13:51.863092,02:13:51.868866,02:13:52.163220,02:13:52.163395,02:13:51.813917
350,safe,02:13:54.566495,02:13:54.566495,02:13:54.566990,02:13:54.566990,02:13:54.568647,02:13:54.568647,02:13:54.570288,02:13:54.570288,02:13:54.579974,02:13:54.580000,02:13:54.597225,02:13:54.626947,02:13:55.525337,02:13:54.605325,02:13:54.613268,02:13:54.613300,02:13:54.620649,02:13:54.917011,02:13:54.917173,02:13:54.567764
350,safe,02:13:57.320649,02:13:57.320649,02:13:57.321091,02:13:57.321091,02:13:57.322462,02:13:57.322462,02:13:57.324195,02:13:57.324195,02:13:57.333981,02:13:57.334009,02:13:57.348702,02:13:57.369478,02:13:58.265720,02:13:57.354381,02:13:57.359719,02:13:57.359748,02:13:57.365164,02:13:57.671387,02:13:57.671548,02:13:57.321806
350,safe,02:14:00.057493,02:14:00.057493,02:14:00.057945,02:14:00.057945,02:14:00.059484,02:14:00.059484,02:14:00.060854,02:14:00.060854,02:14:00.071242,02:14:00.071273,02:14:00.085916,02:14:00.107672,02:14:01.005713,02:14:00.092033,02:14:00.097902,02:14:00.097924,02:14:00.103289,02:14:00.408418,02:14:00.408577,02:14:00.058694
350,safe,02:14:02.809404,02:14:02.809404,02:14:02.809846,02:14:02.809846,02:14:02.811384,02:14:02.811384,02:14:02.813184,02:14:02.813184,02:14:02.822527,02:14:02.822551,02:14:02.838142,02:14:02.859290,02:14:03.756973,02:14:02.844152,02:14:02.849370,02:14:02.849392,02:14:02.854899,02:14:03.159919,02:14:03.160083,02:14:02.810614
350,safe,02:14:05.546165,02:14:05.546165,02:14:05.546655,02:14:05.546655,02:14:05.547970,02:14:05.547970,02:14:05.549471,02:14:05.549471,02:14:05.558796,02:14:05.558821,02:14:05.573719,02:14:05.594973,02:14:06.492934,02:14:05.579506,02:14:05.584951,02:14:05.584973,02:14:05.590683,02:14:05.897227,02:14:05.897388,02:14:05.547378
350,safe,02:14:08.290692,02:14:08.290692,02:14:08.291285,02:14:08.291285,02:14:08.292614,02:14:08.292614,02:14:08.294189,02:14:08.294189,02:14:08.303621,02:14:08.303645,02:14:08.317962,02:14:08.339846,02:14:09.235898,02:14:08.323801,02:14:08.329593,02:14:08.329617,02:14:08.335506,02:14:08.641080,02:14:08.641225,02:14:08.292094
350,safe,02:14:11.034060,02:14:11.034060,02:14:11.034659,02:14:11.034659,02:14:11.036013,02:14:11.036013,02:14:11.037683,02:14:11.037683,02:14:11.047514,02:14:11.047541,02:14:11.062641,02:14:11.083869,02:14:11.992893,02:14:11.068594,02:14:11.074109,02:14:11.074125,02:14:11.079742,02:14:11.384767,02:14:11.384921,02:14:11.035458
350,safe,02:14:13.795094,02:14:13.795094,02:14:13.795556,02:14:13.795556,02:14:13.797009,02:14:13.797009,02:14:13.798699,02:14:13.798699,02:14:13.808124,02:14:13.808163,02:14:13.826186,02:14:13.854163,02:14:14.751009,02:14:13.834745,02:14:13.841977,02:14:13.842001,02:14:13.848448,02:14:14.145977,02:14:14.146178,02:14:13.796271
350,safe,02:14:16.548600,02:14:16.548600,02:14:16.549108,02:14:16.549108,02:14:16.550712,02:14:16.550712,02:14:16.552363,02:14:16.552363,02:14:16.562053,02:14:16.562080,02:14:16.578250,02:14:16.601464,02:14:17.498053,02:14:16.584589,02:14:16.590305,02:14:16.590327,02:14:16.596286,02:14:16.899161,02:14:16.899337,02:14:16.549850
350,safe,02:14:19.291737,02:14:19.291737,02:14:19.292326,02:14:19.292326,02:14:19.293703,02:14:19.293703,02:14:19.295450,02:14:19.295450,02:14:19.305046,02:14:19.305095,02:14:19.319020,02:14:19.340897,02:14:20.236692,02:14:19.324722,02:14:19.330477,02:14:19.330509,02:14:19.336460,02:14:19.642535,02:14:19.642704,02:14:19.293173
350,safe,02:14:22.111926,02:14:22.111926,02:14:22.112390,02:14:22.112390,02:14:22.114010,02:14:22.114010,02:14:22.115736,02:14:22.115736,02:14:22.125332,02:14:22.125355,02:14:22.139736,02:14:22.160814,02:14:23.056543,02:14:22.145699,02:14:22.151160,02:14:22.151181,02:14:22.156641,02:14:22.462653,02:14:22.462802,02:14:22.113180
350,safe,02:14:24.852915,02:14:24.852915,02:14:24.853596,02:14:24.853596,02:14:24.855316,02:14:24.855316,02:14:24.857162,02:14:24.857162,02:14:24.868544,02:14:24.868607,02:14:24.901550,02:14:24.924023,02:14:25.819678,02:14:24.908195,02:14:24.913997,02:14:24.914022,02:14:24.919610,02:14:25.203498,02:14:25.203676,02:14:24.854581
350,safe,02:14:27.628698,02:14:27.628698,02:14:27.629178,02:14:27.629178,02:14:27.630494,02:14:27.630494,02:14:27.632131,02:14:27.632131,02:14:27.642417,02:14:27.642444,02:14:27.657323,02:14:27.679352,02:14:28.575237,02:14:27.663314,02:14:27.669354,02:14:27.669385,02:14:27.675000,02:14:27.979422,02:14:27.979594,02:14:27.629968
350,safe,02:14:30.369417,02:14:30.369417,02:14:30.369999,02:14:30.369999,02:14:30.371353,02:14:30.371353,02:14:30.373020,02:14:30.373020,02:14:30.382536,02:14:30.382556,02:14:30.398172,02:14:30.420003,02:14:31.315010,02:14:30.404361,02:14:30.410134,02:14:30.410158,02:14:30.415587,02:14:30.719945,02:14:30.720106,02:14:30.370793
350,safe,02:14:33.124880,02:14:33.124880,02:14:33.125347,02:14:33.125347,02:14:33.126963,02:14:33.126963,02:14:33.128430,02:14:33.128430,02:14:33.138612,02:14:33.138640,02:14:33.153731,02:14:33.175616,02:14:34.075591,02:14:33.159727,02:14:33.165188,02:14:33.165213,02:14:33.171003,02:14:33.475374,02:14:33.475535,02:14:33.126088
350,safe,02:14:35.864122,02:14:35.864122,02:14:35.864618,02:14:35.864618,02:14:35.866340,02:14:35.866340,02:14:35.867910,02:14:35.867910,02:14:35.878193,02:14:35.878218,02:14:35.893070,02:14:35.914964,02:14:36.810492,02:14:35.899154,02:14:35.904968,02:14:35.904993,02:14:35.910554,02:14:36.214706,02:14:36.214866,02:14:35.865504
350,safe,02:14:38.603402,02:14:38.603402,02:14:38.603957,02:14:38.603957,02:14:38.605641,02:14:38.605641,02:14:38.607123,02:14:38.607123,02:14:38.619200,02:14:38.619231,02:14:38.633920,02:14:38.654978,02:14:39.552404,02:14:38.640235,02:14:38.645771,02:14:38.645794,02:14:38.650921,02:14:38.953901,02:14:38.954066,02:14:38.604762
350,safe,02:14:41.353378,02:14:41.353378,02:14:41.353943,02:14:41.353943,02:14:41.355446,02:14:41.355446,02:14:41.357034,02:14:41.357034,02:14:41.367845,02:14:41.367892,02:14:41.388782,02:14:41.419874,02:14:42.324964,02:14:41.397853,02:14:41.405566,02:14:41.405599,02:14:41.412849,02:14:41.703939,02:14:41.704100,02:14:41.354784
350,safe,02:14:44.135092,02:14:44.135092,02:14:44.135607,02:14:44.135607,02:14:44.137254,02:14:44.137254,02:14:44.138765,02:14:44.138765,02:14:44.149616,02:14:44.149643,02:14:44.164198,02:14:44.186021,02:14:45.085424,02:14:44.170316,02:14:44.176239,02:14:44.176260,02:14:44.181817,02:14:44.486209,02:14:44.486384,02:14:44.136476
350,safe,02:14:46.879375,02:14:46.879375,02:14:46.879973,02:14:46.879973,02:14:46.881393,02:14:46.881393,02:14:46.883112,02:14:46.883112,02:14:46.893552,02:14:46.893580,02:14:46.908198,02:14:46.930122,02:14:47.825139,02:14:46.914276,02:14:46.920072,02:14:46.920097,02:14:46.925862,02:14:47.229858,02:14:47.230029,02:14:46.880788
350,safe,02:14:49.629524,02:14:49.629524,02:14:49.629980,02:14:49.629980,02:14:49.631348,02:14:49.631348,02:14:49.632885,02:14:49.632885,02:14:49.642329,02:14:49.642350,02:14:49.656671,02:14:49.677849,02:14:50.575341,02:14:49.662494,02:14:49.668206,02:14:49.668233,02:14:49.673494,02:14:49.980309,02:14:49.980465,02:14:49.630748
350,safe,02:14:52.376888,02:14:52.376888,02:14:52.377464,02:14:52.377464,02:14:52.378721,02:14:52.378721,02:14:52.380084,02:14:52.380084,02:14:52.390347,02:14:52.390373,02:14:52.405009,02:14:52.433990,02:14:53.333645,02:14:52.414020,02:14:52.421527,02:14:52.421568,02:14:52.428825,02:14:52.727366,02:14:52.727539,02:14:52.378190
350,safe,02:14:55.125895,02:14:55.125895,02:14:55.126494,02:14:55.126494,02:14:55.127930,02:14:55.127930,02:14:55.129711,02:14:55.129711,02:14:55.140088,02:14:55.140115,02:14:55.155153,02:14:55.176928,02:14:56.073176,02:14:55.161219,02:14:55.166972,02:14:55.166997,02:14:55.172651,02:14:55.476563,02:14:55.476757,02:14:55.127342
350,safe,02:14:57.864232,02:14:57.864232,02:14:57.864657,02:14:57.864657,02:14:57.866258,02:14:57.866258,02:14:57.868004,02:14:57.868004,02:14:57.878077,02:14:57.878101,02:14:57.903535,02:14:57.924814,02:14:58.819311,02:14:57.909540,02:14:57.915046,02:14:57.915071,02:14:57.920462,02:14:58.215495,02:14:58.215662,02:14:57.865449
350,safe,02:15:00.625546,02:15:00.625546,02:15:00.625981,02:15:00.625981,02:15:00.627609,02:15:00.627609,02:15:00.629252,02:15:00.629252,02:15:00.638981,02:15:00.639009,02:15:00.654528,02:15:00.676400,02:15:01.580839,02:15:00.660637,02:15:00.666589,02:15:00.666606,02:15:00.672205,02:15:00.976244,02:15:00.976400,02:15:00.626694
350,safe,02:15:03.371605,02:15:03.371605,02:15:03.372232,02:15:03.372232,02:15:03.373705,02:15:03.373705,02:15:03.375383,02:15:03.375383,02:15:03.384790,02:15:03.384819,02:15:03.400709,02:15:03.423789,02:15:04.321366,02:15:03.406636,02:15:03.411915,02:15:03.411936,02:15:03.417277,02:15:03.720748,02:15:03.720910,02:15:03.373032
350,safe,02:15:06.118289,02:15:06.118289,02:15:06.118767,02:15:06.118767,02:15:06.120271,02:15:06.120271,02:15:06.121976,02:15:06.121976,02:15:06.132182,02:15:06.132209,02:15:06.146664,02:15:06.167884,02:15:07.065256,02:15:06.152626,02:15:06.158320,02:15:06.158344,02:15:06.163699,02:15:06.468904,02:15:06.469071,02:15:06.119487
350,safe,02:15:08.856673,02:15:08.856673,02:15:08.857192,02:15:08.857192,02:15:08.858560,02:15:08.858560,02:15:08.860338,02:15:08.860338,02:15:08.869823,02:15:08.869848,02:15:08.884431,02:15:08.904733,02:15:09.799684,02:15:08.890155,02:15:08.895591,02:15:08.895612,02:15:08.900680,02:15:09.207387,02:15:09.207560,02:15:08.857922
350,safe,02:15:11.598087,02:15:11.598087,02:15:11.598742,02:15:11.598742,02:15:11.600429,02:15:11.600429,02:15:11.601958,02:15:11.601958,02:15:11.611555,02:15:11.611592,02:15:11.629301,02:15:11.654556,02:15:12.550307,02:15:11.635976,02:15:11.643396,02:15:11.643422,02:15:11.649601,02:15:11.948661,02:15:11.948821,02:15:11.599688
350,safe,02:15:14.371209,02:15:14.371209,02:15:14.371649,02:15:14.371649,02:15:14.373115,02:15:14.373115,02:15:14.374785,02:15:14.374785,02:15:14.385065,02:15:14.385118,02:15:14.403296,02:15:14.427708,02:15:15.324133,02:15:14.410140,02:15:14.416456,02:15:14.416489,02:15:14.423258,02:15:14.721778,02:15:14.721957,02:15:14.372367
350,safe,02:15:17.122066,02:15:17.122066,02:15:17.122577,02:15:17.122577,02:15:17.123828,02:15:17.123828,02:15:17.125719,02:15:17.125719,02:15:17.135224,02:15:17.135252,02:15:17.149958,02:15:17.171618,02:15:18.067071,02:15:17.155803,02:15:17.161261,02:15:17.161285,02:15:17.167253,02:15:17.472812,02:15:17.472974,02:15:17.123288
350,safe,02:15:19.862819,02:15:19.862819,02:15:19.863240,02:15:19.863240,02:15:19.864713,02:15:19.864713,02:15:19.866412,02:15:19.866412,02:15:19.875982,02:15:19.876007,02:15:19.891091,02:15:19.912156,02:15:20.806730,02:15:19.896978,02:15:19.902603,02:15:19.902620,02:15:19.907999,02:15:20.213645,02:15:20.213817,02:15:19.864045
350,safe,02:15:22.629549,02:15:22.629549,02:15:22.630008,02:15:22.630008,02:15:22.631389,02:15:22.631389,02:15:22.632878,02:15:22.632878,02:15:22.642361,02:15:22.642382,02:15:22.657088,02:15:22.678155,02:15:23.575192,02:15:22.663112,02:15:22.668356,02:15:22.668377,02:15:22.673834,02:15:22.980184,02:15:22.980394,02:15:22.630840
350,safe,02:15:25.370736,02:15:25.370736,02:15:25.371280,02:15:25.371280,02:15:25.372759,02:15:25.372759,02:15:25.374252,02:15:25.374252,02:15:25.383683,02:15:25.383713,02:15:25.399186,02:15:25.422539,02:15:26.323935,02:15:25.405530,02:15:25.411191,02:15:25.411214,02:15:25.417206,02:15:25.721312,02:15:25.721470,02:15:25.372046
350,safe,02:15:28.121008,02:15:28.121008,02:15:28.121432,02:15:28.121432,02:15:28.122682,02:15:28.122682,02:15:28.124052,02:15:28.124052,02:15:28.133355,02:15:28.133380,02:15:28.147886,02:15:28.169223,02:15:29.066138,02:15:28.153748,02:15:28.159289,02:15:28.159314,02:15:28.164995,02:15:28.471518,02:15:28.471679,02:15:28.122150
350,safe,02:15:30.860863,02:15:30.860863,02:15:30.861299,02:15:30.861299,02:15:30.862802,02:15:30.862802,02:15:30.864484,02:15:30.864484,02:15:30.873934,02:15:30.873959,02:15:30.899220,02:15:30.920579,02:15:31.825871,02:15:30.905272,02:15:30.910917,02:15:30.910934,02:15:30.916436,02:15:31.211758,02:15:31.211938,02:15:30.862038
350,safe,02:15:33.628352,02:15:33.628352,02:15:33.628881,02:15:33.628881,02:15:33.630569,02:15:33.630569,02:15:33.632352,02:15:33.632352,02:15:33.646304,02:15:33.646333,02:15:33.663483,02:15:33.685075,02:15:34.580188,02:15:33.669791,02:15:33.675195,02:15:33.675219,02:15:33.680702,02:15:33.979408,02:15:33.979572,02:15:33.629751
350,safe,02:15:36.374287,02:15:36.374287,02:15:36.374700,02:15:36.374700,02:15:36.376028,02:15:36.376028,02:15:36.377874,02:15:36.377874,02:15:36.388524,02:15:36.388551,02:15:36.403500,02:15:36.429033,02:15:37.326694,02:15:36.409441,02:15:36.415749,02:15:36.415782,02:15:36.422674,02:15:36.725054,02:15:36.725211,02:15:36.375463
350,safe,02:15:39.114437,02:15:39.114437,02:15:39.114850,02:15:39.114850,02:15:39.116149,02:15:39.116149,02:15:39.117690,02:15:39.117690,02:15:39.127689,02:15:39.127726,02:15:39.143532,02:15:39.165230,02:15:40.062959,02:15:39.149403,02:15:39.155135,02:15:39.155161,02:15:39.160927,02:15:39.465123,02:15:39.465318,02:15:39.115568
350,safe,02:15:41.900172,02:15:41.900172,02:15:41.900766,02:15:41.900766,02:15:41.902211,02:15:41.902211,02:15:41.903648,02:15:41.903648,02:15:41.915353,02:15:41.915371,02:15:41.930656,02:15:41.951862,02:15:42.849630,02:15:41.936572,02:15:41.942106,02:15:41.942132,02:15:41.947437,02:15:42.250762,02:15:42.250936,02:15:41.901663
350,safe,02:15:44.650562,02:15:44.650562,02:15:44.650980,02:15:44.650980,02:15:44.652223,02:15:44.652223,02:15:44.653556,02:15:44.653556,02:15:44.664962,02:15:44.665014,02:15:44.680370,02:15:44.702624,02:15:45.600232,02:15:44.686519,02:15:44.692469,02:15:44.692492,02:15:44.698262,02:15:45.001529,02:15:45.001704,02:15:44.651692
350,safe,02:15:47.400446,02:15:47.400446,02:15:47.400922,02:15:47.400922,02:15:47.402603,02:15:47.402603,02:15:47.404133,02:15:47.404133,02:15:47.413638,02:15:47.413659,02:15:47.428268,02:15:47.456372,02:15:48.352663,02:15:47.436436,02:15:47.443155,02:15:47.443186,02:15:47.449915,02:15:47.751178,02:15:47.751379,02:15:47.401752
350,safe,02:15:50.153502,02:15:50.153502,02:15:50.153901,02:15:50.153901,02:15:50.155366,02:15:50.155366,02:15:50.157038,02:15:50.157038,02:15:50.166942,02:15:50.166966,02:15:50.182061,02:15:50.203522,02:15:51.102380,02:15:50.188071,02:15:50.193995,02:15:50.194018,02:15:50.199504,02:15:50.504087,02:15:50.504266,02:15:50.154602
350,safe,02:15:52.903753,02:15:52.903753,02:15:52.904420,02:15:52.904420,02:15:52.905812,02:15:52.905812,02:15:52.907139,02:15:52.907139,02:15:52.916585,02:15:52.916606,02:15:52.931858,02:15:52.953142,02:15:53.850252,02:15:52.937699,02:15:52.943513,02:15:52.943537,02:15:52.948858,02:15:53.254381,02:15:53.254539,02:15:52.905278
350,safe,02:15:55.654022,02:15:55.654022,02:15:55.654485,02:15:55.654485,02:15:55.655766,02:15:55.655766,02:15:55.657212,02:15:55.657212,02:15:55.667167,02:15:55.667194,02:15:55.682615,02:15:55.704869,02:15:56.601602,02:15:55.688874,02:15:55.694528,02:15:55.694552,02:15:55.700577,02:15:56.004962,02:15:56.005175,02:15:55.655202
350,safe,02:15:58.396593,02:15:58.396593,02:15:58.397080,02:15:58.397080,02:15:58.398738,02:15:58.398738,02:15:58.400299,02:15:58.400299,02:15:58.409720,02:15:58.409752,02:15:58.424354,02:15:58.444943,02:15:59.341910,02:15:58.429909,02:15:58.435250,02:15:58.435273,02:15:58.440725,02:15:58.747202,02:15:58.747393,02:15:58.397858
350,safe,02:16:01.137439,02:16:01.137439,02:16:01.137857,02:16:01.137857,02:16:01.139465,02:16:01.139465,02:16:01.141086,02:16:01.141086,02:16:01.150492,02:16:01.150514,02:16:01.164441,02:16:01.185177,02:16:02.090709,02:16:01.170300,02:16:01.175660,02:16:01.175677,02:16:01.180981,02:16:01.488244,02:16:01.488446,02:16:01.138659
350,safe,02:16:03.886503,02:16:03.886503,02:16:03.887015,02:16:03.887015,02:16:03.888305,02:16:03.888305,02:16:03.890099,02:16:03.890099,02:16:03.899665,02:16:03.899695,02:16:03.923621,02:16:03.944712,02:16:04.840762,02:16:03.929761,02:16:03.935220,02:16:03.935237,02:16:03.940593,02:16:04.237461,02:16:04.237628,02:16:03.887797
350,safe,02:16:06.640937,02:16:06.640937,02:16:06.641492,02:16:06.641492,02:16:06.642890,02:16:06.642890,02:16:06.644394,02:16:06.644394,02:16:06.653851,02:16:06.653875,02:16:06.669207,02:16:06.690338,02:16:07.587351,02:16:06.674888,02:16:06.680131,02:16:06.680156,02:16:06.685974,02:16:06.991632,02:16:06.991813,02:16:06.642254
350,safe,02:16:09.383766,02:16:09.383766,02:16:09.384251,02:16:09.384251,02:16:09.385524,02:16:09.385524,02:16:09.386961,02:16:09.386961,02:16:09.397493,02:16:09.397522,02:16:09.412388,02:16:09.433118,02:16:10.329803,02:16:09.418274,02:16:09.423541,02:16:09.423563,02:16:09.429044,02:16:09.734427,02:16:09.734586,02:16:09.385004
350,safe,02:16:12.190877,02:16:12.190877,02:16:12.191319,02:16:12.191319,02:16:12.192630,02:16:12.192630,02:16:12.194412,02:16:12.194412,02:16:12.204098,02:16:12.204124,02:16:12.218397,02:16:12.239876,02:16:13.137382,02:16:12.224179,02:16:12.229910,02:16:12.229929,02:16:12.235603,02:16:12.541346,02:16:12.541495,02:16:12.192040
350,safe,02:16:14.950188,02:16:14.950188,02:16:14.950636,02:16:14.950636,02:16:14.952280,02:16:14.952280,02:16:14.953824,02:16:14.953824,02:16:14.963339,02:16:14.963369,02:16:14.977739,02:16:14.998873,02:16:15.895759,02:16:14.983518,02:16:14.988829,02:16:14.988853,02:16:14.994586,02:16:15.301174,02:16:15.301349,02:16:14.951402
350,safe,02:16:17.705989,02:16:17.705989,02:16:17.706450,02:16:17.706450,02:16:17.707753,02:16:17.707753,02:16:17.709191,02:16:17.709191,02:16:17.718628,02:16:17.718651,02:16:17.733356,02:16:17.754674,02:16:18.652549,02:16:17.739088,02:16:17.744714,02:16:17.744733,02:16:17.750248,02:16:18.056996,02:16:18.057159,02:16:17.707226
350,safe,02:16:20.400830,02:16:20.400830,02:16:20.401313,02:16:20.401313,02:16:20.402914,02:16:20.402914,02:16:20.404356,02:16:20.404356,02:16:20.416801,02:16:20.416834,02:16:20.436606,02:16:20.465955,02:16:21.361919,02:16:20.445561,02:16:20.454281,02:16:20.454308,02:16:20.460388,02:16:20.751556,02:16:20.751724,02:16:20.402125
350,safe,02:16:23.545177,02:16:23.545177,02:16:23.545948,02:16:23.545948,02:16:23.548247,02:16:23.548247,02:16:23.550055,02:16:23.550055,02:16:23.565551,02:16:23.565600,02:16:23.581364,02:16:23.603917,02:16:24.501848,02:16:23.587644,02:16:23.593497,02:16:23.593520,02:16:23.599448,02:16:23.895681,02:16:23.895853,02:16:23.547342
350,safe,02:16:26.297657,02:16:26.297657,02:16:26.298106,02:16:26.298106,02:16:26.299387,02:16:26.299387,02:16:26.301166,02:16:26.301166,02:16:26.311320,02:16:26.311343,02:16:26.325777,02:16:26.346375,02:16:27.241663,02:16:26.331423,02:16:26.336550,02:16:26.336568,02:16:26.341811,02:16:26.648237,02:16:26.648391,02:16:26.298864
350,safe,02:16:29.020501,02:16:29.020501,02:16:29.020884,02:16:29.020884,02:16:29.022103,02:16:29.022103,02:16:29.023655,02:16:29.023655,02:16:29.033698,02:16:29.033723,02:16:29.047673,02:16:29.069009,02:16:29.950933,02:16:29.053808,02:16:29.059442,02:16:29.059464,02:16:29.064741,02:16:29.371189,02:16:29.371353,02:16:29.021567
350,safe,02:16:31.715336,02:16:31.715336,02:16:31.715868,02:16:31.715868,02:16:31.717174,02:16:31.717174,02:16:31.718607,02:16:31.718607,02:16:31.728209,02:16:31.728242,02:16:31.742484,02:16:31.768883,02:16:32.653116,02:16:31.748294,02:16:31.755725,02:16:31.755756,02:16:31.763935,02:16:32.066015,02:16:32.066176,02:16:31.716638
350,safe,02:16:34.430822,02:16:34.430822,02:16:34.431205,02:16:34.431205,02:16:34.432415,02:16:34.432415,02:16:34.433944,02:16:34.433944,02:16:34.443195,02:16:34.443220,02:16:34.457609,02:16:34.478313,02:16:35.362403,02:16:34.463358,02:16:34.468751,02:16:34.468775,02:16:34.474261,02:16:34.781826,02:16:34.781990,02:16:34.431876
350,safe,02:16:37.136043,02:16:37.136043,02:16:37.136543,02:16:37.136543,02:16:37.138272,02:16:37.138272,02:16:37.140114,02:16:37.140114,02:16:37.149814,02:16:37.149841,02:16:37.176983,02:16:37.197981,02:16:38.078381,02:16:37.183065,02:16:37.188086,02:16:37.188108,02:16:37.193803,02:16:37.486798,02:16:37.486985,02:16:37.137257
350,safe,02:16:39.852306,02:16:39.852306,02:16:39.852702,02:16:39.852702,02:16:39.854200,02:16:39.854200,02:16:39.855758,02:16:39.855758,02:16:39.865193,02:16:39.865225,02:16:39.880815,02:16:39.902454,02:16:40.783477,02:16:39.886816,02:16:39.892410,02:16:39.892431,02:16:39.898099,02:16:40.203216,02:16:40.203412,02:16:39.853361
350,safe,02:16:42.575655,02:16:42.575655,02:16:42.576127,02:16:42.576127,02:16:42.577351,02:16:42.577351,02:16:42.578728,02:16:42.578728,02:16:42.588137,02:16:42.588158,02:16:42.602655,02:16:42.623072,02:16:43.507157,02:16:42.608460,02:16:42.613634,02:16:42.613657,02:16:42.619043,02:16:42.926414,02:16:42.926590,02:16:42.576824
350,safe,02:16:45.282304,02:16:45.282304,02:16:45.282893,02:16:45.282893,02:16:45.284205,02:16:45.284205,02:16:45.286037,02:16:45.286037,02:16:45.297875,02:16:45.297905,02:16:45.313121,02:16:45.334124,02:16:46.214926,02:16:45.319031,02:16:45.324178,02:16:45.324201,02:16:45.329820,02:16:45.632911,02:16:45.633067,02:16:45.283668
350,safe,02:16:47.988825,02:16:47.988825,02:16:47.989219,02:16:47.989219,02:16:47.990794,02:16:47.990794,02:16:47.992332,02:16:47.992332,02:16:48.001777,02:16:48.001799,02:16:48.016649,02:16:48.037243,02:16:48.916902,02:16:48.022231,02:16:48.027658,02:16:48.027686,02:16:48.033264,02:16:48.339659,02:16:48.339816,02:16:47.989925
350,safe,02:16:50.697027,02:16:50.697027,02:16:50.697592,02:16:50.697592,02:16:50.698948,02:16:50.698948,02:16:50.700437,02:16:50.700437,02:16:50.709866,02:16:50.709890,02:16:50.724030,02:16:50.745368,02:16:51.637192,02:16:50.729784,02:16:50.735434,02:16:50.735457,02:16:50.741099,02:16:51.047673,02:16:51.047851,02:16:50.698356
350,safe,02:16:53.406523,02:16:53.406523,02:16:53.407050,02:16:53.407050,02:16:53.408272,02:16:53.408272,02:16:53.409871,02:16:53.409871,02:16:53.419319,02:16:53.419340,02:16:53.434576,02:16:53.456675,02:16:54.340921,02:16:53.440305,02:16:53.445937,02:16:53.445954,02:16:53.451244,02:16:53.757808,02:16:53.757975,02:16:53.407777
400,safe,02:16:56.105939,02:16:56.105939,02:16:56.106395,02:16:56.106395,02:16:56.107896,02:16:56.107896,02:16:56.109497,02:16:56.109497,02:16:56.118717,02:16:56.118738,02:16:56.132948,02:16:56.154414,02:16:57.036183,02:16:56.139340,02:16:56.144792,02:16:56.144814,02:16:56.150334,02:16:56.506892,02:16:56.507393,02:16:56.107137
400,safe,02:16:58.810872,02:16:58.810872,02:16:58.811268,02:16:58.811268,02:16:58.812546,02:16:58.812546,02:16:58.814185,02:16:58.814185,02:16:58.823461,02:16:58.823483,02:16:58.837785,02:16:58.858082,02:16:59.748012,02:16:58.843401,02:16:58.848676,02:16:58.848694,02:16:58.853760,02:16:59.211643,02:16:59.211819,02:16:58.811972
400,safe,02:17:01.524552,02:17:01.524552,02:17:01.525195,02:17:01.525195,02:17:01.527036,02:17:01.527036,02:17:01.528984,02:17:01.528984,02:17:01.538995,02:17:01.539043,02:17:01.561322,02:17:01.594810,02:17:02.479462,02:17:01.570616,02:17:01.579787,02:17:01.579822,02:17:01.589303,02:17:01.925050,02:17:01.925230,02:17:01.526256
400,safe,02:17:04.256863,02:17:04.256863,02:17:04.257450,02:17:04.257450,02:17:04.259042,02:17:04.259042,02:17:04.261330,02:17:04.261330,02:17:04.271850,02:17:04.271909,02:17:04.292086,02:17:04.314168,02:17:05.194560,02:17:04.298723,02:17:04.304469,02:17:04.304491,02:17:04.309975,02:17:04.657811,02:17:04.657982,02:17:04.258317
400,safe,02:17:06.961168,02:17:06.961168,02:17:06.961575,02:17:06.961575,02:17:06.963007,02:17:06.963007,02:17:06.964586,02:17:06.964586,02:17:06.974061,02:17:06.974083,02:17:06.987956,02:17:07.009502,02:17:07.892883,02:17:06.993954,02:17:06.999527,02:17:06.999555,02:17:07.005388,02:17:07.361777,02:17:07.361987,02:17:06.962221
400,safe,02:17:09.664201,02:17:09.664201,02:17:09.664699,02:17:09.664699,02:17:09.666053,02:17:09.666053,02:17:09.667656,02:17:09.667656,02:17:09.677010,02:17:09.677031,02:17:09.703244,02:17:09.724374,02:17:10.606139,02:17:09.709146,02:17:09.714787,02:17:09.714808,02:17:09.720337,02:17:10.064709,02:17:10.064892,02:17:09.665483
400,safe,02:17:12.403040,02:17:12.403040,02:17:12.403641,02:17:12.403641,02:17:12.405212,02:17:12.405212,02:17:12.406581,02:17:12.406581,02:17:12.415929,02:17:12.415950,02:17:12.431017,02:17:12.451552,02:17:13.333062,02:17:12.436847,02:17:12.442093,02:17:12.442117,02:17:12.447268,02:17:12.804029,02:17:12.804193,02:17:12.404328
400,safe,02:17:15.106958,02:17:15.106958,02:17:15.107455,02:17:15.107455,02:17:15.109095,02:17:15.109095,02:17:15.110567,02:17:15.110567,02:17:15.120150,02:17:15.120173,02:17:15.138026,02:17:15.166385,02:17:16.050812,02:17:15.145627,02:17:15.154272,02:17:15.154299,02:17:15.160851,02:17:15.507882,02:17:15.508073,02:17:15.108499
400,safe,02:17:17.822791,02:17:17.822791,02:17:17.823297,02:17:17.823297,02:17:17.824503,02:17:17.824503,02:17:17.826364,02:17:17.826364,02:17:17.835607,02:17:17.835628,02:17:17.850633,02:17:17.871611,02:17:18.752748,02:17:17.856539,02:17:17.862096,02:17:17.862120,02:17:17.867327,02:17:18.223368,02:17:18.223537,02:17:17.823951
400,safe,02:17:20.529427,02:17:20.529427,02:17:20.529850,02:17:20.529850,02:17:20.531098,02:17:20.531098,02:17:20.532550,02:17:20.532550,02:17:20.542220,02:17:20.542258,02:17:20.557245,02:17:20.577600,02:17:21.459770,02:17:20.562951,02:17:20.568464,02:17:20.568485,02:17:20.573697,02:17:20.930179,02:17:20.930352,02:17:20.530574
400,safe,02:17:23.242480,02:17:23.242480,02:17:23.242894,02:17:23.242894,02:17:23.244159,02:17:23.244159,02:17:23.245762,02:17:23.245762,02:17:23.255609,02:17:23.255646,02:17:23.272920,02:17:23.296203,02:17:24.183382,02:17:23.279622,02:17:23.285509,02:17:23.285537,02:17:23.291671,02:17:23.644211,02:17:23.644411,02:17:23.243630
400,safe,02:17:25.958667,02:17:25.958667,02:17:25.959056,02:17:25.959056,02:17:25.960569,02:17:25.960569,02:17:25.962370,02:17:25.962370,02:17:25.971847,02:17:25.971869,02:17:25.986310,02:17:26.008180,02:17:26.890198,02:17:25.992185,02:17:25.997715,02:17:25.997740,02:17:26.003278,02:17:26.359315,02:17:26.359481,02:17:25.959759
400,safe,02:17:28.661964,02:17:28.661964,02:17:28.662322,02:17:28.662322,02:17:28.663729,02:17:28.663729,02:17:28.665392,02:17:28.665392,02:17:28.674793,02:17:28.674815,02:17:28.688917,02:17:28.710325,02:17:29.592310,02:17:28.694811,02:17:28.699980,02:17:28.700002,02:17:28.705602,02:17:29.062740,02:17:29.062939,02:17:28.662958
400,safe,02:17:31.367206,02:17:31.367206,02:17:31.367740,02:17:31.367740,02:17:31.369530,02:17:31.369530,02:17:31.371156,02:17:31.371156,02:17:31.380734,02:17:31.380758,02:17:31.397706,02:17:31.419514,02:17:32.310356,02:17:31.404182,02:17:31.409936,02:17:31.409960,02:17:31.415381,02:17:31.767730,02:17:31.767904,02:17:31.368672
400,safe,02:17:34.090437,02:17:34.090437,02:17:34.090877,02:17:34.090877,02:17:34.092424,02:17:34.092424,02:17:34.094280,02:17:34.094280,02:17:34.103678,02:17:34.103700,02:17:34.117803,02:17:34.138777,02:17:35.021177,02:17:34.123464,02:17:34.128982,02:17:34.129008,02:17:34.134573,02:17:34.491238,02:17:34.491424,02:17:34.091583
400,safe,02:17:36.790249,02:17:36.790249,02:17:36.790748,02:17:36.790748,02:17:36.792182,02:17:36.792182,02:17:36.793704,02:17:36.793704,02:17:36.803160,02:17:36.803179,02:17:36.818021,02:17:36.838361,02:17:37.718654,02:17:36.823862,02:17:36.829057,02:17:36.829075,02:17:36.834422,02:17:37.190947,02:17:37.191111,02:17:36.791531
400,safe,02:17:39.497885,02:17:39.497885,02:17:39.498508,02:17:39.498508,02:17:39.499861,02:17:39.499861,02:17:39.501499,02:17:39.501499,02:17:39.511499,02:17:39.511522,02:17:39.528151,02:17:39.551276,02:17:40.434487,02:17:39.534838,02:17:39.540757,02:17:39.540776,02:17:39.546832,02:17:39.898416,02:17:39.898636,02:17:39.499305
400,safe,02:17:42.261068,02:17:42.261068,02:17:42.261478,02:17:42.261478,02:17:42.262614,02:17:42.262614,02:17:42.264466,02:17:42.264466,02:17:42.273848,02:17:42.273869,02:17:42.298816,02:17:42.320357,02:17:43.202918,02:17:42.304965,02:17:42.310430,02:17:42.310446,02:17:42.316142,02:17:42.661853,02:17:42.662004,02:17:42.262123
400,safe,02:17:44.985270,02:17:44.985270,02:17:44.985692,02:17:44.985692,02:17:44.987261,02:17:44.987261,02:17:44.988831,02:17:44.988831,02:17:44.998563,02:17:44.998588,02:17:45.014026,02:17:45.034608,02:17:45.914003,02:17:45.020107,02:17:45.025096,02:17:45.025116,02:17:45.030194,02:17:45.385909,02:17:45.386068,02:17:44.986433
400,safe,02:17:47.690194,02:17:47.690194,02:17:47.690669,02:17:47.690669,02:17:47.691944,02:17:47.691944,02:17:47.693830,02:17:47.693830,02:17:47.706996,02:17:47.707022,02:17:47.724477,02:17:47.749051,02:17:48.632684,02:17:47.731036,02:17:47.737947,02:17:47.737969,02:17:47.744255,02:17:48.091223,02:17:48.091395,02:17:47.691384
400,safe,02:17:50.404205,02:17:50.404205,02:17:50.404569,02:17:50.404569,02:17:50.405912,02:17:50.405912,02:17:50.407668,02:17:50.407668,02:17:50.416936,02:17:50.416964,02:17:50.431674,02:17:50.452243,02:17:51.334565,02:17:50.437444,02:17:50.442936,02:17:50.442957,02:17:50.448034,02:17:50.804974,02:17:50.805131,02:17:50.405299
400,safe,02:17:53.112366,02:17:53.112366,02:17:53.112771,02:17:53.112771,02:17:53.113969,02:17:53.113969,02:17:53.115326,02:17:53.115326,02:17:53.124894,02:17:53.124915,02:17:53.138924,02:17:53.160009,02:17:54.044285,02:17:53.144713,02:17:53.150340,02:17:53.150362,02:17:53.155909,02:17:53.512898,02:17:53.513070,02:17:53.113478
400,safe,02:17:55.831913,02:17:55.831913,02:17:55.832415,02:17:55.832415,02:17:55.833747,02:17:55.833747,02:17:55.835500,02:17:55.835500,02:17:55.845800,02:17:55.845825,02:17:55.861259,02:17:55.882598,02:17:56.765733,02:17:55.867097,02:17:55.872774,02:17:55.872798,02:17:55.878376,02:17:56.232475,02:17:56.232646,02:17:55.833169
400,safe,02:17:58.539282,02:17:58.539282,02:17:58.539770,02:17:58.539770,02:17:58.541003,02:17:58.541003,02:17:58.542644,02:17:58.542644,02:17:58.552096,02:17:58.552121,02:17:58.566959,02:17:58.591377,02:17:59.474740,02:17:58.572694,02:17:58.577520,02:17:58.577537,02:17:58.585433,02:17:58.939988,02:17:58.940143,02:17:58.540467
400,safe,02:18:01.250028,02:18:01.250028,02:18:01.250477,02:18:01.250477,02:18:01.251961,02:18:01.251961,02:18:01.253410,02:18:01.253410,02:18:01.262668,02:18:01.262689,02:18:01.277814,02:18:01.298524,02:18:02.188897,02:18:01.283593,02:18:01.288881,02:18:01.288899,02:18:01.294247,02:18:01.650934,02:18:01.651097,02:18:01.251136
400,safe,02:18:03.978230,02:18:03.978230,02:18:03.978865,02:18:03.978865,02:18:03.980134,02:18:03.980134,02:18:03.981739,02:18:03.981739,02:18:03.991086,02:18:03.991115,02:18:04.007753,02:18:04.029197,02:18:04.908551,02:18:04.013977,02:18:04.019475,02:18:04.019518,02:18:04.025043,02:18:04.378771,02:18:04.378970,02:18:03.979621
400,safe,02:18:06.688066,02:18:06.688066,02:18:06.688639,02:18:06.688639,02:18:06.690053,02:18:06.690053,02:18:06.691590,02:18:06.691590,02:18:06.700966,02:18:06.700995,02:18:06.715399,02:18:06.735974,02:18:07.618012,02:18:06.720884,02:18:06.726216,02:18:06.726232,02:18:06.731824,02:18:07.088843,02:18:07.089016,02:18:06.689432
400,safe,02:18:09.385061,02:18:09.385061,02:18:09.385479,02:18:09.385479,02:18:09.387018,02:18:09.387018,02:18:09.388555,02:18:09.388555,02:18:09.398726,02:18:09.398748,02:18:09.413268,02:18:09.436257,02:18:10.323943,02:18:09.418895,02:18:09.424439,02:18:09.424461,02:18:09.429548,02:18:09.786029,02:18:09.786193,02:18:09.386160
400,safe,02:18:12.170575,02:18:12.170575,02:18:12.171221,02:18:12.171221,02:18:12.172638,02:18:12.172638,02:18:12.174326,02:18:12.174326,02:18:12.184401,02:18:12.184428,02:18:12.200103,02:18:12.221301,02:18:13.104047,02:18:12.205991,02:18:12.211309,02:18:12.211332,02:18:12.217057,02:18:12.571095,02:18:12.571252,02:18:12.171987
400,safe,02:18:14.884467,02:18:14.884467,02:18:14.884951,02:18:14.884951,02:18:14.886187,02:18:14.886187,02:18:14.887696,02:18:14.887696,02:18:14.897345,02:18:14.897367,02:18:14.923254,02:18:14.943476,02:18:15.824819,02:18:14.929107,02:18:14.934152,02:18:14.934172,02:18:14.939471,02:18:15.285219,02:18:15.285474,02:18:14.885652
400,safe,02:18:17.606232,02:18:17.606232,02:18:17.606723,02:18:17.606723,02:18:17.608397,02:18:17.608397,02:18:17.609939,02:18:17.609939,02:18:17.619023,02:18:17.619044,02:18:17.635532,02:18:17.656630,02:18:18.537570,02:18:17.641539,02:18:17.646781,02:18:17.646804,02:18:17.652355,02:18:18.007312,02:18:18.007502,02:18:17.607518
400,safe,02:18:20.322281,02:18:20.322281,02:18:20.322745,02:18:20.322745,02:18:20.324226,02:18:20.324226,02:18:20.326756,02:18:20.326756,02:18:20.337119,02:18:20.337164,02:18:20.359840,02:18:20.385855,02:18:21.268280,02:18:20.368461,02:18:20.374223,02:18:20.374253,02:18:20.381205,02:18:20.723122,02:18:20.723282,02:18:20.323402
400,safe,02:18:23.052616,02:18:23.052616,02:18:23.052984,02:18:23.052984,02:18:23.054523,02:18:23.054523,02:18:23.056071,02:18:23.056071,02:18:23.065716,02:18:23.065747,02:18:23.080616,02:18:23.100288,02:18:23.982832,02:18:23.086195,02:18:23.091245,02:18:23.091265,02:18:23.096323,02:18:23.453555,02:18:23.453715,02:18:23.053637
400,safe,02:18:25.755948,02:18:25.755948,02:18:25.756361,02:18:25.756361,02:18:25.757795,02:18:25.757795,02:18:25.759632,02:18:25.759632,02:18:25.769260,02:18:25.769280,02:18:25.783620,02:18:25.803266,02:18:26.684520,02:18:25.789237,02:18:25.794237,02:18:25.794256,02:18:25.799387,02:18:26.156615,02:18:26.156768,02:18:25.757011
400,safe,02:18:28.474042,02:18:28.474042,02:18:28.474492,02:18:28.474492,02:18:28.475682,02:18:28.475682,02:18:28.477157,02:18:28.477157,02:18:28.486540,02:18:28.486561,02:18:28.501733,02:18:28.522781,02:18:29.404162,02:18:28.507454,02:18:28.513040,02:18:28.513057,02:18:28.518586,02:18:28.874783,02:18:28.874942,02:18:28.475134
400,safe,02:18:31.178659,02:18:31.178659,02:18:31.179049,02:18:31.179049,02:18:31.180434,02:18:31.180434,02:18:31.182263,02:18:31.182263,02:18:31.192727,02:18:31.192752,02:18:31.207403,02:18:31.232257,02:18:32.126212,02:18:31.213176,02:18:31.220838,02:18:31.220866,02:18:31.227565,02:18:31.579621,02:18:31.579785,02:18:31.179890
400,safe,02:18:33.897815,02:18:33.897815,02:18:33.898277,02:18:33.898277,02:18:33.899534,02:18:33.899534,02:18:33.901333,02:18:33.901333,02:18:33.911011,02:18:33.911036,02:18:33.929105,02:18:33.950679,02:18:34.833863,02:18:33.935316,02:18:33.941245,02:18:33.941266,02:18:33.946646,02:18:34.298669,02:18:34.298829,02:18:33.899027
400,safe,02:18:36.611500,02:18:36.611500,02:18:36.612037,02:18:36.612037,02:18:36.613601,02:18:36.613601,02:18:36.615317,02:18:36.615317,02:18:36.625110,02:18:36.625131,02:18:36.640707,02:18:36.662089,02:18:37.543234,02:18:36.647192,02:18:36.652750,02:18:36.652774,02:18:36.657948,02:18:37.012288,02:18:37.012467,02:18:36.612721
400,safe,02:18:39.318200,02:18:39.318200,02:18:39.318597,02:18:39.318597,02:18:39.320276,02:18:39.320276,02:18:39.322069,02:18:39.322069,02:18:39.332732,02:18:39.332755,02:18:39.347639,02:18:39.368459,02:18:40.249353,02:18:39.353575,02:18:39.358986,02:18:39.359002,02:18:39.364337,02:18:39.718930,02:18:39.719101,02:18:39.319378
400,safe,02:18:42.070643,02:18:42.070643,02:18:42.071050,02:18:42.071050,02:18:42.072298,02:18:42.072298,02:18:42.074122,02:18:42.074122,02:18:42.083603,02:18:42.083636,02:18:42.098313,02:18:42.119204,02:18:43.001986,02:18:42.103988,02:18:42.109327,02:18:42.109347,02:18:42.114752,02:18:42.471412,02:18:42.471565,02:18:42.071738
400,safe,02:18:44.801355,02:18:44.801355,02:18:44.801776,02:18:44.801776,02:18:44.802994,02:18:44.802994,02:18:44.804654,02:18:44.804654,02:18:44.814193,02:18:44.814214,02:18:44.828790,02:18:44.849773,02:18:45.730943,02:18:44.834658,02:18:44.839953,02:18:44.839976,02:18:44.845464,02:18:45.202178,02:18:45.202334,02:18:44.802447
400,safe,02:18:47.510738,02:18:47.510738,02:18:47.511150,02:18:47.511150,02:18:47.512378,02:18:47.512378,02:18:47.514121,02:18:47.514121,02:18:47.523747,02:18:47.523770,02:18:47.548503,02:18:47.569445,02:18:48.448317,02:18:47.554199,02:18:47.559621,02:18:47.559644,02:18:47.565232,02:18:47.911651,02:18:47.911811,02:18:47.511834
400,safe,02:18:50.227827,02:18:50.227827,02:18:50.228322,02:18:50.228322,02:18:50.230000,02:18:50.230000,02:18:50.231589,02:18:50.231589,02:18:50.243645,02:18:50.243670,02:18:50.260166,02:18:50.281802,02:18:51.165609,02:18:50.266305,02:18:50.271903,02:18:50.271927,02:18:50.277607,02:18:50.629592,02:18:50.629772,02:18:50.229129
400,safe,02:18:52.954312,02:18:52.954312,02:18:52.954687,02:18:52.954687,02:18:52.956171,02:18:52.956171,02:18:52.958002,02:18:52.958002,02:18:52.968524,02:18:52.968547,02:18:52.984619,02:18:53.009269,02:18:53.893516,02:18:52.990721,02:18:52.996281,02:18:52.996297,02:18:53.003002,02:18:53.354911,02:18:53.355080,02:18:52.955360
400,safe,02:18:55.683656,02:18:55.683656,02:18:55.684064,02:18:55.684064,02:18:55.685450,02:18:55.685450,02:18:55.687258,02:18:55.687258,02:18:55.697115,02:18:55.697135,02:18:55.712332,02:18:55.734154,02:18:56.616735,02:18:55.718145,02:18:55.723802,02:18:55.723819,02:18:55.729753,02:18:56.084369,02:18:56.084528,02:18:55.684862
400,safe,02:18:58.393127,02:18:58.393127,02:18:58.393498,02:18:58.393498,02:18:58.394804,02:18:58.394804,02:18:58.396355,02:18:58.396355,02:18:58.406419,02:18:58.406442,02:18:58.420641,02:18:58.441654,02:18:59.323325,02:18:58.426186,02:18:58.431733,02:18:58.431755,02:18:58.437314,02:18:58.793692,02:18:58.793885,02:18:58.394220
400,safe,02:19:01.109072,02:19:01.109072,02:19:01.109512,02:19:01.109512,02:19:01.111060,02:19:01.111060,02:19:01.112759,02:19:01.112759,02:19:01.122517,02:19:01.122539,02:19:01.137460,02:19:01.157407,02:19:02.046511,02:19:01.143133,02:19:01.148240,02:19:01.148259,02:19:01.153563,02:19:01.509970,02:19:01.510145,02:19:01.110210
400,safe,02:19:03.822275,02:19:03.822275,02:19:03.822679,02:19:03.822679,02:19:03.823901,02:19:03.823901,02:19:03.825376,02:19:03.825376,02:19:03.834855,02:19:03.834875,02:19:03.849705,02:19:03.872325,02:19:04.755515,02:19:03.855961,02:19:03.862387,02:19:03.862411,02:19:03.868207,02:19:04.222940,02:19:04.223098,02:19:03.823372
400,safe,02:19:06.529519,02:19:06.529519,02:19:06.529955,02:19:06.529955,02:19:06.531227,02:19:06.531227,02:19:06.532742,02:19:06.532742,02:19:06.542783,02:19:06.542806,02:19:06.558264,02:19:06.579273,02:19:07.461659,02:19:06.564259,02:19:06.569746,02:19:06.569768,02:19:06.575150,02:19:06.930416,02:19:06.930594,02:19:06.530670
400,safe,02:19:09.241682,02:19:09.241682,02:19:09.242120,02:19:09.242120,02:19:09.243279,02:19:09.243279,02:19:09.244819,02:19:09.244819,02:19:09.256998,02:19:09.257024,02:19:09.272086,02:19:09.293494,02:19:10.174349,02:19:09.278012,02:19:09.283919,02:19:09.283944,02:19:09.289359,02:19:09.642576,02:19:09.642724,02:19:09.242771
400,safe,02:19:11.973338,02:19:11.973338,02:19:11.973809,02:19:11.973809,02:19:11.975370,02:19:11.975370,02:19:11.977018,02:19:11.977018,02:19:11.986846,02:19:11.986873,02:19:12.001710,02:19:12.024274,02:19:12.904231,02:19:12.008046,02:19:12.013898,02:19:12.013921,02:19:12.019795,02:19:12.374161,02:19:12.374319,02:19:11.974583
400,safe,02:19:14.687517,02:19:14.687517,02:19:14.687938,02:19:14.687938,02:19:14.689533,02:19:14.689533,02:19:14.691207,02:19:14.691207,02:19:14.702040,02:19:14.702066,02:19:14.717061,02:19:14.738058,02:19:15.621977,02:19:14.723115,02:19:14.728381,02:19:14.728401,02:19:14.733599,02:19:15.088287,02:19:15.088448,02:19:14.688715
400,safe,02:19:17.398187,02:19:17.398187,02:19:17.398582,02:19:17.398582,02:19:17.399807,02:19:17.399807,02:19:17.401246,02:19:17.401246,02:19:17.410551,02:19:17.410571,02:19:17.425943,02:19:17.447381,02:19:18.328073,02:19:17.432085,02:19:17.437357,02:19:17.437375,02:19:17.442846,02:19:17.798769,02:19:17.798944,02:19:17.399281
400,safe,02:19:20.107842,02:19:20.107842,02:19:20.108286,02:19:20.108286,02:19:20.109855,02:19:20.109855,02:19:20.111405,02:19:20.111405,02:19:20.121515,02:19:20.121538,02:19:20.146469,02:19:20.168145,02:19:21.049994,02:19:20.152629,02:19:20.157974,02:19:20.157999,02:19:20.163768,02:19:20.508539,02:19:20.508696,02:19:20.109043
400,safe,02:19:22.842135,02:19:22.842135,02:19:22.842503,02:19:22.842503,02:19:22.844056,02:19:22.844056,02:19:22.845638,02:19:22.845638,02:19:22.855670,02:19:22.855693,02:19:22.871710,02:19:22.892945,02:19:23.777252,02:19:22.877455,02:19:22.883269,02:19:22.883293,02:19:22.888634,02:19:23.242988,02:19:23.243182,02:19:22.843244
400,safe,02:19:25.558135,02:19:25.558135,02:19:25.558581,02:19:25.558581,02:19:25.560039,02:19:25.560039,02:19:25.561918,02:19:25.561918,02:19:25.571518,02:19:25.571542,02:19:25.586915,02:19:25.608154,02:19:26.491316,02:19:25.592696,02:19:25.598410,02:19:25.598427,02:19:25.603850,02:19:25.958914,02:19:25.959088,02:19:25.559423
400,safe,02:19:28.267870,02:19:28.267870,02:19:28.268356,02:19:28.268356,02:19:28.269766,02:19:28.269766,02:19:28.271171,02:19:28.271171,02:19:28.280478,02:19:28.280497,02:19:28.295435,02:19:28.315794,02:19:29.197559,02:19:28.301098,02:19:28.306197,02:19:28.306219,02:19:28.311522,02:19:28.668551,02:19:28.668714,02:19:28.268997
400,safe,02:19:30.976384,02:19:30.976384,02:19:30.976782,02:19:30.976782,02:19:30.978150,02:19:30.978150,02:19:30.979574,02:19:30.979574,02:19:30.989547,02:19:30.989579,02:19:31.003510,02:19:31.024539,02:19:31.919301,02:19:31.009384,02:19:31.014971,02:19:31.014994,02:19:31.020298,02:19:31.377368,02:19:31.377586,02:19:30.977555
400,safe,02:19:33.696347,02:19:33.696347,02:19:33.696896,02:19:33.696896,02:19:33.698472,02:19:33.698472,02:19:33.700169,02:19:33.700169,02:19:33.712752,02:19:33.712771,02:19:33.732005,02:19:33.755338,02:19:34.640496,02:19:33.738964,02:19:33.744693,02:19:33.744715,02:19:33.750879,02:19:34.096562,02:19:34.096756,02:19:33.697753
400,safe,02:19:36.431919,02:19:36.431919,02:19:36.432463,02:19:36.432463,02:19:36.434101,02:19:36.434101,02:19:36.435662,02:19:36.435662,02:19:36.445310,02:19:36.445336,02:19:36.460419,02:19:36.482082,02:19:37.363765,02:19:36.466456,02:19:36.472001,02:19:36.472023,02:19:36.477598,02:19:36.832537,02:19:36.832702,02:19:36.433329
400,safe,02:19:39.141007,02:19:39.141007,02:19:39.141412,02:19:39.141412,02:19:39.142582,02:19:39.142582,02:19:39.144065,02:19:39.144065,02:19:39.153736,02:19:39.153756,02:19:39.167326,02:19:39.188309,02:19:40.073350,02:19:39.172871,02:19:39.178095,02:19:39.178119,02:19:39.183778,02:19:39.541900,02:19:39.542145,02:19:39.142067
400,safe,02:19:41.858610,02:19:41.858610,02:19:41.859200,02:19:41.859200,02:19:41.860672,02:19:41.860672,02:19:41.862501,02:19:41.862501,02:19:41.874236,02:19:41.874270,02:19:41.889668,02:19:41.912089,02:19:42.793980,02:19:41.895901,02:19:41.901825,02:19:41.901850,02:19:41.907621,02:19:42.259107,02:19:42.259262,02:19:41.860027
400,safe,02:19:44.581629,02:19:44.581629,02:19:44.582070,02:19:44.582070,02:19:44.583259,02:19:44.583259,02:19:44.584897,02:19:44.584897,02:19:44.594641,02:19:44.594665,02:19:44.609202,02:19:44.631231,02:19:45.511884,02:19:44.615625,02:19:44.621025,02:19:44.621043,02:19:44.626644,02:19:44.982339,02:19:44.982510,02:19:44.582756
400,safe,02:19:47.289569,02:19:47.289569,02:19:47.289993,02:19:47.289993,02:19:47.291644,02:19:47.291644,02:19:47.293550,02:19:47.293550,02:19:47.303082,02:19:47.303109,02:19:47.318477,02:19:47.339992,02:19:48.221940,02:19:47.324633,02:19:47.330246,02:19:47.330266,02:19:47.335825,02:19:47.690338,02:19:47.690530,02:19:47.290791
400,safe,02:19:50.005676,02:19:50.005676,02:19:50.006080,02:19:50.006080,02:19:50.007316,02:19:50.007316,02:19:50.008725,02:19:50.008725,02:19:50.018046,02:19:50.018065,02:19:50.033363,02:19:50.055843,02:19:50.935830,02:19:50.040352,02:19:50.045948,02:19:50.045970,02:19:50.051544,02:19:50.405786,02:19:50.405956,02:19:50.006793
400,safe,02:19:52.717445,02:19:52.717445,02:19:52.717864,02:19:52.717864,02:19:52.719080,02:19:52.719080,02:19:52.720733,02:19:52.720733,02:19:52.733949,02:19:52.733990,02:19:52.766527,02:19:52.790753,02:19:53.671380,02:19:52.773640,02:19:52.780955,02:19:52.780983,02:19:52.786456,02:19:53.117918,02:19:53.118238,02:19:52.718549
400,safe,02:19:55.449354,02:19:55.449354,02:19:55.449798,02:19:55.449798,02:19:55.451406,02:19:55.451406,02:19:55.453103,02:19:55.453103,02:19:55.463302,02:19:55.463332,02:19:55.480242,02:19:55.501373,02:19:56.385621,02:19:55.486038,02:19:55.491362,02:19:55.491386,02:19:55.497095,02:19:55.850040,02:19:55.850236,02:19:55.450556
400,safe,02:19:58.166017,02:19:58.166017,02:19:58.166508,02:19:58.166508,02:19:58.168246,02:19:58.168246,02:19:58.170057,02:19:58.170057,02:19:58.179755,02:19:58.179779,02:19:58.195764,02:19:58.217247,02:19:59.097699,02:19:58.201756,02:19:58.207505,02:19:58.207528,02:19:58.213063,02:19:58.566594,02:19:58.566791,02:19:58.167360
400,safe,02:20:00.881843,02:20:00.881843,02:20:00.882316,02:20:00.882316,02:20:00.883926,02:20:00.883926,02:20:00.885432,02:20:00.885432,02:20:00.895187,02:20:00.895211,02:20:00.910136,02:20:00.930753,02:20:01.819913,02:20:00.915890,02:20:00.921109,02:20:00.921131,02:20:00.926641,02:20:01.282786,02:20:01.282964,02:20:00.883096
400,safe,02:20:03.602186,02:20:03.602186,02:20:03.602831,02:20:03.602831,02:20:03.604357,02:20:03.604357,02:20:03.606121,02:20:03.606121,02:20:03.616254,02:20:03.616279,02:20:03.631057,02:20:03.653721,02:20:04.536864,02:20:03.637136,02:20:03.643050,02:20:03.643078,02:20:03.648953,02:20:04.001777,02:20:04.001991,02:20:03.603643
400,safe,02:20:06.312983,02:20:06.312983,02:20:06.313331,02:20:06.313331,02:20:06.314505,02:20:06.314505,02:20:06.316041,02:20:06.316041,02:20:06.325271,02:20:06.325291,02:20:06.340072,02:20:06.360905,02:20:07.242292,02:20:06.346024,02:20:06.351543,02:20:06.351559,02:20:06.356755,02:20:06.718431,02:20:06.718584,02:20:06.314011
400,safe,02:20:09.026957,02:20:09.026957,02:20:09.027349,02:20:09.027349,02:20:09.028746,02:20:09.028746,02:20:09.030206,02:20:09.030206,02:20:09.039375,02:20:09.039395,02:20:09.053527,02:20:09.075039,02:20:09.955457,02:20:09.059461,02:20:09.065300,02:20:09.065321,02:20:09.070715,02:20:09.427610,02:20:09.427782,02:20:09.028168
400,safe,02:20:11.744611,02:20:11.744611,02:20:11.745449,02:20:11.745449,02:20:11.747596,02:20:11.747596,02:20:11.750011,02:20:11.750011,02:20:11.761636,02:20:11.761698,02:20:11.793731,02:20:11.834186,02:20:12.725018,02:20:11.807591,02:20:11.817167,02:20:11.817200,02:20:11.826021,02:20:12.144984,02:20:12.145189,02:20:11.746626
400,safe,02:20:14.510759,02:20:14.510759,02:20:14.511153,02:20:14.511153,02:20:14.512661,02:20:14.512661,02:20:14.514288,02:20:14.514288,02:20:14.523747,02:20:14.523767,02:20:14.538094,02:20:14.558432,02:20:15.441255,02:20:14.543768,02:20:14.548791,02:20:14.548808,02:20:14.554245,02:20:14.911432,02:20:14.911615,02:20:14.511828
400,safe,02:20:17.216410,02:20:17.216410,02:20:17.216869,02:20:17.216869,02:20:17.218288,02:20:17.218288,02:20:17.219967,02:20:17.219967,02:20:17.230382,02:20:17.230403,02:20:17.245564,02:20:17.266669,02:20:18.147576,02:20:17.251328,02:20:17.256767,02:20:17.256789,02:20:17.262075,02:20:17.617159,02:20:17.617327,02:20:17.217718
400,safe,02:20:19.945225,02:20:19.945225,02:20:19.945741,02:20:19.945741,02:20:19.947254,02:20:19.947254,02:20:19.949079,02:20:19.949079,02:20:19.959738,02:20:19.959765,02:20:19.975211,02:20:19.996636,02:20:20.877898,02:20:19.981145,02:20:19.986761,02:20:19.986787,02:20:19.992240,02:20:20.345849,02:20:20.346009,02:20:19.946420
400,safe,02:20:22.680762,02:20:22.680762,02:20:22.681251,02:20:22.681251,02:20:22.682541,02:20:22.682541,02:20:22.684199,02:20:22.684199,02:20:22.694286,02:20:22.694311,02:20:22.709206,02:20:22.732152,02:20:23.615673,02:20:22.715287,02:20:22.721204,02:20:22.721228,02:20:22.727180,02:20:23.081503,02:20:23.081711,02:20:22.682042
400,safe,02:20:25.391682,02:20:25.391682,02:20:25.392052,02:20:25.392052,02:20:25.393253,02:20:25.393253,02:20:25.394793,02:20:25.394793,02:20:25.405295,02:20:25.405316,02:20:25.430012,02:20:25.451246,02:20:26.331525,02:20:25.435952,02:20:25.441660,02:20:25.441685,02:20:25.447115,02:20:25.792676,02:20:25.792832,02:20:25.392718
400,safe,02:20:28.121085,02:20:28.121085,02:20:28.121577,02:20:28.121577,02:20:28.122794,02:20:28.122794,02:20:28.124265,02:20:28.124265,02:20:28.133622,02:20:28.133644,02:20:28.149814,02:20:28.170750,02:20:29.052208,02:20:28.155489,02:20:28.160808,02:20:28.160830,02:20:28.166630,02:20:28.521942,02:20:28.522104,02:20:28.122282
400,safe,02:20:30.840090,02:20:30.840090,02:20:30.840487,02:20:30.840487,02:20:30.841701,02:20:30.841701,02:20:30.843201,02:20:30.843201,02:20:30.852972,02:20:30.852993,02:20:30.868666,02:20:30.889191,02:20:31.779155,02:20:30.874530,02:20:30.879813,02:20:30.879833,02:20:30.885035,02:20:31.240690,02:20:31.240847,02:20:30.841175
400,safe,02:20:33.563908,02:20:33.563908,02:20:33.564288,02:20:33.564288,02:20:33.565823,02:20:33.565823,02:20:33.567278,02:20:33.567278,02:20:33.576566,02:20:33.576591,02:20:33.591277,02:20:33.612479,02:20:34.494219,02:20:33.597203,02:20:33.602701,02:20:33.602722,02:20:33.608162,02:20:33.963059,02:20:33.963219,02:20:33.564972
400,safe,02:20:36.288680,02:20:36.288680,02:20:36.289064,02:20:36.289064,02:20:36.290238,02:20:36.290238,02:20:36.291770,02:20:36.291770,02:20:36.301095,02:20:36.301115,02:20:36.317338,02:20:36.338625,02:20:37.220453,02:20:36.323436,02:20:36.329032,02:20:36.329056,02:20:36.334461,02:20:36.689395,02:20:36.689570,02:20:36.289732
400,safe,02:20:39.014184,02:20:39.014184,02:20:39.014589,02:20:39.014589,02:20:39.016080,02:20:39.016080,02:20:39.017766,02:20:39.017766,02:20:39.027183,02:20:39.027203,02:20:39.042362,02:20:39.063572,02:20:39.944437,02:20:39.048434,02:20:39.053849,02:20:39.053872,02:20:39.059351,02:20:39.414956,02:20:39.415128,02:20:39.015247
400,safe,02:20:41.735005,02:20:41.735005,02:20:41.735616,02:20:41.735616,02:20:41.737604,02:20:41.737604,02:20:41.739421,02:20:41.739421,02:20:41.749721,02:20:41.749783,02:20:41.783214,02:20:41.816609,02:20:42.701057,02:20:41.792271,02:20:41.801822,02:20:41.801854,02:20:41.809866,02:20:42.135592,02:20:42.135758,02:20:41.736667
400,safe,02:20:44.505337,02:20:44.505337,02:20:44.505887,02:20:44.505887,02:20:44.507255,02:20:44.507255,02:20:44.508857,02:20:44.508857,02:20:44.518060,02:20:44.518081,02:20:44.532863,02:20:44.554199,02:20:45.435897,02:20:44.538687,02:20:44.544439,02:20:44.544464,02:20:44.550042,02:20:44.905980,02:20:44.906142,02:20:44.506694
400,safe,02:20:47.216269,02:20:47.216269,02:20:47.216743,02:20:47.216743,02:20:47.218044,02:20:47.218044,02:20:47.219742,02:20:47.219742,02:20:47.229428,02:20:47.229454,02:20:47.244077,02:20:47.265360,02:20:48.146404,02:20:47.249708,02:20:47.255341,02:20:47.255358,02:20:47.261028,02:20:47.616855,02:20:47.617025,02:20:47.217490
400,safe,02:20:49.939196,02:20:49.939196,02:20:49.939569,02:20:49.939569,02:20:49.941063,02:20:49.941063,02:20:49.942661,02:20:49.942661,02:20:49.952113,02:20:49.952138,02:20:49.966417,02:20:49.987643,02:20:50.868503,02:20:49.972223,02:20:49.977740,02:20:49.977762,02:20:49.983284,02:20:50.339456,02:20:50.339624,02:20:49.940248
400,safe,02:20:52.665662,02:20:52.665662,02:20:52.666185,02:20:52.666185,02:20:52.667474,02:20:52.667474,02:20:52.669099,02:20:52.669099,02:20:52.678391,02:20:52.678414,02:20:52.693707,02:20:52.715671,02:20:53.597137,02:20:52.700253,02:20:52.706052,02:20:52.706076,02:20:52.711523,02:20:53.066271,02:20:53.066598,02:20:52.666935
400,safe,02:20:55.378668,02:20:55.378668,02:20:55.379092,02:20:55.379092,02:20:55.380660,02:20:55.380660,02:20:55.382292,02:20:55.382292,02:20:55.395275,02:20:55.395299,02:20:55.409622,02:20:55.430217,02:20:56.310790,02:20:55.415281,02:20:55.420740,02:20:55.420768,02:20:55.426092,02:20:55.779480,02:20:55.779681,02:20:55.379842
400,safe,02:20:58.092515,02:20:58.092515,02:20:58.092880,02:20:58.092880,02:20:58.094377,02:20:58.094377,02:20:58.096021,02:20:58.096021,02:20:58.106640,02:20:58.106665,02:20:58.133315,02:20:58.155294,02:20:59.036404,02:20:58.139181,02:20:58.144788,02:20:58.144816,02:20:58.150709,02:20:58.493525,02:20:58.493692,02:20:58.093531
400,safe,02:21:00.830654,02:21:00.830654,02:21:00.831093,02:21:00.831093,02:21:00.832339,02:21:00.832339,02:21:00.834108,02:21:00.834108,02:21:00.843702,02:21:00.843731,02:21:00.860651,02:21:00.881518,02:21:01.765574,02:21:00.866442,02:21:00.871696,02:21:00.871717,02:21:00.877165,02:21:01.231544,02:21:01.231703,02:21:00.831789
400,safe,02:21:03.549666,02:21:03.549666,02:21:03.550230,02:21:03.550230,02:21:03.551622,02:21:03.551622,02:21:03.553006,02:21:03.553006,02:21:03.562589,02:21:03.562612,02:21:03.577954,02:21:03.600377,02:21:04.484452,02:21:03.583801,02:21:03.589292,02:21:03.589316,02:21:03.595005,02:21:03.948807,02:21:03.948977,02:21:03.550975
400,safe,02:21:06.262865,02:21:06.262865,02:21:06.263304,02:21:06.263304,02:21:06.264805,02:21:06.264805,02:21:06.266398,02:21:06.266398,02:21:06.275966,02:21:06.275988,02:21:06.291300,02:21:06.313289,02:21:07.194181,02:21:06.297420,02:21:06.303394,02:21:06.303425,02:21:06.308945,02:21:06.663494,02:21:06.663712,02:21:06.263964
400,safe,02:21:08.990097,02:21:08.990097,02:21:08.990617,02:21:08.990617,02:21:08.991910,02:21:08.991910,02:21:08.993495,02:21:08.993495,02:21:09.004015,02:21:09.004045,02:21:09.018917,02:21:09.040374,02:21:09.920014,02:21:09.024821,02:21:09.030539,02:21:09.030562,02:21:09.036014,02:21:09.390817,02:21:09.391019,02:21:08.991342
400,safe,02:21:11.712213,02:21:11.712213,02:21:11.712709,02:21:11.712709,02:21:11.714510,02:21:11.714510,02:21:11.716440,02:21:11.716440,02:21:11.726960,02:21:11.727026,02:21:11.747339,02:21:11.775324,02:21:12.660635,02:21:11.755503,02:21:11.762962,02:21:11.762996,02:21:11.770448,02:21:12.112935,02:21:12.113109,02:21:11.713544
400,safe,02:21:14.460788,02:21:14.460788,02:21:14.461157,02:21:14.461157,02:21:14.462338,02:21:14.462338,02:21:14.463685,02:21:14.463685,02:21:14.472809,02:21:14.472831,02:21:14.487476,02:21:14.508958,02:21:15.389813,02:21:14.493330,02:21:14.499052,02:21:14.499075,02:21:14.504508,02:21:14.861702,02:21:14.861857,02:21:14.461829
400,safe,02:21:17.177706,02:21:17.177706,02:21:17.178277,02:21:17.178277,02:21:17.179782,02:21:17.179782,02:21:17.181543,02:21:17.181543,02:21:17.194790,02:21:17.194816,02:21:17.209732,02:21:17.232081,02:21:18.116696,02:21:17.215595,02:21:17.220928,02:21:17.220950,02:21:17.226581,02:21:17.578535,02:21:17.578691,02:21:17.178993
400,safe,02:21:19.897949,02:21:19.897949,02:21:19.898411,02:21:19.898411,02:21:19.899654,02:21:19.899654,02:21:19.901127,02:21:19.901127,02:21:19.910355,02:21:19.910381,02:21:19.924382,02:21:19.944712,02:21:20.824075,02:21:19.930126,02:21:19.935231,02:21:19.935252,02:21:19.940750,02:21:20.298653,02:21:20.298843,02:21:19.899155
400,safe,02:21:22.620792,02:21:22.620792,02:21:22.621197,02:21:22.621197,02:21:22.622407,02:21:22.622407,02:21:22.624097,02:21:22.624097,02:21:22.633621,02:21:22.633645,02:21:22.647547,02:21:22.668266,02:21:23.550333,02:21:22.653561,02:21:22.658927,02:21:22.658950,02:21:22.664127,02:21:23.029395,02:21:23.029581,02:21:22.621858
400,safe,02:21:25.343616,02:21:25.343616,02:21:25.343996,02:21:25.343996,02:21:25.345197,02:21:25.345197,02:21:25.346815,02:21:25.346815,02:21:25.356808,02:21:25.356829,02:21:25.372210,02:21:25.392724,02:21:26.273209,02:21:25.378154,02:21:25.383201,02:21:25.383222,02:21:25.388617,02:21:25.744535,02:21:25.744707,02:21:25.344678
450,safe,02:21:28.053443,02:21:28.053443,02:21:28.053840,02:21:28.053840,02:21:28.055143,02:21:28.055143,02:21:28.056589,02:21:28.056589,02:21:28.065966,02:21:28.065987,02:21:28.080359,02:21:28.101285,02:21:28.985543,02:21:28.086274,02:21:28.091646,02:21:28.091662,02:21:28.096858,02:21:28.504124,02:21:28.504277,02:21:28.054609
450,safe,02:21:30.765605,02:21:30.765605,02:21:30.765993,02:21:30.765993,02:21:30.767444,02:21:30.767444,02:21:30.768998,02:21:30.768998,02:21:30.778603,02:21:30.778624,02:21:30.803623,02:21:30.823532,02:21:31.714790,02:21:30.809430,02:21:30.814470,02:21:30.814504,02:21:30.819566,02:21:31.216741,02:21:31.216899,02:21:30.766661
450,safe,02:21:33.514790,02:21:33.514790,02:21:33.515332,02:21:33.515332,02:21:33.516612,02:21:33.516612,02:21:33.518304,02:21:33.518304,02:21:33.527771,02:21:33.527790,02:21:33.544592,02:21:33.565994,02:21:34.450291,02:21:33.550580,02:21:33.556123,02:21:33.556140,02:21:33.561428,02:21:33.964769,02:21:33.964928,02:21:33.516097
450,safe,02:21:36.244550,02:21:36.244550,02:21:36.244982,02:21:36.244982,02:21:36.246337,02:21:36.246337,02:21:36.248144,02:21:36.248144,02:21:36.257985,02:21:36.258017,02:21:36.273684,02:21:36.294617,02:21:37.175288,02:21:36.279347,02:21:36.284885,02:21:36.284901,02:21:36.290486,02:21:36.695302,02:21:36.695502,02:21:36.245790
450,safe,02:21:38.959115,02:21:38.959115,02:21:38.959478,02:21:38.959478,02:21:38.960774,02:21:38.960774,02:21:38.962655,02:21:38.962655,02:21:38.972803,02:21:38.972828,02:21:38.987543,02:21:39.008839,02:21:39.892509,02:21:38.993464,02:21:38.999161,02:21:38.999179,02:21:39.004618,02:21:39.410087,02:21:39.411745,02:21:38.960158
450,safe,02:21:41.676193,02:21:41.676193,02:21:41.676632,02:21:41.676632,02:21:41.678107,02:21:41.678107,02:21:41.679768,02:21:41.679768,02:21:41.689432,02:21:41.689459,02:21:41.705477,02:21:41.732435,02:21:42.621665,02:21:41.712006,02:21:41.717872,02:21:41.717894,02:21:41.724599,02:21:42.126923,02:21:42.127532,02:21:41.677443
450,safe,02:21:44.419037,02:21:44.419037,02:21:44.419636,02:21:44.419636,02:21:44.421017,02:21:44.421017,02:21:44.422567,02:21:44.422567,02:21:44.432826,02:21:44.432847,02:21:44.447446,02:21:44.469190,02:21:45.352084,02:21:44.453675,02:21:44.459291,02:21:44.459308,02:21:44.465088,02:21:44.870013,02:21:44.870188,02:21:44.420422
450,safe,02:21:47.139896,02:21:47.139896,02:21:47.140253,02:21:47.140253,02:21:47.141717,02:21:47.141717,02:21:47.143328,02:21:47.143328,02:21:47.152691,02:21:47.152713,02:21:47.166971,02:21:47.188087,02:21:48.071471,02:21:47.172866,02:21:47.178062,02:21:47.178085,02:21:47.183854,02:21:47.590677,02:21:47.590881,02:21:47.140889
450,safe,02:21:49.860651,02:21:49.860651,02:21:49.861109,02:21:49.861109,02:21:49.862740,02:21:49.862740,02:21:49.864493,02:21:49.864493,02:21:49.874377,02:21:49.874401,02:21:49.889196,02:21:49.909161,02:21:50.790103,02:21:49.894880,02:21:49.899889,02:21:49.899911,02:21:49.905250,02:21:50.310883,02:21:50.311067,02:21:49.861901
450,safe,02:21:52.597797,02:21:52.597797,02:21:52.598260,02:21:52.598260,02:21:52.599741,02:21:52.599741,02:21:52.601317,02:21:52.601317,02:21:52.610843,02:21:52.610865,02:21:52.625926,02:21:52.647821,02:21:53.531867,02:21:52.631944,02:21:52.637623,02:21:52.637647,02:21:52.643491,02:21:53.048443,02:21:53.048600,02:21:52.598970
450,safe,02:21:55.316757,02:21:55.316757,02:21:55.317209,02:21:55.317209,02:21:55.318521,02:21:55.318521,02:21:55.320115,02:21:55.320115,02:21:55.329704,02:21:55.329737,02:21:55.344907,02:21:55.366883,02:21:56.250326,02:21:55.351150,02:21:55.356763,02:21:55.356780,02:21:55.362422,02:21:55.767846,02:21:55.768046,02:21:55.317982
450,safe,02:21:58.039837,02:21:58.039837,02:21:58.040312,02:21:58.040312,02:21:58.041984,02:21:58.041984,02:21:58.043662,02:21:58.043662,02:21:58.055381,02:21:58.055405,02:21:58.070852,02:21:58.091913,02:21:58.973327,02:21:58.076893,02:21:58.082361,02:21:58.082376,02:21:58.087880,02:21:58.490457,02:21:58.490637,02:21:58.041127
450,safe,02:22:00.755284,02:22:00.755284,02:22:00.755708,02:22:00.755708,02:22:00.756945,02:22:00.756945,02:22:00.758315,02:22:00.758315,02:22:00.767445,02:22:00.767466,02:22:00.782096,02:22:00.803607,02:22:01.687017,02:22:00.788266,02:22:00.793885,02:22:00.793907,02:22:00.799435,02:22:01.206012,02:22:01.206188,02:22:00.756427
450,safe,02:22:03.472366,02:22:03.472366,02:22:03.472775,02:22:03.472775,02:22:03.474314,02:22:03.474314,02:22:03.476209,02:22:03.476209,02:22:03.486813,02:22:03.486840,02:22:03.515476,02:22:03.538095,02:22:04.421705,02:22:03.521996,02:22:03.527840,02:22:03.527867,02:22:03.533451,02:22:03.922172,02:22:03.922404,02:22:03.473647
450,safe,02:22:06.199024,02:22:06.199024,02:22:06.199443,02:22:06.199443,02:22:06.200670,02:22:06.200670,02:22:06.202192,02:22:06.202192,02:22:06.211491,02:22:06.211512,02:22:06.228155,02:22:06.248858,02:22:07.128694,02:22:06.234022,02:22:06.239167,02:22:06.239184,02:22:06.244499,02:22:06.649859,02:22:06.650016,02:22:06.200122
450,safe,02:22:08.914271,02:22:08.914271,02:22:08.914706,02:22:08.914706,02:22:08.915951,02:22:08.915951,02:22:08.917526,02:22:08.917526,02:22:08.927101,02:22:08.927126,02:22:08.942088,02:22:08.963634,02:22:09.845092,02:22:08.948309,02:22:08.953649,02:22:08.953667,02:22:08.959158,02:22:09.364862,02:22:09.365045,02:22:08.915417
450,safe,02:22:11.628183,02:22:11.628183,02:22:11.628821,02:22:11.628821,02:22:11.630389,02:22:11.630389,02:22:11.632144,02:22:11.632144,02:22:11.642916,02:22:11.642943,02:22:11.658973,02:22:11.681432,02:22:12.575476,02:22:11.665274,02:22:11.671252,02:22:11.671277,02:22:11.677006,02:22:12.078733,02:22:12.078907,02:22:11.629613
450,safe,02:22:14.367382,02:22:14.367382,02:22:14.367816,02:22:14.367816,02:22:14.369345,02:22:14.369345,02:22:14.371152,02:22:14.371152,02:22:14.380861,02:22:14.380884,02:22:14.396414,02:22:14.417486,02:22:15.298441,02:22:14.402224,02:22:14.407686,02:22:14.407709,02:22:14.413381,02:22:14.818184,02:22:14.818359,02:22:14.368540
450,safe,02:22:17.082763,02:22:17.082763,02:22:17.083170,02:22:17.083170,02:22:17.084703,02:22:17.084703,02:22:17.086228,02:22:17.086228,02:22:17.096983,02:22:17.097003,02:22:17.111753,02:22:17.132712,02:22:18.014052,02:22:17.117467,02:22:17.122900,02:22:17.122917,02:22:17.128473,02:22:17.533545,02:22:17.533730,02:22:17.083834
450,safe,02:22:19.804566,02:22:19.804566,02:22:19.805128,02:22:19.805128,02:22:19.806452,02:22:19.806452,02:22:19.808350,02:22:19.808350,02:22:19.819000,02:22:19.819028,02:22:19.836563,02:22:19.859173,02:22:20.740407,02:22:19.843120,02:22:19.848994,02:22:19.849016,02:22:19.854715,02:22:20.255033,02:22:20.255224,02:22:19.805865
450,safe,02:22:22.570319,02:22:22.570319,02:22:22.570781,02:22:22.570781,02:22:22.572126,02:22:22.572126,02:22:22.573871,02:22:22.573871,02:22:22.585085,02:22:22.585131,02:22:22.605118,02:22:22.629709,02:22:23.511442,02:22:22.612353,02:22:22.618620,02:22:22.618648,02:22:22.625270,02:22:23.020940,02:22:23.021092,02:22:22.571460
450,safe,02:22:25.249054,02:22:25.249054,02:22:25.249644,02:22:25.249644,02:22:25.250971,02:22:25.250971,02:22:25.252726,02:22:25.252726,02:22:25.262213,02:22:25.262241,02:22:25.277669,02:22:25.298889,02:22:26.181105,02:22:25.283512,02:22:25.289178,02:22:25.289200,02:22:25.294636,02:22:25.699862,02:22:25.700034,02:22:25.250449
450,safe,02:22:27.975492,02:22:27.975492,02:22:27.976104,02:22:27.976104,02:22:27.977524,02:22:27.977524,02:22:27.979222,02:22:27.979222,02:22:27.988657,02:22:27.988690,02:22:28.004773,02:22:28.026162,02:22:28.907383,02:22:28.010670,02:22:28.016657,02:22:28.016681,02:22:28.022108,02:22:28.426029,02:22:28.426218,02:22:27.976941
450,safe,02:22:30.690629,02:22:30.690629,02:22:30.691133,02:22:30.691133,02:22:30.692360,02:22:30.692360,02:22:30.694141,02:22:30.694141,02:22:30.703827,02:22:30.703864,02:22:30.718786,02:22:30.740032,02:22:31.619996,02:22:30.724500,02:22:30.729930,02:22:30.729949,02:22:30.735673,02:22:31.141488,02:22:31.141664,02:22:30.691814
450,safe,02:22:33.415537,02:22:33.415537,02:22:33.415899,02:22:33.415899,02:22:33.417144,02:22:33.417144,02:22:33.418536,02:22:33.418536,02:22:33.427922,02:22:33.427944,02:22:33.442007,02:22:33.462975,02:22:34.346619,02:22:33.447948,02:22:33.453180,02:22:33.453201,02:22:33.458428,02:22:33.865077,02:22:33.865256,02:22:33.416643
450,safe,02:22:36.165134,02:22:36.165134,02:22:36.165568,02:22:36.165568,02:22:36.167125,02:22:36.167125,02:22:36.169061,02:22:36.169061,02:22:36.178411,02:22:36.178432,02:22:36.205249,02:22:36.226231,02:22:37.106129,02:22:36.211226,02:22:36.216392,02:22:36.216409,02:22:36.221948,02:22:36.615898,02:22:36.616074,02:22:36.166270
450,safe,02:22:38.899472,02:22:38.899472,02:22:38.899934,02:22:38.899934,02:22:38.901344,02:22:38.901344,02:22:38.902872,02:22:38.902872,02:22:38.912013,02:22:38.912032,02:22:38.927337,02:22:38.947695,02:22:39.829467,02:22:38.932904,02:22:38.938114,02:22:38.938135,02:22:38.943318,02:22:39.349971,02:22:39.350171,02:22:38.900607
450,safe,02:22:41.619149,02:22:41.619149,02:22:41.619743,02:22:41.619743,02:22:41.621121,02:22:41.621121,02:22:41.622653,02:22:41.622653,02:22:41.632614,02:22:41.632636,02:22:41.647263,02:22:41.669065,02:22:42.557630,02:22:41.653281,02:22:41.658628,02:22:41.658644,02:22:41.664385,02:22:42.069867,02:22:42.070019,02:22:41.620505
450,safe,02:22:44.364491,02:22:44.364491,02:22:44.364886,02:22:44.364886,02:22:44.366399,02:22:44.366399,02:22:44.368058,02:22:44.368058,02:22:44.378106,02:22:44.378136,02:22:44.393512,02:22:44.414646,02:22:45.296527,02:22:44.399132,02:22:44.404749,02:22:44.404767,02:22:44.410418,02:22:44.815181,02:22:44.815382,02:22:44.365627
450,safe,02:22:47.081917,02:22:47.081917,02:22:47.082336,02:22:47.082336,02:22:47.083587,02:22:47.083587,02:22:47.085270,02:22:47.085270,02:22:47.095988,02:22:47.096014,02:22:47.110791,02:22:47.131054,02:22:48.012782,02:22:47.116477,02:22:47.121688,02:22:47.121705,02:22:47.127042,02:22:47.532568,02:22:47.532748,02:22:47.083038
450,safe,02:22:49.805671,02:22:49.805671,02:22:49.806112,02:22:49.806112,02:22:49.807622,02:22:49.807622,02:22:49.809311,02:22:49.809311,02:22:49.819559,02:22:49.819579,02:22:49.834525,02:22:49.855737,02:22:50.737206,02:22:49.840471,02:22:49.845758,02:22:49.845779,02:22:49.851328,02:22:50.255747,02:22:50.255923,02:22:49.806771
450,safe,02:22:52.619459,02:22:52.619459,02:22:52.620277,02:22:52.620277,02:22:52.622424,02:22:52.622424,02:22:52.624769,02:22:52.624769,02:22:52.636467,02:22:52.636523,02:22:52.658750,02:22:52.681894,02:22:53.562568,02:22:52.666181,02:22:52.671988,02:22:52.672013,02:22:52.677752,02:22:53.069565,02:22:53.069732,02:22:52.621358
450,safe,02:22:55.351996,02:22:55.351996,02:22:55.352401,02:22:55.352401,02:22:55.353872,02:22:55.353872,02:22:55.355530,02:22:55.355530,02:22:55.364959,02:22:55.364982,02:22:55.380140,02:22:55.400842,02:22:56.282378,02:22:55.385788,02:22:55.391182,02:22:55.391203,02:22:55.396387,02:22:55.802645,02:22:55.802809,02:22:55.353060
450,safe,02:22:58.067102,02:22:58.067102,02:22:58.067558,02:22:58.067558,02:22:58.068780,02:22:58.068780,02:22:58.070203,02:22:58.070203,02:22:58.079661,02:22:58.079687,02:22:58.093911,02:22:58.115710,02:22:58.997585,02:22:58.100125,02:22:58.105839,02:22:58.105864,02:22:58.111309,02:22:58.517877,02:22:58.518050,02:22:58.068244
450,safe,02:23:00.795564,02:23:00.795564,02:23:00.796007,02:23:00.796007,02:23:00.797672,02:23:00.797672,02:23:00.799448,02:23:00.799448,02:23:00.811300,02:23:00.811325,02:23:00.826338,02:23:00.847089,02:23:01.727658,02:23:00.832173,02:23:00.837429,02:23:00.837445,02:23:00.842947,02:23:01.246477,02:23:01.246645,02:23:00.796767
450,safe,02:23:03.521351,02:23:03.521351,02:23:03.521807,02:23:03.521807,02:23:03.523259,02:23:03.523259,02:23:03.524989,02:23:03.524989,02:23:03.534278,02:23:03.534299,02:23:03.549898,02:23:03.577394,02:23:04.461201,02:23:03.558271,02:23:03.564414,02:23:03.564440,02:23:03.570905,02:23:03.970467,02:23:03.970650,02:23:03.522482
450,safe,02:23:06.247901,02:23:06.247901,02:23:06.248265,02:23:06.248265,02:23:06.249717,02:23:06.249717,02:23:06.251184,02:23:06.251184,02:23:06.260423,02:23:06.260444,02:23:06.274991,02:23:06.296156,02:23:07.178951,02:23:06.280770,02:23:06.286412,02:23:06.286436,02:23:06.291892,02:23:06.698449,02:23:06.698610,02:23:06.248896
450,safe,02:23:08.967017,02:23:08.967017,02:23:08.967443,02:23:08.967443,02:23:08.968766,02:23:08.968766,02:23:08.970703,02:23:08.970703,02:23:08.981040,02:23:08.981064,02:23:09.006963,02:23:09.027780,02:23:09.908213,02:23:09.012945,02:23:09.018306,02:23:09.018324,02:23:09.023778,02:23:09.417745,02:23:09.417903,02:23:08.968200
450,safe,02:23:11.702067,02:23:11.702067,02:23:11.702529,02:23:11.702529,02:23:11.703789,02:23:11.703789,02:23:11.705625,02:23:11.705625,02:23:11.715354,02:23:11.715375,02:23:11.731149,02:23:11.752804,02:23:12.641986,02:23:11.737949,02:23:11.743288,02:23:11.743309,02:23:11.748546,02:23:12.152703,02:23:12.152856,02:23:11.703276
450,safe,02:23:14.428921,02:23:14.428921,02:23:14.429348,02:23:14.429348,02:23:14.430593,02:23:14.430593,02:23:14.432467,02:23:14.432467,02:23:14.442624,02:23:14.442645,02:23:14.457820,02:23:14.479786,02:23:15.364519,02:23:14.463495,02:23:14.469008,02:23:14.469024,02:23:14.475047,02:23:14.879821,02:23:14.879989,02:23:14.430051
450,safe,02:23:17.153758,02:23:17.153758,02:23:17.154296,02:23:17.154296,02:23:17.155742,02:23:17.155742,02:23:17.157410,02:23:17.157410,02:23:17.166633,02:23:17.166653,02:23:17.182019,02:23:17.202971,02:23:18.083085,02:23:17.187888,02:23:17.193206,02:23:17.193229,02:23:17.198723,02:23:17.604413,02:23:17.604579,02:23:17.155038
450,safe,02:23:19.875157,02:23:19.875157,02:23:19.875614,02:23:19.875614,02:23:19.876919,02:23:19.876919,02:23:19.878411,02:23:19.878411,02:23:19.888161,02:23:19.888182,02:23:19.903567,02:23:19.924790,02:23:20.806244,02:23:19.909687,02:23:19.915155,02:23:19.915179,02:23:19.920467,02:23:20.325845,02:23:20.326003,02:23:19.876404
450,safe,02:23:22.646558,02:23:22.646558,02:23:22.646989,02:23:22.646989,02:23:22.648439,02:23:22.648439,02:23:22.649936,02:23:22.649936,02:23:22.659822,02:23:22.659846,02:23:22.675284,02:23:22.696147,02:23:23.578936,02:23:22.681071,02:23:22.686466,02:23:22.686490,02:23:22.692031,02:23:23.097508,02:23:23.097673,02:23:22.647666
450,safe,02:23:25.372818,02:23:25.372818,02:23:25.373258,02:23:25.373258,02:23:25.374486,02:23:25.374486,02:23:25.376162,02:23:25.376162,02:23:25.385439,02:23:25.385459,02:23:25.405644,02:23:25.432299,02:23:26.314676,02:23:25.414140,02:23:25.421848,02:23:25.421881,02:23:25.428019,02:23:25.823706,02:23:25.823864,02:23:25.373987
450,safe,02:23:28.102247,02:23:28.102247,02:23:28.102696,02:23:28.102696,02:23:28.104149,02:23:28.104149,02:23:28.105699,02:23:28.105699,02:23:28.115277,02:23:28.115302,02:23:28.129683,02:23:28.151340,02:23:29.033810,02:23:28.135657,02:23:28.141234,02:23:28.141250,02:23:28.146930,02:23:28.553081,02:23:28.553256,02:23:28.103391
450,safe,02:23:30.828467,02:23:30.828467,02:23:30.828840,02:23:30.828840,02:23:30.830267,02:23:30.830267,02:23:30.831921,02:23:30.831921,02:23:30.841142,02:23:30.841166,02:23:30.856003,02:23:30.876739,02:23:31.759265,02:23:30.861892,02:23:30.866990,02:23:30.867013,02:23:30.872446,02:23:31.279211,02:23:31.279369,02:23:30.829510
450,safe,02:23:33.562414,02:23:33.562414,02:23:33.562899,02:23:33.562899,02:23:33.564437,02:23:33.564437,02:23:33.566574,02:23:33.566574,02:23:33.577461,02:23:33.577498,02:23:33.596004,02:23:33.618243,02:23:34.510066,02:23:33.602433,02:23:33.608186,02:23:33.608213,02:23:33.614496,02:23:34.012193,02:23:34.012391,02:23:33.563771
450,safe,02:23:36.311211,02:23:36.311211,02:23:36.311683,02:23:36.311683,02:23:36.313388,02:23:36.313388,02:23:36.315152,02:23:36.315152,02:23:36.325082,02:23:36.325106,02:23:36.340473,02:23:36.362470,02:23:37.243956,02:23:36.346641,02:23:36.352222,02:23:36.352246,02:23:36.358168,02:23:36.761703,02:23:36.761867,02:23:36.312771
450,safe,02:23:39.025570,02:23:39.025570,02:23:39.026031,02:23:39.026031,02:23:39.027615,02:23:39.027615,02:23:39.029221,02:23:39.029221,02:23:39.038699,02:23:39.038726,02:23:39.053262,02:23:39.073430,02:23:39.953930,02:23:39.058977,02:23:39.064104,02:23:39.064122,02:23:39.069232,02:23:39.476169,02:23:39.476342,02:23:39.026801
450,safe,02:23:41.738715,02:23:41.738715,02:23:41.739140,02:23:41.739140,02:23:41.740696,02:23:41.740696,02:23:41.742480,02:23:41.742480,02:23:41.752476,02:23:41.752501,02:23:41.782730,02:23:41.807120,02:23:42.697964,02:23:41.789900,02:23:41.796262,02:23:41.796294,02:23:41.802663,02:23:42.189682,02:23:42.189906,02:23:41.739825
450,safe,02:23:44.487558,02:23:44.487558,02:23:44.488161,02:23:44.488161,02:23:44.489486,02:23:44.489486,02:23:44.491224,02:23:44.491224,02:23:44.501559,02:23:44.501585,02:23:44.591217,02:23:44.611556,02:23:45.492859,02:23:44.596884,02:23:44.601842,02:23:44.601864,02:23:44.607338,02:23:44.938110,02:23:44.938290,02:23:44.488959
450,safe,02:23:47.289785,02:23:47.289785,02:23:47.290203,02:23:47.290203,02:23:47.291455,02:23:47.291455,02:23:47.293205,02:23:47.293205,02:23:47.302507,02:23:47.302528,02:23:47.316351,02:23:47.337746,02:23:48.216785,02:23:47.322261,02:23:47.327421,02:23:47.327440,02:23:47.333037,02:23:47.740307,02:23:47.740461,02:23:47.290925
450,safe,02:23:50.009436,02:23:50.009436,02:23:50.010093,02:23:50.010093,02:23:50.011561,02:23:50.011561,02:23:50.013449,02:23:50.013449,02:23:50.023176,02:23:50.023205,02:23:50.039190,02:23:50.062355,02:23:50.948423,02:23:50.045650,02:23:50.051518,02:23:50.051540,02:23:50.057607,02:23:50.459279,02:23:50.459472,02:23:50.010905
450,safe,02:23:52.739103,02:23:52.739103,02:23:52.739465,02:23:52.739465,02:23:52.740986,02:23:52.740986,02:23:52.742559,02:23:52.742559,02:23:52.752262,02:23:52.752286,02:23:52.766833,02:23:52.787675,02:23:53.668839,02:23:52.772501,02:23:52.778274,02:23:52.778291,02:23:52.783524,02:23:53.189874,02:23:53.190059,02:23:52.740132
450,safe,02:23:55.457588,02:23:55.457588,02:23:55.457975,02:23:55.457975,02:23:55.459180,02:23:55.459180,02:23:55.460930,02:23:55.460930,02:23:55.470394,02:23:55.470415,02:23:55.484409,02:23:55.505317,02:23:56.386000,02:23:55.490242,02:23:55.495692,02:23:55.495713,02:23:55.501018,02:23:55.910833,02:23:55.911043,02:23:55.458626
450,safe,02:23:58.188338,02:23:58.188338,02:23:58.188824,02:23:58.188824,02:23:58.190021,02:23:58.190021,02:23:58.191676,02:23:58.191676,02:23:58.200959,02:23:58.200979,02:23:58.216160,02:23:58.236862,02:23:59.119775,02:23:58.222132,02:23:58.227402,02:23:58.227423,02:23:58.232877,02:23:58.639293,02:23:58.639492,02:23:58.189535
450,safe,02:24:00.912278,02:24:00.912278,02:24:00.912758,02:24:00.912758,02:24:00.914317,02:24:00.914317,02:24:00.916021,02:24:00.916021,02:24:00.925430,02:24:00.925451,02:24:00.939834,02:24:00.960482,02:24:01.845724,02:24:00.945706,02:24:00.950861,02:24:00.950879,02:24:00.956108,02:24:01.363012,02:24:01.363167,02:24:00.913487
450,safe,02:24:03.640334,02:24:03.640334,02:24:03.640766,02:24:03.640766,02:24:03.642229,02:24:03.642229,02:24:03.643822,02:24:03.643822,02:24:03.655471,02:24:03.655494,02:24:03.670040,02:24:03.691985,02:24:04.575098,02:24:03.676404,02:24:03.682058,02:24:03.682081,02:24:03.687830,02:24:04.091060,02:24:04.091285,02:24:03.641482
450,safe,02:24:06.386497,02:24:06.386497,02:24:06.386888,02:24:06.386888,02:24:06.388437,02:24:06.388437,02:24:06.390154,02:24:06.390154,02:24:06.399734,02:24:06.399763,02:24:06.415175,02:24:06.437422,02:24:07.317368,02:24:06.421899,02:24:06.427718,02:24:06.427741,02:24:06.433098,02:24:06.837272,02:24:06.837428,02:24:06.387622
450,safe,02:24:09.113331,02:24:09.113331,02:24:09.113748,02:24:09.113748,02:24:09.114977,02:24:09.114977,02:24:09.116696,02:24:09.116696,02:24:09.126034,02:24:09.126057,02:24:09.145268,02:24:09.171991,02:24:10.055763,02:24:09.153980,02:24:09.160725,02:24:09.160755,02:24:09.167090,02:24:09.564234,02:24:09.564405,02:24:09.114433
450,safe,02:24:11.842056,02:24:11.842056,02:24:11.842799,02:24:11.842799,02:24:11.844760,02:24:11.844760,02:24:11.847317,02:24:11.847317,02:24:11.860160,02:24:11.860210,02:24:11.881438,02:24:11.910909,02:24:12.798547,02:24:11.889274,02:24:11.896215,02:24:11.896248,02:24:11.903960,02:24:12.292470,02:24:12.292660,02:24:11.843959
450,safe,02:24:14.599028,02:24:14.599028,02:24:14.599475,02:24:14.599475,02:24:14.601020,02:24:14.601020,02:24:14.602752,02:24:14.602752,02:24:14.612169,02:24:14.612191,02:24:14.628257,02:24:14.649555,02:24:15.529801,02:24:14.634485,02:24:14.639893,02:24:14.639910,02:24:14.645350,02:24:15.049808,02:24:15.049978,02:24:14.600165
450,safe,02:24:17.326576,02:24:17.326576,02:24:17.327128,02:24:17.327128,02:24:17.328531,02:24:17.328531,02:24:17.330080,02:24:17.330080,02:24:17.340666,02:24:17.340685,02:24:17.363014,02:24:17.384004,02:24:18.264724,02:24:17.369204,02:24:17.374644,02:24:17.374666,02:24:17.379904,02:24:17.777390,02:24:17.777561,02:24:17.327899
450,safe,02:24:20.047466,02:24:20.047466,02:24:20.048036,02:24:20.048036,02:24:20.049421,02:24:20.049421,02:24:20.051082,02:24:20.051082,02:24:20.061086,02:24:20.061115,02:24:20.080683,02:24:20.107420,02:24:20.988923,02:24:20.088620,02:24:20.095429,02:24:20.095458,02:24:20.102368,02:24:20.498041,02:24:20.498217,02:24:20.048792
450,safe,02:24:22.792901,02:24:22.792901,02:24:22.793432,02:24:22.793432,02:24:22.794985,02:24:22.794985,02:24:22.796954,02:24:22.796954,02:24:22.808015,02:24:22.808050,02:24:22.825385,02:24:22.850161,02:24:23.733951,02:24:22.832136,02:24:22.838809,02:24:22.838852,02:24:22.845101,02:24:23.243505,02:24:23.243708,02:24:22.794328
450,safe,02:24:25.529855,02:24:25.529855,02:24:25.530296,02:24:25.530296,02:24:25.531830,02:24:25.531830,02:24:25.533575,02:24:25.533575,02:24:25.543156,02:24:25.543183,02:24:25.558184,02:24:25.579248,02:24:26.461814,02:24:25.564112,02:24:25.569553,02:24:25.569575,02:24:25.575066,02:24:25.980449,02:24:25.980606,02:24:25.531008
450,safe,02:24:28.252173,02:24:28.252173,02:24:28.252635,02:24:28.252635,02:24:28.253904,02:24:28.253904,02:24:28.255792,02:24:28.255792,02:24:28.265071,02:24:28.265091,02:24:28.280101,02:24:28.300667,02:24:29.181274,02:24:28.286005,02:24:28.291368,02:24:28.291388,02:24:28.296405,02:24:28.703080,02:24:28.703261,02:24:28.253372
450,safe,02:24:30.976789,02:24:30.976789,02:24:30.977281,02:24:30.977281,02:24:30.978552,02:24:30.978552,02:24:30.980214,02:24:30.980214,02:24:30.989622,02:24:30.989646,02:24:31.007543,02:24:31.040520,02:24:31.926447,02:24:31.015871,02:24:31.023776,02:24:31.023816,02:24:31.033336,02:24:31.427553,02:24:31.427757,02:24:30.978033
450,safe,02:24:33.714498,02:24:33.714498,02:24:33.714862,02:24:33.714862,02:24:33.715989,02:24:33.715989,02:24:33.717526,02:24:33.717526,02:24:33.726729,02:24:33.726752,02:24:33.741576,02:24:33.763244,02:24:34.646106,02:24:33.747978,02:24:33.753417,02:24:33.753443,02:24:33.758961,02:24:34.165329,02:24:34.165555,02:24:33.715500
450,safe,02:24:36.435323,02:24:36.435323,02:24:36.435844,02:24:36.435844,02:24:36.437082,02:24:36.437082,02:24:36.438899,02:24:36.438899,02:24:36.448642,02:24:36.448668,02:24:36.463565,02:24:36.485112,02:24:37.366026,02:24:36.469394,02:24:36.474940,02:24:36.474964,02:24:36.480329,02:24:36.886225,02:24:36.886398,02:24:36.436535
450,safe,02:24:39.176471,02:24:39.176471,02:24:39.176907,02:24:39.176907,02:24:39.178381,02:24:39.178381,02:24:39.179975,02:24:39.179975,02:24:39.189627,02:24:39.189654,02:24:39.204651,02:24:39.226256,02:24:40.108425,02:24:39.210823,02:24:39.216534,02:24:39.216560,02:24:39.222150,02:24:39.627324,02:24:39.627479,02:24:39.177601
450,safe,02:24:41.900155,02:24:41.900155,02:24:41.900816,02:24:41.900816,02:24:41.903213,02:24:41.903213,02:24:41.905374,02:24:41.905374,02:24:41.915696,02:24:41.915742,02:24:41.934792,02:24:41.962349,02:24:42.852232,02:24:41.941681,02:24:41.948377,02:24:41.948402,02:24:41.954952,02:24:42.350643,02:24:42.350797,02:24:41.902089
450,safe,02:24:44.650099,02:24:44.650099,02:24:44.650532,02:24:44.650532,02:24:44.651872,02:24:44.651872,02:24:44.653326,02:24:44.653326,02:24:44.663156,02:24:44.663177,02:24:44.678104,02:24:44.699489,02:24:45.580895,02:24:44.683958,02:24:44.689717,02:24:44.689739,02:24:44.695194,02:24:45.101179,02:24:45.101338,02:24:44.651324
450,safe,02:24:47.386158,02:24:47.386158,02:24:47.386683,02:24:47.386683,02:24:47.387862,02:24:47.387862,02:24:47.389746,02:24:47.389746,02:24:47.399646,02:24:47.399669,02:24:47.414762,02:24:47.434886,02:24:48.318611,02:24:47.420447,02:24:47.425675,02:24:47.425695,02:24:47.430924,02:24:47.836845,02:24:47.837028,02:24:47.387364
450,safe,02:24:50.121643,02:24:50.121643,02:24:50.122125,02:24:50.122125,02:24:50.123555,02:24:50.123555,02:24:50.125307,02:24:50.125307,02:24:50.134965,02:24:50.134988,02:24:50.157025,02:24:50.177406,02:24:51.058620,02:24:50.162732,02:24:50.167917,02:24:50.167940,02:24:50.173313,02:24:50.571790,02:24:50.571960,02:24:50.122922
450,safe,02:24:52.854735,02:24:52.854735,02:24:52.855145,02:24:52.855145,02:24:52.856603,02:24:52.856603,02:24:52.858172,02:24:52.858172,02:24:52.867682,02:24:52.867739,02:24:52.888020,02:24:52.913910,02:24:53.794845,02:24:52.896737,02:24:52.903250,02:24:52.903280,02:24:52.909508,02:24:53.305287,02:24:53.305454,02:24:52.855855
450,safe,02:24:55.598444,02:24:55.598444,02:24:55.598952,02:24:55.598952,02:24:55.600280,02:24:55.600280,02:24:55.601897,02:24:55.601897,02:24:55.614094,02:24:55.614127,02:24:55.629118,02:24:55.650146,02:24:56.530592,02:24:55.635468,02:24:55.640576,02:24:55.640593,02:24:55.645652,02:24:56.049109,02:24:56.049278,02:24:55.599729
450,safe,02:24:58.332991,02:24:58.332991,02:24:58.333423,02:24:58.333423,02:24:58.334672,02:24:58.334672,02:24:58.335984,02:24:58.335984,02:24:58.345650,02:24:58.345691,02:24:58.360119,02:24:58.381111,02:24:59.261701,02:24:58.366214,02:24:58.371297,02:24:58.371319,02:24:58.376912,02:24:58.783982,02:24:58.784136,02:24:58.334152
450,safe,02:25:01.055477,02:25:01.055477,02:25:01.055876,02:25:01.055876,02:25:01.057058,02:25:01.057058,02:25:01.058854,02:25:01.058854,02:25:01.068361,02:25:01.068390,02:25:01.082874,02:25:01.103112,02:25:01.988967,02:25:01.088446,02:25:01.093621,02:25:01.093642,02:25:01.098985,02:25:01.506439,02:25:01.506644,02:25:01.056555
450,safe,02:25:03.779437,02:25:03.779437,02:25:03.779867,02:25:03.779867,02:25:03.781397,02:25:03.781397,02:25:03.783051,02:25:03.783051,02:25:03.792280,02:25:03.792303,02:25:03.809906,02:25:03.836468,02:25:04.720185,02:25:03.816965,02:25:03.825462,02:25:03.825491,02:25:03.831572,02:25:04.230390,02:25:04.230579,02:25:03.780547
450,safe,02:25:06.505809,02:25:06.505809,02:25:06.506277,02:25:06.506277,02:25:06.507501,02:25:06.507501,02:25:06.509169,02:25:06.509169,02:25:06.522321,02:25:06.522347,02:25:06.536416,02:25:06.557313,02:25:07.439148,02:25:06.542270,02:25:06.547811,02:25:06.547834,02:25:06.553210,02:25:06.956358,02:25:06.956522,02:25:06.506977
450,safe,02:25:09.229465,02:25:09.229465,02:25:09.229864,02:25:09.229864,02:25:09.231274,02:25:09.231274,02:25:09.232855,02:25:09.232855,02:25:09.242022,02:25:09.242044,02:25:09.256187,02:25:09.276576,02:25:10.158928,02:25:09.261845,02:25:09.267186,02:25:09.267205,02:25:09.272455,02:25:09.680092,02:25:09.680240,02:25:09.230502
450,safe,02:25:11.962382,02:25:11.962382,02:25:11.963136,02:25:11.963136,02:25:11.964798,02:25:11.964798,02:25:11.966845,02:25:11.966845,02:25:11.977119,02:25:11.977177,02:25:11.997135,02:25:12.030064,02:25:12.914415,02:25:12.005552,02:25:12.014700,02:25:12.014732,02:25:12.022904,02:25:12.412656,02:25:12.412831,02:25:11.964175
450,safe,02:25:14.711555,02:25:14.711555,02:25:14.712062,02:25:14.712062,02:25:14.713381,02:25:14.713381,02:25:14.714810,02:25:14.714810,02:25:14.724243,02:25:14.724266,02:25:14.739408,02:25:14.762642,02:25:15.645918,02:25:14.745559,02:25:14.751458,02:25:14.751482,02:25:14.757938,02:25:15.162005,02:25:15.162173,02:25:14.712829
450,safe,02:25:17.434261,02:25:17.434261,02:25:17.434744,02:25:17.434744,02:25:17.435892,02:25:17.435892,02:25:17.437448,02:25:17.437448,02:25:17.447172,02:25:17.447193,02:25:17.461445,02:25:17.483178,02:25:18.366435,02:25:17.467373,02:25:17.472824,02:25:17.472847,02:25:17.477992,02:25:17.885661,02:25:17.885823,02:25:17.435387
450,safe,02:25:20.158581,02:25:20.158581,02:25:20.159163,02:25:20.159163,02:25:20.160507,02:25:20.160507,02:25:20.162186,02:25:20.162186,02:25:20.171454,02:25:20.171489,02:25:20.186538,02:25:20.207777,02:25:21.087312,02:25:20.192519,02:25:20.197870,02:25:20.197886,02:25:20.203277,02:25:20.609435,02:25:20.609604,02:25:20.159903
450,safe,02:25:22.894026,02:25:22.894026,02:25:22.894624,02:25:22.894624,02:25:22.895880,02:25:22.895880,02:25:22.897616,02:25:22.897616,02:25:22.906982,02:25:22.907003,02:25:22.930770,02:25:22.951357,02:25:23.830918,02:25:22.936468,02:25:22.941821,02:25:22.941842,02:25:22.947029,02:25:23.345096,02:25:23.345250,02:25:22.895370
450,safe,02:25:25.628423,02:25:25.628423,02:25:25.628814,02:25:25.628814,02:25:25.630073,02:25:25.630073,02:25:25.632026,02:25:25.632026,02:25:25.641996,02:25:25.642021,02:25:25.683082,02:25:25.703457,02:25:26.585479,02:25:25.688754,02:25:25.693938,02:25:25.693961,02:25:25.699382,02:25:26.079201,02:25:26.079359,02:25:25.629530
450,safe,02:25:28.383122,02:25:28.383122,02:25:28.383620,02:25:28.383620,02:25:28.384923,02:25:28.384923,02:25:28.386879,02:25:28.386879,02:25:28.396364,02:25:28.396387,02:25:28.409088,02:25:28.429493,02:25:29.311309,02:25:28.415003,02:25:28.420218,02:25:28.420234,02:25:28.425370,02:25:28.833897,02:25:28.834062,02:25:28.384355
450,safe,02:25:31.106860,02:25:31.106860,02:25:31.107270,02:25:31.107270,02:25:31.108534,02:25:31.108534,02:25:31.110062,02:25:31.110062,02:25:31.119209,02:25:31.119230,02:25:31.134460,02:25:31.155554,02:25:32.043365,02:25:31.140404,02:25:31.145702,02:25:31.145725,02:25:31.151365,02:25:31.557858,02:25:31.558031,02:25:31.108023
450,safe,02:25:33.841075,02:25:33.841075,02:25:33.841508,02:25:33.841508,02:25:33.842964,02:25:33.842964,02:25:33.844685,02:25:33.844685,02:25:33.854176,02:25:33.854200,02:25:33.868054,02:25:33.889094,02:25:34.774166,02:25:33.873754,02:25:33.879057,02:25:33.879078,02:25:33.884723,02:25:34.292143,02:25:34.292317,02:25:33.842208
450,safe,02:25:36.569409,02:25:36.569409,02:25:36.569795,02:25:36.569795,02:25:36.570998,02:25:36.570998,02:25:36.572973,02:25:36.572973,02:25:36.582880,02:25:36.582902,02:25:36.597124,02:25:36.617343,02:25:37.498263,02:25:36.603127,02:25:36.608249,02:25:36.608267,02:25:36.613410,02:25:37.020180,02:25:37.020335,02:25:36.570454
450,safe,02:25:39.283679,02:25:39.283679,02:25:39.284085,02:25:39.284085,02:25:39.285391,02:25:39.285391,02:25:39.286906,02:25:39.286906,02:25:39.296248,02:25:39.296285,02:25:39.310540,02:25:39.331286,02:25:40.213746,02:25:39.316426,02:25:39.321421,02:25:39.321443,02:25:39.327139,02:25:39.734444,02:25:39.734641,02:25:39.284826
450,safe,02:25:42.009117,02:25:42.009117,02:25:42.009774,02:25:42.009774,02:25:42.011273,02:25:42.011273,02:25:42.013071,02:25:42.013071,02:25:42.023329,02:25:42.023393,02:25:42.048196,02:25:42.083534,02:25:42.970094,02:25:42.056502,02:25:42.063522,02:25:42.063549,02:25:42.073124,02:25:42.459548,02:25:42.459712,02:25:42.010699
450,safe,02:25:44.768764,02:25:44.768764,02:25:44.769239,02:25:44.769239,02:25:44.770708,02:25:44.770708,02:25:44.772370,02:25:44.772370,02:25:44.781979,02:25:44.782004,02:25:44.797610,02:25:44.818889,02:25:45.700687,02:25:44.803458,02:25:44.809169,02:25:44.809192,02:25:44.814697,02:25:45.219360,02:25:45.219530,02:25:44.769880
450,safe,02:25:47.497626,02:25:47.497626,02:25:47.498077,02:25:47.498077,02:25:47.499438,02:25:47.499438,02:25:47.501032,02:25:47.501032,02:25:47.510533,02:25:47.510555,02:25:47.524213,02:25:47.544985,02:25:48.425169,02:25:47.529954,02:25:47.535476,02:25:47.535492,02:25:47.540865,02:25:47.948357,02:25:47.948510,02:25:47.498759
450,safe,02:25:50.210204,02:25:50.210204,02:25:50.210629,02:25:50.210629,02:25:50.211879,02:25:50.211879,02:25:50.213310,02:25:50.213310,02:25:50.222611,02:25:50.222635,02:25:50.237866,02:25:50.262376,02:25:51.148144,02:25:50.243827,02:25:50.249678,02:25:50.249699,02:25:50.255505,02:25:50.660348,02:25:50.660515,02:25:50.211331
450,safe,02:25:52.945668,02:25:52.945668,02:25:52.946128,02:25:52.946128,02:25:52.947337,02:25:52.947337,02:25:52.949120,02:25:52.949120,02:25:52.958525,02:25:52.958552,02:25:52.973496,02:25:52.995097,02:25:53.877086,02:25:52.980082,02:25:52.985420,02:25:52.985443,02:25:52.990928,02:25:53.396138,02:25:53.396298,02:25:52.946826
450,safe,02:25:55.669915,02:25:55.669915,02:25:55.670276,02:25:55.670276,02:25:55.671423,02:25:55.671423,02:25:55.672867,02:25:55.672867,02:25:55.682074,02:25:55.682096,02:25:55.705336,02:25:55.727269,02:25:56.608948,02:25:55.711646,02:25:55.717264,02:25:55.717287,02:25:55.722834,02:25:56.120606,02:25:56.120765,02:25:55.670922
450,safe,02:25:58.402743,02:25:58.402743,02:25:58.403327,02:25:58.403327,02:25:58.404683,02:25:58.404683,02:25:58.406383,02:25:58.406383,02:25:58.415888,02:25:58.415913,02:25:58.430530,02:25:58.450782,02:25:59.335821,02:25:58.436255,02:25:58.441491,02:25:58.441509,02:25:58.446733,02:25:58.853399,02:25:58.853591,02:25:58.404158
500,safe,02:26:01.137641,02:26:01.137641,02:26:01.138230,02:26:01.138230,02:26:01.139475,02:26:01.139475,02:26:01.141304,02:26:01.141304,02:26:01.150688,02:26:01.150713,02:26:01.165263,02:26:01.186778,02:26:02.081513,02:26:01.170926,02:26:01.176329,02:26:01.176345,02:26:01.182100,02:26:01.638158,02:26:01.638362,02:26:01.138970
500,safe,02:26:03.869619,02:26:03.869619,02:26:03.870067,02:26:03.870067,02:26:03.871284,02:26:03.871284,02:26:03.872604,02:26:03.872604,02:26:03.881805,02:26:03.881828,02:26:03.895762,02:26:03.916990,02:26:04.805436,02:26:03.902121,02:26:03.907917,02:26:03.907942,02:26:03.913042,02:26:04.370723,02:26:04.370935,02:26:03.870774
500,safe,02:26:06.611307,02:26:06.611307,02:26:06.611946,02:26:06.611946,02:26:06.613259,02:26:06.613259,02:26:06.615026,02:26:06.615026,02:26:06.624670,02:26:06.624701,02:26:06.639912,02:26:06.661021,02:26:07.544934,02:26:06.645888,02:26:06.651300,02:26:06.651321,02:26:06.656562,02:26:07.111836,02:26:07.112064,02:26:06.612721
500,safe,02:26:09.333623,02:26:09.333623,02:26:09.334097,02:26:09.334097,02:26:09.335942,02:26:09.335942,02:26:09.337573,02:26:09.337573,02:26:09.350171,02:26:09.350199,02:26:09.367983,02:26:09.395569,02:26:10.279105,02:26:09.376577,02:26:09.382802,02:26:09.382827,02:26:09.390758,02:26:09.834198,02:26:09.834395,02:26:09.335108
500,safe,02:26:12.073103,02:26:12.073103,02:26:12.074296,02:26:12.074296,02:26:12.076976,02:26:12.076976,02:26:12.079738,02:26:12.079738,02:26:12.090945,02:26:12.091000,02:26:12.113146,02:26:12.141622,02:26:13.025019,02:26:12.122297,02:26:12.128688,02:26:12.128717,02:26:12.135474,02:26:12.573218,02:26:12.573379,02:26:12.075828
500,safe,02:26:14.827270,02:26:14.827270,02:26:14.827762,02:26:14.827762,02:26:14.829253,02:26:14.829253,02:26:14.830935,02:26:14.830935,02:26:14.840582,02:26:14.840608,02:26:14.856198,02:26:14.878989,02:26:15.762201,02:26:14.862416,02:26:14.868219,02:26:14.868252,02:26:14.874386,02:26:15.327900,02:26:15.328087,02:26:14.828458
500,safe,02:26:17.566878,02:26:17.566878,02:26:17.567354,02:26:17.567354,02:26:17.568686,02:26:17.568686,02:26:17.570349,02:26:17.570349,02:26:17.580731,02:26:17.580752,02:26:17.595417,02:26:17.616504,02:26:18.496273,02:26:17.601731,02:26:17.606975,02:26:17.606998,02:26:17.612044,02:26:18.067881,02:26:18.068041,02:26:17.568122
500,safe,02:26:20.286834,02:26:20.286834,02:26:20.287243,02:26:20.287243,02:26:20.288586,02:26:20.288586,02:26:20.290163,02:26:20.290163,02:26:20.299656,02:26:20.299675,02:26:20.314442,02:26:20.335140,02:26:21.218614,02:26:20.320491,02:26:20.325599,02:26:20.325617,02:26:20.330793,02:26:20.787532,02:26:20.787693,02:26:20.287979
500,safe,02:26:23.026806,02:26:23.026806,02:26:23.027425,02:26:23.027425,02:26:23.028967,02:26:23.028967,02:26:23.030812,02:26:23.030812,02:26:23.040870,02:26:23.040900,02:26:23.057027,02:26:23.078859,02:26:23.959657,02:26:23.063260,02:26:23.069275,02:26:23.069297,02:26:23.074493,02:26:23.527375,02:26:23.527608,02:26:23.028240
500,safe,02:26:25.764255,02:26:25.764255,02:26:25.764712,02:26:25.764712,02:26:25.766263,02:26:25.766263,02:26:25.767862,02:26:25.767862,02:26:25.777287,02:26:25.777312,02:26:25.791503,02:26:25.812371,02:26:26.692880,02:26:25.797354,02:26:25.802802,02:26:25.802818,02:26:25.808113,02:26:26.265185,02:26:26.265369,02:26:25.765409
500,safe,02:26:28.483665,02:26:28.483665,02:26:28.484027,02:26:28.484027,02:26:28.485218,02:26:28.485218,02:26:28.486674,02:26:28.486674,02:26:28.495734,02:26:28.495754,02:26:28.517719,02:26:28.538283,02:26:29.418770,02:26:28.523500,02:26:28.528628,02:26:28.528646,02:26:28.533806,02:26:28.984469,02:26:28.984641,02:26:28.484712
500,safe,02:26:31.224034,02:26:31.224034,02:26:31.224617,02:26:31.224617,02:26:31.226069,02:26:31.226069,02:26:31.227846,02:26:31.227846,02:26:31.237326,02:26:31.237348,02:26:31.253396,02:26:31.274423,02:26:32.164009,02:26:31.259197,02:26:31.264647,02:26:31.264669,02:26:31.269822,02:26:31.724588,02:26:31.724786,02:26:31.225318
500,safe,02:26:33.966444,02:26:33.966444,02:26:33.966891,02:26:33.966891,02:26:33.968122,02:26:33.968122,02:26:33.969545,02:26:33.969545,02:26:33.979140,02:26:33.979179,02:26:33.994160,02:26:34.014743,02:26:34.894577,02:26:33.999691,02:26:34.005309,02:26:34.005333,02:26:34.010648,02:26:34.467296,02:26:34.467456,02:26:33.967625
500,safe,02:26:36.693690,02:26:36.693690,02:26:36.694120,02:26:36.694120,02:26:36.695273,02:26:36.695273,02:26:36.696684,02:26:36.696684,02:26:36.706095,02:26:36.706117,02:26:36.720697,02:26:36.741899,02:26:37.622727,02:26:36.726462,02:26:36.732040,02:26:36.732057,02:26:36.737679,02:26:37.194451,02:26:37.194660,02:26:36.694759
500,safe,02:26:39.442189,02:26:39.442189,02:26:39.442571,02:26:39.442571,02:26:39.443747,02:26:39.443747,02:26:39.445435,02:26:39.445435,02:26:39.454723,02:26:39.454742,02:26:39.469968,02:26:39.492003,02:26:40.373811,02:26:39.476258,02:26:39.482285,02:26:39.482308,02:26:39.487776,02:26:39.942805,02:26:39.942971,02:26:39.443228
500,safe,02:26:42.165821,02:26:42.165821,02:26:42.166753,02:26:42.166753,02:26:42.168758,02:26:42.168758,02:26:42.170689,02:26:42.170689,02:26:42.180766,02:26:42.180807,02:26:42.196986,02:26:42.229522,02:26:43.113548,02:26:42.205192,02:26:42.214443,02:26:42.214479,02:26:42.222642,02:26:42.666334,02:26:42.666512,02:26:42.167906
500,safe,02:26:44.911686,02:26:44.911686,02:26:44.912069,02:26:44.912069,02:26:44.913571,02:26:44.913571,02:26:44.915186,02:26:44.915186,02:26:44.924555,02:26:44.924578,02:26:44.938769,02:26:44.959677,02:26:45.841883,02:26:44.945013,02:26:44.950397,02:26:44.950421,02:26:44.955610,02:26:45.412703,02:26:45.412891,02:26:44.912721
500,safe,02:26:47.649289,02:26:47.649289,02:26:47.649730,02:26:47.649730,02:26:47.651328,02:26:47.651328,02:26:47.652968,02:26:47.652968,02:26:47.663408,02:26:47.663431,02:26:47.678315,02:26:47.699461,02:26:48.581708,02:26:47.684447,02:26:47.690056,02:26:47.690073,02:26:47.695307,02:26:48.150032,02:26:48.150191,02:26:47.650500
500,safe,02:26:50.382428,02:26:50.382428,02:26:50.383011,02:26:50.383011,02:26:50.384318,02:26:50.384318,02:26:50.385945,02:26:50.385945,02:26:50.398101,02:26:50.398129,02:26:50.412650,02:26:50.433555,02:26:51.314192,02:26:50.418497,02:26:50.423911,02:26:50.423929,02:26:50.429399,02:26:50.882726,02:26:50.882908,02:26:50.383773
500,safe,02:26:53.118659,02:26:53.118659,02:26:53.119084,02:26:53.119084,02:26:53.120418,02:26:53.120418,02:26:53.121880,02:26:53.121880,02:26:53.131911,02:26:53.131953,02:26:53.147820,02:26:53.177727,02:26:54.060909,02:26:53.155384,02:26:53.163367,02:26:53.163396,02:26:53.171848,02:26:53.619268,02:26:53.619433,02:26:53.119842
500,safe,02:26:55.858984,02:26:55.858984,02:26:55.859461,02:26:55.859461,02:26:55.860678,02:26:55.860678,02:26:55.862663,02:26:55.862663,02:26:55.872280,02:26:55.872303,02:26:55.886990,02:26:55.907356,02:26:56.791054,02:26:55.892853,02:26:55.898061,02:26:55.898083,02:26:55.903414,02:26:56.359679,02:26:56.359843,02:26:55.860157
500,safe,02:26:58.584416,02:26:58.584416,02:26:58.584797,02:26:58.584797,02:26:58.586297,02:26:58.586297,02:26:58.587901,02:26:58.587901,02:26:58.598083,02:26:58.598111,02:26:58.612336,02:26:58.633946,02:26:59.515079,02:26:58.618419,02:26:58.623835,02:26:58.623864,02:26:58.629520,02:26:59.085139,02:26:59.085294,02:26:58.585497
500,safe,02:27:01.333655,02:27:01.333655,02:27:01.334182,02:27:01.334182,02:27:01.335706,02:27:01.335706,02:27:01.337511,02:27:01.337511,02:27:01.347124,02:27:01.347149,02:27:01.370713,02:27:01.391577,02:27:02.282438,02:27:01.376539,02:27:01.382083,02:27:01.382100,02:27:01.387465,02:27:01.834415,02:27:01.834577,02:27:01.334883
500,safe,02:27:04.080939,02:27:04.080939,02:27:04.081325,02:27:04.081325,02:27:04.082741,02:27:04.082741,02:27:04.084468,02:27:04.084468,02:27:04.093837,02:27:04.093861,02:27:04.109653,02:27:04.132997,02:27:05.019248,02:27:04.115535,02:27:04.120817,02:27:04.120835,02:27:04.127747,02:27:04.581697,02:27:04.581881,02:27:04.081970
500,safe,02:27:06.815387,02:27:06.815387,02:27:06.815885,02:27:06.815885,02:27:06.817121,02:27:06.817121,02:27:06.818524,02:27:06.818524,02:27:06.828044,02:27:06.828076,02:27:06.842526,02:27:06.863743,02:27:07.745087,02:27:06.848702,02:27:06.854144,02:27:06.854165,02:27:06.859575,02:27:07.316249,02:27:07.316439,02:27:06.816589
500,safe,02:27:09.539222,02:27:09.539222,02:27:09.539800,02:27:09.539800,02:27:09.541073,02:27:09.541073,02:27:09.542551,02:27:09.542551,02:27:09.551894,02:27:09.551915,02:27:09.566679,02:27:09.587680,02:27:10.467179,02:27:09.572687,02:27:09.578098,02:27:09.578124,02:27:09.583236,02:27:10.039943,02:27:10.040149,02:27:09.540534
500,safe,02:27:12.264792,02:27:12.264792,02:27:12.265264,02:27:12.265264,02:27:12.266468,02:27:12.266468,02:27:12.268257,02:27:12.268257,02:27:12.281708,02:27:12.281736,02:27:12.297531,02:27:12.319099,02:27:13.200472,02:27:12.303498,02:27:12.308994,02:27:12.309015,02:27:12.314720,02:27:12.765309,02:27:12.765479,02:27:12.265933
500,safe,02:27:15.001125,02:27:15.001125,02:27:15.001645,02:27:15.001645,02:27:15.003083,02:27:15.003083,02:27:15.004600,02:27:15.004600,02:27:15.014537,02:27:15.014560,02:27:15.029274,02:27:15.050380,02:27:15.931818,02:27:15.035040,02:27:15.040897,02:27:15.040918,02:27:15.046330,02:27:15.501836,02:27:15.502010,02:27:15.002390
500,safe,02:27:17.725520,02:27:17.725520,02:27:17.725893,02:27:17.725893,02:27:17.727433,02:27:17.727433,02:27:17.729187,02:27:17.729187,02:27:17.738473,02:27:17.738494,02:27:17.752429,02:27:17.772916,02:27:18.654942,02:27:17.758166,02:27:17.763687,02:27:17.763708,02:27:17.768770,02:27:18.226276,02:27:18.226435,02:27:17.726665
500,safe,02:27:20.460331,02:27:20.460331,02:27:20.460713,02:27:20.460713,02:27:20.462417,02:27:20.462417,02:27:20.464262,02:27:20.464262,02:27:20.473911,02:27:20.473936,02:27:20.488290,02:27:20.509007,02:27:21.390174,02:27:20.494128,02:27:20.499186,02:27:20.499211,02:27:20.504735,02:27:20.960909,02:27:20.961116,02:27:20.461500
500,safe,02:27:23.190453,02:27:23.190453,02:27:23.190832,02:27:23.190832,02:27:23.192339,02:27:23.192339,02:27:23.193950,02:27:23.193950,02:27:23.203717,02:27:23.203742,02:27:23.220606,02:27:23.244449,02:27:24.127936,02:27:23.226949,02:27:23.233291,02:27:23.233314,02:27:23.239813,02:27:23.691031,02:27:23.691226,02:27:23.191557
500,safe,02:27:25.886924,02:27:25.886924,02:27:25.887329,02:27:25.887329,02:27:25.888818,02:27:25.888818,02:27:25.890515,02:27:25.890515,02:27:25.902928,02:27:25.902957,02:27:25.916418,02:27:25.937476,02:27:26.819712,02:27:25.922249,02:27:25.928010,02:27:25.928033,02:27:25.933571,02:27:26.388094,02:27:26.388257,02:27:25.887974
500,safe,02:27:28.620958,02:27:28.620958,02:27:28.621407,02:27:28.621407,02:27:28.622576,02:27:28.622576,02:27:28.624337,02:27:28.624337,02:27:28.635408,02:27:28.635434,02:27:28.650789,02:27:28.672673,02:27:29.554171,02:27:28.656663,02:27:28.662736,02:27:28.662755,02:27:28.668442,02:27:29.121705,02:27:29.121906,02:27:28.622086
500,safe,02:27:31.351775,02:27:31.351775,02:27:31.352174,02:27:31.352174,02:27:31.353496,02:27:31.353496,02:27:31.354842,02:27:31.354842,02:27:31.364288,02:27:31.364319,02:27:31.379166,02:27:31.399676,02:27:32.288915,02:27:31.384985,02:27:31.390367,02:27:31.390383,02:27:31.395530,02:27:31.852580,02:27:31.852740,02:27:31.352921
500,safe,02:27:34.080553,02:27:34.080553,02:27:34.081113,02:27:34.081113,02:27:34.082558,02:27:34.082558,02:27:34.084160,02:27:34.084160,02:27:34.093453,02:27:34.093475,02:27:34.116177,02:27:34.139392,02:27:35.026422,02:27:34.122227,02:27:34.127693,02:27:34.127728,02:27:34.134574,02:27:34.581490,02:27:34.581658,02:27:34.081795
500,safe,02:27:36.824361,02:27:36.824361,02:27:36.824785,02:27:36.824785,02:27:36.826367,02:27:36.826367,02:27:36.828229,02:27:36.828229,02:27:36.837488,02:27:36.837512,02:27:36.852362,02:27:36.873797,02:27:37.757129,02:27:36.858559,02:27:36.864262,02:27:36.864298,02:27:36.869623,02:27:37.325315,02:27:37.325480,02:27:36.825471
500,safe,02:27:39.549890,02:27:39.549890,02:27:39.550258,02:27:39.550258,02:27:39.551505,02:27:39.551505,02:27:39.553226,02:27:39.553226,02:27:39.562652,02:27:39.562675,02:27:39.577732,02:27:39.598190,02:27:40.478534,02:27:39.583622,02:27:39.588938,02:27:39.588962,02:27:39.594065,02:27:40.050857,02:27:40.051027,02:27:39.550980
500,safe,02:27:42.280730,02:27:42.280730,02:27:42.281200,02:27:42.281200,02:27:42.282636,02:27:42.282636,02:27:42.284169,02:27:42.284169,02:27:42.294855,02:27:42.294880,02:27:42.309452,02:27:42.330617,02:27:43.214254,02:27:42.315311,02:27:42.320864,02:27:42.320883,02:27:42.326402,02:27:42.781617,02:27:42.781795,02:27:42.281869
500,safe,02:27:45.020378,02:27:45.020378,02:27:45.020769,02:27:45.020769,02:27:45.022186,02:27:45.022186,02:27:45.023884,02:27:45.023884,02:27:45.033433,02:27:45.033455,02:27:45.048398,02:27:45.069941,02:27:45.953950,02:27:45.054534,02:27:45.059857,02:27:45.059881,02:27:45.065435,02:27:45.521035,02:27:45.521203,02:27:45.021433
500,safe,02:27:47.751394,02:27:47.751394,02:27:47.751944,02:27:47.751944,02:27:47.753218,02:27:47.753218,02:27:47.754807,02:27:47.754807,02:27:47.764233,02:27:47.764253,02:27:47.778951,02:27:47.799489,02:27:48.679768,02:27:47.784871,02:27:47.789968,02:27:47.789985,02:27:47.795011,02:27:48.251971,02:27:48.252157,02:27:47.752712
500,safe,02:27:50.475265,02:27:50.475265,02:27:50.475848,02:27:50.475848,02:27:50.477371,02:27:50.477371,02:27:50.479006,02:27:50.479006,02:27:50.488603,02:27:50.488632,02:27:50.503151,02:27:50.524442,02:27:51.407814,02:27:50.509246,02:27:50.514538,02:27:50.514559,02:27:50.520175,02:27:50.975498,02:27:50.975714,02:27:50.476671
500,safe,02:27:53.211189,02:27:53.211189,02:27:53.211666,02:27:53.211666,02:27:53.213198,02:27:53.213198,02:27:53.214911,02:27:53.214911,02:27:53.224791,02:27:53.224813,02:27:53.239996,02:27:53.261856,02:27:54.145024,02:27:53.246243,02:27:53.251903,02:27:53.251926,02:27:53.257693,02:27:53.711807,02:27:53.711988,02:27:53.212382
500,safe,02:27:55.945194,02:27:55.945194,02:27:55.945585,02:27:55.945585,02:27:55.947159,02:27:55.947159,02:27:55.948546,02:27:55.948546,02:27:55.957726,02:27:55.957748,02:27:55.972401,02:27:56.000051,02:27:56.883034,02:27:55.977985,02:27:55.984763,02:27:55.984835,02:27:55.992718,02:27:56.445997,02:27:56.446169,02:27:55.946284
500,safe,02:27:58.676680,02:27:58.676680,02:27:58.677204,02:27:58.677204,02:27:58.678604,02:27:58.678604,02:27:58.680633,02:27:58.680633,02:27:58.690471,02:27:58.690500,02:27:58.705582,02:27:58.727649,02:27:59.611998,02:27:58.711607,02:27:58.717617,02:27:58.717636,02:27:58.723237,02:27:59.177362,02:27:59.177554,02:27:58.678010
500,safe,02:28:01.411355,02:28:01.411355,02:28:01.411750,02:28:01.411750,02:28:01.412937,02:28:01.412937,02:28:01.414450,02:28:01.414450,02:28:01.423928,02:28:01.423952,02:28:01.438866,02:28:01.460318,02:28:02.349623,02:28:01.444714,02:28:01.450266,02:28:01.450289,02:28:01.455994,02:28:01.912233,02:28:01.912433,02:28:01.412429
500,safe,02:28:04.155219,02:28:04.155219,02:28:04.155715,02:28:04.155715,02:28:04.157003,02:28:04.157003,02:28:04.158565,02:28:04.158565,02:28:04.168642,02:28:04.168664,02:28:04.185742,02:28:04.209781,02:28:05.090761,02:28:04.192825,02:28:04.199188,02:28:04.199215,02:28:04.205322,02:28:04.655882,02:28:04.656056,02:28:04.156489
500,safe,02:28:06.890475,02:28:06.890475,02:28:06.890908,02:28:06.890908,02:28:06.892303,02:28:06.892303,02:28:06.893922,02:28:06.893922,02:28:06.903154,02:28:06.903175,02:28:06.929417,02:28:06.958597,02:28:07.842952,02:28:06.936028,02:28:06.942903,02:28:06.942939,02:28:06.952017,02:28:07.391366,02:28:07.391611,02:28:06.891701
500,safe,02:28:09.641796,02:28:09.641796,02:28:09.642256,02:28:09.642256,02:28:09.643426,02:28:09.643426,02:28:09.645082,02:28:09.645082,02:28:09.654348,02:28:09.654372,02:28:09.669748,02:28:09.691083,02:28:10.573102,02:28:09.675613,02:28:09.681369,02:28:09.681387,02:28:09.686977,02:28:10.142469,02:28:10.142636,02:28:09.642924
500,safe,02:28:12.393575,02:28:12.393575,02:28:12.394038,02:28:12.394038,02:28:12.395500,02:28:12.395500,02:28:12.397208,02:28:12.397208,02:28:12.406526,02:28:12.406550,02:28:12.421545,02:28:12.443545,02:28:13.326530,02:28:12.427726,02:28:12.433443,02:28:12.433466,02:28:12.439457,02:28:12.894455,02:28:12.894617,02:28:12.394753
500,safe,02:28:15.132450,02:28:15.132450,02:28:15.132958,02:28:15.132958,02:28:15.134565,02:28:15.134565,02:28:15.136213,02:28:15.136213,02:28:15.148236,02:28:15.148260,02:28:15.167029,02:28:15.196486,02:28:16.077319,02:28:15.176154,02:28:15.184506,02:28:15.184541,02:28:15.192009,02:28:15.633344,02:28:15.633550,02:28:15.133709
500,safe,02:28:17.870549,02:28:17.870549,02:28:17.870949,02:28:17.870949,02:28:17.872140,02:28:17.872140,02:28:17.873565,02:28:17.873565,02:28:17.882853,02:28:17.882877,02:28:17.897437,02:28:17.918481,02:28:18.800549,02:28:17.903590,02:28:17.908712,02:28:17.908767,02:28:17.914188,02:28:18.371047,02:28:18.371207,02:28:17.871607
500,safe,02:28:20.599848,02:28:20.599848,02:28:20.600283,02:28:20.600283,02:28:20.601497,02:28:20.601497,02:28:20.603076,02:28:20.603076,02:28:20.615921,02:28:20.615946,02:28:20.630557,02:28:20.652034,02:28:21.533179,02:28:20.636754,02:28:20.642555,02:28:20.642577,02:28:20.647919,02:28:21.100706,02:28:21.100879,02:28:20.600972
500,safe,02:28:23.355748,02:28:23.355748,02:28:23.356341,02:28:23.356341,02:28:23.357732,02:28:23.357732,02:28:23.359402,02:28:23.359402,02:28:23.368896,02:28:23.368918,02:28:23.383895,02:28:23.404947,02:28:24.289451,02:28:23.390166,02:28:23.395573,02:28:23.395594,02:28:23.400716,02:28:23.856306,02:28:23.856470,02:28:23.357118
500,safe,02:28:26.087024,02:28:26.087024,02:28:26.087517,02:28:26.087517,02:28:26.088959,02:28:26.088959,02:28:26.090387,02:28:26.090387,02:28:26.099730,02:28:26.099764,02:28:26.114456,02:28:26.135788,02:28:27.016994,02:28:26.120613,02:28:26.126105,02:28:26.126127,02:28:26.131428,02:28:26.587661,02:28:26.587863,02:28:26.088383
500,safe,02:28:28.815672,02:28:28.815672,02:28:28.816086,02:28:28.816086,02:28:28.817432,02:28:28.817432,02:28:28.819128,02:28:28.819128,02:28:28.828398,02:28:28.828421,02:28:28.842812,02:28:28.863809,02:28:29.745491,02:28:28.848663,02:28:28.854255,02:28:28.854278,02:28:28.859584,02:28:29.316763,02:28:29.316921,02:28:28.816851
500,safe,02:28:31.572433,02:28:31.572433,02:28:31.573021,02:28:31.573021,02:28:31.574549,02:28:31.574549,02:28:31.576199,02:28:31.576199,02:28:31.585614,02:28:31.585648,02:28:31.600786,02:28:31.622120,02:28:32.510738,02:28:31.606862,02:28:31.612478,02:28:31.612499,02:28:31.617804,02:28:32.073397,02:28:32.073593,02:28:31.573763
500,safe,02:28:34.297497,02:28:34.297497,02:28:34.297921,02:28:34.297921,02:28:34.299393,02:28:34.299393,02:28:34.301159,02:28:34.301159,02:28:34.310665,02:28:34.310689,02:28:34.325142,02:28:34.347823,02:28:35.234610,02:28:34.331093,02:28:34.336158,02:28:34.336176,02:28:34.341626,02:28:34.798636,02:28:34.798814,02:28:34.298832
500,safe,02:28:37.030355,02:28:37.030355,02:28:37.030732,02:28:37.030732,02:28:37.032270,02:28:37.032270,02:28:37.033797,02:28:37.033797,02:28:37.043072,02:28:37.043096,02:28:37.057702,02:28:37.079877,02:28:37.960200,02:28:37.063966,02:28:37.069692,02:28:37.069716,02:28:37.075421,02:28:37.530885,02:28:37.531041,02:28:37.031421
500,safe,02:28:39.766634,02:28:39.766634,02:28:39.767025,02:28:39.767025,02:28:39.768435,02:28:39.768435,02:28:39.770161,02:28:39.770161,02:28:39.780234,02:28:39.780258,02:28:39.805667,02:28:39.827381,02:28:40.708820,02:28:39.812024,02:28:39.817479,02:28:39.817498,02:28:39.822840,02:28:40.267478,02:28:40.267645,02:28:39.767680
500,safe,02:28:42.539785,02:28:42.539785,02:28:42.540243,02:28:42.540243,02:28:42.541548,02:28:42.541548,02:28:42.542968,02:28:42.542968,02:28:42.553383,02:28:42.553403,02:28:42.568189,02:28:42.588294,02:28:43.468342,02:28:42.573812,02:28:42.578827,02:28:42.578844,02:28:42.583932,02:28:43.040788,02:28:43.040994,02:28:42.540939
500,safe,02:28:45.270411,02:28:45.270411,02:28:45.270928,02:28:45.270928,02:28:45.272318,02:28:45.272318,02:28:45.273950,02:28:45.273950,02:28:45.284032,02:28:45.284054,02:28:45.299114,02:28:45.320449,02:28:46.201383,02:28:45.305025,02:28:45.310725,02:28:45.310746,02:28:45.316213,02:28:45.770765,02:28:45.770939,02:28:45.271669
500,safe,02:28:47.999577,02:28:47.999577,02:28:48.000208,02:28:48.000208,02:28:48.001641,02:28:48.001641,02:28:48.003447,02:28:48.003447,02:28:48.012816,02:28:48.012836,02:28:48.027785,02:28:48.048545,02:28:48.928320,02:28:48.033838,02:28:48.038985,02:28:48.039009,02:28:48.044408,02:28:48.500379,02:28:48.500551,02:28:48.000988
500,safe,02:28:50.734120,02:28:50.734120,02:28:50.734489,02:28:50.734489,02:28:50.735688,02:28:50.735688,02:28:50.737388,02:28:50.737388,02:28:50.747464,02:28:50.747491,02:28:50.761675,02:28:50.782238,02:28:51.663884,02:28:50.767597,02:28:50.772656,02:28:50.772671,02:28:50.777978,02:28:51.234374,02:28:51.234551,02:28:50.735160
500,safe,02:28:53.471685,02:28:53.471685,02:28:53.472152,02:28:53.472152,02:28:53.473706,02:28:53.473706,02:28:53.475172,02:28:53.475172,02:28:53.484538,02:28:53.484561,02:28:53.499114,02:28:53.519528,02:28:54.403086,02:28:53.504845,02:28:53.510246,02:28:53.510268,02:28:53.515480,02:28:53.972262,02:28:53.972492,02:28:53.472852
500,safe,02:28:56.210727,02:28:56.210727,02:28:56.211125,02:28:56.211125,02:28:56.212613,02:28:56.212613,02:28:56.214508,02:28:56.214508,02:28:56.223977,02:28:56.224003,02:28:56.239194,02:28:56.260537,02:28:57.141474,02:28:56.245199,02:28:56.250834,02:28:56.250851,02:28:56.256293,02:28:56.711623,02:28:56.711793,02:28:56.211816
500,safe,02:28:58.942522,02:28:58.942522,02:28:58.942927,02:28:58.942927,02:28:58.944495,02:28:58.944495,02:28:58.945980,02:28:58.945980,02:28:58.955327,02:28:58.955348,02:28:58.969893,02:28:58.989697,02:28:59.870773,02:28:58.975580,02:28:58.980621,02:28:58.980641,02:28:58.985680,02:28:59.443203,02:28:59.443360,02:28:58.943622
500,safe,02:29:01.670868,02:29:01.670868,02:29:01.671240,02:29:01.671240,02:29:01.672500,02:29:01.672500,02:29:01.674132,02:29:01.674132,02:29:01.683513,02:29:01.683533,02:29:01.697926,02:29:01.718302,02:29:02.607210,02:29:01.703661,02:29:01.709015,02:29:01.709036,02:29:01.714168,02:29:02.171587,02:29:02.171747,02:29:01.671936
500,safe,02:29:04.403589,02:29:04.403589,02:29:04.404116,02:29:04.404116,02:29:04.405286,02:29:04.405286,02:29:04.407035,02:29:04.407035,02:29:04.416455,02:29:04.416476,02:29:04.432089,02:29:04.454183,02:29:05.335607,02:29:04.438413,02:29:04.444156,02:29:04.444178,02:29:04.449606,02:29:04.904280,02:29:04.904456,02:29:04.404771
500,safe,02:29:07.143045,02:29:07.143045,02:29:07.143498,02:29:07.143498,02:29:07.145062,02:29:07.145062,02:29:07.146734,02:29:07.146734,02:29:07.156587,02:29:07.156616,02:29:07.171212,02:29:07.193190,02:29:08.076402,02:29:07.177406,02:29:07.182982,02:29:07.183001,02:29:07.188888,02:29:07.643751,02:29:07.643917,02:29:07.144304
500,safe,02:29:09.879463,02:29:09.879463,02:29:09.879850,02:29:09.879850,02:29:09.881353,02:29:09.881353,02:29:09.883177,02:29:09.883177,02:29:09.893342,02:29:09.893365,02:29:09.907165,02:29:09.928114,02:29:10.809499,02:29:09.912949,02:29:09.918612,02:29:09.918636,02:29:09.923881,02:29:10.380257,02:29:10.380413,02:29:09.880497
500,safe,02:29:12.675728,02:29:12.675728,02:29:12.676144,02:29:12.676144,02:29:12.677851,02:29:12.677851,02:29:12.679621,02:29:12.679621,02:29:12.689365,02:29:12.689395,02:29:12.714234,02:29:12.736038,02:29:13.615565,02:29:12.720294,02:29:12.726098,02:29:12.726124,02:29:12.731835,02:29:13.176290,02:29:13.176453,02:29:12.676929
500,safe,02:29:15.415913,02:29:15.415913,02:29:15.416549,02:29:15.416549,02:29:15.417869,02:29:15.417869,02:29:15.419352,02:29:15.419352,02:29:15.428998,02:29:15.429022,02:29:15.443310,02:29:15.464245,02:29:16.344414,02:29:15.449075,02:29:15.454557,02:29:15.454573,02:29:15.460066,02:29:15.916455,02:29:15.916633,02:29:15.417315
500,safe,02:29:18.158284,02:29:18.158284,02:29:18.158695,02:29:18.158695,02:29:18.159999,02:29:18.159999,02:29:18.161611,02:29:18.161611,02:29:18.173783,02:29:18.173810,02:29:18.188214,02:29:18.209281,02:29:19.093514,02:29:18.194307,02:29:18.199732,02:29:18.199754,02:29:18.204948,02:29:18.659274,02:29:18.659479,02:29:18.159446
500,safe,02:29:20.899137,02:29:20.899137,02:29:20.899531,02:29:20.899531,02:29:20.900720,02:29:20.900720,02:29:20.902339,02:29:20.902339,02:29:20.911600,02:29:20.911621,02:29:20.926324,02:29:20.947184,02:29:21.827438,02:29:20.932256,02:29:20.937714,02:29:20.937735,02:29:20.943015,02:29:21.399945,02:29:21.400112,02:29:20.900185
500,safe,02:29:23.639720,02:29:23.639720,02:29:23.640322,02:29:23.640322,02:29:23.641603,02:29:23.641603,02:29:23.643248,02:29:23.643248,02:29:23.652733,02:29:23.652756,02:29:23.666719,02:29:23.687041,02:29:24.570116,02:29:23.672369,02:29:23.677594,02:29:23.677615,02:29:23.682976,02:29:24.140340,02:29:24.140499,02:29:23.641083
500,safe,02:29:26.371122,02:29:26.371122,02:29:26.371517,02:29:26.371517,02:29:26.372742,02:29:26.372742,02:29:26.374577,02:29:26.374577,02:29:26.383789,02:29:26.383811,02:29:26.397737,02:29:26.419226,02:29:27.302337,02:29:26.403747,02:29:26.409425,02:29:26.409446,02:29:26.415043,02:29:26.872173,02:29:26.872363,02:29:26.372210
500,safe,02:29:29.100758,02:29:29.100758,02:29:29.101143,02:29:29.101143,02:29:29.102340,02:29:29.102340,02:29:29.103838,02:29:29.103838,02:29:29.113727,02:29:29.113754,02:29:29.128799,02:29:29.150454,02:29:30.031831,02:29:29.134900,02:29:29.140383,02:29:29.140406,02:29:29.146121,02:29:29.601717,02:29:29.601887,02:29:29.101818
500,safe,02:29:31.836163,02:29:31.836163,02:29:31.836730,02:29:31.836730,02:29:31.838188,02:29:31.838188,02:29:31.839725,02:29:31.839725,02:29:31.849183,02:29:31.849207,02:29:31.863839,02:29:31.884357,02:29:32.774699,02:29:31.869439,02:29:31.874659,02:29:31.874675,02:29:31.880233,02:29:32.337143,02:29:32.337360,02:29:31.837484
500,safe,02:29:34.572474,02:29:34.572474,02:29:34.573049,02:29:34.573049,02:29:34.574463,02:29:34.574463,02:29:34.575918,02:29:34.575918,02:29:34.585269,02:29:34.585290,02:29:34.599403,02:29:34.620713,02:29:35.507129,02:29:34.605066,02:29:34.610328,02:29:34.610350,02:29:34.615999,02:29:35.073334,02:29:35.073512,02:29:34.573792
500,safe,02:29:37.306730,02:29:37.306730,02:29:37.307182,02:29:37.307182,02:29:37.308406,02:29:37.308406,02:29:37.310014,02:29:37.310014,02:29:37.319296,02:29:37.319318,02:29:37.334016,02:29:37.354747,02:29:38.237236,02:29:37.339933,02:29:37.345136,02:29:37.345152,02:29:37.350564,02:29:37.807485,02:29:37.807676,02:29:37.307852
500,safe,02:29:40.036438,02:29:40.036438,02:29:40.036908,02:29:40.036908,02:29:40.038463,02:29:40.038463,02:29:40.039898,02:29:40.039898,02:29:40.050153,02:29:40.050174,02:29:40.064593,02:29:40.085901,02:29:40.966558,02:29:40.070526,02:29:40.075913,02:29:40.075930,02:29:40.081621,02:29:40.537269,02:29:40.537451,02:29:40.037604
500,safe,02:29:42.842516,02:29:42.842516,02:29:42.843136,02:29:42.843136,02:29:42.844621,02:29:42.844621,02:29:42.846345,02:29:42.846345,02:29:42.856383,02:29:42.856407,02:29:42.872913,02:29:42.895148,02:29:43.778690,02:29:42.879209,02:29:42.884640,02:29:42.884685,02:29:42.890539,02:29:43.343369,02:29:43.343537,02:29:42.843909
500,safe,02:29:45.583392,02:29:45.583392,02:29:45.583884,02:29:45.583884,02:29:45.585345,02:29:45.585345,02:29:45.586969,02:29:45.586969,02:29:45.596502,02:29:45.596527,02:29:45.619620,02:29:45.640658,02:29:46.523404,02:29:45.625677,02:29:45.631141,02:29:45.631159,02:29:45.636593,02:29:46.083864,02:29:46.084025,02:29:45.584559
500,safe,02:29:48.324211,02:29:48.324211,02:29:48.324620,02:29:48.324620,02:29:48.325945,02:29:48.325945,02:29:48.327333,02:29:48.327333,02:29:48.336866,02:29:48.336888,02:29:48.350984,02:29:48.371735,02:29:49.253899,02:29:48.356661,02:29:48.362113,02:29:48.362132,02:29:48.367559,02:29:48.825077,02:29:48.825257,02:29:48.325396
500,safe,02:29:51.060510,02:29:51.060510,02:29:51.060983,02:29:51.060983,02:29:51.062476,02:29:51.062476,02:29:51.064407,02:29:51.064407,02:29:51.073866,02:29:51.073898,02:29:51.089841,02:29:51.111991,02:29:51.993117,02:29:51.096279,02:29:51.101986,02:29:51.102013,02:29:51.107735,02:29:51.560856,02:29:51.561049,02:29:51.061814
500,safe,02:29:53.800255,02:29:53.800255,02:29:53.800695,02:29:53.800695,02:29:53.801950,02:29:53.801950,02:29:53.803358,02:29:53.803358,02:29:53.812886,02:29:53.812906,02:29:53.827169,02:29:53.848077,02:29:54.729861,02:29:53.832926,02:29:53.838571,02:29:53.838594,02:29:53.844003,02:29:54.300926,02:29:54.301107,02:29:53.801432
500,safe,02:29:56.526008,02:29:56.526008,02:29:56.526461,02:29:56.526461,02:29:56.528041,02:29:56.528041,02:29:56.529620,02:29:56.529620,02:29:56.538928,02:29:56.538949,02:29:56.554427,02:29:56.575999,02:29:57.457030,02:29:56.560874,02:29:56.566114,02:29:56.566137,02:29:56.571853,02:29:57.026675,02:29:57.026849,02:29:56.527149
500,safe,02:29:59.267548,02:29:59.267548,02:29:59.267929,02:29:59.267929,02:29:59.269115,02:29:59.269115,02:29:59.270604,02:29:59.270604,02:29:59.280012,02:29:59.280036,02:29:59.295562,02:29:59.316889,02:30:00.198970,02:29:59.301678,02:29:59.307085,02:29:59.307107,02:29:59.312757,02:29:59.768357,02:29:59.768544,02:29:59.268608
500,safe,02:30:02.010621,02:30:02.010621,02:30:02.011026,02:30:02.011026,02:30:02.012613,02:30:02.012613,02:30:02.014404,02:30:02.014404,02:30:02.024116,02:30:02.024137,02:30:02.039174,02:30:02.060906,02:30:02.947169,02:30:02.045317,02:30:02.051007,02:30:02.051022,02:30:02.056374,02:30:02.511083,02:30:02.511258,02:30:02.011782
500,safe,02:30:04.748699,02:30:04.748699,02:30:04.749143,02:30:04.749143,02:30:04.750345,02:30:04.750345,02:30:04.752039,02:30:04.752039,02:30:04.762085,02:30:04.762135,02:30:04.780986,02:30:04.806049,02:30:05.685357,02:30:04.788654,02:30:04.795057,02:30:04.795085,02:30:04.801590,02:30:05.249621,02:30:05.249785,02:30:04.749836
500,safe,02:30:07.501172,02:30:07.501172,02:30:07.501571,02:30:07.501571,02:30:07.502748,02:30:07.502748,02:30:07.504459,02:30:07.504459,02:30:07.514574,02:30:07.514601,02:30:07.530528,02:30:07.552405,02:30:08.434187,02:30:07.536789,02:30:07.542125,02:30:07.542146,02:30:07.547860,02:30:08.001946,02:30:08.002110,02:30:07.502237
500,safe,02:30:10.229980,02:30:10.229980,02:30:10.230441,02:30:10.230441,02:30:10.232011,02:30:10.232011,02:30:10.233552,02:30:10.233552,02:30:10.242963,02:30:10.242986,02:30:10.256808,02:30:10.277231,02:30:11.158909,02:30:10.262661,02:30:10.267846,02:30:10.267865,02:30:10.273149,02:30:10.730845,02:30:10.731098,02:30:10.231175
500,safe,02:30:12.993761,02:30:12.993761,02:30:12.994124,02:30:12.994124,02:30:12.995560,02:30:12.995560,02:30:12.997426,02:30:12.997426,02:30:13.006961,02:30:13.006994,02:30:13.021465,02:30:13.042487,02:30:13.922022,02:30:13.027217,02:30:13.032861,02:30:13.032883,02:30:13.037967,02:30:13.494507,02:30:13.494672,02:30:12.994775
500,safe,02:30:15.739813,02:30:15.739813,02:30:15.740188,02:30:15.740188,02:30:15.741472,02:30:15.741472,02:30:15.743343,02:30:15.743343,02:30:15.752716,02:30:15.752760,02:30:15.771267,02:30:15.797292,02:30:16.678458,02:30:15.778189,02:30:15.785814,02:30:15.785839,02:30:15.792195,02:30:16.240408,02:30:16.240569,02:30:15.740879
500,safe,02:30:18.476850,02:30:18.476850,02:30:18.477224,02:30:18.477224,02:30:18.478927,02:30:18.478927,02:30:18.480299,02:30:18.480299,02:30:18.489532,02:30:18.489552,02:30:18.512110,02:30:18.532830,02:30:19.415154,02:30:18.518031,02:30:18.523176,02:30:18.523199,02:30:18.528539,02:30:18.977704,02:30:18.977919,02:30:18.478020
500,safe,02:30:21.216871,02:30:21.216871,02:30:21.217464,02:30:21.217464,02:30:21.218789,02:30:21.218789,02:30:21.220430,02:30:21.220430,02:30:21.232188,02:30:21.232213,02:30:21.246836,02:30:21.267029,02:30:22.148500,02:30:21.252408,02:30:21.257501,02:30:21.257518,02:30:21.262587,02:30:21.717702,02:30:21.717908,02:30:21.218240
500,safe,02:30:23.966409,02:30:23.966409,02:30:23.966996,02:30:23.966996,02:30:23.968390,02:30:23.968390,02:30:23.970011,02:30:23.970011,02:30:23.979297,02:30:23.979319,02:30:23.993917,02:30:24.015399,02:30:24.897359,02:30:24.000241,02:30:24.005288,02:30:24.005334,02:30:24.011091,02:30:24.467307,02:30:24.467499,02:30:23.967748
500,safe,02:30:26.700334,02:30:26.700334,02:30:26.700796,02:30:26.700796,02:30:26.702296,02:30:26.702296,02:30:26.703909,02:30:26.703909,02:30:26.713248,02:30:26.713275,02:30:26.728332,02:30:26.751491,02:30:27.633830,02:30:26.734257,02:30:26.739621,02:30:26.739643,02:30:26.746822,02:30:27.201038,02:30:27.201208,02:30:26.701499
500,safe,02:30:29.428471,02:30:29.428471,02:30:29.428833,02:30:29.428833,02:30:29.430325,02:30:29.430325,02:30:29.431750,02:30:29.431750,02:30:29.441064,02:30:29.441085,02:30:29.454818,02:30:29.475510,02:30:30.358363,02:30:29.460706,02:30:29.465951,02:30:29.465967,02:30:29.471243,02:30:29.929037,02:30:29.929212,02:30:29.429503
500,safe,02:30:32.162379,02:30:32.162379,02:30:32.163271,02:30:32.163271,02:30:32.165033,02:30:32.165033,02:30:32.166943,02:30:32.166943,02:30:32.177149,02:30:32.177187,02:30:32.194244,02:30:32.224277,02:30:33.113706,02:30:32.203804,02:30:32.210935,02:30:32.210973,02:30:32.218774,02:30:32.662826,02:30:32.663041,02:30:32.164421
550,safe,02:30:34.913931,02:30:34.913931,02:30:34.914351,02:30:34.914351,02:30:34.915787,02:30:34.915787,02:30:34.917409,02:30:34.917409,02:30:34.927005,02:30:34.927033,02:30:34.941788,02:30:34.963152,02:30:35.844845,02:30:34.947864,02:30:34.953619,02:30:34.953641,02:30:34.958971,02:30:35.464655,02:30:35.464827,02:30:34.915024
550,safe,02:30:37.659146,02:30:37.659146,02:30:37.659516,02:30:37.659516,02:30:37.660767,02:30:37.660767,02:30:37.662347,02:30:37.662347,02:30:37.672556,02:30:37.672578,02:30:37.687556,02:30:37.708603,02:30:38.596333,02:30:37.693318,02:30:37.698842,02:30:37.698863,02:30:37.704313,02:30:38.210039,02:30:38.210198,02:30:37.660201
550,safe,02:30:40.402329,02:30:40.402329,02:30:40.402690,02:30:40.402690,02:30:40.403967,02:30:40.403967,02:30:40.405523,02:30:40.405523,02:30:40.414896,02:30:40.414916,02:30:40.430257,02:30:40.450981,02:30:41.336146,02:30:40.436243,02:30:40.441741,02:30:40.441764,02:30:40.446957,02:30:40.953179,02:30:40.953341,02:30:40.403377
550,safe,02:30:43.148789,02:30:43.148789,02:30:43.149272,02:30:43.149272,02:30:43.150565,02:30:43.150565,02:30:43.152160,02:30:43.152160,02:30:43.161623,02:30:43.161645,02:30:43.175487,02:30:43.196542,02:30:44.079436,02:30:43.181501,02:30:43.186774,02:30:43.186790,02:30:43.192293,02:30:43.699679,02:30:43.699866,02:30:43.150004
550,safe,02:30:45.890551,02:30:45.890551,02:30:45.891157,02:30:45.891157,02:30:45.892651,02:30:45.892651,02:30:45.894281,02:30:45.894281,02:30:45.903628,02:30:45.903649,02:30:45.917352,02:30:45.937612,02:30:46.819808,02:30:45.923114,02:30:45.928296,02:30:45.928314,02:30:45.933477,02:30:46.441499,02:30:46.441666,02:30:45.891966
550,safe,02:30:48.626438,02:30:48.626438,02:30:48.626893,02:30:48.626893,02:30:48.628125,02:30:48.628125,02:30:48.629676,02:30:48.629676,02:30:48.639254,02:30:48.639276,02:30:48.654634,02:30:48.675303,02:30:49.555456,02:30:48.660489,02:30:48.665880,02:30:48.665900,02:30:48.670976,02:30:49.177261,02:30:49.177433,02:30:48.627580
550,safe,02:30:51.363278,02:30:51.363278,02:30:51.363665,02:30:51.363665,02:30:51.364845,02:30:51.364845,02:30:51.366716,02:30:51.366716,02:30:51.375900,02:30:51.375942,02:30:51.398795,02:30:51.420940,02:30:52.311125,02:30:51.404525,02:30:51.409864,02:30:51.409888,02:30:51.415491,02:30:51.913783,02:30:51.913939,02:30:51.364356
550,safe,02:30:54.120157,02:30:54.120157,02:30:54.120680,02:30:54.120680,02:30:54.121848,02:30:54.121848,02:30:54.123295,02:30:54.123295,02:30:54.132581,02:30:54.132601,02:30:54.146779,02:30:54.168007,02:30:55.052393,02:30:54.152895,02:30:54.158283,02:30:54.158304,02:30:54.163757,02:30:54.670790,02:30:54.670959,02:30:54.121329
550,safe,02:30:56.865109,02:30:56.865109,02:30:56.865489,02:30:56.865489,02:30:56.866787,02:30:56.866787,02:30:56.868216,02:30:56.868216,02:30:56.877437,02:30:56.877457,02:30:56.892820,02:30:56.913203,02:30:57.795565,02:30:56.898615,02:30:56.903843,02:30:56.903865,02:30:56.909046,02:30:57.415889,02:30:57.416097,02:30:56.866255
550,safe,02:30:59.599272,02:30:59.599272,02:30:59.599959,02:30:59.599959,02:30:59.601400,02:30:59.601400,02:30:59.602834,02:30:59.602834,02:30:59.612424,02:30:59.612447,02:30:59.627260,02:30:59.648065,02:31:00.530182,02:30:59.633160,02:30:59.638673,02:30:59.638699,02:30:59.644050,02:31:00.149797,02:31:00.149958,02:30:59.600759
550,safe,02:31:02.336507,02:31:02.336507,02:31:02.337311,02:31:02.337311,02:31:02.339476,02:31:02.339476,02:31:02.341526,02:31:02.341526,02:31:02.353365,02:31:02.353429,02:31:02.375666,02:31:02.406689,02:31:03.294135,02:31:02.385807,02:31:02.394029,02:31:02.394054,02:31:02.400937,02:31:02.887239,02:31:02.887466,02:31:02.338481
550,safe,02:31:05.118759,02:31:05.118759,02:31:05.119185,02:31:05.119185,02:31:05.120513,02:31:05.120513,02:31:05.122220,02:31:05.122220,02:31:05.132672,02:31:05.132697,02:31:05.147126,02:31:05.167943,02:31:06.048454,02:31:05.153066,02:31:05.158567,02:31:05.158589,02:31:05.163723,02:31:05.669579,02:31:05.669761,02:31:05.119936
550,safe,02:31:07.863741,02:31:07.863741,02:31:07.864134,02:31:07.864134,02:31:07.865638,02:31:07.865638,02:31:07.867247,02:31:07.867247,02:31:07.876483,02:31:07.876504,02:31:07.891221,02:31:07.911730,02:31:08.793717,02:31:07.897126,02:31:07.902401,02:31:07.902424,02:31:07.907564,02:31:08.414575,02:31:08.414738,02:31:07.864818
550,safe,02:31:10.594410,02:31:10.594410,02:31:10.595035,02:31:10.595035,02:31:10.596361,02:31:10.596361,02:31:10.597839,02:31:10.597839,02:31:10.607338,02:31:10.607368,02:31:10.621702,02:31:10.642601,02:31:11.528029,02:31:10.627441,02:31:10.633022,02:31:10.633039,02:31:10.638295,02:31:11.145220,02:31:11.145431,02:31:10.595802
550,safe,02:31:13.357683,02:31:13.357683,02:31:13.358118,02:31:13.358118,02:31:13.359661,02:31:13.359661,02:31:13.361357,02:31:13.361357,02:31:13.370732,02:31:13.370759,02:31:13.385059,02:31:13.405462,02:31:14.289670,02:31:13.390712,02:31:13.395830,02:31:13.395852,02:31:13.401196,02:31:13.908534,02:31:13.908693,02:31:13.358885
550,safe,02:31:16.104895,02:31:16.104895,02:31:16.105355,02:31:16.105355,02:31:16.106813,02:31:16.106813,02:31:16.108582,02:31:16.108582,02:31:16.118444,02:31:16.118465,02:31:16.133444,02:31:16.154495,02:31:17.035053,02:31:16.139381,02:31:16.144802,02:31:16.144826,02:31:16.150248,02:31:16.655702,02:31:16.655875,02:31:16.106045
550,safe,02:31:18.839873,02:31:18.839873,02:31:18.840255,02:31:18.840255,02:31:18.841466,02:31:18.841466,02:31:18.842849,02:31:18.842849,02:31:18.852188,02:31:18.852208,02:31:18.866447,02:31:18.887523,02:31:19.769390,02:31:18.872284,02:31:18.877843,02:31:18.877864,02:31:18.883335,02:31:19.390487,02:31:19.390671,02:31:18.840951
550,safe,02:31:21.573736,02:31:21.573736,02:31:21.574217,02:31:21.574217,02:31:21.575788,02:31:21.575788,02:31:21.577420,02:31:21.577420,02:31:21.587002,02:31:21.587027,02:31:21.601139,02:31:21.626687,02:31:22.520379,02:31:21.607130,02:31:21.612510,02:31:21.612528,02:31:21.620247,02:31:22.124358,02:31:22.124525,02:31:21.574911
550,safe,02:31:24.324352,02:31:24.324352,02:31:24.324734,02:31:24.324734,02:31:24.326256,02:31:24.326256,02:31:24.327984,02:31:24.327984,02:31:24.339781,02:31:24.339806,02:31:24.362414,02:31:24.387997,02:31:25.271343,02:31:24.370033,02:31:24.376364,02:31:24.376399,02:31:24.383239,02:31:24.874971,02:31:24.875129,02:31:24.325409
550,safe,02:31:27.075442,02:31:27.075442,02:31:27.075825,02:31:27.075825,02:31:27.077282,02:31:27.077282,02:31:27.078972,02:31:27.078972,02:31:27.088889,02:31:27.088910,02:31:27.103040,02:31:27.123719,02:31:28.004645,02:31:27.108821,02:31:27.114403,02:31:27.114424,02:31:27.119559,02:31:27.626179,02:31:27.626352,02:31:27.076498
550,safe,02:31:29.827682,02:31:29.827682,02:31:29.828069,02:31:29.828069,02:31:29.829362,02:31:29.829362,02:31:29.830689,02:31:29.830689,02:31:29.839902,02:31:29.839923,02:31:29.854540,02:31:29.875560,02:31:30.756728,02:31:29.860097,02:31:29.865226,02:31:29.865249,02:31:29.871489,02:31:30.378413,02:31:30.378570,02:31:29.828794
550,safe,02:31:32.582419,02:31:32.582419,02:31:32.583021,02:31:32.583021,02:31:32.584473,02:31:32.584473,02:31:32.586167,02:31:32.586167,02:31:32.596475,02:31:32.596505,02:31:32.611340,02:31:32.633355,02:31:33.515679,02:31:32.617656,02:31:32.623275,02:31:32.623294,02:31:32.628831,02:31:33.133074,02:31:33.133236,02:31:32.583804
550,safe,02:31:35.325993,02:31:35.325993,02:31:35.326386,02:31:35.326386,02:31:35.327870,02:31:35.327870,02:31:35.329508,02:31:35.329508,02:31:35.338956,02:31:35.338978,02:31:35.354067,02:31:35.374998,02:31:36.255514,02:31:35.359522,02:31:35.364758,02:31:35.364781,02:31:35.370434,02:31:35.876586,02:31:35.876779,02:31:35.327106
550,safe,02:31:38.059602,02:31:38.059602,02:31:38.060036,02:31:38.060036,02:31:38.061273,02:31:38.061273,02:31:38.062865,02:31:38.062865,02:31:38.072332,02:31:38.072354,02:31:38.086378,02:31:38.107455,02:31:38.991046,02:31:38.092397,02:31:38.097943,02:31:38.097960,02:31:38.103163,02:31:38.610311,02:31:38.610481,02:31:38.060705
550,safe,02:31:40.800886,02:31:40.800886,02:31:40.801256,02:31:40.801256,02:31:40.802538,02:31:40.802538,02:31:40.804378,02:31:40.804378,02:31:40.813729,02:31:40.813751,02:31:40.827992,02:31:40.848346,02:31:41.729420,02:31:40.833659,02:31:40.838901,02:31:40.838925,02:31:40.844285,02:31:41.351607,02:31:41.351769,02:31:40.801982
550,safe,02:31:43.539599,02:31:43.539599,02:31:43.539999,02:31:43.539999,02:31:43.541187,02:31:43.541187,02:31:43.542979,02:31:43.542979,02:31:43.553137,02:31:43.553162,02:31:43.567473,02:31:43.588692,02:31:44.473501,02:31:43.573300,02:31:43.578845,02:31:43.578874,02:31:43.584220,02:31:44.090498,02:31:44.090660,02:31:43.540663
550,safe,02:31:46.274346,02:31:46.274346,02:31:46.274911,02:31:46.274911,02:31:46.276446,02:31:46.276446,02:31:46.278041,02:31:46.278041,02:31:46.287499,02:31:46.287525,02:31:46.302428,02:31:46.323369,02:31:47.206062,02:31:46.308247,02:31:46.314089,02:31:46.314111,02:31:46.319286,02:31:46.825111,02:31:46.825278,02:31:46.275623
550,safe,02:31:49.017621,02:31:49.017621,02:31:49.018194,02:31:49.018194,02:31:49.019423,02:31:49.019423,02:31:49.020992,02:31:49.020992,02:31:49.030446,02:31:49.030465,02:31:49.045946,02:31:49.066477,02:31:49.946458,02:31:49.051909,02:31:49.057043,02:31:49.057064,02:31:49.062471,02:31:49.568113,02:31:49.568311,02:31:49.018921
550,safe,02:31:51.772650,02:31:51.772650,02:31:51.773327,02:31:51.773327,02:31:51.775024,02:31:51.775024,02:31:51.776714,02:31:51.776714,02:31:51.786217,02:31:51.786237,02:31:51.800890,02:31:51.822251,02:31:52.713224,02:31:51.806691,02:31:51.811907,02:31:51.811929,02:31:51.817691,02:31:52.323116,02:31:52.323270,02:31:51.774151
550,safe,02:31:54.511342,02:31:54.511342,02:31:54.511824,02:31:54.511824,02:31:54.513315,02:31:54.513315,02:31:54.514954,02:31:54.514954,02:31:54.524408,02:31:54.524434,02:31:54.539229,02:31:54.560209,02:31:55.443326,02:31:54.545023,02:31:54.550303,02:31:54.550330,02:31:54.555815,02:31:55.062012,02:31:55.062171,02:31:54.512527
550,safe,02:31:57.247298,02:31:57.247298,02:31:57.247795,02:31:57.247795,02:31:57.249212,02:31:57.249212,02:31:57.250952,02:31:57.250952,02:31:57.260527,02:31:57.260549,02:31:57.285180,02:31:57.307027,02:31:58.186699,02:31:57.291563,02:31:57.297060,02:31:57.297079,02:31:57.302661,02:31:57.797897,02:31:57.798056,02:31:57.248481
550,safe,02:31:59.995602,02:31:59.995602,02:31:59.996042,02:31:59.996042,02:31:59.997555,02:31:59.997555,02:31:59.999162,02:31:59.999162,02:32:00.008731,02:32:00.008760,02:32:00.026841,02:32:00.048592,02:32:00.928851,02:32:00.033089,02:32:00.038902,02:32:00.038931,02:32:00.044349,02:32:00.546383,02:32:00.546570,02:31:59.996714
550,safe,02:32:02.794522,02:32:02.794522,02:32:02.795026,02:32:02.795026,02:32:02.796294,02:32:02.796294,02:32:02.797986,02:32:02.797986,02:32:02.808217,02:32:02.808242,02:32:02.822854,02:32:02.844054,02:32:03.724227,02:32:02.828693,02:32:02.834175,02:32:02.834192,02:32:02.839714,02:32:03.345215,02:32:03.345386,02:32:02.795788
550,safe,02:32:05.536584,02:32:05.536584,02:32:05.537086,02:32:05.537086,02:32:05.539329,02:32:05.539329,02:32:05.541037,02:32:05.541037,02:32:05.551164,02:32:05.551190,02:32:05.565717,02:32:05.586428,02:32:06.467161,02:32:05.571689,02:32:05.577059,02:32:05.577080,02:32:05.582328,02:32:06.087246,02:32:06.087406,02:32:05.538791
550,safe,02:32:08.281196,02:32:08.281196,02:32:08.281643,02:32:08.281643,02:32:08.283177,02:32:08.283177,02:32:08.284808,02:32:08.284808,02:32:08.294115,02:32:08.294138,02:32:08.308607,02:32:08.328060,02:32:09.209824,02:32:08.314214,02:32:08.319162,02:32:08.319179,02:32:08.324211,02:32:08.831975,02:32:08.832168,02:32:08.282316
550,safe,02:32:11.014415,02:32:11.014415,02:32:11.014805,02:32:11.014805,02:32:11.016018,02:32:11.016018,02:32:11.017634,02:32:11.017634,02:32:11.026842,02:32:11.026877,02:32:11.042624,02:32:11.073096,02:32:11.955063,02:32:11.050534,02:32:11.058967,02:32:11.059001,02:32:11.067201,02:32:11.565388,02:32:11.565576,02:32:11.015518
550,safe,02:32:13.760933,02:32:13.760933,02:32:13.761365,02:32:13.761365,02:32:13.762858,02:32:13.762858,02:32:13.764536,02:32:13.764536,02:32:13.774213,02:32:13.774235,02:32:13.788656,02:32:13.809808,02:32:14.692459,02:32:13.794597,02:32:13.800011,02:32:13.800035,02:32:13.805301,02:32:14.311701,02:32:14.311874,02:32:13.762069
550,safe,02:32:16.502322,02:32:16.502322,02:32:16.502799,02:32:16.502799,02:32:16.504016,02:32:16.504016,02:32:16.505921,02:32:16.505921,02:32:16.516088,02:32:16.516123,02:32:16.530624,02:32:16.551683,02:32:17.432460,02:32:16.536455,02:32:16.541876,02:32:16.541902,02:32:16.547500,02:32:17.052949,02:32:17.053123,02:32:16.503519
550,safe,02:32:19.239757,02:32:19.239757,02:32:19.240212,02:32:19.240212,02:32:19.241719,02:32:19.241719,02:32:19.243234,02:32:19.243234,02:32:19.252541,02:32:19.252563,02:32:19.266923,02:32:19.287492,02:32:20.168714,02:32:19.272495,02:32:19.277588,02:32:19.277612,02:32:19.283464,02:32:19.790627,02:32:19.790788,02:32:19.240933
550,safe,02:32:21.972092,02:32:21.972092,02:32:21.972541,02:32:21.972541,02:32:21.973785,02:32:21.973785,02:32:21.975404,02:32:21.975404,02:32:21.988335,02:32:21.988361,02:32:22.002147,02:32:22.023771,02:32:22.912753,02:32:22.008089,02:32:22.013987,02:32:22.014015,02:32:22.019338,02:32:22.522832,02:32:22.522991,02:32:21.973236
550,safe,02:32:24.727318,02:32:24.727318,02:32:24.727756,02:32:24.727756,02:32:24.729244,02:32:24.729244,02:32:24.730803,02:32:24.730803,02:32:24.740268,02:32:24.740295,02:32:24.755492,02:32:24.776434,02:32:25.657695,02:32:24.761491,02:32:24.766583,02:32:24.766607,02:32:24.772267,02:32:25.278047,02:32:25.278247,02:32:24.728431
550,safe,02:32:27.470592,02:32:27.470592,02:32:27.471063,02:32:27.471063,02:32:27.472254,02:32:27.472254,02:32:27.473874,02:32:27.473874,02:32:27.485776,02:32:27.485804,02:32:27.501151,02:32:27.521828,02:32:28.402479,02:32:27.506953,02:32:27.512488,02:32:27.512528,02:32:27.517875,02:32:28.021134,02:32:28.021297,02:32:27.471754
550,safe,02:32:30.208445,02:32:30.208445,02:32:30.208856,02:32:30.208856,02:32:30.210054,02:32:30.210054,02:32:30.211788,02:32:30.211788,02:32:30.221442,02:32:30.221468,02:32:30.251611,02:32:30.279973,02:32:31.162939,02:32:30.259072,02:32:30.267781,02:32:30.267806,02:32:30.274463,02:32:30.759292,02:32:30.759451,02:32:30.209528
550,safe,02:32:33.028735,02:32:33.028735,02:32:33.029336,02:32:33.029336,02:32:33.030612,02:32:33.030612,02:32:33.032062,02:32:33.032062,02:32:33.041790,02:32:33.041819,02:32:33.057555,02:32:33.078577,02:32:33.962719,02:32:33.063541,02:32:33.069200,02:32:33.069222,02:32:33.074346,02:32:33.579485,02:32:33.579684,02:32:33.030079
550,safe,02:32:35.781758,02:32:35.781758,02:32:35.782163,02:32:35.782163,02:32:35.783525,02:32:35.783525,02:32:35.785268,02:32:35.785268,02:32:35.794951,02:32:35.794976,02:32:35.809613,02:32:35.829893,02:32:36.712118,02:32:35.815283,02:32:35.820547,02:32:35.820569,02:32:35.825504,02:32:36.332447,02:32:36.332644,02:32:35.782936
550,safe,02:32:38.527770,02:32:38.527770,02:32:38.528165,02:32:38.528165,02:32:38.529718,02:32:38.529718,02:32:38.531274,02:32:38.531274,02:32:38.541174,02:32:38.541206,02:32:38.556025,02:32:38.576441,02:32:39.459656,02:32:38.561890,02:32:38.566970,02:32:38.566986,02:32:38.572264,02:32:39.078855,02:32:39.079083,02:32:38.528862
550,safe,02:32:41.261887,02:32:41.261887,02:32:41.262308,02:32:41.262308,02:32:41.263775,02:32:41.263775,02:32:41.265560,02:32:41.265560,02:32:41.274796,02:32:41.274818,02:32:41.289451,02:32:41.310739,02:32:42.193653,02:32:41.295371,02:32:41.301363,02:32:41.301386,02:32:41.306604,02:32:41.812382,02:32:41.812539,02:32:41.262984
550,safe,02:32:44.004613,02:32:44.004613,02:32:44.005126,02:32:44.005126,02:32:44.006808,02:32:44.006808,02:32:44.008555,02:32:44.008555,02:32:44.018069,02:32:44.018091,02:32:44.032395,02:32:44.053307,02:32:44.934344,02:32:44.038268,02:32:44.043601,02:32:44.043620,02:32:44.048786,02:32:44.555355,02:32:44.555542,02:32:44.005914
550,safe,02:32:46.746226,02:32:46.746226,02:32:46.746592,02:32:46.746592,02:32:46.747902,02:32:46.747902,02:32:46.749227,02:32:46.749227,02:32:46.758423,02:32:46.758443,02:32:46.772912,02:32:46.794934,02:32:47.678972,02:32:46.779257,02:32:46.784794,02:32:46.784810,02:32:46.790564,02:32:47.297489,02:32:47.297701,02:32:46.747377
550,safe,02:32:49.484060,02:32:49.484060,02:32:49.484673,02:32:49.484673,02:32:49.486238,02:32:49.486238,02:32:49.487946,02:32:49.487946,02:32:49.497643,02:32:49.497664,02:32:49.512346,02:32:49.533535,02:32:50.415480,02:32:49.518118,02:32:49.523762,02:32:49.523785,02:32:49.529189,02:32:50.034697,02:32:50.034888,02:32:49.485510
550,safe,02:32:52.226510,02:32:52.226510,02:32:52.226951,02:32:52.226951,02:32:52.228306,02:32:52.228306,02:32:52.229881,02:32:52.229881,02:32:52.241918,02:32:52.241966,02:32:52.260159,02:32:52.286247,02:32:53.179733,02:32:52.266771,02:32:52.272679,02:32:52.272698,02:32:52.279398,02:32:52.776719,02:32:52.776876,02:32:52.227744
550,safe,02:32:54.994616,02:32:54.994616,02:32:54.995096,02:32:54.995096,02:32:54.996462,02:32:54.996462,02:32:54.998347,02:32:54.998347,02:32:55.008596,02:32:55.008629,02:32:55.024528,02:32:55.049372,02:32:55.931486,02:32:55.030722,02:32:55.038597,02:32:55.038634,02:32:55.044708,02:32:55.545532,02:32:55.545733,02:32:54.995876
550,safe,02:32:57.737833,02:32:57.737833,02:32:57.738318,02:32:57.738318,02:32:57.739800,02:32:57.739800,02:32:57.741516,02:32:57.741516,02:32:57.750892,02:32:57.750916,02:32:57.764764,02:32:57.785422,02:32:58.667368,02:32:57.770688,02:32:57.775894,02:32:57.775915,02:32:57.781171,02:32:58.288541,02:32:58.288717,02:32:57.739022
550,safe,02:33:00.488589,02:33:00.488589,02:33:00.489107,02:33:00.489107,02:33:00.490357,02:33:00.490357,02:33:00.492079,02:33:00.492079,02:33:00.502038,02:33:00.502060,02:33:00.517716,02:33:00.539033,02:33:01.419432,02:33:00.523910,02:33:00.529622,02:33:00.529645,02:33:00.534868,02:33:01.039264,02:33:01.039463,02:33:00.489844
550,safe,02:33:03.253124,02:33:03.253124,02:33:03.253560,02:33:03.253560,02:33:03.254971,02:33:03.254971,02:33:03.256631,02:33:03.256631,02:33:03.266603,02:33:03.266629,02:33:03.292182,02:33:03.320794,02:33:04.206422,02:33:03.298642,02:33:03.306493,02:33:03.306520,02:33:03.314473,02:33:03.802932,02:33:03.803181,02:33:03.254217
550,safe,02:33:06.024239,02:33:06.024239,02:33:06.024773,02:33:06.024773,02:33:06.026265,02:33:06.026265,02:33:06.027945,02:33:06.027945,02:33:06.037445,02:33:06.037468,02:33:06.053333,02:33:06.074914,02:33:06.957501,02:33:06.059545,02:33:06.065126,02:33:06.065144,02:33:06.070636,02:33:06.575230,02:33:06.575404,02:33:06.025492
550,safe,02:33:08.764166,02:33:08.764166,02:33:08.764587,02:33:08.764587,02:33:08.766130,02:33:08.766130,02:33:08.767678,02:33:08.767678,02:33:08.777576,02:33:08.777597,02:33:08.792101,02:33:08.812461,02:33:09.693054,02:33:08.797866,02:33:08.803043,02:33:08.803063,02:33:08.808172,02:33:09.315061,02:33:09.315250,02:33:08.765281
550,safe,02:33:11.514329,02:33:11.514329,02:33:11.514816,02:33:11.514816,02:33:11.516014,02:33:11.516014,02:33:11.517634,02:33:11.517634,02:33:11.527218,02:33:11.527242,02:33:11.542056,02:33:11.563685,02:33:12.453598,02:33:11.548274,02:33:11.553743,02:33:11.553767,02:33:11.559595,02:33:12.065047,02:33:12.065271,02:33:11.515512
550,safe,02:33:14.279915,02:33:14.279915,02:33:14.280383,02:33:14.280383,02:33:14.281670,02:33:14.281670,02:33:14.283676,02:33:14.283676,02:33:14.293094,02:33:14.293116,02:33:14.309868,02:33:14.332640,02:33:15.225842,02:33:14.316350,02:33:14.322463,02:33:14.322483,02:33:14.328423,02:33:14.831017,02:33:14.831234,02:33:14.281118
550,safe,02:33:17.035148,02:33:17.035148,02:33:17.035633,02:33:17.035633,02:33:17.037140,02:33:17.037140,02:33:17.038863,02:33:17.038863,02:33:17.049332,02:33:17.049355,02:33:17.064348,02:33:17.085447,02:33:17.968075,02:33:17.070014,02:33:17.075831,02:33:17.075854,02:33:17.081272,02:33:17.585670,02:33:17.585835,02:33:17.036382
550,safe,02:33:19.774780,02:33:19.774780,02:33:19.775243,02:33:19.775243,02:33:19.776478,02:33:19.776478,02:33:19.778082,02:33:19.778082,02:33:19.787889,02:33:19.787910,02:33:19.802189,02:33:19.822611,02:33:20.703773,02:33:19.807776,02:33:19.813255,02:33:19.813276,02:33:19.818207,02:33:20.325381,02:33:20.325554,02:33:19.775934
550,safe,02:33:22.517327,02:33:22.517327,02:33:22.518339,02:33:22.518339,02:33:22.520236,02:33:22.520236,02:33:22.521967,02:33:22.521967,02:33:22.532259,02:33:22.532292,02:33:22.549845,02:33:22.573820,02:33:23.458328,02:33:22.556427,02:33:22.563001,02:33:22.563029,02:33:22.569086,02:33:23.067837,02:33:23.068023,02:33:22.519533
550,safe,02:33:25.288743,02:33:25.288743,02:33:25.289316,02:33:25.289316,02:33:25.290805,02:33:25.290805,02:33:25.292248,02:33:25.292248,02:33:25.301957,02:33:25.301986,02:33:25.317220,02:33:25.344832,02:33:26.226954,02:33:25.325321,02:33:25.333374,02:33:25.333407,02:33:25.340236,02:33:25.839571,02:33:25.839759,02:33:25.290135
550,safe,02:33:28.029363,02:33:28.029363,02:33:28.029791,02:33:28.029791,02:33:28.031027,02:33:28.031027,02:33:28.032519,02:33:28.032519,02:33:28.042245,02:33:28.042274,02:33:28.056262,02:33:28.077013,02:33:28.957545,02:33:28.062257,02:33:28.067500,02:33:28.067518,02:33:28.072836,02:33:28.580463,02:33:28.580625,02:33:28.030508
550,safe,02:33:30.767722,02:33:30.767722,02:33:30.768124,02:33:30.768124,02:33:30.769564,02:33:30.769564,02:33:30.771323,02:33:30.771323,02:33:30.783365,02:33:30.783390,02:33:30.797207,02:33:30.817496,02:33:31.699787,02:33:30.802948,02:33:30.808055,02:33:30.808077,02:33:30.813458,02:33:31.318332,02:33:31.318508,02:33:30.768786
550,safe,02:33:33.529890,02:33:33.529890,02:33:33.530339,02:33:33.530339,02:33:33.531572,02:33:33.531572,02:33:33.533175,02:33:33.533175,02:33:33.542643,02:33:33.542663,02:33:33.556791,02:33:33.577140,02:33:34.456438,02:33:33.562527,02:33:33.567702,02:33:33.567721,02:33:33.573058,02:33:34.081225,02:33:34.081403,02:33:33.531069
550,safe,02:33:36.270661,02:33:36.270661,02:33:36.271099,02:33:36.271099,02:33:36.272332,02:33:36.272332,02:33:36.274148,02:33:36.274148,02:33:36.283883,02:33:36.283907,02:33:36.310159,02:33:36.333618,02:33:37.216124,02:33:36.315911,02:33:36.321269,02:33:36.321290,02:33:36.326701,02:33:36.821412,02:33:36.821634,02:33:36.271788
550,safe,02:33:39.036420,02:33:39.036420,02:33:39.036881,02:33:39.036881,02:33:39.038166,02:33:39.038166,02:33:39.039698,02:33:39.039698,02:33:39.048971,02:33:39.048992,02:33:39.063670,02:33:39.084837,02:33:39.965338,02:33:39.069363,02:33:39.074909,02:33:39.074931,02:33:39.080471,02:33:39.587039,02:33:39.587212,02:33:39.037608
550,safe,02:33:41.776124,02:33:41.776124,02:33:41.776557,02:33:41.776557,02:33:41.777805,02:33:41.777805,02:33:41.779369,02:33:41.779369,02:33:41.789494,02:33:41.789516,02:33:41.804167,02:33:41.824734,02:33:42.714959,02:33:41.810180,02:33:41.815410,02:33:41.815426,02:33:41.820652,02:33:42.326809,02:33:42.326957,02:33:41.777258
550,safe,02:33:44.536106,02:33:44.536106,02:33:44.536579,02:33:44.536579,02:33:44.537884,02:33:44.537884,02:33:44.539825,02:33:44.539825,02:33:44.549297,02:33:44.549335,02:33:44.566037,02:33:44.588082,02:33:45.472310,02:33:44.572180,02:33:44.578170,02:33:44.578194,02:33:44.583630,02:33:45.086888,02:33:45.087114,02:33:44.537370
550,safe,02:33:47.281126,02:33:47.281126,02:33:47.281595,02:33:47.281595,02:33:47.282758,02:33:47.282758,02:33:47.284185,02:33:47.284185,02:33:47.294020,02:33:47.294043,02:33:47.309286,02:33:47.332969,02:33:48.218254,02:33:47.315083,02:33:47.320442,02:33:47.320462,02:33:47.327990,02:33:47.831786,02:33:47.831943,02:33:47.282254
550,safe,02:33:50.026526,02:33:50.026526,02:33:50.026980,02:33:50.026980,02:33:50.028176,02:33:50.028176,02:33:50.029687,02:33:50.029687,02:33:50.038952,02:33:50.038975,02:33:50.056603,02:33:50.078637,02:33:50.960581,02:33:50.062908,02:33:50.068453,02:33:50.068477,02:33:50.074390,02:33:50.577315,02:33:50.577471,02:33:50.027663
550,safe,02:33:52.801382,02:33:52.801382,02:33:52.801882,02:33:52.801882,02:33:52.803270,02:33:52.803270,02:33:52.804943,02:33:52.804943,02:33:52.814360,02:33:52.814382,02:33:52.829807,02:33:52.851373,02:33:53.735679,02:33:52.835808,02:33:52.841179,02:33:52.841202,02:33:52.846716,02:33:53.351939,02:33:53.352154,02:33:52.802678
550,safe,02:33:55.573156,02:33:55.573156,02:33:55.573628,02:33:55.573628,02:33:55.574841,02:33:55.574841,02:33:55.576374,02:33:55.576374,02:33:55.585746,02:33:55.585773,02:33:55.601163,02:33:55.622539,02:33:56.507735,02:33:55.606998,02:33:55.612857,02:33:55.612881,02:33:55.618288,02:33:56.123941,02:33:56.124126,02:33:55.574308
550,safe,02:33:58.323901,02:33:58.323901,02:33:58.324382,02:33:58.324382,02:33:58.325855,02:33:58.325855,02:33:58.327376,02:33:58.327376,02:33:58.339019,02:33:58.339044,02:33:58.354893,02:33:58.380312,02:33:59.263220,02:33:58.361586,02:33:58.367741,02:33:58.367762,02:33:58.374124,02:33:58.874685,02:33:58.874858,02:33:58.325277
550,safe,02:34:01.071837,02:34:01.071837,02:34:01.072270,02:34:01.072270,02:34:01.073765,02:34:01.073765,02:34:01.075312,02:34:01.075312,02:34:01.085006,02:34:01.085028,02:34:01.099346,02:34:01.120709,02:34:02.002741,02:34:01.105075,02:34:01.110698,02:34:01.110720,02:34:01.116649,02:34:01.622534,02:34:01.622693,02:34:01.072957
550,safe,02:34:03.830918,02:34:03.830918,02:34:03.831392,02:34:03.831392,02:34:03.832982,02:34:03.832982,02:34:03.834746,02:34:03.834746,02:34:03.844121,02:34:03.844147,02:34:03.859365,02:34:03.880597,02:34:04.762604,02:34:03.865306,02:34:03.870972,02:34:03.870993,02:34:03.876410,02:34:04.381851,02:34:04.382029,02:34:03.832221
550,safe,02:34:06.588025,02:34:06.588025,02:34:06.588403,02:34:06.588403,02:34:06.589954,02:34:06.589954,02:34:06.591661,02:34:06.591661,02:34:06.601275,02:34:06.601296,02:34:06.616312,02:34:06.638359,02:34:07.518495,02:34:06.622755,02:34:06.628417,02:34:06.628440,02:34:06.634173,02:34:07.138831,02:34:07.138993,02:34:06.589157
550,safe,02:34:09.332543,02:34:09.332543,02:34:09.333005,02:34:09.333005,02:34:09.334483,02:34:09.334483,02:34:09.336029,02:34:09.336029,02:34:09.345415,02:34:09.345447,02:34:09.369383,02:34:09.393400,02:34:10.277115,02:34:09.375153,02:34:09.381353,02:34:09.381384,02:34:09.388705,02:34:09.883309,02:34:09.883480,02:34:09.333669
550,safe,02:34:12.089251,02:34:12.089251,02:34:12.089623,02:34:12.089623,02:34:12.090797,02:34:12.090797,02:34:12.092566,02:34:12.092566,02:34:12.102883,02:34:12.102904,02:34:12.117710,02:34:12.138569,02:34:13.032757,02:34:12.123425,02:34:12.128929,02:34:12.128955,02:34:12.134469,02:34:12.640317,02:34:12.640507,02:34:12.090293
550,safe,02:34:14.849409,02:34:14.849409,02:34:14.849865,02:34:14.849865,02:34:14.851446,02:34:14.851446,02:34:14.853152,02:34:14.853152,02:34:14.862549,02:34:14.862572,02:34:14.877542,02:34:14.898229,02:34:15.778762,02:34:14.883270,02:34:14.888878,02:34:14.888900,02:34:14.894132,02:34:15.400440,02:34:15.400654,02:34:14.850632
550,safe,02:34:17.593631,02:34:17.593631,02:34:17.594074,02:34:17.594074,02:34:17.595555,02:34:17.595555,02:34:17.597100,02:34:17.597100,02:34:17.606677,02:34:17.606699,02:34:17.621150,02:34:17.642049,02:34:18.522274,02:34:17.626736,02:34:17.632140,02:34:17.632160,02:34:17.637823,02:34:18.144142,02:34:18.144352,02:34:17.594791
550,safe,02:34:20.330292,02:34:20.330292,02:34:20.330856,02:34:20.330856,02:34:20.332261,02:34:20.332261,02:34:20.333818,02:34:20.333818,02:34:20.344297,02:34:20.344322,02:34:20.358449,02:34:20.378695,02:34:21.262973,02:34:20.363969,02:34:20.368994,02:34:20.369011,02:34:20.374491,02:34:20.880963,02:34:20.881164,02:34:20.331560
550,safe,02:34:23.123832,02:34:23.123832,02:34:23.124208,02:34:23.124208,02:34:23.125375,02:34:23.125375,02:34:23.127167,02:34:23.127167,02:34:23.137336,02:34:23.137369,02:34:23.152680,02:34:23.173511,02:34:24.058208,02:34:23.158351,02:34:23.163914,02:34:23.163936,02:34:23.169326,02:34:23.674403,02:34:23.674601,02:34:23.124878
550,safe,02:34:25.868974,02:34:25.868974,02:34:25.869455,02:34:25.869455,02:34:25.870878,02:34:25.870878,02:34:25.872366,02:34:25.872366,02:34:25.881911,02:34:25.881938,02:34:25.896412,02:34:25.917132,02:34:26.797046,02:34:25.902099,02:34:25.907413,02:34:25.907430,02:34:25.912936,02:34:26.419531,02:34:26.419756,02:34:25.870118
550,safe,02:34:28.615404,02:34:28.615404,02:34:28.615792,02:34:28.615792,02:34:28.617446,02:34:28.617446,02:34:28.618966,02:34:28.618966,02:34:28.629209,02:34:28.629235,02:34:28.643674,02:34:28.664172,02:34:29.548254,02:34:28.649437,02:34:28.654656,02:34:28.654680,02:34:28.660095,02:34:29.166378,02:34:29.166606,02:34:28.616561
550,safe,02:34:31.356253,02:34:31.356253,02:34:31.356678,02:34:31.356678,02:34:31.358218,02:34:31.358218,02:34:31.359838,02:34:31.359838,02:34:31.369290,02:34:31.369316,02:34:31.383877,02:34:31.405121,02:34:32.288432,02:34:31.389960,02:34:31.395234,02:34:31.395257,02:34:31.400637,02:34:31.907132,02:34:31.907345,02:34:31.357346
550,safe,02:34:34.103338,02:34:34.103338,02:34:34.103887,02:34:34.103887,02:34:34.105106,02:34:34.105106,02:34:34.106536,02:34:34.106536,02:34:34.118216,02:34:34.118239,02:34:34.133679,02:34:34.154326,02:34:35.037303,02:34:34.139346,02:34:34.144454,02:34:34.144476,02:34:34.150176,02:34:34.654373,02:34:34.654535,02:34:34.104572
550,safe,02:34:36.855042,02:34:36.855042,02:34:36.855442,02:34:36.855442,02:34:36.857033,02:34:36.857033,02:34:36.858625,02:34:36.858625,02:34:36.868250,02:34:36.868274,02:34:36.883332,02:34:36.905786,02:34:37.787916,02:34:36.889683,02:34:36.895684,02:34:36.895707,02:34:36.901389,02:34:37.406042,02:34:37.406278,02:34:36.856206
550,safe,02:34:39.597554,02:34:39.597554,02:34:39.598134,02:34:39.598134,02:34:39.599707,02:34:39.599707,02:34:39.601341,02:34:39.601341,02:34:39.610632,02:34:39.610653,02:34:39.625483,02:34:39.650474,02:34:40.534167,02:34:39.631434,02:34:39.639314,02:34:39.639341,02:34:39.645815,02:34:40.148167,02:34:40.148338,02:34:39.598944
550,safe,02:34:42.349537,02:34:42.349537,02:34:42.350131,02:34:42.350131,02:34:42.351862,02:34:42.351862,02:34:42.353654,02:34:42.353654,02:34:42.364638,02:34:42.364680,02:34:42.394629,02:34:42.424092,02:34:43.310773,02:34:42.402447,02:34:42.410328,02:34:42.410357,02:34:42.417140,02:34:42.900411,02:34:42.900608,02:34:42.351033
550,safe,02:34:45.125544,02:34:45.125544,02:34:45.125941,02:34:45.125941,02:34:45.127770,02:34:45.127770,02:34:45.129558,02:34:45.129558,02:34:45.139625,02:34:45.139653,02:34:45.156689,02:34:45.178586,02:34:46.059582,02:34:45.162782,02:34:45.168808,02:34:45.168831,02:34:45.174505,02:34:45.676243,02:34:45.676427,02:34:45.126791
550,safe,02:34:47.878765,02:34:47.878765,02:34:47.879212,02:34:47.879212,02:34:47.880545,02:34:47.880545,02:34:47.882035,02:34:47.882035,02:34:47.891381,02:34:47.891400,02:34:47.906210,02:34:47.926512,02:34:48.806540,02:34:47.911895,02:34:47.917201,02:34:47.917224,02:34:47.922305,02:34:48.429541,02:34:48.429704,02:34:47.880011
550,safe,02:34:50.618170,02:34:50.618170,02:34:50.618785,02:34:50.618785,02:34:50.620242,02:34:50.620242,02:34:50.621720,02:34:50.621720,02:34:50.631724,02:34:50.631750,02:34:50.645936,02:34:50.666449,02:34:51.548818,02:34:50.651878,02:34:50.657063,02:34:50.657084,02:34:50.662180,02:34:51.168921,02:34:51.169144,02:34:50.619571
550,safe,02:34:53.376406,02:34:53.376406,02:34:53.376809,02:34:53.376809,02:34:53.378350,02:34:53.378350,02:34:53.380138,02:34:53.380138,02:34:53.389786,02:34:53.389810,02:34:53.405200,02:34:53.426551,02:34:54.306900,02:34:53.411320,02:34:53.416632,02:34:53.416649,02:34:53.422047,02:34:53.926067,02:34:53.926254,02:34:53.377491
550,safe,02:34:56.135464,02:34:56.135464,02:34:56.135861,02:34:56.135861,02:34:56.137085,02:34:56.137085,02:34:56.138734,02:34:56.138734,02:34:56.147996,02:34:56.148018,02:34:56.162371,02:34:56.183265,02:34:57.063657,02:34:56.168214,02:34:56.173580,02:34:56.173601,02:34:56.178802,02:34:56.686312,02:34:56.686487,02:34:56.136534
550,safe,02:34:58.874905,02:34:58.874905,02:34:58.875276,02:34:58.875276,02:34:58.876816,02:34:58.876816,02:34:58.878425,02:34:58.878425,02:34:58.888673,02:34:58.888696,02:34:58.904696,02:34:58.932522,02:34:59.815357,02:34:58.912752,02:34:58.920873,02:34:58.920904,02:34:58.927748,02:34:59.425425,02:34:59.425605,02:34:58.875977
550,safe,02:35:01.626072,02:35:01.626072,02:35:01.626529,02:35:01.626529,02:35:01.628174,02:35:01.628174,02:35:01.629735,02:35:01.629735,02:35:01.639401,02:35:01.639422,02:35:01.653585,02:35:01.675003,02:35:02.563778,02:35:01.659449,02:35:01.665093,02:35:01.665118,02:35:01.670561,02:35:02.176915,02:35:02.177107,02:35:01.627339
550,safe,02:35:04.380979,02:35:04.380979,02:35:04.381431,02:35:04.381431,02:35:04.382608,02:35:04.382608,02:35:04.384175,02:35:04.384175,02:35:04.393530,02:35:04.393557,02:35:04.408066,02:35:04.429538,02:35:05.310434,02:35:04.414027,02:35:04.419581,02:35:04.419602,02:35:04.425200,02:35:04.931666,02:35:04.931832,02:35:04.382091
550,safe,02:35:07.124899,02:35:07.124899,02:35:07.125259,02:35:07.125259,02:35:07.126434,02:35:07.126434,02:35:07.128263,02:35:07.128263,02:35:07.137532,02:35:07.137553,02:35:07.151673,02:35:07.171595,02:35:08.052621,02:35:07.157656,02:35:07.162690,02:35:07.162706,02:35:07.167718,02:35:07.679955,02:35:07.680131,02:35:07.125935
600,safe,02:35:09.863203,02:35:09.863203,02:35:09.863697,02:35:09.863697,02:35:09.865197,02:35:09.865197,02:35:09.866683,02:35:09.866683,02:35:09.876032,02:35:09.876059,02:35:09.890792,02:35:09.912201,02:35:10.793610,02:35:09.896949,02:35:09.902508,02:35:09.902524,02:35:09.908099,02:35:10.463919,02:35:10.464095,02:35:09.864671
600,safe,02:35:12.605057,02:35:12.605057,02:35:12.605766,02:35:12.605766,02:35:12.607540,02:35:12.607540,02:35:12.609576,02:35:12.609576,02:35:12.619490,02:35:12.619526,02:35:12.636472,02:35:12.659138,02:35:13.546421,02:35:12.643072,02:35:12.648902,02:35:12.648926,02:35:12.654675,02:35:13.205583,02:35:13.205789,02:35:12.606745
600,safe,02:35:15.375430,02:35:15.375430,02:35:15.375854,02:35:15.375854,02:35:15.377138,02:35:15.377138,02:35:15.378928,02:35:15.378928,02:35:15.388117,02:35:15.388139,02:35:15.402079,02:35:15.435852,02:35:16.317393,02:35:15.419104,02:35:15.425403,02:35:15.425429,02:35:15.431403,02:35:15.976299,02:35:15.976488,02:35:15.376597
600,safe,02:35:18.131983,02:35:18.131983,02:35:18.132394,02:35:18.132394,02:35:18.133580,02:35:18.133580,02:35:18.135086,02:35:18.135086,02:35:18.144945,02:35:18.144981,02:35:18.160449,02:35:18.185638,02:35:19.071173,02:35:18.167444,02:35:18.174319,02:35:18.174351,02:35:18.180952,02:35:18.732561,02:35:18.732728,02:35:18.133070
600,safe,02:35:20.885867,02:35:20.885867,02:35:20.886373,02:35:20.886373,02:35:20.887880,02:35:20.887880,02:35:20.889528,02:35:20.889528,02:35:20.899040,02:35:20.899070,02:35:20.913653,02:35:20.935456,02:35:21.817131,02:35:20.919883,02:35:20.925577,02:35:20.925599,02:35:20.931102,02:35:21.486358,02:35:21.486532,02:35:20.887116
600,safe,02:35:23.635378,02:35:23.635378,02:35:23.635744,02:35:23.635744,02:35:23.636951,02:35:23.636951,02:35:23.638422,02:35:23.638422,02:35:23.649535,02:35:23.649559,02:35:23.664566,02:35:23.685654,02:35:24.567834,02:35:23.670418,02:35:23.675554,02:35:23.675575,02:35:23.681235,02:35:24.236276,02:35:24.236436,02:35:23.636424
600,safe,02:35:26.390892,02:35:26.390892,02:35:26.391476,02:35:26.391476,02:35:26.392845,02:35:26.392845,02:35:26.394410,02:35:26.394410,02:35:26.404588,02:35:26.404608,02:35:26.418565,02:35:26.439399,02:35:27.324732,02:35:26.424260,02:35:26.429777,02:35:26.429803,02:35:26.435088,02:35:26.991582,02:35:26.991771,02:35:26.392222
600,safe,02:35:29.147090,02:35:29.147090,02:35:29.147520,02:35:29.147520,02:35:29.148851,02:35:29.148851,02:35:29.150514,02:35:29.150514,02:35:29.160423,02:35:29.160445,02:35:29.176448,02:35:29.198114,02:35:30.078685,02:35:29.182746,02:35:29.188198,02:35:29.188220,02:35:29.193719,02:35:29.748017,02:35:29.748169,02:35:29.148273
600,safe,02:35:31.890624,02:35:31.890624,02:35:31.891165,02:35:31.891165,02:35:31.892514,02:35:31.892514,02:35:31.893909,02:35:31.893909,02:35:31.903210,02:35:31.903237,02:35:31.917709,02:35:31.938448,02:35:32.829929,02:35:31.923401,02:35:31.928778,02:35:31.928799,02:35:31.934075,02:35:32.491366,02:35:32.491557,02:35:31.891850
600,safe,02:35:34.668526,02:35:34.668526,02:35:34.669133,02:35:34.669133,02:35:34.670607,02:35:34.670607,02:35:34.672219,02:35:34.672219,02:35:34.682260,02:35:34.682289,02:35:34.697082,02:35:34.717977,02:35:35.602128,02:35:34.702816,02:35:34.708407,02:35:34.708429,02:35:34.713698,02:35:35.269340,02:35:35.269551,02:35:34.669918
600,safe,02:35:37.415943,02:35:37.415943,02:35:37.416458,02:35:37.416458,02:35:37.418004,02:35:37.418004,02:35:37.419723,02:35:37.419723,02:35:37.433604,02:35:37.433655,02:35:37.450271,02:35:37.475065,02:35:38.354500,02:35:37.457554,02:35:37.464221,02:35:37.464257,02:35:37.470350,02:35:38.016592,02:35:38.016748,02:35:37.417165
600,safe,02:35:40.167355,02:35:40.167355,02:35:40.167707,02:35:40.167707,02:35:40.168869,02:35:40.168869,02:35:40.170641,02:35:40.170641,02:35:40.180117,02:35:40.180141,02:35:40.195238,02:35:40.215715,02:35:41.096692,02:35:40.200918,02:35:40.206283,02:35:40.206306,02:35:40.211761,02:35:40.768106,02:35:40.768308,02:35:40.168380
600,safe,02:35:42.965563,02:35:42.965563,02:35:42.966079,02:35:42.966079,02:35:42.967419,02:35:42.967419,02:35:42.969248,02:35:42.969248,02:35:42.978894,02:35:42.978921,02:35:42.994497,02:35:43.015609,02:35:43.898849,02:35:43.000425,02:35:43.005928,02:35:43.005949,02:35:43.011307,02:35:43.565987,02:35:43.566183,02:35:42.966888
600,safe,02:35:45.734086,02:35:45.734086,02:35:45.734469,02:35:45.734469,02:35:45.735652,02:35:45.735652,02:35:45.737486,02:35:45.737486,02:35:45.747838,02:35:45.747864,02:35:45.763009,02:35:45.783633,02:35:46.665932,02:35:45.768647,02:35:45.774064,02:35:45.774087,02:35:45.779471,02:35:46.334779,02:35:46.334974,02:35:45.735136
600,safe,02:35:48.474488,02:35:48.474488,02:35:48.474850,02:35:48.474850,02:35:48.476315,02:35:48.476315,02:35:48.477971,02:35:48.477971,02:35:48.487894,02:35:48.487919,02:35:48.520252,02:35:48.545392,02:35:49.426141,02:35:48.527868,02:35:48.534277,02:35:48.534305,02:35:48.540823,02:35:49.075267,02:35:49.075420,02:35:48.475538
600,safe,02:35:51.238403,02:35:51.238403,02:35:51.238862,02:35:51.238862,02:35:51.240319,02:35:51.240319,02:35:51.241975,02:35:51.241975,02:35:51.253567,02:35:51.253591,02:35:51.269106,02:35:51.289439,02:35:52.172158,02:35:51.274896,02:35:51.279971,02:35:51.279992,02:35:51.285222,02:35:51.839283,02:35:51.839440,02:35:51.239511
600,safe,02:35:53.996870,02:35:53.996870,02:35:53.997452,02:35:53.997452,02:35:53.998775,02:35:53.998775,02:35:54.000457,02:35:54.000457,02:35:54.009859,02:35:54.009880,02:35:54.026164,02:35:54.047579,02:35:54.928952,02:35:54.031971,02:35:54.037754,02:35:54.037777,02:35:54.043121,02:35:54.596857,02:35:54.597018,02:35:53.998194
600,safe,02:35:56.749375,02:35:56.749375,02:35:56.749735,02:35:56.749735,02:35:56.751126,02:35:56.751126,02:35:56.753011,02:35:56.753011,02:35:56.762694,02:35:56.762729,02:35:56.777708,02:35:56.797964,02:35:57.679077,02:35:56.783460,02:35:56.788759,02:35:56.788780,02:35:56.793797,02:35:57.350015,02:35:57.350211,02:35:56.750516
600,safe,02:35:59.491436,02:35:59.491436,02:35:59.491895,02:35:59.491895,02:35:59.493484,02:35:59.493484,02:35:59.495052,02:35:59.495052,02:35:59.504644,02:35:59.504668,02:35:59.518879,02:35:59.539589,02:36:00.420296,02:35:59.524885,02:35:59.530229,02:35:59.530250,02:35:59.535663,02:36:00.091966,02:36:00.092128,02:35:59.492645
600,safe,02:36:02.235650,02:36:02.235650,02:36:02.236083,02:36:02.236083,02:36:02.237262,02:36:02.237262,02:36:02.238837,02:36:02.238837,02:36:02.247934,02:36:02.247954,02:36:02.262726,02:36:02.283490,02:36:03.172968,02:36:02.268500,02:36:02.273697,02:36:02.273718,02:36:02.279296,02:36:02.836361,02:36:02.836551,02:36:02.236737
600,safe,02:36:05.019607,02:36:05.019607,02:36:05.020116,02:36:05.020116,02:36:05.021504,02:36:05.021504,02:36:05.023042,02:36:05.023042,02:36:05.032357,02:36:05.032381,02:36:05.048156,02:36:05.069206,02:36:05.950552,02:36:05.053908,02:36:05.059567,02:36:05.059584,02:36:05.065250,02:36:05.620390,02:36:05.620546,02:36:05.020967
600,safe,02:36:07.765325,02:36:07.765325,02:36:07.765703,02:36:07.765703,02:36:07.766944,02:36:07.766944,02:36:07.768372,02:36:07.768372,02:36:07.778297,02:36:07.778317,02:36:07.792796,02:36:07.814618,02:36:08.698930,02:36:07.798836,02:36:07.804363,02:36:07.804384,02:36:07.809536,02:36:08.365658,02:36:08.365830,02:36:07.766395
600,safe,02:36:10.512421,02:36:10.512421,02:36:10.512843,02:36:10.512843,02:36:10.514017,02:36:10.514017,02:36:10.515548,02:36:10.515548,02:36:10.525163,02:36:10.525185,02:36:10.539734,02:36:10.561231,02:36:11.442162,02:36:10.545649,02:36:10.551479,02:36:10.551508,02:36:10.556831,02:36:11.113236,02:36:11.113394,02:36:10.513502
600,safe,02:36:13.329601,02:36:13.329601,02:36:13.330256,02:36:13.330256,02:36:13.331714,02:36:13.331714,02:36:13.333835,02:36:13.333835,02:36:13.343746,02:36:13.343779,02:36:13.360809,02:36:13.384125,02:36:14.274447,02:36:13.367743,02:36:13.373651,02:36:13.373678,02:36:13.379714,02:36:13.930476,02:36:13.930713,02:36:13.331119
600,safe,02:36:16.127062,02:36:16.127062,02:36:16.127488,02:36:16.127488,02:36:16.128687,02:36:16.128687,02:36:16.130412,02:36:16.130412,02:36:16.140052,02:36:16.140077,02:36:16.154769,02:36:16.176619,02:36:17.057593,02:36:16.160576,02:36:16.166291,02:36:16.166335,02:36:16.172077,02:36:16.727844,02:36:16.728020,02:36:16.128176
600,safe,02:36:18.877352,02:36:18.877352,02:36:18.877838,02:36:18.877838,02:36:18.879102,02:36:18.879102,02:36:18.880582,02:36:18.880582,02:36:18.890172,02:36:18.890193,02:36:18.906361,02:36:18.933877,02:36:19.818283,02:36:18.915394,02:36:18.922229,02:36:18.922261,02:36:18.929132,02:36:19.478128,02:36:19.478284,02:36:18.878567
600,safe,02:36:21.631525,02:36:21.631525,02:36:21.631951,02:36:21.631951,02:36:21.633438,02:36:21.633438,02:36:21.635169,02:36:21.635169,02:36:21.644586,02:36:21.644609,02:36:21.667858,02:36:21.688416,02:36:22.576436,02:36:21.673533,02:36:21.678660,02:36:21.678683,02:36:21.684266,02:36:22.232052,02:36:22.232205,02:36:21.632660
600,safe,02:36:24.402847,02:36:24.402847,02:36:24.403226,02:36:24.403226,02:36:24.404507,02:36:24.404507,02:36:24.406021,02:36:24.406021,02:36:24.415294,02:36:24.415316,02:36:24.430961,02:36:24.452586,02:36:25.335390,02:36:24.436816,02:36:24.442421,02:36:24.442444,02:36:24.448286,02:36:25.003599,02:36:25.003765,02:36:24.403940
600,safe,02:36:27.158040,02:36:27.158040,02:36:27.158542,02:36:27.158542,02:36:27.159738,02:36:27.159738,02:36:27.161018,02:36:27.161018,02:36:27.171179,02:36:27.171223,02:36:27.185727,02:36:27.206310,02:36:28.087047,02:36:27.191494,02:36:27.196881,02:36:27.196903,02:36:27.202110,02:36:27.758813,02:36:27.758974,02:36:27.159219
600,safe,02:36:29.901138,02:36:29.901138,02:36:29.901598,02:36:29.901598,02:36:29.903099,02:36:29.903099,02:36:29.904488,02:36:29.904488,02:36:29.914341,02:36:29.914367,02:36:29.929859,02:36:29.951118,02:36:30.834407,02:36:29.935755,02:36:29.941276,02:36:29.941298,02:36:29.946749,02:36:30.501941,02:36:30.502083,02:36:29.902332
600,safe,02:36:32.651380,02:36:32.651380,02:36:32.651794,02:36:32.651794,02:36:32.653364,02:36:32.653364,02:36:32.655767,02:36:32.655767,02:36:32.666550,02:36:32.666586,02:36:32.684592,02:36:32.712340,02:36:33.595375,02:36:32.691811,02:36:32.698390,02:36:32.698423,02:36:32.707145,02:36:33.251871,02:36:33.252029,02:36:32.652615
600,safe,02:36:35.414136,02:36:35.414136,02:36:35.414565,02:36:35.414565,02:36:35.416095,02:36:35.416095,02:36:35.417714,02:36:35.417714,02:36:35.427671,02:36:35.427693,02:36:35.442720,02:36:35.464273,02:36:36.346463,02:36:35.448740,02:36:35.454402,02:36:35.454425,02:36:35.459973,02:36:36.014872,02:36:36.015038,02:36:35.415251
600,safe,02:36:38.165752,02:36:38.165752,02:36:38.166156,02:36:38.166156,02:36:38.167482,02:36:38.167482,02:36:38.168986,02:36:38.168986,02:36:38.178325,02:36:38.178350,02:36:38.193232,02:36:38.213948,02:36:39.096642,02:36:38.199064,02:36:38.204182,02:36:38.204227,02:36:38.209819,02:36:38.766440,02:36:38.766625,02:36:38.166899
600,safe,02:36:40.916142,02:36:40.916142,02:36:40.916554,02:36:40.916554,02:36:40.918160,02:36:40.918160,02:36:40.919773,02:36:40.919773,02:36:40.931635,02:36:40.931657,02:36:40.946601,02:36:40.968223,02:36:41.851068,02:36:40.952472,02:36:40.957479,02:36:40.957502,02:36:40.962973,02:36:41.516902,02:36:41.517102,02:36:40.917291
600,safe,02:36:43.670319,02:36:43.670319,02:36:43.670726,02:36:43.670726,02:36:43.671960,02:36:43.671960,02:36:43.673352,02:36:43.673352,02:36:43.682746,02:36:43.682771,02:36:43.697215,02:36:43.718171,02:36:44.599927,02:36:43.703191,02:36:43.708435,02:36:43.708453,02:36:43.713783,02:36:44.271250,02:36:44.271425,02:36:43.671455
600,safe,02:36:46.422804,02:36:46.422804,02:36:46.423380,02:36:46.423380,02:36:46.424747,02:36:46.424747,02:36:46.426336,02:36:46.426336,02:36:46.435862,02:36:46.435892,02:36:46.449965,02:36:46.469665,02:36:47.353374,02:36:46.455467,02:36:46.460596,02:36:46.460617,02:36:46.465656,02:36:47.023603,02:36:47.023804,02:36:46.424126
600,safe,02:36:49.169970,02:36:49.169970,02:36:49.170386,02:36:49.170386,02:36:49.171910,02:36:49.171910,02:36:49.173505,02:36:49.173505,02:36:49.182760,02:36:49.182780,02:36:49.197963,02:36:49.218412,02:36:50.100277,02:36:49.203748,02:36:49.209111,02:36:49.209130,02:36:49.214347,02:36:49.770760,02:36:49.770940,02:36:49.171097
600,safe,02:36:51.916494,02:36:51.916494,02:36:51.916957,02:36:51.916957,02:36:51.918514,02:36:51.918514,02:36:51.920108,02:36:51.920108,02:36:51.929711,02:36:51.929760,02:36:51.943879,02:36:51.965022,02:36:52.857431,02:36:51.949714,02:36:51.955584,02:36:51.955606,02:36:51.960939,02:36:52.520449,02:36:52.520647,02:36:51.917737
600,safe,02:36:54.676986,02:36:54.676986,02:36:54.677593,02:36:54.677593,02:36:54.679444,02:36:54.679444,02:36:54.681431,02:36:54.681431,02:36:54.691437,02:36:54.691487,02:36:54.718800,02:36:54.741260,02:36:55.624111,02:36:54.725320,02:36:54.731300,02:36:54.731320,02:36:54.737004,02:36:55.277174,02:36:55.277391,02:36:54.678444
600,safe,02:36:57.447876,02:36:57.447876,02:36:57.448347,02:36:57.448347,02:36:57.449587,02:36:57.449587,02:36:57.451074,02:36:57.451074,02:36:57.460402,02:36:57.460427,02:36:57.475743,02:36:57.497009,02:36:58.377293,02:36:57.481579,02:36:57.486965,02:36:57.486983,02:36:57.492850,02:36:58.048481,02:36:58.048696,02:36:57.449046
600,safe,02:37:00.196401,02:37:00.196401,02:37:00.196734,02:37:00.196734,02:37:00.197884,02:37:00.197884,02:37:00.199325,02:37:00.199325,02:37:00.208749,02:37:00.208771,02:37:00.224438,02:37:00.252091,02:37:01.133338,02:37:00.230958,02:37:00.237754,02:37:00.237787,02:37:00.246568,02:37:00.797106,02:37:00.797272,02:37:00.197373
600,safe,02:37:02.994460,02:37:02.994460,02:37:02.994960,02:37:02.994960,02:37:02.996406,02:37:02.996406,02:37:02.997928,02:37:02.997928,02:37:03.008336,02:37:03.008360,02:37:03.025474,02:37:03.047949,02:37:03.929990,02:37:03.031858,02:37:03.037733,02:37:03.037758,02:37:03.043405,02:37:03.595196,02:37:03.595379,02:37:02.995682
600,safe,02:37:05.752808,02:37:05.752808,02:37:05.753189,02:37:05.753189,02:37:05.754387,02:37:05.754387,02:37:05.755933,02:37:05.755933,02:37:05.765604,02:37:05.765623,02:37:05.780270,02:37:05.800626,02:37:06.681116,02:37:05.786073,02:37:05.791332,02:37:05.791351,02:37:05.796609,02:37:06.353596,02:37:06.353762,02:37:05.753874
600,safe,02:37:08.501349,02:37:08.501349,02:37:08.501759,02:37:08.501759,02:37:08.502968,02:37:08.502968,02:37:08.504549,02:37:08.504549,02:37:08.514023,02:37:08.514049,02:37:08.528300,02:37:08.548913,02:37:09.429228,02:37:08.533925,02:37:08.539100,02:37:08.539123,02:37:08.544576,02:37:09.102016,02:37:09.102177,02:37:08.502482
600,safe,02:37:11.243873,02:37:11.243873,02:37:11.244375,02:37:11.244375,02:37:11.245768,02:37:11.245768,02:37:11.247251,02:37:11.247251,02:37:11.257878,02:37:11.257901,02:37:11.273479,02:37:11.296037,02:37:12.177715,02:37:11.279792,02:37:11.285473,02:37:11.285497,02:37:11.291734,02:37:11.844694,02:37:11.844942,02:37:11.245169
600,safe,02:37:14.000673,02:37:14.000673,02:37:14.001102,02:37:14.001102,02:37:14.002286,02:37:14.002286,02:37:14.004144,02:37:14.004144,02:37:14.014611,02:37:14.014666,02:37:14.029851,02:37:14.051988,02:37:14.933048,02:37:14.035873,02:37:14.042048,02:37:14.042070,02:37:14.047866,02:37:14.601539,02:37:14.601704,02:37:14.001769
600,safe,02:37:16.745291,02:37:16.745291,02:37:16.745689,02:37:16.745689,02:37:16.746857,02:37:16.746857,02:37:16.748335,02:37:16.748335,02:37:16.757484,02:37:16.757504,02:37:16.771706,02:37:16.792727,02:37:17.674095,02:37:16.777448,02:37:16.783130,02:37:16.783152,02:37:16.788404,02:37:17.345855,02:37:17.346103,02:37:16.746356
600,safe,02:37:19.498637,02:37:19.498637,02:37:19.499355,02:37:19.499355,02:37:19.500661,02:37:19.500661,02:37:19.502319,02:37:19.502319,02:37:19.511932,02:37:19.511992,02:37:19.527312,02:37:19.548855,02:37:20.429524,02:37:19.533682,02:37:19.539101,02:37:19.539122,02:37:19.544459,02:37:20.099369,02:37:20.099565,02:37:19.500104
600,safe,02:37:22.248297,02:37:22.248297,02:37:22.248680,02:37:22.248680,02:37:22.249985,02:37:22.249985,02:37:22.251718,02:37:22.251718,02:37:22.261749,02:37:22.261774,02:37:22.276037,02:37:22.297293,02:37:23.189245,02:37:22.281735,02:37:22.286760,02:37:22.286781,02:37:22.291973,02:37:22.849268,02:37:22.849423,02:37:22.249425
600,safe,02:37:25.006818,02:37:25.006818,02:37:25.007281,02:37:25.007281,02:37:25.008841,02:37:25.008841,02:37:25.010402,02:37:25.010402,02:37:25.020931,02:37:25.020959,02:37:25.036471,02:37:25.058108,02:37:25.937096,02:37:25.042546,02:37:25.048139,02:37:25.048164,02:37:25.053942,02:37:25.607386,02:37:25.607550,02:37:25.008032
600,safe,02:37:27.776863,02:37:27.776863,02:37:27.777278,02:37:27.777278,02:37:27.778459,02:37:27.778459,02:37:27.780352,02:37:27.780352,02:37:27.791009,02:37:27.791031,02:37:27.816181,02:37:27.837148,02:37:28.719841,02:37:27.822350,02:37:27.827386,02:37:27.827407,02:37:27.833091,02:37:28.377882,02:37:28.378043,02:37:27.777947
600,safe,02:37:30.536112,02:37:30.536112,02:37:30.536467,02:37:30.536467,02:37:30.537650,02:37:30.537650,02:37:30.539423,02:37:30.539423,02:37:30.549029,02:37:30.549054,02:37:30.566353,02:37:30.591589,02:37:31.473800,02:37:30.573003,02:37:30.579590,02:37:30.579617,02:37:30.586419,02:37:31.136672,02:37:31.136862,02:37:30.537155
600,safe,02:37:33.337532,02:37:33.337532,02:37:33.337897,02:37:33.337897,02:37:33.339378,02:37:33.339378,02:37:33.341023,02:37:33.341023,02:37:33.350756,02:37:33.350778,02:37:33.365543,02:37:33.385894,02:37:34.266138,02:37:33.371094,02:37:33.376406,02:37:33.376423,02:37:33.381734,02:37:33.936976,02:37:33.937156,02:37:33.338558
600,safe,02:37:36.107276,02:37:36.107276,02:37:36.107703,02:37:36.107703,02:37:36.108930,02:37:36.108930,02:37:36.110613,02:37:36.110613,02:37:36.120142,02:37:36.120164,02:37:36.136211,02:37:36.158467,02:37:37.047951,02:37:36.142620,02:37:36.148233,02:37:36.148255,02:37:36.154104,02:37:36.708480,02:37:36.708683,02:37:36.108392
600,safe,02:37:38.872281,02:37:38.872281,02:37:38.872702,02:37:38.872702,02:37:38.874116,02:37:38.874116,02:37:38.875775,02:37:38.875775,02:37:38.885361,02:37:38.885386,02:37:38.900207,02:37:38.921009,02:37:39.801374,02:37:38.906112,02:37:38.911285,02:37:38.911306,02:37:38.916710,02:37:39.473349,02:37:39.473519,02:37:38.873356
600,safe,02:37:41.614505,02:37:41.614505,02:37:41.614876,02:37:41.614876,02:37:41.616174,02:37:41.616174,02:37:41.617954,02:37:41.617954,02:37:41.627792,02:37:41.627816,02:37:41.642285,02:37:41.662731,02:37:42.545088,02:37:41.647965,02:37:41.653449,02:37:41.653466,02:37:41.658669,02:37:42.215309,02:37:42.215493,02:37:41.615597
600,safe,02:37:44.364350,02:37:44.364350,02:37:44.364833,02:37:44.364833,02:37:44.366441,02:37:44.366441,02:37:44.367992,02:37:44.367992,02:37:44.379691,02:37:44.379711,02:37:44.394743,02:37:44.415648,02:37:45.303396,02:37:44.400657,02:37:44.405863,02:37:44.405880,02:37:44.411476,02:37:44.965143,02:37:44.965320,02:37:44.365563
600,safe,02:37:47.122378,02:37:47.122378,02:37:47.122812,02:37:47.122812,02:37:47.123996,02:37:47.123996,02:37:47.125817,02:37:47.125817,02:37:47.135343,02:37:47.135367,02:37:47.150256,02:37:47.170465,02:37:48.051795,02:37:47.156010,02:37:47.161406,02:37:47.161427,02:37:47.166482,02:37:47.723294,02:37:47.723496,02:37:47.123491
600,safe,02:37:49.879482,02:37:49.879482,02:37:49.879893,02:37:49.879893,02:37:49.881118,02:37:49.881118,02:37:49.882894,02:37:49.882894,02:37:49.896365,02:37:49.896411,02:37:49.911373,02:37:49.932090,02:37:50.812710,02:37:49.917307,02:37:49.922532,02:37:49.922548,02:37:49.928005,02:37:50.480416,02:37:50.480573,02:37:49.880578
600,safe,02:37:52.634340,02:37:52.634340,02:37:52.635063,02:37:52.635063,02:37:52.636963,02:37:52.636963,02:37:52.638906,02:37:52.638906,02:37:52.649607,02:37:52.649650,02:37:52.686019,02:37:52.726063,02:37:53.610004,02:37:52.699913,02:37:52.709328,02:37:52.709365,02:37:52.719752,02:37:53.235159,02:37:53.235324,02:37:52.636125
600,safe,02:37:55.440930,02:37:55.440930,02:37:55.441381,02:37:55.441381,02:37:55.442569,02:37:55.442569,02:37:55.444039,02:37:55.444039,02:37:55.453476,02:37:55.453496,02:37:55.468455,02:37:55.489388,02:37:56.370515,02:37:55.474317,02:37:55.479654,02:37:55.479678,02:37:55.485193,02:37:56.040914,02:37:56.041074,02:37:55.442055
600,safe,02:37:58.192816,02:37:58.192816,02:37:58.193214,02:37:58.193214,02:37:58.194685,02:37:58.194685,02:37:58.196385,02:37:58.196385,02:37:58.205846,02:37:58.205868,02:37:58.220005,02:37:58.241392,02:37:59.122847,02:37:58.225735,02:37:58.231247,02:37:58.231268,02:37:58.236913,02:37:58.793675,02:37:58.793861,02:37:58.193875
600,safe,02:38:00.945451,02:38:00.945451,02:38:00.945866,02:38:00.945866,02:38:00.947167,02:38:00.947167,02:38:00.948611,02:38:00.948611,02:38:00.958417,02:38:00.958438,02:38:00.983056,02:38:01.003503,02:38:01.883529,02:38:00.988976,02:38:00.994009,02:38:00.994028,02:38:00.999003,02:38:01.546287,02:38:01.546501,02:38:00.946633
600,safe,02:38:03.705780,02:38:03.705780,02:38:03.706218,02:38:03.706218,02:38:03.707464,02:38:03.707464,02:38:03.709216,02:38:03.709216,02:38:03.718976,02:38:03.719000,02:38:03.733258,02:38:03.757005,02:38:04.639782,02:38:03.739100,02:38:03.744707,02:38:03.744729,02:38:03.752287,02:38:04.306375,02:38:04.306532,02:38:03.706963
600,safe,02:38:06.456823,02:38:06.456823,02:38:06.457272,02:38:06.457272,02:38:06.458867,02:38:06.458867,02:38:06.460286,02:38:06.460286,02:38:06.469697,02:38:06.469717,02:38:06.484018,02:38:06.504868,02:38:07.387247,02:38:06.489846,02:38:06.494882,02:38:06.494909,02:38:06.500682,02:38:07.057538,02:38:07.057706,02:38:06.458033
600,safe,02:38:09.202722,02:38:09.202722,02:38:09.203145,02:38:09.203145,02:38:09.204515,02:38:09.204515,02:38:09.206003,02:38:09.206003,02:38:09.215249,02:38:09.215268,02:38:09.230241,02:38:09.251212,02:38:10.132761,02:38:09.236417,02:38:09.241709,02:38:09.241726,02:38:09.247153,02:38:09.803470,02:38:09.803623,02:38:09.203967
600,safe,02:38:11.958069,02:38:11.958069,02:38:11.958500,02:38:11.958500,02:38:11.960100,02:38:11.960100,02:38:11.961730,02:38:11.961730,02:38:11.971496,02:38:11.971528,02:38:11.986160,02:38:12.007408,02:38:12.896553,02:38:11.991850,02:38:11.997889,02:38:11.997905,02:38:12.003204,02:38:12.559007,02:38:12.559166,02:38:11.959234
600,safe,02:38:14.717893,02:38:14.717893,02:38:14.718368,02:38:14.718368,02:38:14.720039,02:38:14.720039,02:38:14.721788,02:38:14.721788,02:38:14.731568,02:38:14.731592,02:38:14.746975,02:38:14.769955,02:38:15.653688,02:38:14.752729,02:38:14.758616,02:38:14.758641,02:38:14.764588,02:38:15.318697,02:38:15.318852,02:38:14.719264
600,safe,02:38:17.476657,02:38:17.476657,02:38:17.477031,02:38:17.477031,02:38:17.478541,02:38:17.478541,02:38:17.480303,02:38:17.480303,02:38:17.489560,02:38:17.489582,02:38:17.504508,02:38:17.525215,02:38:18.406256,02:38:17.510383,02:38:17.515807,02:38:17.515827,02:38:17.520986,02:38:18.077609,02:38:18.077783,02:38:17.477694
600,safe,02:38:20.220956,02:38:20.220956,02:38:20.221384,02:38:20.221384,02:38:20.222835,02:38:20.222835,02:38:20.224265,02:38:20.224265,02:38:20.234748,02:38:20.234773,02:38:20.249571,02:38:20.270536,02:38:21.152551,02:38:20.255509,02:38:20.260816,02:38:20.260841,02:38:20.266428,02:38:20.821775,02:38:20.821975,02:38:20.222057
600,safe,02:38:23.020822,02:38:23.020822,02:38:23.021221,02:38:23.021221,02:38:23.022809,02:38:23.022809,02:38:23.024485,02:38:23.024485,02:38:23.034068,02:38:23.034094,02:38:23.049049,02:38:23.070351,02:38:23.950946,02:38:23.055079,02:38:23.060511,02:38:23.060527,02:38:23.066016,02:38:23.621561,02:38:23.621712,02:38:23.021950
600,safe,02:38:25.777272,02:38:25.777272,02:38:25.777689,02:38:25.777689,02:38:25.778967,02:38:25.778967,02:38:25.780614,02:38:25.780614,02:38:25.790243,02:38:25.790266,02:38:25.804387,02:38:25.825549,02:38:26.708824,02:38:25.810218,02:38:25.815722,02:38:25.815738,02:38:25.821106,02:38:26.377996,02:38:26.378167,02:38:25.778438
600,safe,02:38:28.523980,02:38:28.523980,02:38:28.524624,02:38:28.524624,02:38:28.526025,02:38:28.526025,02:38:28.527782,02:38:28.527782,02:38:28.543963,02:38:28.543990,02:38:28.558743,02:38:28.580022,02:38:29.460238,02:38:28.564618,02:38:28.569960,02:38:28.569985,02:38:28.575586,02:38:29.124648,02:38:29.124803,02:38:28.525367
600,safe,02:38:31.284136,02:38:31.284136,02:38:31.284540,02:38:31.284540,02:38:31.285796,02:38:31.285796,02:38:31.287339,02:38:31.287339,02:38:31.297334,02:38:31.297358,02:38:31.311423,02:38:31.331310,02:38:32.212835,02:38:31.317103,02:38:31.322087,02:38:31.322108,02:38:31.327220,02:38:31.884711,02:38:31.884872,02:38:31.285274
600,safe,02:38:34.032843,02:38:34.032843,02:38:34.033464,02:38:34.033464,02:38:34.034973,02:38:34.034973,02:38:34.036395,02:38:34.036395,02:38:34.046931,02:38:34.046955,02:38:34.077440,02:38:34.102041,02:38:34.984883,02:38:34.084582,02:38:34.090945,02:38:34.090972,02:38:34.097489,02:38:34.633558,02:38:34.633705,02:38:34.034269
600,safe,02:38:36.799553,02:38:36.799553,02:38:36.799938,02:38:36.799938,02:38:36.801225,02:38:36.801225,02:38:36.803015,02:38:36.803015,02:38:36.812418,02:38:36.812439,02:38:36.827757,02:38:36.848606,02:38:37.729486,02:38:36.833724,02:38:36.838824,02:38:36.838847,02:38:36.844540,02:38:37.400206,02:38:37.400366,02:38:36.800645
600,safe,02:38:39.547864,02:38:39.547864,02:38:39.548280,02:38:39.548280,02:38:39.549502,02:38:39.549502,02:38:39.551038,02:38:39.551038,02:38:39.560698,02:38:39.560718,02:38:39.575320,02:38:39.595596,02:38:40.476855,02:38:39.580852,02:38:39.585641,02:38:39.585659,02:38:39.590711,02:38:40.148710,02:38:40.148867,02:38:39.548957
600,safe,02:38:42.313812,02:38:42.313812,02:38:42.314217,02:38:42.314217,02:38:42.315565,02:38:42.315565,02:38:42.316977,02:38:42.316977,02:38:42.326342,02:38:42.326362,02:38:42.340577,02:38:42.361188,02:38:43.250478,02:38:42.346216,02:38:42.351570,02:38:42.351586,02:38:42.356964,02:38:42.914510,02:38:42.914687,02:38:42.315021
600,safe,02:38:45.077958,02:38:45.077958,02:38:45.078594,02:38:45.078594,02:38:45.080040,02:38:45.080040,02:38:45.081529,02:38:45.081529,02:38:45.090793,02:38:45.090814,02:38:45.105464,02:38:45.126542,02:38:46.006996,02:38:45.111229,02:38:45.116615,02:38:45.116631,02:38:45.122036,02:38:45.678767,02:38:45.678945,02:38:45.079375
600,safe,02:38:47.826509,02:38:47.826509,02:38:47.826895,02:38:47.826895,02:38:47.828261,02:38:47.828261,02:38:47.830095,02:38:47.830095,02:38:47.842045,02:38:47.842070,02:38:47.856839,02:38:47.877769,02:38:48.759459,02:38:47.862894,02:38:47.868049,02:38:47.868071,02:38:47.873526,02:38:48.427185,02:38:48.427344,02:38:47.827636
600,safe,02:38:50.578830,02:38:50.578830,02:38:50.579239,02:38:50.579239,02:38:50.580727,02:38:50.580727,02:38:50.582355,02:38:50.582355,02:38:50.591733,02:38:50.591754,02:38:50.606965,02:38:50.627697,02:38:51.508283,02:38:50.612822,02:38:50.618109,02:38:50.618125,02:38:50.623534,02:38:51.179618,02:38:51.179806,02:38:50.579934
600,safe,02:38:53.392113,02:38:53.392113,02:38:53.392472,02:38:53.392472,02:38:53.393653,02:38:53.393653,02:38:53.395460,02:38:53.395460,02:38:53.405070,02:38:53.405095,02:38:53.420093,02:38:53.440778,02:38:54.321691,02:38:53.425968,02:38:53.431287,02:38:53.431305,02:38:53.436506,02:38:53.993132,02:38:53.993311,02:38:53.393132
600,safe,02:38:56.143553,02:38:56.143553,02:38:56.143995,02:38:56.143995,02:38:56.145178,02:38:56.145178,02:38:56.146662,02:38:56.146662,02:38:56.155930,02:38:56.155960,02:38:56.170411,02:38:56.192780,02:38:57.073225,02:38:56.176654,02:38:56.182603,02:38:56.182620,02:38:56.188248,02:38:56.743936,02:38:56.744140,02:38:56.144670
600,safe,02:38:58.897570,02:38:58.897570,02:38:58.898033,02:38:58.898033,02:38:58.899469,02:38:58.899469,02:38:58.901156,02:38:58.901156,02:38:58.910503,02:38:58.910525,02:38:58.924875,02:38:58.945873,02:38:59.827742,02:38:58.930531,02:38:58.936129,02:38:58.936151,02:38:58.941805,02:38:59.498317,02:38:59.498493,02:38:58.898713
600,safe,02:39:01.658820,02:39:01.658820,02:39:01.659227,02:39:01.659227,02:39:01.660818,02:39:01.660818,02:39:01.662403,02:39:01.662403,02:39:01.671924,02:39:01.671956,02:39:01.687187,02:39:01.708738,02:39:02.591571,02:39:01.693125,02:39:01.698817,02:39:01.698839,02:39:01.704295,02:39:02.259628,02:39:02.259794,02:39:01.659987
600,safe,02:39:04.422109,02:39:04.422109,02:39:04.422497,02:39:04.422497,02:39:04.424021,02:39:04.424021,02:39:04.425717,02:39:04.425717,02:39:04.435238,02:39:04.435264,02:39:04.451061,02:39:04.476909,02:39:05.360557,02:39:04.458744,02:39:04.465077,02:39:04.465104,02:39:04.471535,02:39:05.023482,02:39:05.023705,02:39:04.423163
600,safe,02:39:07.177773,02:39:07.177773,02:39:07.178190,02:39:07.178190,02:39:07.179464,02:39:07.179464,02:39:07.181030,02:39:07.181030,02:39:07.190244,02:39:07.190265,02:39:07.214735,02:39:07.235717,02:39:08.117397,02:39:07.220492,02:39:07.225632,02:39:07.225648,02:39:07.231321,02:39:07.778742,02:39:07.778916,02:39:07.178900
600,safe,02:39:09.936891,02:39:09.936891,02:39:09.937320,02:39:09.937320,02:39:09.938522,02:39:09.938522,02:39:09.940216,02:39:09.940216,02:39:09.949367,02:39:09.949390,02:39:09.964783,02:39:09.986124,02:39:10.866770,02:39:09.970722,02:39:09.976541,02:39:09.976565,02:39:09.981984,02:39:10.537498,02:39:10.537683,02:39:09.938000
600,safe,02:39:12.694776,02:39:12.694776,02:39:12.695385,02:39:12.695385,02:39:12.697400,02:39:12.697400,02:39:12.699636,02:39:12.699636,02:39:12.710257,02:39:12.710327,02:39:12.735252,02:39:12.776978,02:39:13.660730,02:39:12.753073,02:39:12.761652,02:39:12.761690,02:39:12.771965,02:39:13.295453,02:39:13.295618,02:39:12.696437
600,safe,02:39:15.492880,02:39:15.492880,02:39:15.493295,02:39:15.493295,02:39:15.494638,02:39:15.494638,02:39:15.496500,02:39:15.496500,02:39:15.506494,02:39:15.506545,02:39:15.525640,02:39:15.551649,02:39:16.432576,02:39:15.532736,02:39:15.539262,02:39:15.539287,02:39:15.546791,02:39:16.093463,02:39:16.093626,02:39:15.494071
600,safe,02:39:18.251492,02:39:18.251492,02:39:18.251847,02:39:18.251847,02:39:18.253453,02:39:18.253453,02:39:18.254994,02:39:18.254994,02:39:18.264536,02:39:18.264557,02:39:18.279111,02:39:18.301342,02:39:19.181388,02:39:18.285524,02:39:18.291383,02:39:18.291406,02:39:18.296890,02:39:18.852179,02:39:18.852353,02:39:18.252633
600,safe,02:39:20.998314,02:39:20.998314,02:39:20.998745,02:39:20.998745,02:39:21.000059,02:39:21.000059,02:39:21.001514,02:39:21.001514,02:39:21.012049,02:39:21.012083,02:39:21.027388,02:39:21.048269,02:39:21.928949,02:39:21.033557,02:39:21.038834,02:39:21.038851,02:39:21.044053,02:39:21.599071,02:39:21.599286,02:39:20.999490
600,safe,02:39:23.763821,02:39:23.763821,02:39:23.764391,02:39:23.764391,02:39:23.765668,02:39:23.765668,02:39:23.767247,02:39:23.767247,02:39:23.777087,02:39:23.777106,02:39:23.791614,02:39:23.811885,02:39:24.692504,02:39:23.797137,02:39:23.802360,02:39:23.802384,02:39:23.807814,02:39:24.364482,02:39:24.364716,02:39:23.765143
600,safe,02:39:26.512272,02:39:26.512272,02:39:26.512746,02:39:26.512746,02:39:26.513967,02:39:26.513967,02:39:26.515576,02:39:26.515576,02:39:26.524871,02:39:26.524891,02:39:26.539607,02:39:26.565487,02:39:27.448613,02:39:26.545708,02:39:26.552457,02:39:26.552494,02:39:26.560523,02:39:27.113072,02:39:27.113230,02:39:26.513473
600,safe,02:39:29.269919,02:39:29.269919,02:39:29.270268,02:39:29.270268,02:39:29.271524,02:39:29.271524,02:39:29.273094,02:39:29.273094,02:39:29.282330,02:39:29.282351,02:39:29.296488,02:39:29.317559,02:39:30.200472,02:39:29.302486,02:39:29.307864,02:39:29.307889,02:39:29.313348,02:39:29.871084,02:39:29.871259,02:39:29.270931
600,safe,02:39:32.019622,02:39:32.019622,02:39:32.020172,02:39:32.020172,02:39:32.021462,02:39:32.021462,02:39:32.023068,02:39:32.023068,02:39:32.032551,02:39:32.032572,02:39:32.046710,02:39:32.067680,02:39:32.955953,02:39:32.052472,02:39:32.057580,02:39:32.057603,02:39:32.063412,02:39:32.620748,02:39:32.621081,02:39:32.020950
600,safe,02:39:34.782486,02:39:34.782486,02:39:34.783016,02:39:34.783016,02:39:34.784501,02:39:34.784501,02:39:34.786055,02:39:34.786055,02:39:34.795892,02:39:34.795929,02:39:34.810166,02:39:34.832018,02:39:35.713299,02:39:34.816409,02:39:34.822303,02:39:34.822322,02:39:34.827678,02:39:35.383109,02:39:35.383271,02:39:34.783868
600,safe,02:39:37.534832,02:39:37.534832,02:39:37.535245,02:39:37.535245,02:39:37.536716,02:39:37.536716,02:39:37.538384,02:39:37.538384,02:39:37.547935,02:39:37.547956,02:39:37.562505,02:39:37.585417,02:39:38.467417,02:39:37.568690,02:39:37.573923,02:39:37.573940,02:39:37.579624,02:39:38.135452,02:39:38.135631,02:39:37.535939
600,safe,02:39:40.290765,02:39:40.290765,02:39:40.291253,02:39:40.291253,02:39:40.292428,02:39:40.292428,02:39:40.294141,02:39:40.294141,02:39:40.303780,02:39:40.303804,02:39:40.327549,02:39:40.349304,02:39:41.230647,02:39:40.333520,02:39:40.339306,02:39:40.339329,02:39:40.345004,02:39:40.891624,02:39:40.891786,02:39:40.291933
600,safe,02:39:43.099566,02:39:43.099566,02:39:43.099982,02:39:43.099982,02:39:43.101187,02:39:43.101187,02:39:43.102955,02:39:43.102955,02:39:43.112551,02:39:43.112574,02:39:43.127534,02:39:43.147739,02:39:44.030361,02:39:43.133298,02:39:43.138432,02:39:43.138449,02:39:43.143734,02:39:43.700675,02:39:43.700842,02:39:43.100642
